source_strategy,source_asin,source_parent_asin,product_name,category,marketplace,target_price,cost,shipping,fba_fee,referral_fee_rate,est_monthly_sales,avg_review_count,avg_rating,top10_review_share,keyword_search_volume,keyword_cpc,seasonality_score,differentiation_score,compliance_risk,fragile_risk,oversize_risk,market_data_completeness,profit_data_confidence,evidence_confidence,evidence_grade,data_source_summary,profit_estimate_status,notes
category:Utensil Crocks,B0FF96LG8L,B0FF9QM24L,TOPYOKK Stoneware Coffee Bar Utensil Holder Tea & Coffee Spoon & Stirrer Holder for Stir Stick Straw Teaspoon Holder Espresso Spoon Cup Small Utensil Jar Fluted Vertical Stripe (Rustic Brown),"['Kitchen & Dining', 'kitchen']",US,13.95,3.91,1.12,4.46,0.15,1517.0,168.0,4.6,0.55,10000,1.0,20.0,50,25.0,20,20.0,75,35,65.0,B,"observed:price,sales,reviews,rating,fba_fee; estimated:search_volume,cpc",estimated_default_costs,Imported from Sorftime; ASIN B0FF96LG8L; parent B0FF9QM24L; brand TOPYOKK
category:Utensil Crocks,B0H2GRHQN1,B0G5YCDLQK,"Acellegic 3 Sets Lemon Party Decorations, Mediterranean, Blue Yellow | 3 Utensil Holders, Yellow Forks Spoons Knives Kit, Disposable Cutlery Set, for Weddings, Showers, Tables Centerpieces","['Kitchen & Dining', 'kitchen']",US,22.99,6.44,1.84,6.22,0.15,541.0,25.0,4.3,0.55,10000,1.0,20.0,50,25.0,20,20.0,75,35,65.0,B,"observed:price,sales,reviews,rating,fba_fee; estimated:search_volume,cpc",estimated_default_costs,Imported from Sorftime; ASIN B0H2GRHQN1; parent B0G5YCDLQK; brand Acellegic
category:Bread Boxes,B0H29SKG78,B0H29PF95P,"Bread Box with Lid and Handle,Airtight Bread Storage Container with Time Recording,Bread Keeper for Homemade Toast, Bagel, Portable bread boxes for Camping & Outdoor Travel,Not dishwasher safe","['Kitchen & Dining', 'kitchen']",US,22.49,6.3,1.8,8.22,0.15,1500.0,52.0,4.4,0.55,10000,1.0,20.0,50,25.0,20,20.0,75,35,65.0,B,"observed:price,sales,reviews,rating,fba_fee; estimated:search_volume,cpc",estimated_default_costs,Imported from Sorftime; ASIN B0H29SKG78; parent B0H29PF95P; brand Fanlory
category:Bread Boxes,B0H35SLNQC,B0H35J9K8C,"Large Stainless Steel Bread Storage Box with Lid | Large Capacity, Airtight Fresh-Keeping See-through Lid, Time Recording, Perfect for Homemade Loaf, Toast, Bagel and Cookies","['Kitchen & Dining', 'kitchen']",US,21.99,6.16,1.76,8.78,0.15,1193.0,48.0,4.2,0.55,10000,1.0,20.0,50,25.0,20,45,75,35,65.0,B,"observed:price,sales,reviews,rating,fba_fee; estimated:search_volume,cpc",estimated_default_costs,Imported from Sorftime; ASIN B0H35SLNQC; parent B0H35J9K8C; brand Idymere
category:Bread Boxes,B09SNYBYFX,B0D7NRVHY4,"Tafura Bread Container, 5.8 L, Airtight BPA-Free Bread Storage Box | Holds homemade loaves, sandwich bread, artisan loaves, bagels, rolls, and other baked favorites.","['Kitchen & Dining', 'kitchen']",US,19.99,5.6,1.6,8.12,0.15,934.0,2404.0,4.6,0.55,10000,1.0,20.0,50,25.0,20,20.0,75,35,65.0,B,"observed:price,sales,reviews,rating,fba_fee; estimated:search_volume,cpc",estimated_default_costs,Imported from Sorftime; ASIN B09SNYBYFX; parent B0D7NRVHY4; brand Tafura
category:Bread Boxes,B0FJCKSGK9,B0HC354RZL,"FJNATINH Collapsible Batter Bowl - Breading Bowl Shaker with Lid, Sky Blue","['Kitchen & Dining', 'kitchen']",US,19.19,5.37,1.54,5.94,0.15,646.0,173.0,3.6,0.55,10000,1.0,20.0,50,25.0,20,20.0,75,35,65.0,B,"observed:price,sales,reviews,rating,fba_fee; estimated:search_volume,cpc",estimated_default_costs,Imported from Sorftime; ASIN B0FJCKSGK9; parent B0HC354RZL; brand FJNATINH
category:Bread Boxes,B0996B7L2H,B0H1F2714N,LARS NYSØM Bread Box I Metal Box for long lasting freshness I Bread Bin with bamboo lid usable as cutting board I 13.8x7.7x5.3 In (Nordic Sage),"['Kitchen & Dining', 'kitchen']",US,34.99,9.8,2.8,8.5,0.15,592.0,1705.0,4.4,0.55,10000,1.0,20.0,50,25.0,20,45,75,35,65.0,B,"observed:price,sales,reviews,rating,fba_fee; estimated:search_volume,cpc",estimated_default_costs,Imported from Sorftime; ASIN B0996B7L2H; parent B0H1F2714N; brand LARS NYSØM
category:Bread Boxes,B0CH7BBTBF,B0CR8JL93S,"Tafura Bread Box with Tray, Airtight BPA-Free Bread Storage Container | Built-in pull-out tray provides easy access while keeping baked favorites neatly organized.","['Kitchen & Dining', 'kitchen']",US,24.99,7.0,2.0,8.21,0.15,408.0,720.0,4.5,0.55,10000,1.0,20.0,50,25.0,20,20.0,75,35,65.0,B,"observed:price,sales,reviews,rating,fba_fee; estimated:search_volume,cpc",estimated_default_costs,Imported from Sorftime; ASIN B0CH7BBTBF; parent B0CR8JL93S; brand Tafura
category:Bread Boxes,B099ZN7D8T,B0GQ9ZPLSL,"200Pcs 11 x 18 Inch Bottom Gusset Bread Bags with Ties, Clear Plastic Micro Perforated Bags for Homemade Bread and Bakery Loaf Baugette - Thickened, Freezer Safe","['Kitchen & Dining', 'kitchen']",US,19.99,5.6,1.6,6.72,0.15,374.0,494.0,4.4,0.55,10000,1.0,20.0,50,25.0,20,45,75,35,65.0,B,"observed:price,sales,reviews,rating,fba_fee; estimated:search_volume,cpc",estimated_default_costs,Imported from Sorftime; ASIN B099ZN7D8T; parent B0GQ9ZPLSL; brand LESIBAG
category:Bread Boxes,B0B9GSK9PD,B0CPLMT45F,"Reusable Plastic Bread Bags for Homemade Bread - 11‘‘x14‘‘ Clear Bakery Bag with Twist Tie Closure Reduces Moisture,Cello Pastry Storage for Sourdough, Artisan Loaves, Bagels or Buns","['Kitchen & Dining', 'kitchen']",US,12.99,3.64,1.04,5.73,0.15,344.0,501.0,4.6,0.55,10000,1.0,20.0,50,25.0,20,20.0,75,35,65.0,B,"observed:price,sales,reviews,rating,fba_fee; estimated:search_volume,cpc",estimated_default_costs,Imported from Sorftime; ASIN B0B9GSK9PD; parent B0CPLMT45F; brand LESIBAG
category:Bread Boxes,B0DG5H5S9Z,B0FH2C719T,"vensovo Bread Box for Countertop, Small White Metal Bin with Bamboo Lid | Small farmhouse bread storage container and bread bin with cutting board lid for homemade bread and baked goods organization.","['Kitchen & Dining', 'kitchen']",US,25.99,7.28,2.08,8.41,0.15,292.0,153.0,4.5,0.55,10000,1.0,20.0,50,25.0,20,45,75,35,65.0,B,"observed:price,sales,reviews,rating,fba_fee; estimated:search_volume,cpc",estimated_default_costs,Imported from Sorftime; ASIN B0DG5H5S9Z; parent B0FH2C719T; brand vensovo
category:Bread Boxes,B0C9F75MJD,B0C9F3KXPW,"Bread Container (2 Pack) Bread Loaf Keeper, Fresh Bread Storage Container, Clear Bread Saver, Bread Holder - Bread Bin for Bun, Bagel, and Bread Loaf, Plastic Bread Box (White & Brown) Stock Your Home","['Kitchen & Dining', 'kitchen']",US,19.99,5.6,1.6,7.93,0.15,281.0,587.0,4.4,0.55,10000,1.0,20.0,50,25.0,20,20.0,75,35,65.0,B,"observed:price,sales,reviews,rating,fba_fee; estimated:search_volume,cpc",estimated_default_costs,Imported from Sorftime; ASIN B0C9F75MJD; parent B0C9F3KXPW; brand Stock Your Home
category:Cake Carriers,B09P211PNN,B0F2JNM28W,"Evelots Pie Container with Lid, 2-Pack, 11-Inch, Clear, BPA-Free | Portable dessert carriers feature secure covers to protect baked goods during storage, travel, parties and family gatherings.","['Kitchen & Dining', 'kitchen']",US,24.98,6.99,2.0,8.22,0.15,1929.0,1280.0,4.5,0.55,10000,1.0,20.0,50,25.0,20,20.0,75,35,65.0,B,"observed:price,sales,reviews,rating,fba_fee; estimated:search_volume,cpc",estimated_default_costs,Imported from Sorftime; ASIN B09P211PNN; parent B0F2JNM28W; brand Evelots
category:Cake Carriers,B088FZNRPK,B08W3RX4QH,"Top Shelf Elements Round Cake Carrier Two Sided Cake Holder Serves as Five Section Serving Tray, Portable Cake Stand Fits 10 inch Cake, Cake Box Comes With Handle, Cake Container Holds Pies (White)","['Kitchen & Dining', 'kitchen']",US,23.99,6.72,1.92,9.08,0.15,1601.0,2452.0,4.4,0.55,10000,1.0,20.0,50,25.0,20,20.0,75,35,65.0,B,"observed:price,sales,reviews,rating,fba_fee; estimated:search_volume,cpc",estimated_default_costs,Imported from Sorftime; ASIN B088FZNRPK; parent B08W3RX4QH; brand Highball & Chaser
category:Cake Carriers,B0CD7HPTJP,B0FKGRSP36,"Cake Carrier with Lid and Handle，BPA-Free Cake Holder Cake Containers | Cake Stand for 10 inch Cake with Cupcake Carrier, Plastic Cover 2-Sided Base for Transport Storage Nut Fruit, Perfect Gifts","['Kitchen & Dining', 'kitchen']",US,22.99,6.44,1.84,9.46,0.15,1430.0,1088.0,4.6,0.55,10000,1.0,20.0,50,25.0,20,20.0,75,35,65.0,B,"observed:price,sales,reviews,rating,fba_fee; estimated:search_volume,cpc",estimated_default_costs,Imported from Sorftime; ASIN B0CD7HPTJP; parent B0FKGRSP36; brand Mamajardin
category:Cake Carriers,B0FCS675XR,B0FRFZVRHJ,"Cake Carrier With Lid And Handle, Bpa-Free Cake Holder With Lid For 10 Inch Round Cake Carrier With 10 pcs Round Golden Cake Boards And Portable Insulated Bag","['Kitchen & Dining', 'kitchen']",US,29.99,8.4,2.4,9.37,0.15,762.0,194.0,4.6,0.55,10000,1.0,20.0,50,25.0,20,20.0,75,35,65.0,B,"observed:price,sales,reviews,rating,fba_fee; estimated:search_volume,cpc",estimated_default_costs,Imported from Sorftime; ASIN B0FCS675XR; parent B0FRFZVRHJ; brand HYLCWTH
category:Cake Carriers,B0G1LSP8MN,B0GGYWX6C3,"Zezzxu 50 Pack Triangle Cake Slice Containers To Go Dessert Boxes | Disposable Pie Slice Container with Lid, Slice Cake Box To Go Containers for Cheesecake, Tiramisu, Flan, Tres Leches Cake","['Kitchen & Dining', 'kitchen']",US,14.99,4.2,1.2,6.22,0.15,700.0,169.0,4.4,0.55,10000,1.0,20.0,50,25.0,20,20.0,75,35,65.0,B,"observed:price,sales,reviews,rating,fba_fee; estimated:search_volume,cpc",estimated_default_costs,Imported from Sorftime; ASIN B0G1LSP8MN; parent B0GGYWX6C3; brand Zezzxu
category:Cake Carriers,B0DLK8FDJV,B0DXWQV83W,Cakebon 12“ Insulated Cake Bag with Ice Pack Cooler Carrier 1Pack,"['Kitchen & Dining', 'kitchen']",US,20.11,5.63,1.61,5.77,0.15,658.0,296.0,4.3,0.55,10000,1.0,20.0,50,25.0,20,20.0,75,35,65.0,B,"observed:price,sales,reviews,rating,fba_fee; estimated:search_volume,cpc",estimated_default_costs,Imported from Sorftime; ASIN B0DLK8FDJV; parent B0DXWQV83W; brand Cakebon
category:Cake Carriers,B0DHYJFYRQ,B0DHYHWN9M,"Cake Carrier with lid and Handle - Multipurpose Cake Stand with Lid for 10” Cake, Pie, Cupcakes - Cake Holder & Lid, Plastic Cake Container, Round Cake Cover for Transport & Storage (Seafoam Green)","['Kitchen & Dining', 'kitchen']",US,20.95,5.87,1.68,8.88,0.15,655.0,312.0,4.6,0.55,10000,1.0,20.0,50,25.0,20,20.0,75,35,65.0,B,"observed:price,sales,reviews,rating,fba_fee; estimated:search_volume,cpc",estimated_default_costs,Imported from Sorftime; ASIN B0DHYJFYRQ; parent B0DHYHWN9M; brand Davlan
category:Cake Carriers,B08T9Z9L3M,B0B1ZCG6LV,"Top Shelf Elements Pie, Cheesecake Carrier for up to 10 in x 4 1/2 in cake. Two Sided Fashionable Stand Doubles as Five Section Serving Tray Perfect Taker Caddie for Travel (White)","['Kitchen & Dining', 'kitchen']",US,23.99,6.72,1.92,8.21,0.15,589.0,1039.0,4.2,0.55,10000,1.0,20.0,50,25.0,20,20.0,75,35,65.0,B,"observed:price,sales,reviews,rating,fba_fee; estimated:search_volume,cpc",estimated_default_costs,Imported from Sorftime; ASIN B08T9Z9L3M; parent B0B1ZCG6LV; brand Top Shelf Elements
category:Cake Carriers,B0CH9VP8D1,B0DZGP9PN5,"Cake Carrier with Lid and Handle,Fit 10” Cake Stand Cake Holder Container | Pink Cake Transport Storage Container, 3 Secure Side Closures","['Kitchen & Dining', 'kitchen']",US,19.99,5.6,1.6,8.97,0.15,560.0,367.0,4.4,0.55,10000,1.0,20.0,50,25.0,20,20.0,75,35,65.0,B,"observed:price,sales,reviews,rating,fba_fee; estimated:search_volume,cpc",estimated_default_costs,Imported from Sorftime; ASIN B0CH9VP8D1; parent B0DZGP9PN5; brand RTUDOPUYT
category:Cake Carriers,B0FJ8MPX54,B0GF7W1BH6,Foldable Cake Carrier with Lid and Handle Fits 10in round 8.5in High Cake | Tall Cake Transport Container,"['Kitchen & Dining', 'kitchen']",US,24.99,7.0,2.0,9.26,0.15,534.0,72.0,4.2,0.55,10000,1.0,20.0,50,25.0,20,20.0,75,35,65.0,B,"observed:price,sales,reviews,rating,fba_fee; estimated:search_volume,cpc",estimated_default_costs,Imported from Sorftime; ASIN B0FJ8MPX54; parent B0GF7W1BH6; brand Targihoemt
category:Cake Carriers,B0C9RLTRGY,B0DG4DMTS9,"EXTRA LARGE & EXTRA STURDY Cake Carrier, Cake Stand with Lid and Foldable Handles - Multifunctional Serving Platter and Cake Plate - Cake Container with Dome and Strong Snaps 13 x 13 x 7 inch (Green)","['Kitchen & Dining', 'kitchen']",US,29.99,8.4,2.4,9.93,0.15,515.0,1028.0,4.6,0.55,10000,1.0,20.0,50,25.0,20,20.0,75,35,65.0,B,"observed:price,sales,reviews,rating,fba_fee; estimated:search_volume,cpc",estimated_default_costs,Imported from Sorftime; ASIN B0C9RLTRGY; parent B0DG4DMTS9; brand MosJos
category:Cake Carriers,B0B652Q7NX,B0B654K34V,Bakepacker White Bakery Boxes with Window - 4x4x2.5 inches Small Size Pastry & Mini Cookie Boxes for Bakeries - Thick & Sturdy (100 Packs),"['Kitchen & Dining', 'kitchen']",US,23.98,6.71,1.92,8.06,0.15,508.0,913.0,4.6,0.55,10000,1.0,20.0,50,25.0,20,45,75,35,65.0,B,"observed:price,sales,reviews,rating,fba_fee; estimated:search_volume,cpc",estimated_default_costs,Imported from Sorftime; ASIN B0B652Q7NX; parent B0B654K34V; brand Bakepacker
category:Cake Carriers,B09TSL7ZT8,B0D9NQ4V35,"200 Pcs Cake Slice Containers with Lids Clear Plastic Hinged Cheesecake Containers Individual Disposable Triangle Cake Boxes for Pie Slice Cheesecake, Tres Leches, Flan, Desserts - Take Out Togo","['Kitchen & Dining', 'kitchen']",US,22.99,6.44,1.84,8.5,0.15,456.0,512.0,4.2,0.55,10000,1.0,20.0,50,25.0,20,20.0,75,35,65.0,B,"observed:price,sales,reviews,rating,fba_fee; estimated:search_volume,cpc",estimated_default_costs,Imported from Sorftime; ASIN B09TSL7ZT8; parent B0D9NQ4V35; brand LISHINE
category:Cake Carriers,B0BKSLP2NL,B0C4N5VVH2,"Goiio 100 Pieces Cake Slice Plastic Containers | 4.33 Inches Hinged Lid Cheese cake Container, for Home, Bakery","['Kitchen & Dining', 'kitchen']",US,18.99,5.32,1.52,6.23,0.15,390.0,1332.0,4.3,0.55,10000,1.0,20.0,50,25.0,20,20.0,75,35,65.0,B,"observed:price,sales,reviews,rating,fba_fee; estimated:search_volume,cpc",estimated_default_costs,Imported from Sorftime; ASIN B0BKSLP2NL; parent B0C4N5VVH2; brand Goiio
category:Cake Carriers,B0FVWRHYQ2,B0FVWRHYQ2,"Atojrro Clear Plastic Mini Cake Box, Round Cupcake Holders Plastic Egg-Yolk Puff Container Mooncake Dome Boxes Baking Packing Box (Gold, 3.1 inch,50 Set)","['Kitchen & Dining', 'kitchen']",US,12.98,3.63,1.04,5.36,0.15,388.0,33.0,3.9,0.55,10000,1.0,20.0,50,25.0,20,20.0,75,35,65.0,B,"observed:price,sales,reviews,rating,fba_fee; estimated:search_volume,cpc",estimated_default_costs,Imported from Sorftime; ASIN B0FVWRHYQ2; parent B0FVWRHYQ2; brand Atojrro
category:Cake Carriers,B0FXX67KJY,B0FXX67KJY,"100Pcs Cake Slice Containers,Pie Containers for 6”-8” Diameter Cake Slices | Dot Cake Container for Take Out Packaging,Plastic Disposable Triangle Boxes,Individual Cheesecake Container for Home, Bakerys","['Kitchen & Dining', 'kitchen']",US,14.99,4.2,1.2,6.22,0.15,387.0,63.0,3.7,0.55,10000,1.0,20.0,50,25.0,20,20.0,75,35,65.0,B,"observed:price,sales,reviews,rating,fba_fee; estimated:search_volume,cpc",estimated_default_costs,Imported from Sorftime; ASIN B0FXX67KJY; parent B0FXX67KJY; brand YOIYINI
category:Cake Carriers,B0GQSH6H9K,B0GQSDCYWL,"6 Pack Disposable Cake Containers with Lids,10“ Plastic Cake Stand with Lid | Cake Carrier, Cakes Covers Plastic with Dome and Base, Display Containers For Transport, Bundt Cake Pan","['Kitchen & Dining', 'kitchen']",US,19.97,5.59,1.6,8.99,0.15,316.0,26.0,3.8,0.55,10000,1.0,20.0,50,25.0,20,20.0,75,35,65.0,B,"observed:price,sales,reviews,rating,fba_fee; estimated:search_volume,cpc",estimated_default_costs,Imported from Sorftime; ASIN B0GQSH6H9K; parent B0GQSDCYWL; brand RTUDOPUYT
category:Cake Carriers,B0GH3VYJ5F,B0GH3VYJ5F,"6-Pack Cake Carrier Holder Container for 10 Inch Round Cakes - Plastic Disposable Cake Containers, Take Out Storage w/Clear Dome Lids, Black Base Serving Trays, White Cake Boards, 12 x 5 Inches","['Kitchen & Dining', 'kitchen']",US,19.99,5.6,1.6,3.6,0.15,310.0,57.0,4.5,0.55,10000,1.0,20.0,50,25.0,20,45,50,20,42.5,C,"observed:sales,reviews,rating; estimated:price,fba_fee,search_volume,cpc",estimated_default_costs,Imported from Sorftime; ASIN B0GH3VYJ5F; parent B0GH3VYJ5F; brand Storage Standard
category:Cake Carriers,B08DR5GX76,B08DFF1ZS7,Plastic Small Cake Carrier Holder Round Container with Handles Suitable for 6~8 inch Diameter and 4 inch Height Small Cake (White),"['Kitchen & Dining', 'kitchen']",US,15.99,4.48,1.28,8.03,0.15,297.0,1687.0,4.2,0.55,10000,1.0,20.0,50,25.0,20,20.0,75,35,65.0,B,"observed:price,sales,reviews,rating,fba_fee; estimated:search_volume,cpc",estimated_default_costs,Imported from Sorftime; ASIN B08DR5GX76; parent B08DFF1ZS7; brand FEOOWV
category:Cake Carriers,B0F99GRRPT,B0FZ95B2LJ,"Ocmoiy Clear Cake Box, 10 x 10 x 12 Inches, 5 Pcs | Tall Cake Boxes with Ribbon, Treat Transport Boxes, For Wedding, Birthday, Party","['Kitchen & Dining', 'kitchen']",US,26.99,7.56,2.16,9.26,0.15,264.0,157.0,4.6,0.55,10000,1.0,20.0,50,25.0,20,45,75,35,65.0,B,"observed:price,sales,reviews,rating,fba_fee; estimated:search_volume,cpc",estimated_default_costs,Imported from Sorftime; ASIN B0F99GRRPT; parent B0FZ95B2LJ; brand Ocmoiy
category:Cake Carriers,B0CGJ3RJNF,B0CGJ3RJNF,"Cididu 6 Pcs Clear Cake Box with Ribbon 2-Layer 10 x10 x10 Inch, Transparent Cake Carrier Box with Lids, PET Tall Cake Packaging Boxes, Clear Gift Boxes for Mother‘s Day Birthday Wedding Festival Party","['Kitchen & Dining', 'kitchen']",US,22.99,6.44,1.84,8.6,0.15,246.0,228.0,4.6,0.55,10000,1.0,20.0,50,25.0,20,45,75,35,65.0,B,"observed:price,sales,reviews,rating,fba_fee; estimated:search_volume,cpc",estimated_default_costs,Imported from Sorftime; ASIN B0CGJ3RJNF; parent B0CGJ3RJNF; brand Cididu
category:Cake Carriers,B0DP2SR8FS,B0DP2V577Q,5Pack 10inch Round Clear +Gold Cake Carriers for Transport Plastic Cake Containers Carriers with Dome Lids and Cake Boards Clear Bundt Cake Boxes,"['Kitchen & Dining', 'kitchen']",US,19.99,5.6,1.6,7.93,0.15,225.0,120.0,4.5,0.55,10000,1.0,20.0,50,25.0,20,20.0,75,35,65.0,B,"observed:price,sales,reviews,rating,fba_fee; estimated:search_volume,cpc",estimated_default_costs,Imported from Sorftime; ASIN B0DP2SR8FS; parent B0DP2V577Q; brand FEOOWV
category:Cake Carriers,B0F2B2MX4L,B0FK3Y2PC8,"10Pack 12x12x12 Cake Boxes with Window, Tall White Large Cardboard Bakery Carrier for Multi-Tier Cakes, Wedding, Birthday, Fathers Day, Professional & Home Bakers","['Kitchen & Dining', 'kitchen']",US,16.99,4.76,1.36,8.2,0.15,222.0,66.0,4.0,0.55,10000,1.0,20.0,50,25.0,20,65,75,35,65.0,B,"observed:price,sales,reviews,rating,fba_fee; estimated:search_volume,cpc",estimated_default_costs,Imported from Sorftime; ASIN B0F2B2MX4L; parent B0FK3Y2PC8; brand Packpal
category:Cake Carriers,B0CC59VL2W,B0CW3B17WS,"VGOODALL Cake Carrier with Lid and Handle, 12 Capacity Cupcake Carrier, 2-in-1 Rectangular Cupcake Holder for Pies Muffin Pizza Nuts Fruit, Dessert Storage Containers for Parties, Picnics, Baking","['Kitchen & Dining', 'kitchen']",US,19.95,5.59,1.6,7.93,0.15,209.0,403.0,4.2,0.55,10000,1.0,20.0,50,25.0,20,20.0,75,35,65.0,B,"observed:price,sales,reviews,rating,fba_fee; estimated:search_volume,cpc",estimated_default_costs,Imported from Sorftime; ASIN B0CC59VL2W; parent B0CW3B17WS; brand VGOODALL
category:Cookie Jars,B0CF843L8P,B0HF16HC6C,"Silver Buffalo Scooby Doo Scooby Snacks, Glass Jar with Lid","['Kitchen & Dining', 'kitchen']",US,24.99,7.0,2.0,6.22,0.15,1109.0,238.0,4.5,0.55,10000,1.0,20.0,50,25.0,20,20.0,75,35,65.0,B,"observed:price,sales,reviews,rating,fba_fee; estimated:search_volume,cpc",estimated_default_costs,Imported from Sorftime; ASIN B0CF843L8P; parent B0HF16HC6C; brand Silver Buffalo
category:Cookie Jars,B085FVJ3CX,B083HDYBGB,"50oz Reinforced Medium Acrylic Storage Jar, Airtight Lid Cookie Jar | Ideal Canisters for Cookies, Dried Fruits, Nuts, Herbs,Cereals,etc","['Kitchen & Dining', 'kitchen']",US,16.45,4.61,1.32,5.87,0.15,836.0,1992.0,4.5,0.55,10000,1.0,20.0,50,25.0,20,20.0,75,35,65.0,B,"observed:price,sales,reviews,rating,fba_fee; estimated:search_volume,cpc",estimated_default_costs,Imported from Sorftime; ASIN B085FVJ3CX; parent B083HDYBGB; brand IVOOBR
category:Cookie Jars,B0DT6WW3D1,B0FJ1YHNY1,Aneco 24 Pack Red Apple Container Teacher Appreciation Gift Candy Box Valentine Wedding Party Toy Large Filled Plastic Bobbing Apple Candy Jars with Lids Back to School Party Supplies,"['Kitchen & Dining', 'kitchen']",US,14.99,4.2,1.2,9.56,0.15,637.0,70.0,4.4,0.55,10000,1.0,70,50,25.0,20,65,75,35,65.0,B,"observed:price,sales,reviews,rating,fba_fee; estimated:search_volume,cpc",estimated_default_costs,Imported from Sorftime; ASIN B0DT6WW3D1; parent B0FJ1YHNY1; brand Aneco
category:Cookie Jars,B0CMD4FX78,B0CZFRLCWN,"Restaurantware Glass Penny Candy Jar 1 Count 1 Gallon Wide Opening Glass Storage Jar With Chrome Lid, Crystal-Clear 4.53 x 4.53 x 9.06 Inches For Bulk Ingredients Or Cafe Displays","['Kitchen & Dining', 'kitchen']",US,29.07,8.14,2.33,8.22,0.15,566.0,235.0,4.4,0.55,10000,1.0,20.0,50,25.0,20,45,75,35,65.0,B,"observed:price,sales,reviews,rating,fba_fee; estimated:search_volume,cpc",estimated_default_costs,Imported from Sorftime; ASIN B0CMD4FX78; parent B0CZFRLCWN; brand Restaurantware
category:Cookie Jars,B08RM22KWS,B08XYCTHH8,"Blue Donuts Vintage Cookie Jar - Airtight Counter Cookie Container, Ivory Tin with Lid for Gift Giving, Large Capacity","['Kitchen & Dining', 'kitchen']",US,21.99,6.16,1.76,8.02,0.15,424.0,1573.0,4.6,0.55,10000,1.0,20.0,50,25.0,20,20.0,75,35,65.0,B,"observed:price,sales,reviews,rating,fba_fee; estimated:search_volume,cpc",estimated_default_costs,Imported from Sorftime; ASIN B08RM22KWS; parent B08XYCTHH8; brand Blue Donuts
category:Cookie Jars,B0D2ZF742H,B0GVW1JC6W,"Cookie Jar with Airtight Bamboo Lid, 1.1 Gallon, Farmhouse, Off White","['Kitchen & Dining', 'kitchen']",US,26.97,7.55,2.16,7.73,0.15,358.0,127.0,4.5,0.55,10000,1.0,20.0,50,25.0,20,20.0,75,35,65.0,B,"observed:price,sales,reviews,rating,fba_fee; estimated:search_volume,cpc",estimated_default_costs,Imported from Sorftime; ASIN B0D2ZF742H; parent B0GVW1JC6W; brand D’Lifeful
category:Cookie Jars,B0CD2V37CL,B0FHJ92ZX7,"Silver Buffalo Sanrio Hello Kitty, Ceramic Cookie Jar","['Kitchen & Dining', 'kitchen']",US,27.99,7.84,2.24,8.41,0.15,335.0,146.0,4.6,0.55,10000,1.0,20.0,50,25.0,20,45,75,35,65.0,B,"observed:price,sales,reviews,rating,fba_fee; estimated:search_volume,cpc",estimated_default_costs,Imported from Sorftime; ASIN B0CD2V37CL; parent B0FHJ92ZX7; brand Silver Buffalo
category:Cookie Jars,B0CZQRLGJJ,B0FS6SL5CX,Sumnacon Laundry Pods Container with Wide Mouth Plastic Candy Jar with Lid,"['Kitchen & Dining', 'kitchen']",US,18.99,5.32,1.52,7.93,0.15,292.0,91.0,4.5,0.55,10000,1.0,20.0,50,25.0,20,20.0,75,35,65.0,B,"observed:price,sales,reviews,rating,fba_fee; estimated:search_volume,cpc",estimated_default_costs,Imported from Sorftime; ASIN B0CZQRLGJJ; parent B0FS6SL5CX; brand Sumnacon
category:Cookie Jars,B0CV7H2DLQ,B0GYNJ1MWB,"MACKENZIE-CHILDS Glass Sweets Jar with Lid, Pink-and-White Rosy Check","['Kitchen & Dining', 'kitchen']",US,69.95,19.59,5.6,8.7,0.15,278.0,151.0,4.5,0.55,10000,1.0,20.0,50,25.0,20,45,75,35,65.0,B,"observed:price,sales,reviews,rating,fba_fee; estimated:search_volume,cpc",estimated_default_costs,Imported from Sorftime; ASIN B0CV7H2DLQ; parent B0GYNJ1MWB; brand MACKENZIE-CHILDS
category:Cupcake Carriers,B092DVD27F,B0CQ4J9ZG7,"Zezzxu 50 Pack Mini Cake Containers with Lids, Gold Domes | Mini Flan Containers, Individual Mini Cupcake Box, Clear Plastic Dessert Domes for Charcuterie, Ore, Cheesecake, Mooncake","['Kitchen & Dining', 'kitchen']",US,12.99,3.64,1.04,4.9,0.15,1594.0,1823.0,4.0,0.55,10000,1.0,20.0,50,25.0,20,20.0,75,35,65.0,B,"observed:price,sales,reviews,rating,fba_fee; estimated:search_volume,cpc",estimated_default_costs,Imported from Sorftime; ASIN B092DVD27F; parent B0CQ4J9ZG7; brand Zezzxu
category:Cupcake Carriers,B0GDDP8GZM,B0H5VPSS3X,"12 Count x 12 Sets Cupcake Carrier With 150 Pack Liners, Stackable Plastic Cupcake Containers Boxes Holder with Tall Dome Lid, Disposable Cupcake Storage Trays","['Kitchen & Dining', 'kitchen']",US,17.99,5.04,1.44,8.31,0.15,1136.0,93.0,4.6,0.55,10000,1.0,20.0,50,25.0,20,45,75,35,65.0,B,"observed:price,sales,reviews,rating,fba_fee; estimated:search_volume,cpc",estimated_default_costs,Imported from Sorftime; ASIN B0GDDP8GZM; parent B0H5VPSS3X; brand Lendex
category:Cupcake Carriers,B0FDKXNH4H,B0GLDTB62N,"Plastic Cupcake Containers 12 Count (12 Sets), Stackable Cupcake Boxes Holders with Tall Dome Lid, Disposable Cupcake Carrier Trays Include 150 Cupcake Liners","['Kitchen & Dining', 'kitchen']",US,17.99,5.04,1.44,8.13,0.15,1084.0,244.0,4.6,0.55,10000,1.0,20.0,50,25.0,20,45,75,35,65.0,B,"observed:price,sales,reviews,rating,fba_fee; estimated:search_volume,cpc",estimated_default_costs,Imported from Sorftime; ASIN B0FDKXNH4H; parent B0GLDTB62N; brand JPPSUJJ
category:Cupcake Carriers,B0F83X6C1Q,B0F82PZFHY,"Bakepacker Auto-pop up 12 Cupcake Containers 6-Packs Brown Cupcakes Carrier, 12 Cupcake Boxes with Window 13“x10“x3.5“","['Kitchen & Dining', 'kitchen']",US,12.98,3.63,1.04,6.37,0.15,953.0,229.0,4.5,0.55,10000,1.0,20.0,50,25.0,20,20.0,75,35,65.0,B,"observed:price,sales,reviews,rating,fba_fee; estimated:search_volume,cpc",estimated_default_costs,Imported from Sorftime; ASIN B0F83X6C1Q; parent B0F82PZFHY; brand Bakepacker
category:Cupcake Carriers,B0D5DWYD4M,B0C4293VM7,"EXTRA TALL DOME 24 Cupcake Carrier, Green Cupcake Holder Carries 24 Cupcake Storage Container, Muffin Traveler Two Tier Stand Reusable Cupcake Box","['Kitchen & Dining', 'kitchen']",US,29.99,8.4,2.4,9.36,0.15,932.0,868.0,4.6,0.55,10000,1.0,20.0,50,25.0,20,20.0,75,35,65.0,B,"observed:price,sales,reviews,rating,fba_fee; estimated:search_volume,cpc",estimated_default_costs,Imported from Sorftime; ASIN B0D5DWYD4M; parent B0C4293VM7; brand MosJos
category:Cupcake Carriers,B0G3PKRM2R,B0G3PK47G6,"24 Pack x 10 Sets Count Cupcake Containers, Plastic Disposable Cupcake Boxes Holder, Stackable Clear Cupcake Carrier with High Tall Dome Lid","['Kitchen & Dining', 'kitchen']",US,19.99,5.6,1.6,9.36,0.15,760.0,92.0,4.3,0.55,10000,1.0,20.0,50,25.0,20,45,75,35,65.0,B,"observed:price,sales,reviews,rating,fba_fee; estimated:search_volume,cpc",estimated_default_costs,Imported from Sorftime; ASIN B0G3PKRM2R; parent B0G3PK47G6; brand PYYZHALI
category:Cupcake Carriers,B0B127LZ2T,B09S9YGVQM,"Patelai 50 Pcs Clear Plastic Mini Cupcake Container, Mini Cupcake Box Muffin Dome Muffin Single Container Box for Wedding Birthday Cheese Pastry Dessert Cake (Gold)","['Kitchen & Dining', 'kitchen']",US,12.99,3.64,1.04,4.47,0.15,755.0,656.0,4.3,0.55,10000,1.0,20.0,50,25.0,20,20.0,75,35,65.0,B,"observed:price,sales,reviews,rating,fba_fee; estimated:search_volume,cpc",estimated_default_costs,Imported from Sorftime; ASIN B0B127LZ2T; parent B09S9YGVQM; brand Patelai
category:Cupcake Carriers,B0GWDNC6RY,B0GWDYB963,"12 Pack x 20 Sets Plastic Cupcake Containers, Stackable Cupcake Boxes Holders with Tall Dome Lid, Disposable Clear Cupcake Carrier Trays for Bakery Transport","['Kitchen & Dining', 'kitchen']",US,21.99,6.16,1.76,8.69,0.15,679.0,48.0,3.9,0.55,10000,1.0,20.0,50,25.0,20,65,75,35,65.0,B,"observed:price,sales,reviews,rating,fba_fee; estimated:search_volume,cpc",estimated_default_costs,Imported from Sorftime; ASIN B0GWDNC6RY; parent B0GWDYB963; brand JPPSUJJ
category:Cupcake Carriers,B0BL86T1T7,B0BL86T1T7,"Gencywe (24 Pack x 10 Sets) Stackable Cupcake Carrier Holders with 240 Pack Cupcake Liners, Plastic Cupcake Boxes Holders for 24 Cupcakes, High Tall Dome Lid Cupcake Containers, Clear Cupcake Trays","['Kitchen & Dining', 'kitchen']",US,20.99,5.88,1.68,9.23,0.15,648.0,1212.0,4.4,0.55,10000,1.0,20.0,50,25.0,20,65,75,35,65.0,B,"observed:price,sales,reviews,rating,fba_fee; estimated:search_volume,cpc",estimated_default_costs,Imported from Sorftime; ASIN B0BL86T1T7; parent B0BL86T1T7; brand Gencywe
category:Cupcake Carriers,B0B64X52C1,B0B6529JK4,"Bakepacker Auto-pop Up Cupcake Boxes with Window White 12PCS 12 Count Cupcake Box 13“x10“x3.5“ Cupcakes Carrier, 12 Cupcake Containers with rolls of pink ribbons","['Kitchen & Dining', 'kitchen']",US,19.98,5.59,1.6,7.98,0.15,643.0,904.0,4.6,0.55,10000,1.0,20.0,50,25.0,20,45,75,35,65.0,B,"observed:price,sales,reviews,rating,fba_fee; estimated:search_volume,cpc",estimated_default_costs,Imported from Sorftime; ASIN B0B64X52C1; parent B0B6529JK4; brand Bakepacker
category:Cupcake Carriers,B0B3HBHTD7,B0H1LYFQJN,100 Set 3“ Mini Cupcake Containers Plastic Holders with Lids | Cupcake Boxes Muffin Pod Dome Flan Dessert Single Individual Container Box for Wedding Birthday Party Gifts Supplies,"['Kitchen & Dining', 'kitchen']",US,16.99,4.76,1.36,6.21,0.15,571.0,216.0,4.1,0.55,10000,1.0,20.0,50,25.0,20,20.0,75,35,65.0,B,"observed:price,sales,reviews,rating,fba_fee; estimated:search_volume,cpc",estimated_default_costs,Imported from Sorftime; ASIN B0B3HBHTD7; parent B0H1LYFQJN; brand GothaBach
category:Cupcake Carriers,B0CL4QLR88,B0CL4MCLVK,"NPLUX 10 Pack 24 Count Cupcake Containers Clear Plastic Stackable Dome Lids | 10Pack Holds 240 Cupcakes, Clear PET Plastic, 17 x 12.5 X 3.5in, Tall Lid Space, Stackable for Small Parties, Birthday Favors","['Kitchen & Dining', 'kitchen']",US,21.99,6.16,1.76,9.64,0.15,526.0,554.0,4.0,0.55,10000,1.0,20.0,50,25.0,20,65,75,35,65.0,B,"observed:price,sales,reviews,rating,fba_fee; estimated:search_volume,cpc",estimated_default_costs,Imported from Sorftime; ASIN B0CL4QLR88; parent B0CL4MCLVK; brand NPLUX
category:Cupcake Carriers,B0F83WSGV6,B0FY5JQVF6,Bakepacker Auto-pop up Cupcake Boxes 30-Packs Individual Cupcake Container White 3.5“ x 3.5“ x 3.5“ Single Cupcake Boxes,"['Kitchen & Dining', 'kitchen']",US,12.98,3.63,1.04,5.74,0.15,524.0,177.0,4.6,0.55,10000,1.0,20.0,50,25.0,20,20.0,75,35,65.0,B,"observed:price,sales,reviews,rating,fba_fee; estimated:search_volume,cpc",estimated_default_costs,Imported from Sorftime; ASIN B0F83WSGV6; parent B0FY5JQVF6; brand Bakepacker
category:Cupcake Carriers,B0DP4GR6QB,B0DP93Q7ZG,"WIKDAY Plastic Cupcake Containers, 24 Count x 10 Sets | Clear Cupcake Holder with Lids, Disposable Cupcake Carrier for Bakery, Storage Box for Parties, Bake Sale Packaging","['Kitchen & Dining', 'kitchen']",US,21.99,6.16,1.76,9.26,0.15,510.0,386.0,4.1,0.55,10000,1.0,20.0,50,25.0,20,45,75,35,65.0,B,"observed:price,sales,reviews,rating,fba_fee; estimated:search_volume,cpc",estimated_default_costs,Imported from Sorftime; ASIN B0DP4GR6QB; parent B0DP93Q7ZG; brand WIKDAY
category:Cupcake Carriers,B0D3F29BJ7,B0D3DH3LVF,"NPLUX 20 Pack 4 - Count Cupcake Containers for 80 Muffins | Compartment Holder, Connected Airtight Lid, Boxes, Cupcakes, Muffins, BPA Free, Standard Size","['Kitchen & Dining', 'kitchen']",US,15.19,4.25,1.22,7.93,0.15,444.0,177.0,4.6,0.55,10000,1.0,20.0,50,25.0,20,20.0,75,35,65.0,B,"observed:price,sales,reviews,rating,fba_fee; estimated:search_volume,cpc",estimated_default_costs,Imported from Sorftime; ASIN B0D3F29BJ7; parent B0D3DH3LVF; brand NPLUX
category:Cupcake Carriers,B0B38D53N6,B0C9Z47NN4,"Yeplan 50 Packs Cupcake Boxes,9.4x6.1x3.14 Inches 6 Count Cupcake Box,White Cupcake Containers with Clear Window and Six Treat Holder,Pastry and Cookie Boxes,Bakery Boxes","['Kitchen & Dining', 'kitchen']",US,22.99,6.44,1.84,8.29,0.15,426.0,327.0,4.6,0.55,10000,1.0,20.0,50,25.0,20,65,75,35,65.0,B,"observed:price,sales,reviews,rating,fba_fee; estimated:search_volume,cpc",estimated_default_costs,Imported from Sorftime; ASIN B0B38D53N6; parent B0C9Z47NN4; brand Yeplan
category:Cupcake Carriers,B09W7PDVSJ,B09QPLT9H8,qiqee 60pcs Cupcake Boxes Individual Disposable White Single Box with Window 3.6 * 3.6 * 4.3inch Cupcake Containers/Holders,"['Kitchen & Dining', 'kitchen']",US,18.98,5.31,1.52,8.03,0.15,425.0,784.0,4.6,0.55,10000,1.0,20.0,50,25.0,20,45,75,35,65.0,B,"observed:price,sales,reviews,rating,fba_fee; estimated:search_volume,cpc",estimated_default_costs,Imported from Sorftime; ASIN B09W7PDVSJ; parent B09QPLT9H8; brand qiqee
category:Cupcake Carriers,B0G49PXYDW,B0G49YVP3F,"WIKDAY Plastic Cupcake Containers with Liners, 24 Count x 15 Sets | Clear Cupcake Holder with Lids, Disposable Cupcake Carrier for Bakery, Storage Box for Parties, Bake Sale Packaging","['Kitchen & Dining', 'kitchen']",US,26.99,7.56,2.16,10.23,0.15,401.0,70.0,4.3,0.55,10000,1.0,20.0,50,25.0,20,65,75,35,65.0,B,"observed:price,sales,reviews,rating,fba_fee; estimated:search_volume,cpc",estimated_default_costs,Imported from Sorftime; ASIN B0G49PXYDW; parent B0G49YVP3F; brand WIKDAY
category:Cupcake Carriers,B09YVQ1WKD,B0DP82DJP2,Plastic Cupcake Containers Boxes | 6 Compartment – 42 Pack | Disposable High Dome Dozen Cupcake Holder With Lid Bulk | Extra Sturdy Stackable Cupcake Boxes | Durable Muffin Packaging Transporter To Go,"['Kitchen & Dining', 'kitchen']",US,19.99,5.6,1.6,8.98,0.15,398.0,384.0,4.0,0.55,10000,1.0,20.0,50,25.0,20,45,75,35,65.0,B,"observed:price,sales,reviews,rating,fba_fee; estimated:search_volume,cpc",estimated_default_costs,Imported from Sorftime; ASIN B09YVQ1WKD; parent B0DP82DJP2; brand Supellectilem
category:Cupcake Carriers,B0DL2SJ6M7,B0DL2SJ6M7,"Coloch 50 Pack Clear Cupcake Box, 4 Cavity Plastic Cupcake Holder with Deep Dome Disposable 4-Compartment Dessert Container Bakery Carrying Box for Bakery, Cupcake","['Kitchen & Dining', 'kitchen']",US,22.99,6.44,1.84,8.22,0.15,392.0,76.0,4.4,0.55,10000,1.0,20.0,50,25.0,20,20.0,75,35,65.0,B,"observed:price,sales,reviews,rating,fba_fee; estimated:search_volume,cpc",estimated_default_costs,Imported from Sorftime; ASIN B0DL2SJ6M7; parent B0DL2SJ6M7; brand Coloch
category:Cupcake Carriers,B09ZNP2KHB,B0CL2HTCWV,"TOFLEN Mini Dessert Containers with Dome Lids, 100Pcs, Gold Base | Clear Plastic Individual Ore Cookie holder, Small Cake Box, For Mini Cupcake, Cocoa Bomb, Strawberry, Cheesecake and Mooncake","['Kitchen & Dining', 'kitchen']",US,15.99,4.48,1.28,6.21,0.15,391.0,675.0,4.1,0.55,10000,1.0,20.0,50,25.0,20,20.0,75,35,65.0,B,"observed:price,sales,reviews,rating,fba_fee; estimated:search_volume,cpc",estimated_default_costs,Imported from Sorftime; ASIN B09ZNP2KHB; parent B0CL2HTCWV; brand TOFLEN
category:Cupcake Carriers,B0D3HD33VB,B0D9LRCP8Y,"EUSOAR Disposable Clear Cupcake Containers, 50pcs 3.5 Inch Plastic Individual Cupcake Carrier with Ribbon and Inserts, Single Transparent Cupcake Holder with Lids Storage for Cake Dessert-Gold","['Kitchen & Dining', 'kitchen']",US,23.39,6.55,1.87,7.13,0.15,379.0,288.0,4.5,0.55,10000,1.0,20.0,50,25.0,20,45,75,35,65.0,B,"observed:price,sales,reviews,rating,fba_fee; estimated:search_volume,cpc",estimated_default_costs,Imported from Sorftime; ASIN B0D3HD33VB; parent B0D9LRCP8Y; brand EUSOAR
category:Cupcake Carriers,B0DP488NGV,B0DP8Y88HL,"WIKDAY Plastic Cupcake Containers, 12 Count x 12 Sets | Durable and BPA-Free Cupcake Holder with Lid for Easy Transport Storage, Stackable Cupcake Carriers, Reusable Dessert Boxes","['Kitchen & Dining', 'kitchen']",US,18.99,5.32,1.52,8.21,0.15,377.0,339.0,4.6,0.55,10000,1.0,20.0,50,25.0,20,45,75,35,65.0,B,"observed:price,sales,reviews,rating,fba_fee; estimated:search_volume,cpc",estimated_default_costs,Imported from Sorftime; ASIN B0DP488NGV; parent B0DP8Y88HL; brand WIKDAY
category:Cupcake Carriers,B0FFGNYVP5,B0FFGG9JYQ,"20 Pack 6 - Count Cupcake Containers with Tall Dome Lids | 20 Clear 6-Count PET Cupcake Containers with Tall Dome Lids and 120 Liners, for Home Bakers, Parties, and Small Catering Jobs","['Kitchen & Dining', 'kitchen']",US,15.99,4.48,1.28,7.68,0.15,358.0,30.0,4.6,0.55,10000,1.0,20.0,50,25.0,20,45,75,35,65.0,B,"observed:price,sales,reviews,rating,fba_fee; estimated:search_volume,cpc",estimated_default_costs,Imported from Sorftime; ASIN B0FFGNYVP5; parent B0FFGG9JYQ; brand LOKQING
category:Cupcake Carriers,B0CM6669P7,B0CYGKLB2W,"NPLUX 30 Pack 6 - Count Cupcake Containers with Tall Dome Lids | Clear Plastic Holders, Stackable Boxes, Detachable Closure, BPA Free, Standard Size, Bakery Counters","['Kitchen & Dining', 'kitchen']",US,18.99,5.32,1.52,8.12,0.15,342.0,325.0,4.6,0.55,10000,1.0,20.0,50,25.0,20,45,75,35,65.0,B,"observed:price,sales,reviews,rating,fba_fee; estimated:search_volume,cpc",estimated_default_costs,Imported from Sorftime; ASIN B0CM6669P7; parent B0CYGKLB2W; brand NPLUX
category:Cupcake Carriers,B0F16F8H59,B0HBZXKJ68,"JOEY‘Z EXTRA TALL Cupcake Carrier 24 Count, 24 Cupcake Holder with Lid | Spacious 3.5” Tall Tiers Fit 24 Tall Frosted Cupcakes Won‘t Smush! Cupcakes Containers Muffin Storage Container/Muffin Holder","['Kitchen & Dining', 'kitchen']",US,28.99,8.12,2.32,9.36,0.15,339.0,159.0,4.5,0.55,10000,1.0,20.0,50,25.0,20,20.0,75,35,65.0,B,"observed:price,sales,reviews,rating,fba_fee; estimated:search_volume,cpc",estimated_default_costs,Imported from Sorftime; ASIN B0F16F8H59; parent B0HBZXKJ68; brand JOEY’Z
category:Cupcake Carriers,B0G49Q9B4R,B0G4B8GKK9,"WIKDAY 6 Count Cupcake Containers Boxes with Lids, 40 Pack | Plastic Cupcake Holders, Cupcake Carriers with Liners, Muffin Holders Stackable, For Birthdays, Bake Sales, Family Parties","['Kitchen & Dining', 'kitchen']",US,21.99,6.16,1.76,8.5,0.15,321.0,63.0,4.5,0.55,10000,1.0,20.0,50,25.0,20,65,75,35,65.0,B,"observed:price,sales,reviews,rating,fba_fee; estimated:search_volume,cpc",estimated_default_costs,Imported from Sorftime; ASIN B0G49Q9B4R; parent B0G4B8GKK9; brand WIKDAY
category:Cupcake Carriers,B08ZXHPGS4,B0FT2CP9JF,"TOFLEN Individual Cupcake Containers, 100ct | Clear Plastic Cupcake Holders, Single Cupcake Carrier with Dome Lid, For Dessert To-Go, Muffin, Cheesecake, Pastries","['Kitchen & Dining', 'kitchen']",US,13.99,3.92,1.12,6.78,0.15,317.0,692.0,3.9,0.55,10000,1.0,20.0,50,25.0,20,20.0,75,35,65.0,B,"observed:price,sales,reviews,rating,fba_fee; estimated:search_volume,cpc",estimated_default_costs,Imported from Sorftime; ASIN B08ZXHPGS4; parent B0FT2CP9JF; brand TOFLEN
category:Cupcake Carriers,B0D7BFJWFN,B0G7ZJDGL7,"Zezzxu 100 Pack Individual Cupcake Containers, Clear Plastic Cupcake Holders with Dome Lids, Single Cupcake Carriers for Cupcakes, Hot Cocoa Bombs, Muffins, Pastries","['Kitchen & Dining', 'kitchen']",US,14.97,4.19,1.2,6.59,0.15,294.0,263.0,4.2,0.55,10000,1.0,20.0,50,25.0,20,20.0,75,35,65.0,B,"observed:price,sales,reviews,rating,fba_fee; estimated:search_volume,cpc",estimated_default_costs,Imported from Sorftime; ASIN B0D7BFJWFN; parent B0G7ZJDGL7; brand Zezzxu
category:Cupcake Carriers,B0D5472132,B0F9YFWWF8,"Honeydak 50 Sets Mini Cake Containers with Lids, Favor Boxes Forks,Gold | Clear Packaging Containers for Wedding Party Favors, Dessert Display, Includes Thank You Tags, Eucalyptus Leaves, Twine","['Kitchen & Dining', 'kitchen']",US,22.94,6.42,1.84,6.38,0.15,263.0,121.0,4.6,0.55,10000,1.0,20.0,50,25.0,20,20.0,75,35,65.0,B,"observed:price,sales,reviews,rating,fba_fee; estimated:search_volume,cpc",estimated_default_costs,Imported from Sorftime; ASIN B0D5472132; parent B0F9YFWWF8; brand Honeydak
category:Cupcake Carriers,B08NJWG75C,B08NJWG75C,"Bekith 150 Pack Individual Cupcake Containers, Plastic Cupcake Holder with Lid, Single Cupcake Boxes, Muffin Container for Party, Stackable","['Kitchen & Dining', 'kitchen']",US,20.99,5.88,1.68,8.22,0.15,260.0,624.0,4.4,0.55,10000,1.0,20.0,50,25.0,20,45,75,35,65.0,B,"observed:price,sales,reviews,rating,fba_fee; estimated:search_volume,cpc",estimated_default_costs,Imported from Sorftime; ASIN B08NJWG75C; parent B08NJWG75C; brand Bekith
category:Cupcake Carriers,B0FFBFLHHB,B0G2Y8SNJZ,"24 Count Corrugated Cupcake Box, 8 Pack Cupcake Containers with Windows, Disposable Cupcake Carriers for Muffins, Treats, Pastries, Mother’s Day 19 x 14 x 3.9 Inches (White, 24Count /8Pcs)","['Kitchen & Dining', 'kitchen']",US,35.99,10.08,2.88,14.06,0.15,257.0,54.0,4.2,0.55,10000,1.0,20.0,50,25.0,20,65,75,35,65.0,B,"observed:price,sales,reviews,rating,fba_fee; estimated:search_volume,cpc",estimated_default_costs,Imported from Sorftime; ASIN B0FFBFLHHB; parent B0G2Y8SNJZ; brand CHENZEM
category:Cupcake Carriers,B0GYZDLKVD,B0H5CK7R5V,"Cupcake Carrier 24 Count, Cupcake Holder With Lid And Handles, 2-Layer Cupcakes Storage Containers, Cupcake Transport Container, Cupcake Box With Portable Insulated Bag And 200pcs Cupcake Liners","['Kitchen & Dining', 'kitchen']",US,32.99,9.24,2.64,9.84,0.15,250.0,34.0,4.2,0.55,10000,1.0,20.0,50,25.0,20,45,75,35,65.0,B,"observed:price,sales,reviews,rating,fba_fee; estimated:search_volume,cpc",estimated_default_costs,Imported from Sorftime; ASIN B0GYZDLKVD; parent B0H5CK7R5V; brand FROZLOCK
category:Cupcake Carriers,B0CLD8FYW7,B0CMZZMG9J,Whaline 100 Sets Disposable Individual Charcuterie Cup Clear Plastic Cupcake Container with Mini Wooden Spork Rope for Graduation Dessert Display Charcuterie Grazing Table Catered Wedding (4.3*4.2in),"['Kitchen & Dining', 'kitchen']",US,29.99,8.4,2.4,8.21,0.15,237.0,413.0,4.1,0.55,10000,1.0,20.0,50,25.0,20,45,75,35,65.0,B,"observed:price,sales,reviews,rating,fba_fee; estimated:search_volume,cpc",estimated_default_costs,Imported from Sorftime; ASIN B0CLD8FYW7; parent B0CMZZMG9J; brand Whaline
category:Cupcake Carriers,B0CL4P4WJW,B0CL4LDHX8,"NPLUX 10 Pack 24 Count Cupcake Containers Clear Plastic Stackable Tall Lids | 10 Pack with 240 Liners Holds 240 Cupcakes, Standard Size, Clear Plastic, Easy to Transport, Stackable for Small Parties","['Kitchen & Dining', 'kitchen']",US,21.75,6.09,1.74,9.55,0.15,233.0,259.0,4.1,0.55,10000,1.0,20.0,50,25.0,20,65,75,35,65.0,B,"observed:price,sales,reviews,rating,fba_fee; estimated:search_volume,cpc",estimated_default_costs,Imported from Sorftime; ASIN B0CL4P4WJW; parent B0CL4LDHX8; brand NPLUX
category:Cupcake Carriers,B0D3DB87MF,B0D3F5BKDY,NPLUX 25 Pack 2 - Count Cupcake Containers with Tall Dome Lids,"['Kitchen & Dining', 'kitchen']",US,14.79,4.14,1.18,6.58,0.15,224.0,148.0,4.6,0.55,10000,1.0,20.0,50,25.0,20,20.0,75,35,65.0,B,"observed:price,sales,reviews,rating,fba_fee; estimated:search_volume,cpc",estimated_default_costs,Imported from Sorftime; ASIN B0D3DB87MF; parent B0D3F5BKDY; brand NPLUX
category:Cupcake Carriers,B0DQ5MHPZK,B0F3Y1WJH7,"JCD 3 Pcs Bento Clear Boxes 1 mini Cake and 8 Cupcakes Box Cake Cupcake Combo Box Rectangle Cupcake Holder for Treats, Dessert Boxes, Muffins (1+8/3Pcs)","['Kitchen & Dining', 'kitchen']",US,18.99,5.32,1.52,7.21,0.15,215.0,247.0,4.3,0.55,10000,1.0,20.0,50,25.0,20,20.0,75,35,65.0,B,"observed:price,sales,reviews,rating,fba_fee; estimated:search_volume,cpc",estimated_default_costs,Imported from Sorftime; ASIN B0DQ5MHPZK; parent B0F3Y1WJH7; brand JCD
category:Cupcake Carriers,B0D3G1FPD4,B0D3H66HVB,"NPLUX White Cupcake Carrier Cupcake Holder with Lid, Cake Container","['Kitchen & Dining', 'kitchen']",US,18.99,5.32,1.52,8.03,0.15,214.0,129.0,4.2,0.55,10000,1.0,20.0,50,25.0,20,20.0,75,35,65.0,B,"observed:price,sales,reviews,rating,fba_fee; estimated:search_volume,cpc",estimated_default_costs,Imported from Sorftime; ASIN B0D3G1FPD4; parent B0D3H66HVB; brand NPLUX
category:Cupcake Carriers,B0BWNBYYQ7,B0H4VRB9DL,100 PCS Cupcake Boxes 4 Count Cupcake Containers Brown Kraft Paper Cupcake Boxes Treat Boxes with Insert 4 Cavity for Muffins Cookies Cupcakes Macarons Donuts（6x6x3 Inch）,"['Kitchen & Dining', 'kitchen']",US,35.99,10.08,2.88,9.39,0.15,213.0,84.0,4.4,0.55,10000,1.0,20.0,50,25.0,20,65,75,35,65.0,B,"observed:price,sales,reviews,rating,fba_fee; estimated:search_volume,cpc",estimated_default_costs,Imported from Sorftime; ASIN B0BWNBYYQ7; parent B0H4VRB9DL; brand Oungy
category:Food Dispensers,B0CL37PFJ8,B0CL37PFJ8,"Coffee Bar Accessories,Coffee Syrup Dispenser with Labels for Coffee Bar,Pack of 4,Total 67.6 oz (Gold Pump)","['Kitchen & Dining', 'kitchen']",US,20.67,5.79,1.65,8.65,0.15,2353.0,1582.0,4.2,0.55,10000,1.0,20.0,50,25.0,20,65,75,35,65.0,B,"observed:price,sales,reviews,rating,fba_fee; estimated:search_volume,cpc",estimated_default_costs,Imported from Sorftime; ASIN B0CL37PFJ8; parent B0CL37PFJ8; brand MHDCLY
category:Food Dispensers,B0DDBJCVXB,B0GMNXZ2CX,"BathAce Coffee Syrup Dispenser for Coffee Bar, Clear Glass Syrup Bottles with Pump, Refillable Maple Syrup Storage, Coffee Station Accessories and Organizer, 500ml, Set of 2 (Chrome Finish)","['Kitchen & Dining', 'kitchen']",US,14.99,4.2,1.2,7.18,0.15,832.0,186.0,4.4,0.55,10000,1.0,20.0,50,25.0,20,65,75,35,65.0,B,"observed:price,sales,reviews,rating,fba_fee; estimated:search_volume,cpc",estimated_default_costs,Imported from Sorftime; ASIN B0DDBJCVXB; parent B0GMNXZ2CX; brand BathAce
category:Food Dispensers,B0C1ZFBZ3T,B0DZXNMCFW,"GMISUN Coffee Syrup Dispenser, 16.9 fl oz Syrup Pump Dispenser for Coffee Bar Accessories, Square Glass Syrup Bottle for Coffee Bar Essentials, Simple Maple Syrup Bottles with ¼oz Large Capacity Pump","['Kitchen & Dining', 'kitchen']",US,15.99,4.48,1.28,6.37,0.15,679.0,385.0,4.3,0.55,10000,1.0,20.0,50,25.0,20,65,75,35,65.0,B,"observed:price,sales,reviews,rating,fba_fee; estimated:search_volume,cpc",estimated_default_costs,Imported from Sorftime; ASIN B0C1ZFBZ3T; parent B0DZXNMCFW; brand gmisun
category:Food Dispensers,B0BGRWHLK5,B0D5QXJ1J6,"MR.SIGA Airtight Cereal Dispenser Set, Storage Containers for Dry Goods | BPA Free clear plastic storage containers for pantry, great for nuts beans, snacks, medium, 1.6 L (1.69 Qt), 2 pack","['Kitchen & Dining', 'kitchen']",US,27.99,7.84,2.24,7.73,0.15,619.0,677.0,4.3,0.55,10000,1.0,20.0,50,25.0,20,20.0,75,35,65.0,B,"observed:price,sales,reviews,rating,fba_fee; estimated:search_volume,cpc",estimated_default_costs,Imported from Sorftime; ASIN B0BGRWHLK5; parent B0D5QXJ1J6; brand MR.SIGA
category:Food Dispensers,B0BHPQJV1P,B0BT86JMJ5,Cereal Dispenser Countertop 2 Pack 5.5 Qt Large Cereal Storage Container,"['Kitchen & Dining', 'kitchen']",US,36.99,10.36,2.96,10.03,0.15,588.0,631.0,4.2,0.55,10000,1.0,20.0,50,25.0,20,65,75,35,65.0,B,"observed:price,sales,reviews,rating,fba_fee; estimated:search_volume,cpc",estimated_default_costs,Imported from Sorftime; ASIN B0BHPQJV1P; parent B0BT86JMJ5; brand Mivvosakuki
category:Food Dispensers,B0BZH2WV1J,B0BZGPSWJL,Shining Craft Syrup Dispenser Bottles Set 3 Packs 5 OZ Simple Small Syrup Bottles Set with Upgrade Metal Pour Spout SC057 (3 Pack),"['Kitchen & Dining', 'kitchen']",US,14.98,4.19,1.2,5.92,0.15,564.0,334.0,4.5,0.55,10000,1.0,20.0,50,25.0,20,20.0,75,35,65.0,B,"observed:price,sales,reviews,rating,fba_fee; estimated:search_volume,cpc",estimated_default_costs,Imported from Sorftime; ASIN B0BZH2WV1J; parent B0BZGPSWJL; brand Shining Craft
category:Food Dispensers,B0CL37GYQN,B0GYYJCSP8,"Coffee Bar Accessories,MHDCLY Coffee Syrup Dispenser - 4pack,16.9oz Syrup Dispenser with Labels ，Syrup Pump Dispenser for Coffee Bar(Black Pump)","['Kitchen & Dining', 'kitchen']",US,24.97,6.99,2.0,8.5,0.15,537.0,276.0,4.5,0.55,10000,1.0,20.0,50,25.0,20,65,75,35,65.0,B,"observed:price,sales,reviews,rating,fba_fee; estimated:search_volume,cpc",estimated_default_costs,Imported from Sorftime; ASIN B0CL37GYQN; parent B0GYYJCSP8; brand MHDCLY
category:Food Dispensers,B0D2XNMFCR,B0DTTP8SLP,"Coffee Syrup Dispenser-4pack,16.9 oz 500ml,Coffee Bar Accessories,Syrup Pump Dispenser for Coffee Bar,Contains Cleaning Tools, Funnel","['Kitchen & Dining', 'kitchen']",US,21.39,5.99,1.71,8.3,0.15,517.0,414.0,4.6,0.55,10000,1.0,20.0,50,25.0,20,65,75,35,65.0,B,"observed:price,sales,reviews,rating,fba_fee; estimated:search_volume,cpc",estimated_default_costs,Imported from Sorftime; ASIN B0D2XNMFCR; parent B0DTTP8SLP; brand CNWSGEM
category:Food Dispensers,B0D1C5V3JK,B0GSZK2YWB,"Euiaey Coffee Syrup Dispenser for Coffee Bar, Glass Syrup Bottle with 1/4 oz Large Capacity Pump, Syrup Pump Dispenser with Pump for Coffee Station, Black with Tray,16.9oz, Set of 4","['Kitchen & Dining', 'kitchen']",US,29.44,8.24,2.36,8.61,0.15,451.0,114.0,4.6,0.55,10000,1.0,20.0,50,25.0,20,65,75,35,65.0,B,"observed:price,sales,reviews,rating,fba_fee; estimated:search_volume,cpc",estimated_default_costs,Imported from Sorftime; ASIN B0D1C5V3JK; parent B0GSZK2YWB; brand Euiaey
category:Food Dispensers,B0G96HZ25P,B0GK213YMG,Dovipira 2 Pack Large Magnetic Plastic Wrap and Foil Dispenser with Cutter,"['Kitchen & Dining', 'kitchen']",US,39.99,11.2,3.2,7.83,0.15,411.0,88.0,4.2,0.55,10000,1.0,20.0,50,25.0,20,45,75,35,65.0,B,"observed:price,sales,reviews,rating,fba_fee; estimated:search_volume,cpc",estimated_default_costs,Imported from Sorftime; ASIN B0G96HZ25P; parent B0GK213YMG; brand Dovipira
category:Food Dispensers,B0GS8BLXCK,B0H4KFJC5K,"16.9 fl oz/500ml Coffee Syrup Dispenser Set, Coffee Bar Accessories, 4 Glass Bottles with Silver Pumper and Syrup Labels,Syrup Dispenser for Coffee Bar with Spoons,4 Pack","['Kitchen & Dining', 'kitchen']",US,25.99,7.28,2.08,8.37,0.15,394.0,95.0,4.5,0.55,10000,1.0,20.0,50,25.0,20,65,75,35,65.0,B,"observed:price,sales,reviews,rating,fba_fee; estimated:search_volume,cpc",estimated_default_costs,Imported from Sorftime; ASIN B0GS8BLXCK; parent B0H4KFJC5K; brand ALPIRIRAL
category:Food Dispensers,B00JCYOGAK,B0FD8XQ283,"Winco PSUD-48 , Medium, White, Clear, 48 OZ, 1 Count (Pack of 1)","['Kitchen & Dining', 'kitchen']",US,15.21,4.26,1.22,6.37,0.15,375.0,584.0,4.3,0.55,10000,1.0,20.0,50,25.0,20,20.0,75,35,65.0,B,"observed:price,sales,reviews,rating,fba_fee; estimated:search_volume,cpc",estimated_default_costs,Imported from Sorftime; ASIN B00JCYOGAK; parent B0FD8XQ283; brand Winco
category:Food Dispensers,B0G6GK5349,B0D137R24C,"Eye Candy Frame, Candy Dispenser, Gumball Machine in a Frame, For Candies, Nuts, Dog & Cat Treats, Hang on Wall, Stand on Table, Birthday & Holiday Gift for All Ages, Large 15“ x 12“ (Green)","['Kitchen & Dining', 'kitchen']",US,39.95,11.19,3.2,7.93,0.15,371.0,285.0,4.5,0.55,10000,1.0,20.0,50,25.0,20,45,75,35,65.0,B,"observed:price,sales,reviews,rating,fba_fee; estimated:search_volume,cpc",estimated_default_costs,Imported from Sorftime; ASIN B0G6GK5349; parent B0D137R24C; brand Eye Candy Frame
category:Food Dispensers,B0BTDKH44F,B0BTDKH44F,"INFTYLE Coffee Syrup Dispenser Bottles Set 6 Pack 7 OZ, Simple Small Glass Syrup Bottles for Coffee Bar with Metal Pour Spout Ideal for Coffee Syrups, Honey","['Kitchen & Dining', 'kitchen']",US,22.99,6.44,1.84,7.97,0.15,368.0,291.0,4.5,0.55,10000,1.0,20.0,50,25.0,20,45,75,35,65.0,B,"observed:price,sales,reviews,rating,fba_fee; estimated:search_volume,cpc",estimated_default_costs,Imported from Sorftime; ASIN B0BTDKH44F; parent B0BTDKH44F; brand INFTYLE
category:Food Dispensers,B0H1F1XBPQ,B0H7T45NRS,"Glass Coffee Syrup Dispensers with Pumps, Syrup Bottles with Label Set - Essential Coffee Bar Accessories, 11.8 oz/350ml, Set of 4","['Kitchen & Dining', 'kitchen']",US,37.95,10.63,3.04,8.31,0.15,364.0,108.0,4.2,0.55,10000,1.0,20.0,50,25.0,20,65,75,35,65.0,B,"observed:price,sales,reviews,rating,fba_fee; estimated:search_volume,cpc",estimated_default_costs,Imported from Sorftime; ASIN B0H1F1XBPQ; parent B0H7T45NRS; brand APT 1101
category:Food Dispensers,B09TP31155,B0BTP2Y28S,"INFTYLE Syrup Bottle Set of 3 - Syrup Dispenser with Leak-Proof Lids Pour Spout Ideal for Coffee Syrups,Honey,Condiments,Olive Oil","['Kitchen & Dining', 'kitchen']",US,13.49,3.78,1.08,7.26,0.15,357.0,463.0,4.6,0.55,10000,1.0,20.0,50,25.0,20,20.0,75,35,65.0,B,"observed:price,sales,reviews,rating,fba_fee; estimated:search_volume,cpc",estimated_default_costs,Imported from Sorftime; ASIN B09TP31155; parent B0BTP2Y28S; brand INFTYLE
category:Food Dispensers,B0055OWLFI,B0BS9WS8WS,"Great Northern Popcorn Gumball Machine with Coin Bank, Red, 15“","['Kitchen & Dining', 'kitchen']",US,30.24,8.47,2.42,15.35,0.15,348.0,975.0,4.6,0.55,10000,1.0,20.0,50,25.0,20,65,75,35,65.0,B,"observed:price,sales,reviews,rating,fba_fee; estimated:search_volume,cpc",estimated_default_costs,Imported from Sorftime; ASIN B0055OWLFI; parent B0BS9WS8WS; brand Great Northern
category:Food Dispensers,B0BTNRV521,B0CTCJMV11,"YOBRO Candy Dispenser, Cute Vending Machine for Desktop, Manual Candy Machine, Dispense Mini Candies, Birthday&Christmas Gift for Girls, Gift for Friends Girlfriends (Black)","['Kitchen & Dining', 'kitchen']",US,21.99,6.16,1.76,5.37,0.15,345.0,589.0,4.1,0.55,10000,1.0,70,50,25.0,20,20.0,75,35,65.0,B,"observed:price,sales,reviews,rating,fba_fee; estimated:search_volume,cpc",estimated_default_costs,Imported from Sorftime; ASIN B0BTNRV521; parent B0CTCJMV11; brand YOBRO
category:Food Dispensers,B0FNML674Z,B0FNMKFQJ7,"Fukaisu Candy Dispenser Picture Frame, Wall Mount Gumball Machine (Pink) | Creative Handy Candy Dispenser for Desk Countertop Adults & Children Room Sweet Display","['Kitchen & Dining', 'kitchen']",US,22.99,6.44,1.84,5.94,0.15,337.0,49.0,3.6,0.55,10000,1.0,20.0,50,25.0,20,20.0,75,35,65.0,B,"observed:price,sales,reviews,rating,fba_fee; estimated:search_volume,cpc",estimated_default_costs,Imported from Sorftime; ASIN B0FNML674Z; parent B0FNMKFQJ7; brand Fukaisu
category:Food Dispensers,B07GF9Z1RD,B09STLXTCY,"Belinlen 10 Pack 8 oz Plastic Squeeze Bottles with Red Tip Caps | Condiment Squeeze Bottles - Multipurpose for Sauce, Oil, Icing, Crafts, Art","['Kitchen & Dining', 'kitchen']",US,13.99,3.92,1.12,6.38,0.15,337.0,1077.0,4.6,0.55,10000,1.0,20.0,50,25.0,20,20.0,75,35,65.0,B,"observed:price,sales,reviews,rating,fba_fee; estimated:search_volume,cpc",estimated_default_costs,Imported from Sorftime; ASIN B07GF9Z1RD; parent B09STLXTCY; brand Belinlen
category:Food Dispensers,B0FX94CFBN,B0FX9B25BL,"Candy Dispenser Picture Hanging Frame - Gumball Machine in a Frame, Wall Candy Dispenser Perfect for Candies & Nuts, Birthday Christmas Gift for All Ages, Large 12“ x 8“ (Yellow)","['Kitchen & Dining', 'kitchen']",US,16.01,4.48,1.28,5.94,0.15,325.0,94.0,4.1,0.55,10000,1.0,70,50,25.0,20,20.0,75,35,65.0,B,"observed:price,sales,reviews,rating,fba_fee; estimated:search_volume,cpc",estimated_default_costs,Imported from Sorftime; ASIN B0FX94CFBN; parent B0FX9B25BL; brand HOOMESUN
category:Food Dispensers,B00005KJWY,B00005KJWY,"Aroma Housewares 27lbs Large Rice Dispenser, 7.25 x 16.5 x 16.5 inches, White","['Kitchen & Dining', 'kitchen']",US,46.99,13.16,3.76,18.77,0.15,300.0,2222.0,4.6,0.55,10000,1.0,20.0,50,25.0,20,65,75,35,65.0,B,"observed:price,sales,reviews,rating,fba_fee; estimated:search_volume,cpc",estimated_default_costs,Imported from Sorftime; ASIN B00005KJWY; parent B00005KJWY; brand AROMA
category:Food Dispensers,B0DDDD7WD1,B0F8XDPCB1,"Inevibe Bulk Candy Dispenser with Two Lids for Desk, Office, Buffet (1) | Acrylic Storage Holder Container to Store Chocolate, Treats, Sweets, and Snacks for Countertop or Wall Mount Use","['Kitchen & Dining', 'kitchen']",US,23.75,6.65,1.9,6.78,0.15,296.0,79.0,4.5,0.55,10000,1.0,20.0,50,25.0,20,20.0,75,35,65.0,B,"observed:price,sales,reviews,rating,fba_fee; estimated:search_volume,cpc",estimated_default_costs,Imported from Sorftime; ASIN B0DDDD7WD1; parent B0F8XDPCB1; brand Inevibe
category:Food Dispensers,B0GFW9LGSD,B0GVMQFG4D,"Adorabby Cereal Dispenser Countertop 2 Pack, Double 3L Airtight","['Kitchen & Dining', 'kitchen']",US,39.99,11.2,3.2,9.17,0.15,287.0,58.0,4.2,0.55,10000,1.0,20.0,50,25.0,20,45,75,35,65.0,B,"observed:price,sales,reviews,rating,fba_fee; estimated:search_volume,cpc",estimated_default_costs,Imported from Sorftime; ASIN B0GFW9LGSD; parent B0GVMQFG4D; brand Adorabby
category:Food Dispensers,B0DG5YNPML,B0HCP1FM63,"Starfrit Dripless Syrup Dispenser, 600ml, Silicone Seal, Dishwasher Safe | Drip-free pouring. Fits maple syrup cans. Silicone seal. Easy open tab. Dishwasher safe.","['Kitchen & Dining', 'kitchen']",US,13.56,3.8,1.08,6.37,0.15,263.0,486.0,4.5,0.55,10000,1.0,20.0,50,25.0,20,20.0,75,35,65.0,B,"observed:price,sales,reviews,rating,fba_fee; estimated:search_volume,cpc",estimated_default_costs,Imported from Sorftime; ASIN B0DG5YNPML; parent B0HCP1FM63; brand Starfrit
category:Food Dispensers,B0D2N5J8V1,B0HDVTVF8R,"4PCS Coffee Syrup Dispenser, Glass Syrup Dispenser for Coffee Bar w. Labels and Pump, 16.9 oz 500ml Syrup Pump Dispenser, Coffee Bar Accessories Simple Syrup Bottle w. Pump, Ideal Gift","['Kitchen & Dining', 'kitchen']",US,26.99,7.56,2.16,8.49,0.15,256.0,129.0,4.5,0.55,10000,1.0,20.0,50,25.0,20,65,75,35,65.0,B,"observed:price,sales,reviews,rating,fba_fee; estimated:search_volume,cpc",estimated_default_costs,Imported from Sorftime; ASIN B0D2N5J8V1; parent B0HDVTVF8R; brand GYOSUGANG
category:Food Dispensers,B0F4XQW4VL,B0G2YLGQMT,"ALPIRIRAL Syrup Dispenser for Coffee Bar, Glass Syrup Dispenser with Pump, 16.9 fl oz Honey Bottles, Labels, Spoons, Coffee Art Pen, 3 Pack","['Kitchen & Dining', 'kitchen']",US,26.99,7.56,2.16,8.21,0.15,247.0,141.0,4.6,0.55,10000,1.0,20.0,50,25.0,20,45,75,35,65.0,B,"observed:price,sales,reviews,rating,fba_fee; estimated:search_volume,cpc",estimated_default_costs,Imported from Sorftime; ASIN B0F4XQW4VL; parent B0G2YLGQMT; brand ALPIRIRAL
category:Food Dispensers,B09XHFQD7Q,B09XHFQD7Q,"J&M Design Glass Syrup Dispenser Bottle for Maple Syrup, Sugar Dispenser Jar W/Handle Shaker For Pancakes, Coffee, Cereal Bowl, Tea Pour Spout Lid Easy Spoon Measure 7.5oz Container Holder","['Kitchen & Dining', 'kitchen']",US,12.99,3.64,1.04,4.48,0.15,244.0,615.0,3.7,0.55,10000,1.0,20.0,50,25.0,20,20.0,75,35,65.0,B,"observed:price,sales,reviews,rating,fba_fee; estimated:search_volume,cpc",estimated_default_costs,Imported from Sorftime; ASIN B09XHFQD7Q; parent B09XHFQD7Q; brand J&M DESIGN
category:Food Dispensers,B0C5K8XHWY,B0CLYLZX59,"Olde Midway 12“ Gumball Machine with Glass Globe and Metal Base - Pink, Vintage-Style Bubble Gum Candy Dispenser","['Kitchen & Dining', 'kitchen']",US,36.99,10.36,2.96,8.12,0.15,237.0,391.0,4.6,0.55,10000,1.0,20.0,50,25.0,20,45,75,35,65.0,B,"observed:price,sales,reviews,rating,fba_fee; estimated:search_volume,cpc",estimated_default_costs,Imported from Sorftime; ASIN B0C5K8XHWY; parent B0CLYLZX59; brand OLDE MIDWAY
category:Food Jars & Canisters,B0DXKW45Y3,B0FZ9XL7KD,"SHOWIN Overnight Oats Containers with Lids, 16oz Glass Jars with Lids 4 pcs, Candy, Wide Mouth Mason jars for Salad, Yogurt, Snacks, Meal Prep","['Kitchen & Dining', 'kitchen']",US,16.99,4.76,1.36,7.19,0.15,4597.0,338.0,4.6,0.55,10000,1.0,20.0,50,25.0,20,45,75,35,65.0,B,"observed:price,sales,reviews,rating,fba_fee; estimated:search_volume,cpc",estimated_default_costs,Imported from Sorftime; ASIN B0DXKW45Y3; parent B0FZ9XL7KD; brand SHOWIN
category:Food Jars & Canisters,B0DMP7H3Q9,B0DRG3K2Q9,"10 oz Overnight Oats Containers with Bamboo Lids, Glass Mason Jars 4 Pack | Airtight Seal Keeps Leakproof, Wide Mouth for Easy Filling & Cleaning, Ideal for Chia Pudding, Yogurt Parfaits & Meal Prep","['Kitchen & Dining', 'kitchen']",US,19.99,5.6,1.6,7.73,0.15,4299.0,1215.0,4.6,0.55,10000,1.0,20.0,50,25.0,20,45,75,35,65.0,B,"observed:price,sales,reviews,rating,fba_fee; estimated:search_volume,cpc",estimated_default_costs,Imported from Sorftime; ASIN B0DMP7H3Q9; parent B0DRG3K2Q9; brand HomArtist
category:Food Jars & Canisters,B0FCM2MT4V,B0H3V1HW82,Overnight Oats Containers with Lids and Spoons - 4 Pack 16 oz Glass Mason Jars with Separate Compartments Airtight Overnight Oat Jars Leakproof Yogurt Parfait Cup for Oatmeal Chia Pudding Cereal Salad,"['Kitchen & Dining', 'kitchen']",US,18.39,5.15,1.47,7.92,0.15,3878.0,416.0,4.6,0.55,10000,1.0,20.0,50,25.0,20,45,75,35,65.0,B,"observed:price,sales,reviews,rating,fba_fee; estimated:search_volume,cpc",estimated_default_costs,Imported from Sorftime; ASIN B0FCM2MT4V; parent B0H3V1HW82; brand Torchero
category:Food Jars & Canisters,B0FNN4WLKJ,B0H2VWSWGW,"Vtopmart 6 Pack 16oz Glass Overnight Oats Containers with Bamboo Lids | Airtight Lid, Leak Proof, Good Grade, Wide Mouth, Reusable, Portable, For Yogurt Chia Pudding Salad Pickling Snacks Meal prep","['Kitchen & Dining', 'kitchen']",US,21.49,6.02,1.72,8.02,0.15,3837.0,224.0,4.4,0.55,10000,1.0,20.0,50,25.0,20,45,75,35,65.0,B,"observed:price,sales,reviews,rating,fba_fee; estimated:search_volume,cpc",estimated_default_costs,Imported from Sorftime; ASIN B0FNN4WLKJ; parent B0H2VWSWGW; brand Vtopmart
category:Food Jars & Canisters,B0G8VDQQP4,B0G8VDQQP4,"4 Pack 20 oz Overnight Oats Containers with Lids and Spoons, Glass | 16+4 oz Dual-Layer Glass Jars Dry and Wet Separation, Leak Proof, Good Grade, Reusable, Portable,For Oatmeal Salad Yogurt","['Kitchen & Dining', 'kitchen']",US,26.99,7.56,2.16,4.39,0.15,3435.0,351.0,4.6,0.55,10000,1.0,20.0,50,25.0,20,45,75,35,65.0,B,"observed:price,sales,reviews,rating,fba_fee; estimated:search_volume,cpc",estimated_default_costs,Imported from Sorftime; ASIN B0G8VDQQP4; parent B0G8VDQQP4; brand Fcotsm
category:Food Jars & Canisters,B0DYGB5Z42,B0GF45LT6K,"Brod & Taylor Sourdough Starter Jar (32oz) 100% Dishwasher Safe, Measurement Markings, Height Marker & Loose-Fitting Lid That Prevents Pressure Buildup (Durable Glass Jar, BPA-Free)","['Kitchen & Dining', 'kitchen']",US,24.95,6.99,2.0,5.35,0.15,3001.0,522.0,4.6,0.55,10000,1.0,20.0,50,25.0,20,20.0,75,35,65.0,B,"observed:price,sales,reviews,rating,fba_fee; estimated:search_volume,cpc",estimated_default_costs,Imported from Sorftime; ASIN B0DYGB5Z42; parent B0GF45LT6K; brand Brod & Taylor
category:Food Jars & Canisters,B0DYD4K1M1,B0DNHBXYB3,"ComSaf 8+4Oz 4Pcs Overnight Oats Containers with Lids, Small Dual-Layer Jar | Glass Cups, Dry Wet Separation, Yogurt Parfait Cereal Nut Fruit Chia Pudding Salad Snack Oatmeal, Meal Prep, Fridge Storage","['Kitchen & Dining', 'kitchen']",US,19.99,5.6,1.6,7.72,0.15,2508.0,1755.0,4.4,0.55,10000,1.0,20.0,50,25.0,20,45,75,35,65.0,B,"observed:price,sales,reviews,rating,fba_fee; estimated:search_volume,cpc",estimated_default_costs,Imported from Sorftime; ASIN B0DYD4K1M1; parent B0DNHBXYB3; brand ComSaf
category:Food Jars & Canisters,B0CWGDMS7W,B0CW98JWF5,"MOLADRI 28 fl oz/850 ml Clear Glass Storage Canister with Airtight Wooden Screw Lid, Medium Cute Decorative Glass Container Jar for Coffee,Candy,Salt,Cookie,Condiment,Pepper,Sugar,Overnight Oatmeal","['Kitchen & Dining', 'kitchen']",US,15.99,4.48,1.28,4.9,0.15,2089.0,290.0,4.2,0.55,10000,1.0,20.0,50,25.0,20,20.0,75,35,65.0,B,"observed:price,sales,reviews,rating,fba_fee; estimated:search_volume,cpc",estimated_default_costs,Imported from Sorftime; ASIN B0CWGDMS7W; parent B0CW98JWF5; brand MOLADRI
category:Food Jars & Canisters,B0FSRPZVZJ,B0H42VD3NF,"Overnight Oats Containers with Lids - Glass Mason Jars, Meal Prep","['Kitchen & Dining', 'kitchen']",US,23.7,6.64,1.9,7.73,0.15,2075.0,116.0,4.5,0.55,10000,1.0,20.0,50,25.0,20,45,75,35,65.0,B,"observed:price,sales,reviews,rating,fba_fee; estimated:search_volume,cpc",estimated_default_costs,Imported from Sorftime; ASIN B0FSRPZVZJ; parent B0H42VD3NF; brand EDELHAUS
category:Food Jars & Canisters,B0CMST7J9R,B0CMST7J9R,"MHDCLY Overnight Oats Containers with Lids,16oz Overnight Oats Jars 4 Pack, Oatmeal Cups,Meal Prep Containers,Glass Meal Prep Containers with Lids,China Pudding Jars","['Kitchen & Dining', 'kitchen']",US,16.99,4.76,1.36,7.21,0.15,1946.0,1443.0,4.4,0.55,10000,1.0,20.0,50,25.0,20,45,75,35,65.0,B,"observed:price,sales,reviews,rating,fba_fee; estimated:search_volume,cpc",estimated_default_costs,Imported from Sorftime; ASIN B0CMST7J9R; parent B0CMST7J9R; brand MHDCLY
category:Food Jars & Canisters,B0GCJ7YDTJ,B0GCJD43SW,"Danmu 16 oz Overnight Oats Containers with Lids,Glass Jars with Lids 4 Pack","['Kitchen & Dining', 'kitchen']",US,18.99,5.32,1.52,8.12,0.15,1875.0,124.0,4.6,0.55,10000,1.0,20.0,50,25.0,20,45,75,35,65.0,B,"observed:price,sales,reviews,rating,fba_fee; estimated:search_volume,cpc",estimated_default_costs,Imported from Sorftime; ASIN B0GCJ7YDTJ; parent B0GCJD43SW; brand Danmu
category:Food Jars & Canisters,B0C1JN3BLD,B0C1JN3BLD,"16 Oz Glass Overnight Oats Containers with Lids and Spoon Chia Pudding Jars | 4 Pack Mason Jars, Leak-proof and Portable, Wide-mouth Design for Storage & Meal Prep Yogurt, Cereals, Fruit, Snack, Sugar","['Kitchen & Dining', 'kitchen']",US,14.99,4.2,1.2,7.5,0.15,1780.0,2279.0,4.6,0.55,10000,1.0,20.0,50,25.0,20,45,75,35,65.0,B,"observed:price,sales,reviews,rating,fba_fee; estimated:search_volume,cpc",estimated_default_costs,Imported from Sorftime; ASIN B0C1JN3BLD; parent B0C1JN3BLD; brand DRKIO
category:Food Jars & Canisters,B0F4DJP16Q,B0FGY4VFJ1,"COYACOOL Overnight Oats Containers with Lids, 16oz Wide Mouth Mason Jars with Lids, 9 Pack Glass Jars with Airtight lid for Chia Pudding Yogurt Salad, Meal Prer Oatmeal Jars","['Kitchen & Dining', 'kitchen']",US,21.99,6.16,1.76,8.86,0.15,1682.0,174.0,4.4,0.55,10000,1.0,20.0,50,25.0,20,65,75,35,65.0,B,"observed:price,sales,reviews,rating,fba_fee; estimated:search_volume,cpc",estimated_default_costs,Imported from Sorftime; ASIN B0F4DJP16Q; parent B0FGY4VFJ1; brand COYACOOL
category:Food Jars & Canisters,B0C3G9MBCZ,B0DQL1N8R7,"piconesper 2PCS Small Glass Storage Jars with Airtight Lids, 17 fl oz (500ml) coffee container with Wooden Lid, Glass Pantry Canister for Beans, Rice, Sugar and etc","['Kitchen & Dining', 'kitchen']",US,17.47,4.89,1.4,5.37,0.15,1518.0,499.0,4.6,0.55,10000,1.0,20.0,50,25.0,20,20.0,75,35,65.0,B,"observed:price,sales,reviews,rating,fba_fee; estimated:search_volume,cpc",estimated_default_costs,Imported from Sorftime; ASIN B0C3G9MBCZ; parent B0DQL1N8R7; brand piconesper
category:Food Jars & Canisters,B07PP3G7LL,B0HC3P2LH4,"Reluen Large Seasoning Shaker Set of 2, 32 Oz Airtight Wide Mouth, Dual Lid | Seasoning Containers & Spice Shaker Jars for Salt, Sugar, Pepper, Spices, NOT Dishwasher Safe, Easy to Refill, Odor-Resistant","['Kitchen & Dining', 'kitchen']",US,13.99,3.92,1.12,5.94,0.15,1491.0,2050.0,4.6,0.55,10000,1.0,20.0,50,25.0,20,20.0,75,35,65.0,B,"observed:price,sales,reviews,rating,fba_fee; estimated:search_volume,cpc",estimated_default_costs,Imported from Sorftime; ASIN B07PP3G7LL; parent B0HC3P2LH4; brand Reluen
category:Food Jars & Canisters,B0GCDBD7TT,B0GGQW3FY7,"Small Glass Containers with Airtight Lids 4 oz 6 Pack Mini Jam Jars | Small Size, Labels Included, Jam Jelly Honey Jar, Wedding Favors,Handmade Candles,Diy Crafting,Leak Proof,BPA-Free","['Kitchen & Dining', 'kitchen']",US,22.49,6.3,1.8,8.07,0.15,1487.0,139.0,4.5,0.55,10000,1.0,20.0,50,25.0,20,45,75,35,65.0,B,"observed:price,sales,reviews,rating,fba_fee; estimated:search_volume,cpc",estimated_default_costs,Imported from Sorftime; ASIN B0GCDBD7TT; parent B0GGQW3FY7; brand KTMAMA
category:Hanging Baskets,B0F6LFRDHQ,B0G43V49GB,"Degeyoyo Hanging Basket, 3-Tier Woven Wall Basket with 4 Hooks, Cotton Rope Storage Baskets, Over the Door Organizer for Nursery, Bedroom, Cottage and Boho Wall Decor","['Kitchen & Dining', 'kitchen']",US,24.99,7.0,2.0,7.82,0.15,898.0,136.0,4.4,0.55,10000,1.0,20.0,50,25.0,20,45,75,35,65.0,B,"observed:price,sales,reviews,rating,fba_fee; estimated:search_volume,cpc",estimated_default_costs,Imported from Sorftime; ASIN B0F6LFRDHQ; parent B0G43V49GB; brand Degeyoyo
category:Hanging Baskets,B09LV7CCP9,B0CR9LTSZJ,"Doitxue 3PCS Plastic Hanging Baskets for Shower, Hanging Basket Organizer with Hooks, Rectangle 10.6Inches Small Hanging Storage Basket (Grey)","['Kitchen & Dining', 'kitchen']",US,17.99,5.04,1.44,8.3,0.15,410.0,429.0,4.3,0.55,10000,1.0,20.0,50,25.0,20,20.0,75,35,65.0,B,"observed:price,sales,reviews,rating,fba_fee; estimated:search_volume,cpc",estimated_default_costs,Imported from Sorftime; ASIN B09LV7CCP9; parent B0CR9LTSZJ; brand Doitxue
category:Hanging Baskets,B0GVNGPW41,B0H6B9X9BD,"Water Hyacinth Pantry Baskets Set of 6, 12.5 x 9.5 x 6in Wicker Storage Baskets for Shelves, Pantry Baskets Organization, Bathroom Shelves Storage Basket","['Kitchen & Dining', 'kitchen']",US,19.99,5.6,1.6,3.6,0.15,401.0,29.0,4.4,0.55,10000,1.0,20.0,50,25.0,20,65,50,20,42.5,C,"observed:sales,reviews,rating; estimated:price,fba_fee,search_volume,cpc",estimated_default_costs,Imported from Sorftime; ASIN B0GVNGPW41; parent B0H6B9X9BD; brand DINGTAI
category:Hanging Baskets,B0998CW64B,B0998CW64B,X-cosrack 3 Tier Large Stackable Snack Organizer - Versatile Wall Mounted Wire Storage Basket with Divider for Candy Chip Cans Bars - Ideal for Pantry Office Home,"['Kitchen & Dining', 'kitchen']",US,28.21,7.9,2.26,8.92,0.15,393.0,405.0,4.6,0.55,10000,1.0,20.0,50,25.0,20,65,75,35,65.0,B,"observed:price,sales,reviews,rating,fba_fee; estimated:search_volume,cpc",estimated_default_costs,Imported from Sorftime; ASIN B0998CW64B; parent B0998CW64B; brand X-cosrack
category:Hanging Baskets,B07Y7SMDWN,B0H9KR5HLQ,hanging wicker basket Hand-Woven Wood Storage Basket Portable Wall Hanging Flower Basket Organizer Fruit Vegetable Rattan Box Home Decoration Height 6.1in,"['Kitchen & Dining', 'kitchen']",US,12.8,3.58,1.02,5.36,0.15,382.0,869.0,4.1,0.55,10000,1.0,20.0,50,25.0,20,20.0,75,35,65.0,B,"observed:price,sales,reviews,rating,fba_fee; estimated:search_volume,cpc",estimated_default_costs,Imported from Sorftime; ASIN B07Y7SMDWN; parent B0H9KR5HLQ; brand Koolouispoper
category:Hanging Baskets,B0CG6R2L3B,B0CHXZVF2Y,"Homics Chest Freezer Organizer Bins 16.5in Metal Wire Baskets | Deep Freezer Storage Baskets with Hanging Handles for Bottom Freezer, Set of 2","['Kitchen & Dining', 'kitchen']",US,32.99,9.24,2.64,9.55,0.15,313.0,277.0,4.6,0.55,10000,1.0,20.0,50,25.0,20,20.0,75,35,65.0,B,"observed:price,sales,reviews,rating,fba_fee; estimated:search_volume,cpc",estimated_default_costs,Imported from Sorftime; ASIN B0CG6R2L3B; parent B0CHXZVF2Y; brand Homics
category:Hanging Baskets,B0D41ZYL8D,B0D3143WSS,11 Pcs Boho Hanging Wall Basket Decor Handmade Woven Basket Wall Decorative Boho Wicker Baskets Placemats Round Farmhouse Bulrush Art for Rustic Home Decorations Christmas Gift(Stylish),"['Kitchen & Dining', 'kitchen']",US,58.99,16.52,4.72,8.59,0.15,311.0,325.0,4.6,0.55,10000,1.0,70,50,25.0,20,45,75,35,65.0,B,"observed:price,sales,reviews,rating,fba_fee; estimated:search_volume,cpc",estimated_default_costs,Imported from Sorftime; ASIN B0D41ZYL8D; parent B0D3143WSS; brand Xuhal
category:Hanging Baskets,B0FJLRZQWM,B0GYT5VWL2,"Cotton Hanging Fruit Basket,3 Tier Woven wall Basket, hanging Storage baskets for Kicthen and Bathroom, Macrame wall hanging, Boho Decor Over The Door Decor Organizer, White (Brown)","['Kitchen & Dining', 'kitchen']",US,33.99,9.52,2.72,6.59,0.15,274.0,93.0,4.5,0.55,10000,1.0,20.0,50,25.0,20,20.0,75,35,65.0,B,"observed:price,sales,reviews,rating,fba_fee; estimated:search_volume,cpc",estimated_default_costs,Imported from Sorftime; ASIN B0FJLRZQWM; parent B0GYT5VWL2; brand JMZ E Home
category:Hanging Baskets,B0CZ3VKN4J,B0CZ3YCYP7,"AARAINBOW Wall Hanging Cotton Baskets - Large 3 Tier Decorative Baskets for Wall, Nursery, Bathroom (B-Brown)","['Kitchen & Dining', 'kitchen']",US,18.99,5.32,1.52,8.5,0.15,247.0,350.0,4.6,0.55,10000,1.0,20.0,50,25.0,20,20.0,75,35,65.0,B,"observed:price,sales,reviews,rating,fba_fee; estimated:search_volume,cpc",estimated_default_costs,Imported from Sorftime; ASIN B0CZ3VKN4J; parent B0CZ3YCYP7; brand AARAINBOW
category:Hanging Baskets,B0BWLV23R9,B0CQJVPQJT,"Glenmal 13 Pcs Boho Wall Basket Decor Set Woven Rattan Seagrass,Plain | Handmade Flat Baskets for Bedroom Living Room Office, Wicker Bamboo Seagrass Hanging Art, Farmhouse Gallery Ready to Hang","['Kitchen & Dining', 'kitchen']",US,48.99,13.72,3.92,9.07,0.15,245.0,100.0,4.6,0.55,10000,1.0,20.0,50,25.0,20,45,75,35,65.0,B,"observed:price,sales,reviews,rating,fba_fee; estimated:search_volume,cpc",estimated_default_costs,Imported from Sorftime; ASIN B0BWLV23R9; parent B0CQJVPQJT; brand Glenmal
category:Hanging Baskets,B0DR9GGTBY,B0F6JYSG8J,"3-Tier Decorative Cotton Rope Hanging Basket, Wall-Mounted Woven Storage Organizer Bag, Jute","['Kitchen & Dining', 'kitchen']",US,19.99,5.6,1.6,6.59,0.15,217.0,95.0,4.3,0.55,10000,1.0,20.0,50,25.0,20,20.0,75,35,65.0,B,"observed:price,sales,reviews,rating,fba_fee; estimated:search_volume,cpc",estimated_default_costs,Imported from Sorftime; ASIN B0DR9GGTBY; parent B0F6JYSG8J; brand HaoTuJoho
category:Hanging Baskets,B08PQ5TGTF,B09Y1SV786,"Simple Houseware 2-Tier Rigid Wire Market Basket Stand, Black","['Kitchen & Dining', 'kitchen']",US,24.97,6.99,2.0,10.71,0.15,209.0,2153.0,4.6,0.55,10000,1.0,20.0,50,25.0,20,65,75,35,65.0,B,"observed:price,sales,reviews,rating,fba_fee; estimated:search_volume,cpc",estimated_default_costs,Imported from Sorftime; ASIN B08PQ5TGTF; parent B09Y1SV786; brand Simple Houseware
category:Stacking Can Dispensers,B0C66DDL88,B0CGVM5MKG,"ClearSpace Soda Can Organizer Dispenser for Refrigerator, 12 Can, 2 Pack | Stackable soda can organizer holds 12 cans each and keeps beverages neatly stored in refrigerators while saving shelf space","['Kitchen & Dining', 'kitchen']",US,25.99,7.28,2.08,8.6,0.15,3707.0,1952.0,4.4,0.55,10000,1.0,20.0,50,25.0,20,45,75,35,65.0,B,"observed:price,sales,reviews,rating,fba_fee; estimated:search_volume,cpc",estimated_default_costs,Imported from Sorftime; ASIN B0C66DDL88; parent B0CGVM5MKG; brand ClearSpace
category:Stacking Can Dispensers,B0BDKLQZYL,B0BDKG13HX,"SZNLZQ Drink Organizer for Fridge,Holds 30 Cans | Self-pushing drink dispenser fits refrigerator shelves|Space-saving storage|Perfect for fridge organizers and storage","['Kitchen & Dining', 'kitchen']",US,34.99,9.8,2.8,8.21,0.15,3188.0,2131.0,4.5,0.55,10000,1.0,20.0,50,25.0,20,45,75,35,65.0,B,"observed:price,sales,reviews,rating,fba_fee; estimated:search_volume,cpc",estimated_default_costs,Imported from Sorftime; ASIN B0BDKLQZYL; parent B0BDKG13HX; brand SZNLZQ
category:Stacking Can Dispensers,B0FKB5RJLD,B0H94JXSQQ,"Expandable Bamboo Can Rack Organizer for Pantry, 3-Tier Adjustable Can Storage Holder, Soda Organizer Holds Up to 24 Cans, Canned goods Storage Display for Pantry, Cabinet, Countertop (patent pending)","['Kitchen & Dining', 'kitchen']",US,27.99,7.84,2.24,9.46,0.15,3058.0,357.0,4.6,0.55,10000,1.0,20.0,50,25.0,20,45,75,35,65.0,B,"observed:price,sales,reviews,rating,fba_fee; estimated:search_volume,cpc",estimated_default_costs,Imported from Sorftime; ASIN B0FKB5RJLD; parent B0H94JXSQQ; brand NuoyuanShen
category:Stacking Can Dispensers,B0CHVMVQHQ,B0D54M5G4X,"Coanto Drink Organizer for Fridge, Soda Can Organizer for Refrigerator with Automatic Pusher Glide, Adjustable Width Drink Dispenser for Fridge, Holds up to 25 Cans or Bottles, 5 Row","['Kitchen & Dining', 'kitchen']",US,26.99,7.56,2.16,8.21,0.15,2747.0,1558.0,4.5,0.55,10000,1.0,20.0,50,25.0,20,45,75,35,65.0,B,"observed:price,sales,reviews,rating,fba_fee; estimated:search_volume,cpc",estimated_default_costs,Imported from Sorftime; ASIN B0CHVMVQHQ; parent B0D54M5G4X; brand Coanto
category:Stacking Can Dispensers,B0D6RZLSRC,B0GX29RMQW,"Sorbus Water Bottle Organizer for Refrigerator & Pantry, Stackable (2 Pack) | BPA-free construction keeps drinks arranged and visible, with easy dispenser access for chilled storage and restocking.","['Kitchen & Dining', 'kitchen']",US,32.69,9.15,2.62,9.65,0.15,2208.0,270.0,4.6,0.55,10000,1.0,20.0,50,25.0,20,45,75,35,65.0,B,"observed:price,sales,reviews,rating,fba_fee; estimated:search_volume,cpc",estimated_default_costs,Imported from Sorftime; ASIN B0D6RZLSRC; parent B0GX29RMQW; brand Sorbus
category:Stacking Can Dispensers,B0DN6BDBHQ,B0DN5XYD2Q,"Sotfamily FIFO Soda Can Organizer for Pantry or Fridge, Holds 24 Cans | 2-Pack Automatic Rolling Drink Organizer for Fridge, Space-Saving Pop Can Dispenser/Holder/Storage/Container for Refrigerator","['Kitchen & Dining', 'kitchen']",US,26.99,7.56,2.16,8.5,0.15,1447.0,268.0,4.4,0.55,10000,1.0,20.0,50,25.0,20,45,75,35,65.0,B,"observed:price,sales,reviews,rating,fba_fee; estimated:search_volume,cpc",estimated_default_costs,Imported from Sorftime; ASIN B0DN6BDBHQ; parent B0DN5XYD2Q; brand Sotfamily
category:Stacking Can Dispensers,B0DKT1FPXM,B0DHGDJ58F,"2-Tier Stackable Rack Organizer for Pantry, Adjustable Dispenser Holds Up to 88 Cans, Storage Holder for Various Ounces of Canned Drinks, Black, 3 Pack","['Kitchen & Dining', 'kitchen']",US,37.99,10.64,3.04,10.13,0.15,1297.0,1205.0,4.4,0.55,10000,1.0,20.0,50,25.0,20,65,75,35,65.0,B,"observed:price,sales,reviews,rating,fba_fee; estimated:search_volume,cpc",estimated_default_costs,Imported from Sorftime; ASIN B0DKT1FPXM; parent B0DHGDJ58F; brand JKsmart
category:Stacking Can Dispensers,B0C6TGCV8T,B0CCNNF1T7,"Puricon Drink Organizer for Fridge, Soda Can Organizer -5 Rows, White | Self-Pushing Spring-Loaded Drink Dispenser for Refrigerator, Holds Soda, Beer & Water Bottles Neatly in Rows","['Kitchen & Dining', 'kitchen']",US,29.99,8.4,2.4,9.18,0.15,1079.0,629.0,4.5,0.55,10000,1.0,20.0,50,25.0,20,65,75,35,65.0,B,"observed:price,sales,reviews,rating,fba_fee; estimated:search_volume,cpc",estimated_default_costs,Imported from Sorftime; ASIN B0C6TGCV8T; parent B0CCNNF1T7; brand Puricon
category:Stacking Can Dispensers,B0F8NB7QWY,B0FJCYF6JC,"Dayacoco Drink Organizer for Fridge,5 Rows Fridge Soda Can Organizer,20oz 16oz 12oz-Self Pushing Soda Dispenser for Fridge,Adjustable Width-Holds up to 25 Cans,White","['Kitchen & Dining', 'kitchen']",US,19.49,5.46,1.56,8.21,0.15,926.0,165.0,4.4,0.55,10000,1.0,20.0,50,25.0,20,45,75,35,65.0,B,"observed:price,sales,reviews,rating,fba_fee; estimated:search_volume,cpc",estimated_default_costs,Imported from Sorftime; ASIN B0F8NB7QWY; parent B0FJCYF6JC; brand Dayacoco
category:Stacking Can Dispensers,B0CHTVFNCW,B0CHTYB42J,AMLLLC Drink Organizer for Fridge - Storage 30 Cans | Self-pushing automatic drink dispenser for refrigerator|Space-saving storage|Perfect for fridge organizers and storage,"['Kitchen & Dining', 'kitchen']",US,29.99,8.4,2.4,8.12,0.15,892.0,593.0,4.6,0.55,10000,1.0,20.0,50,25.0,20,45,75,35,65.0,B,"observed:price,sales,reviews,rating,fba_fee; estimated:search_volume,cpc",estimated_default_costs,Imported from Sorftime; ASIN B0CHTVFNCW; parent B0CHTYB42J; brand AMLLLC
category:Stacking Can Dispensers,B0BSGZV1KB,B0BXWN3J2P,"Simple Houseware 4-Pack Soda Can Stackable Rack Dispenser Organizer, Chrome","['Kitchen & Dining', 'kitchen']",US,36.87,10.32,2.95,8.92,0.15,866.0,1492.0,4.5,0.55,10000,1.0,20.0,50,25.0,20,65,75,35,65.0,B,"observed:price,sales,reviews,rating,fba_fee; estimated:search_volume,cpc",estimated_default_costs,Imported from Sorftime; ASIN B0BSGZV1KB; parent B0BXWN3J2P; brand Simple Houseware
category:Stacking Can Dispensers,B0GK8M2GHN,B0GTTKP635,"hanmir Drink Organizer for Fridge, Adjustable Width Soda Can Dispenser for Refrigerator Organizers and Storage, 3 Rows Beer Bottle Beverage Holder with Pusher Glide (14.96” D, White)","['Kitchen & Dining', 'kitchen']",US,18.99,5.32,1.52,6.77,0.15,825.0,186.0,4.6,0.55,10000,1.0,20.0,50,25.0,20,45,75,35,65.0,B,"observed:price,sales,reviews,rating,fba_fee; estimated:search_volume,cpc",estimated_default_costs,Imported from Sorftime; ASIN B0GK8M2GHN; parent B0GTTKP635; brand Hanmir
category:Stacking Can Dispensers,B0C869TN15,B0H8CZB2FB,"BingoHive 2 Packs FIFO Rolling Soda Can Organizer for Fridge, Holds 10 Cans | Pop Can Organizer for Drink Beer Seltzer Soda Can Dispenser for Refrigerator 11.15oz 12oz Can Holder Storage Pantry Container","['Kitchen & Dining', 'kitchen']",US,26.99,7.56,2.16,8.59,0.15,812.0,481.0,4.6,0.55,10000,1.0,20.0,50,25.0,20,45,75,35,65.0,B,"observed:price,sales,reviews,rating,fba_fee; estimated:search_volume,cpc",estimated_default_costs,Imported from Sorftime; ASIN B0C869TN15; parent B0H8CZB2FB; brand BingoHive
category:Stacking Can Dispensers,B0BX2RJMV1,B0BX2TWNYX,"Canyave Soda Can Organizer Storage Rack, 2 Pack Stackable Beverage Soda Can Dispenser Organizer Holder for Refrigerator, Cabinet, Pantry (Silver)","['Kitchen & Dining', 'kitchen']",US,28.99,8.12,2.32,7.98,0.15,807.0,1140.0,4.3,0.55,10000,1.0,20.0,50,25.0,20,45,75,35,65.0,B,"observed:price,sales,reviews,rating,fba_fee; estimated:search_volume,cpc",estimated_default_costs,Imported from Sorftime; ASIN B0BX2RJMV1; parent B0BX2TWNYX; brand Canyave
category:Stacking Can Dispensers,B0C4QNNNXT,B0CBHWCBY5,"SCAVATA 2 Pack Tall Skinny Can Organizer for Refrigerator, Stackable Large Soda Cans of 16oz & 17oz Beverage Energy Drink Container Holder Dispenser with Lid for Fridge, Clear Storage Plastic Bins","['Kitchen & Dining', 'kitchen']",US,34.99,9.8,2.8,9.36,0.15,606.0,219.0,4.6,0.55,10000,1.0,20.0,50,25.0,20,45,75,35,65.0,B,"observed:price,sales,reviews,rating,fba_fee; estimated:search_volume,cpc",estimated_default_costs,Imported from Sorftime; ASIN B0C4QNNNXT; parent B0CBHWCBY5; brand SCAVATA
category:Stacking Can Dispensers,B0DS8Z3XHC,B0GD8HQFYX,"New Design Self Pushing Drink Organizer for Fridge - 5 Rows, Holds 25 Cans | Soda Can Organizer for Refrigerator With Larger Pusher and Stopper Height to Avoid Overtopping of Beverages","['Kitchen & Dining', 'kitchen']",US,27.95,7.83,2.24,7.93,0.15,544.0,187.0,4.5,0.55,10000,1.0,20.0,50,25.0,20,45,75,35,65.0,B,"observed:price,sales,reviews,rating,fba_fee; estimated:search_volume,cpc",estimated_default_costs,Imported from Sorftime; ASIN B0DS8Z3XHC; parent B0GD8HQFYX; brand SIP SORT
category:Stacking Can Dispensers,B0GR6K67PZ,B0DHSHVJTT,"Upgraded Drink Organizer for Fridge, Space-Saving Fridge Drink Organizer, Automatic Pusher Glide and Adjustable Width Drink Dispenser for Fridge - Holds Up to 20 Cans (5 Rows White)","['Kitchen & Dining', 'kitchen']",US,16.99,4.76,1.36,7.19,0.15,501.0,473.0,4.5,0.55,10000,1.0,20.0,50,25.0,20,45,75,35,65.0,B,"observed:price,sales,reviews,rating,fba_fee; estimated:search_volume,cpc",estimated_default_costs,Imported from Sorftime; ASIN B0GR6K67PZ; parent B0DHSHVJTT; brand KUUKIKV
category:Stacking Can Dispensers,B0FM3FVW9D,B0GGH3H4WN,"Can Organizer for Pantry, Stacking Can Storage Organizer Hold 36 Cans | Automatic Rolling Can Rack for Fridge, 3Tire 3 Columns Can Holder, Canned Goods Organizer","['Kitchen & Dining', 'kitchen']",US,24.99,7.0,2.0,8.7,0.15,495.0,127.0,4.5,0.55,10000,1.0,20.0,50,25.0,20,45,75,35,65.0,B,"observed:price,sales,reviews,rating,fba_fee; estimated:search_volume,cpc",estimated_default_costs,Imported from Sorftime; ASIN B0FM3FVW9D; parent B0GGH3H4WN; brand Amllas
category:Stacking Can Dispensers,B0GJ2LVHQ3,B0GJ3MY2GL,"3 Pack Drink Organizer for Fridge, Self Pushing Fridge Drink Organizer | Self Pushing Soda Dispenser for Refrigerator, Automatic Drink Dispenser for Fridge, Holds up to 75 Cans (15 Rows)","['Kitchen & Dining', 'kitchen']",US,47.59,13.33,3.81,10.89,0.15,446.0,34.0,4.6,0.55,10000,1.0,20.0,50,25.0,20,65,75,35,65.0,B,"observed:price,sales,reviews,rating,fba_fee; estimated:search_volume,cpc",estimated_default_costs,Imported from Sorftime; ASIN B0GJ2LVHQ3; parent B0GJ3MY2GL; brand SHIMYUE
category:Stacking Can Dispensers,B0D6YQXX5B,B0DR8BBN8M,"JUNMEI Drink Organizer for Mini Fridge (Fits Depth ≥ 12.2“), 12oz 16oz 20oz Soda Can Dispenser, Width Adjustable Automatic Pusher Glide, 12.2“ D 4ROW Holds 16 Cans, White","['Kitchen & Dining', 'kitchen']",US,26.79,7.5,2.14,6.74,0.15,387.0,248.0,4.4,0.55,10000,1.0,20.0,50,25.0,20,45,75,35,65.0,B,"observed:price,sales,reviews,rating,fba_fee; estimated:search_volume,cpc",estimated_default_costs,Imported from Sorftime; ASIN B0D6YQXX5B; parent B0DR8BBN8M; brand JUNMEI
category:Stacking Can Dispensers,B0D72HTNFX,B0D72WJGYW,"Jsyrjing Drink Organizer for Fridge, Adjustable Soda Can Dispenser 2 Pack | Clear Soda Can Organizer Fits Water Bottles, Beer and Beverage Cans, Can Holder for Fridge, Pantry and Cabinet Storage","['Kitchen & Dining', 'kitchen']",US,26.99,7.56,2.16,8.59,0.15,384.0,269.0,4.6,0.55,10000,1.0,20.0,50,25.0,20,65,75,35,65.0,B,"observed:price,sales,reviews,rating,fba_fee; estimated:search_volume,cpc",estimated_default_costs,Imported from Sorftime; ASIN B0D72HTNFX; parent B0D72WJGYW; brand Jsyrjing
category:Stacking Can Dispensers,B0BCFDX3JB,B0G6SJPZ76,"Beverage Can Dispneser Organizer, Stackable Shelves for Storage for Pantry, Black- 2 Pack","['Kitchen & Dining', 'kitchen']",US,19.99,5.6,1.6,8.51,0.15,322.0,842.0,4.5,0.55,10000,1.0,20.0,50,25.0,20,65,75,35,65.0,B,"observed:price,sales,reviews,rating,fba_fee; estimated:search_volume,cpc",estimated_default_costs,Imported from Sorftime; ASIN B0BCFDX3JB; parent B0G6SJPZ76; brand SUFAUY
category:Stacking Can Dispensers,B0B6GYK29J,B0C6TJVGKJ,"Simple Houseware Dual Row Front Loading Can Dispenser, Chrome","['Kitchen & Dining', 'kitchen']",US,19.87,5.56,1.59,7.21,0.15,300.0,509.0,4.4,0.55,10000,1.0,20.0,50,25.0,20,45,75,35,65.0,B,"observed:price,sales,reviews,rating,fba_fee; estimated:search_volume,cpc",estimated_default_costs,Imported from Sorftime; ASIN B0B6GYK29J; parent B0C6TJVGKJ; brand Simple Houseware
category:Stacking Can Dispensers,B08MQT4B5K,B08MQT4B5K,"Display Technologies, Fridge-Plus Drink Organizer for Refrigerator Storage - Soda Can Dispenser and Soda Can Organizer Rack for Bar Fridge (Pack of 1)","['Kitchen & Dining', 'kitchen']",US,34.99,9.8,2.8,8.98,0.15,292.0,1500.0,4.5,0.55,10000,1.0,20.0,50,25.0,20,20.0,75,35,65.0,B,"observed:price,sales,reviews,rating,fba_fee; estimated:search_volume,cpc",estimated_default_costs,Imported from Sorftime; ASIN B08MQT4B5K; parent B08MQT4B5K; brand Display Technologies
category:Stacking Can Dispensers,B0FW47SNDG,B0FW47SNDG,"Expandable Bamboo Can Display Organizer for Pantry, 3-Tier Can Storage | Easy-Access Adjustable Can Shelf for Cabinets, Storage for Canned Goods & Soda Cans, Holds Up to 24 Cans (Patent Pending)","['Kitchen & Dining', 'kitchen']",US,26.59,7.45,2.13,7.98,0.15,290.0,38.0,4.5,0.55,10000,1.0,20.0,50,25.0,20,45,75,35,65.0,B,"observed:price,sales,reviews,rating,fba_fee; estimated:search_volume,cpc",estimated_default_costs,Imported from Sorftime; ASIN B0FW47SNDG; parent B0FW47SNDG; brand Lyuwanxian
category:Stacking Can Dispensers,B0GCY6CPZV,B0GCY6CPZV,"2 Sets DIY Bamboo Can Organizer for Pantry, 3-Tier 6-Piece Can Display Rack | DIY Adjustable Can Display Rack, Soda Can Organizer Holds Up to 31 Cans, Canned Goods Storage Holder for Pantry & Countertop","['Kitchen & Dining', 'kitchen']",US,29.99,8.4,2.4,9.37,0.15,276.0,23.0,4.4,0.55,10000,1.0,20.0,50,25.0,20,65,75,35,65.0,B,"observed:price,sales,reviews,rating,fba_fee; estimated:search_volume,cpc",estimated_default_costs,Imported from Sorftime; ASIN B0GCY6CPZV; parent B0GCY6CPZV; brand NuoyuanShen
category:Stacking Can Dispensers,B002OYH00S,B0H1YJ764V,"Cooks Innovations Drink Organizer for Fridge, 1 Pack Soda Can Refrigerator Organizers and Storage, Beer-Wine-Water Bottle Holder, Fridge Monkey - Durable Non-Slip & Roll","['Kitchen & Dining', 'kitchen']",US,17.49,4.9,1.4,3.35,0.15,268.0,2171.0,4.4,0.55,10000,1.0,20.0,50,25.0,20,20.0,75,35,65.0,B,"observed:price,sales,reviews,rating,fba_fee; estimated:search_volume,cpc",estimated_default_costs,Imported from Sorftime; ASIN B002OYH00S; parent B0H1YJ764V; brand Cooks Innovations
category:Stacking Can Dispensers,B0BFQN81YK,B0C1Z5MM21,"Drink Dispenser for Refrigerator, Self-Pushing Soda Can Organizer for Fridge, 3 Rows has been Assembled, Automatic Can Organizer with Spring Loaded for Refrigerator Holds 12 cans, Black","['Kitchen & Dining', 'kitchen']",US,22.99,6.44,1.84,7.83,0.15,248.0,742.0,4.6,0.55,10000,1.0,20.0,50,25.0,20,20.0,75,35,65.0,B,"observed:price,sales,reviews,rating,fba_fee; estimated:search_volume,cpc",estimated_default_costs,Imported from Sorftime; ASIN B0BFQN81YK; parent B0C1Z5MM21; brand BingoHive
category:Stacking Can Dispensers,B07PWWHRZF,B07PWWHRZF,"ChasBete Portable Soda Can Organizer for Refrigerator, Clear, 2 Pack | Soda can holder for cooler, with handle, stackable, eco-friendly plastic, keep soda cans and beer bottles from rolling","['Kitchen & Dining', 'kitchen']",US,18.99,5.32,1.52,6.22,0.15,242.0,561.0,4.4,0.55,10000,1.0,20.0,50,25.0,20,20.0,75,35,65.0,B,"observed:price,sales,reviews,rating,fba_fee; estimated:search_volume,cpc",estimated_default_costs,Imported from Sorftime; ASIN B07PWWHRZF; parent B07PWWHRZF; brand ChasBete
category:Stacking Can Dispensers,B0FLHD3XGF,B0FLQNFLKP,"Drink Organizer for Fridge, Upgraded Drink dispenser for fridge, Automatic Pusher Glide,12oz 16oz - Can Dispenser for Fridge - Holds up to 20 Cans - 5 Rows White","['Kitchen & Dining', 'kitchen']",US,21.99,6.16,1.76,7.71,0.15,238.0,107.0,4.6,0.55,10000,1.0,20.0,50,25.0,20,45,75,35,65.0,B,"observed:price,sales,reviews,rating,fba_fee; estimated:search_volume,cpc",estimated_default_costs,Imported from Sorftime; ASIN B0FLHD3XGF; parent B0FLQNFLKP; brand nabobt
category:Syrup & Honey Dispensers,B0CJLRTJ3Y,B0FB3452TT,"Maxdot 10 Pcs Long Neck Glass Bottles with Pourer for Bar Wine Syrup | Clear glass body,long neck design,stainless pourer,empty storage bottle,for wine syrup juice liquor,home bar & party use","['Kitchen & Dining', 'kitchen']",US,39.99,11.2,3.2,10.99,0.15,581.0,59.0,4.3,0.55,10000,1.0,20.0,50,25.0,20,85,75,35,65.0,B,"observed:price,sales,reviews,rating,fba_fee; estimated:search_volume,cpc",estimated_default_costs,Imported from Sorftime; ASIN B0CJLRTJ3Y; parent B0FB3452TT; brand Maxdot
category:Syrup & Honey Dispensers,B0FVSQ941K,B0G52BGGT9,"Neodaco Honey Dispenser No Drip 9oz Honey Pot, 2026 Upgraded Version | Glass Honey Jar Pot Maple Syrup Dispenser Suitable for Ketchup, Salad Dressing, Condensed, Milk, Coffee Syrup, Yellow","['Kitchen & Dining', 'kitchen']",US,16.99,4.76,1.36,4.89,0.15,515.0,182.0,4.2,0.55,10000,1.0,20.0,50,25.0,20,20.0,75,35,65.0,B,"observed:price,sales,reviews,rating,fba_fee; estimated:search_volume,cpc",estimated_default_costs,Imported from Sorftime; ASIN B0FVSQ941K; parent B0G52BGGT9; brand Neodaco
category:Syrup & Honey Dispensers,B0DX71ZLYH,B0F5VLTDLP,Baderke 4 Pcs 17oz Glass Syrup Bottle for Coffee Bar Glass Liquor Bottle Long Neck Bottles Pour Bottles with Pourer & Caps for Liquor Wine Juice Snowcone Syrup,"['Kitchen & Dining', 'kitchen']",US,26.99,7.56,2.16,8.4,0.15,261.0,50.0,4.4,0.55,10000,1.0,20.0,50,25.0,20,45,75,35,65.0,B,"observed:price,sales,reviews,rating,fba_fee; estimated:search_volume,cpc",estimated_default_costs,Imported from Sorftime; ASIN B0DX71ZLYH; parent B0F5VLTDLP; brand Baderke
category:Dish Racks,B0CV3ZBKPY,B0G6MDMVGZ,"Kitsure Adjustable Over The Sink Dish Drying Rack, 26.8' -33.9'x21.5'","['Kitchen & Dining', 'kitchen']",US,24.99,7.0,2.0,8.87,0.15,4116.0,2240.0,4.5,0.55,10000,1.0,20.0,50,25.0,20,65,75,35,65.0,B,"observed:price,sales,reviews,rating,fba_fee; estimated:search_volume,cpc",estimated_default_costs,Imported from Sorftime; ASIN B0CV3ZBKPY; parent B0G6MDMVGZ; brand Kitsure
category:Dish Racks,B0F3D98LXM,B0FSDF2FFP,"Kitsure Multi-Functional Dish Drying Rack, 15.7' x 12.0' x 5.5', Black","['Kitchen & Dining', 'kitchen']",US,19.99,5.6,1.6,8.44,0.15,2424.0,850.0,4.6,0.55,10000,1.0,20.0,50,25.0,20,45,75,35,65.0,B,"observed:price,sales,reviews,rating,fba_fee; estimated:search_volume,cpc",estimated_default_costs,Imported from Sorftime; ASIN B0F3D98LXM; parent B0FSDF2FFP; brand Kitsure
category:Dish Racks,B0DM1XZHV9,B0F5WVSK8F,"Small Dish Drying Rack, Stainless Steel with Drain Board & Utensil Holder","['Kitchen & Dining', 'kitchen']",US,19.99,5.6,1.6,7.2,0.15,1814.0,601.0,4.3,0.55,10000,1.0,20.0,50,25.0,20,20.0,75,35,65.0,B,"observed:price,sales,reviews,rating,fba_fee; estimated:search_volume,cpc",estimated_default_costs,Imported from Sorftime; ASIN B0DM1XZHV9; parent B0F5WVSK8F; brand SanDream
category:Dish Racks,B085NPT2Z1,B0FVCY1VTQ,"Utoplike Teak Wood Dish Drying Rack, Foldable Plate Organizer Countertop","['Kitchen & Dining', 'kitchen']",US,32.89,9.21,2.63,7.84,0.15,1337.0,1647.0,4.4,0.55,10000,1.0,20.0,50,25.0,20,45,75,35,65.0,B,"observed:price,sales,reviews,rating,fba_fee; estimated:search_volume,cpc",estimated_default_costs,Imported from Sorftime; ASIN B085NPT2Z1; parent B0FVCY1VTQ; brand Utoplike
category:Dish Racks,B09SG532Q8,B0G5XSQG6R,"TOOLF Small Dish Drying Rack, Expandable and Space-Saving, Gray","['Kitchen & Dining', 'kitchen']",US,21.69,6.07,1.74,7.21,0.15,1174.0,2178.0,4.4,0.55,10000,1.0,20.0,50,25.0,20,20.0,75,35,65.0,B,"observed:price,sales,reviews,rating,fba_fee; estimated:search_volume,cpc",estimated_default_costs,Imported from Sorftime; ASIN B09SG532Q8; parent B0G5XSQG6R; brand TOOLF
category:Dish Racks,B096YGW7QG,B0B2YJBHP3,"Bamboo Utensil Holder for Dish Rack - Flatware, Cutlery and Utensil Drying Caddy - Fits Bambusi Bamboo Dish Drying Racks Natural","['Kitchen & Dining', 'kitchen']",US,16.14,4.52,1.29,5.77,0.15,1170.0,741.0,3.9,0.55,10000,1.0,20.0,50,25.0,20,20.0,75,35,65.0,B,"observed:price,sales,reviews,rating,fba_fee; estimated:search_volume,cpc",estimated_default_costs,Imported from Sorftime; ASIN B096YGW7QG; parent B0B2YJBHP3; brand Bambüsi
category:Dish Racks,B0GHNKCVLL,B0DDXX37YS,"NiuYichee Stainless Steel Dish Drying Rack (15“ L X 11“ W X 4.1“ H), Expandable Drain Rack Over Sink, Dish Drainer Rack in Sink, with Utensil Holder & 4 Hooks Cup Hanger","['Kitchen & Dining', 'kitchen']",US,34.99,9.8,2.8,9.36,0.15,1145.0,1123.0,4.5,0.55,10000,1.0,20.0,50,25.0,20,45,75,35,65.0,B,"observed:price,sales,reviews,rating,fba_fee; estimated:search_volume,cpc",estimated_default_costs,Imported from Sorftime; ASIN B0GHNKCVLL; parent B0DDXX37YS; brand NiuYichee
category:Egg Baskets,B0G3PC5P9F,B0G3PDSTV1,"WIKDAY Plastic Egg Cartons 60 Pack 12 Count Cheap Bulk Clear | with Date Tracking Stickers Egg Care Instructions, Dozen Reusable Empty Egg Containers for Chicken Eggs Storage Farm Markets","['Kitchen & Dining', 'kitchen']",US,15.99,4.48,1.28,8.69,0.15,1059.0,114.0,4.0,0.55,10000,1.0,20.0,50,25.0,20,45,75,35,65.0,B,"observed:price,sales,reviews,rating,fba_fee; estimated:search_volume,cpc",estimated_default_costs,Imported from Sorftime; ASIN B0G3PC5P9F; parent B0G3PDSTV1; brand WIKDAY
category:Egg Baskets,B0F38D92G3,B0FPLT7PMK,"50 Pack Egg Cartons, 3x4 Style Paper Pulp Egg Trays, Sturdy & Reusable Egg Holder 12 Count Dozen Chicken Egg Storage Tray for Farmers, Home Use & Transport","['Kitchen & Dining', 'kitchen']",US,36.99,10.36,2.96,10.79,0.15,1007.0,134.0,4.3,0.55,10000,1.0,20.0,50,25.0,20,65,75,35,65.0,B,"observed:price,sales,reviews,rating,fba_fee; estimated:search_volume,cpc",estimated_default_costs,Imported from Sorftime; ASIN B0F38D92G3; parent B0FPLT7PMK; brand CINPIUK
category:Egg Baskets,B0D54299VH,B0DVR5ZQQB,"Hatortempt 24pc Egg Cartons Cheap Bulk 12 Count, Reusable Dozen Egg Crates | Sturdy Cardboard Paper Pulp - S-XL Chicken & Duck Egg Cartons - Rustic Custom Design - Empty Egg Containers for Fresh Eggs","['Kitchen & Dining', 'kitchen']",US,24.99,7.0,2.0,9.65,0.15,933.0,505.0,4.5,0.55,10000,1.0,20.0,50,25.0,20,45,75,35,65.0,B,"observed:price,sales,reviews,rating,fba_fee; estimated:search_volume,cpc",estimated_default_costs,Imported from Sorftime; ASIN B0D54299VH; parent B0DVR5ZQQB; brand PTCOM
category:Egg Baskets,B0CY5KVHHJ,B0CTFZFLVR,"Dubtnion 15 Pack Egg Cartons Cheap Bulk, 6 Count Egg Storage Containers Holder, Sturdy Natural Pulp Material Perfect for Storing Extra Eggs","['Kitchen & Dining', 'kitchen']",US,14.99,4.2,1.2,6.59,0.15,512.0,279.0,4.6,0.55,10000,1.0,20.0,50,25.0,20,20.0,75,35,65.0,B,"observed:price,sales,reviews,rating,fba_fee; estimated:search_volume,cpc",estimated_default_costs,Imported from Sorftime; ASIN B0CY5KVHHJ; parent B0CTFZFLVR; brand Dubtnion
category:Egg Baskets,B0G6SVY98F,B0GT7MXDXX,"Sevenblue Egg Holder Countertop with 3 Pull-Out Tier Baskets, Black | Sturdy Metal Frame, 5 Adjustable Dividers,7 Date Tags, Egg Basket for Gathering Fresh Eggs, Chicken Coop Accessories","['Kitchen & Dining', 'kitchen']",US,24.99,7.0,2.0,8.87,0.15,363.0,101.0,3.8,0.55,10000,1.0,20.0,50,25.0,20,65,75,35,65.0,B,"observed:price,sales,reviews,rating,fba_fee; estimated:search_volume,cpc",estimated_default_costs,Imported from Sorftime; ASIN B0G6SVY98F; parent B0GT7MXDXX; brand Sevenblue
category:Egg Baskets,B09CTSP8GX,B09WY94V3F,"QUTREY Black Metal Egg Holder Countertop, Fresh Egg Skelter, Spiral Design Egg Dispenser Rack with Storage Basket for Display Easter Eggs","['Kitchen & Dining', 'kitchen']",US,24.99,7.0,2.0,9.16,0.15,281.0,880.0,4.6,0.55,10000,1.0,70,50,25.0,20,20.0,75,35,65.0,B,"observed:price,sales,reviews,rating,fba_fee; estimated:search_volume,cpc",estimated_default_costs,Imported from Sorftime; ASIN B09CTSP8GX; parent B09WY94V3F; brand QUTREY
category:Egg Baskets,B0FX3ZL11F,B0FX3ZL11F,"AOOHOOA Round Egg Basket for Gathering Fresh Eggs, Metal | Non-Slip Wooden Base, K-Cup Organizer, Comfortable and Secure Grip, Countertop Decor, Easy Accessible, Easy Clean","['Kitchen & Dining', 'kitchen']",US,14.99,4.2,1.2,6.78,0.15,281.0,141.0,4.4,0.55,10000,1.0,20.0,50,25.0,20,20.0,75,35,65.0,B,"observed:price,sales,reviews,rating,fba_fee; estimated:search_volume,cpc",estimated_default_costs,Imported from Sorftime; ASIN B0FX3ZL11F; parent B0FX3ZL11F; brand AOOHOOA
category:Kitchen Towel Hooks,B0BY2GBNJ4,B094C5T23Q,"FUIN Tea Towel Ladder, Mini Rustic Solid Wood Decorative Ladder, Brown | Farmhouse living room accent, Layered blanket towel quilt display, Visible wood grain, Bathroom and Bedroom use","['Home & Kitchen', 'home-garden']",US,23.99,6.72,1.92,6.77,0.15,608.0,76.0,4.4,0.55,10000,1.0,20.0,50,25.0,20,20.0,75,35,65.0,B,"observed:price,sales,reviews,rating,fba_fee; estimated:search_volume,cpc",estimated_default_costs,Imported from Sorftime; ASIN B0BY2GBNJ4; parent B094C5T23Q; brand FUIN
category:Kitchen Towel Hooks,B0GY8ZDJF4,B0H25B6MJ5,"Reusable Dirty Rag Storage Linen Bag,Green and White,Classic","['Kitchen & Dining', 'kitchen']",US,18.99,5.32,1.52,4.1,0.15,343.0,17.0,3.9,0.55,10000,1.0,20.0,50,25.0,20,20.0,75,35,65.0,B,"observed:price,sales,reviews,rating,fba_fee; estimated:search_volume,cpc",estimated_default_costs,Imported from Sorftime; ASIN B0GY8ZDJF4; parent B0H25B6MJ5; brand Ribbonlic
category:Mug Hooks,B0D5Z1S38P,B0H9RDN31J,"xympo Coffee Mug Hanger for Cabinet, Clip-On Shelf, for Cups, Utensil, Tumbler Lid, Screwless Install (Pack of 2), Fits Shelves up to 3/4'","['Kitchen & Dining', 'kitchen']",US,13.99,3.92,1.12,4.06,0.15,1197.0,628.0,4.6,0.55,10000,1.0,20.0,50,25.0,20,20.0,75,35,65.0,B,"observed:price,sales,reviews,rating,fba_fee; estimated:search_volume,cpc",estimated_default_costs,Imported from Sorftime; ASIN B0D5Z1S38P; parent B0H9RDN31J; brand xympo
category:Mug Hooks,B0FW49NKMV,B0FW48GHHL,"ANBOXIT Matcha Station Organizer, Countertop Bamboo Coffee & Tea Station","['Kitchen & Dining', 'kitchen']",US,19.99,5.6,1.6,6.22,0.15,982.0,164.0,4.6,0.55,10000,1.0,20.0,50,25.0,20,20.0,75,35,65.0,B,"observed:price,sales,reviews,rating,fba_fee; estimated:search_volume,cpc",estimated_default_costs,Imported from Sorftime; ASIN B0FW49NKMV; parent B0FW48GHHL; brand ANBOXIT
category:Mug Hooks,B08FHY8R3Y,B0DKSD7FY6,"2PCS Clip on Cup Holder for Chair, Kalolary Desk Drink Holder Clamp, Black | Beach Chair Cup Holder Clamp Mug Cup Stand for Water Bottle Coffee, Versatile Table Side Cup Clip for Home, Office, School","['Kitchen & Dining', 'kitchen']",US,15.99,4.48,1.28,5.36,0.15,677.0,976.0,4.4,0.55,10000,1.0,20.0,50,25.0,20,20.0,75,35,65.0,B,"observed:price,sales,reviews,rating,fba_fee; estimated:search_volume,cpc",estimated_default_costs,Imported from Sorftime; ASIN B08FHY8R3Y; parent B0DKSD7FY6; brand Kalolary
category:Mug Hooks,B0DZ6H3PSP,B0DZ6HG8DZ,"MyLifeUNIT Water Bottle Organizer for Stanley Cups 40oz/30oz/20oz, 360° Rotating Wooden Tumbler Organizer, Stanley Cup Holder for Cabinet Storage (Yellow)","['Kitchen & Dining', 'kitchen']",US,29.99,8.4,2.4,7.18,0.15,617.0,59.0,4.4,0.55,10000,1.0,20.0,50,25.0,20,45,75,35,65.0,B,"observed:price,sales,reviews,rating,fba_fee; estimated:search_volume,cpc",estimated_default_costs,Imported from Sorftime; ASIN B0DZ6H3PSP; parent B0DZ6HG8DZ; brand MyLifeUNIT
category:Mug Hooks,B0FBW9BLRP,B0FBW9BLRP,"Mug Holder Tree, Upgraded 360° Rotated 8 Hooks Coffee Mug Holders for Counter, Bamboo Mug Rack Stand for Coffee Bar Accessories","['Kitchen & Dining', 'kitchen']",US,13.98,3.91,1.12,5.93,0.15,545.0,283.0,4.6,0.55,10000,1.0,20.0,50,25.0,20,65,75,35,65.0,B,"observed:price,sales,reviews,rating,fba_fee; estimated:search_volume,cpc",estimated_default_costs,Imported from Sorftime; ASIN B0FBW9BLRP; parent B0FBW9BLRP; brand Krispmaild
category:Mug Hooks,B0DT6PFJ5K,B0FQTQ1Q4V,"HULISEN 360° Rotating Mug Tree, Coffee Mug Holder for Large Cups, 6 Hooks","['Kitchen & Dining', 'kitchen']",US,22.99,6.44,1.84,6.38,0.15,490.0,352.0,4.4,0.55,10000,1.0,20.0,50,25.0,20,20.0,75,35,65.0,B,"observed:price,sales,reviews,rating,fba_fee; estimated:search_volume,cpc",estimated_default_costs,Imported from Sorftime; ASIN B0DT6PFJ5K; parent B0FQTQ1Q4V; brand HULISEN
category:Mug Hooks,B08CDNLPQ6,B08CDN7834,"Buruis Acacia Wood Mug Holder with Marble Base, 6 Hook Mug Tree, White","['Kitchen & Dining', 'kitchen']",US,18.99,5.32,1.52,6.59,0.15,475.0,764.0,4.4,0.55,10000,1.0,20.0,50,25.0,20,20.0,75,35,65.0,B,"observed:price,sales,reviews,rating,fba_fee; estimated:search_volume,cpc",estimated_default_costs,Imported from Sorftime; ASIN B08CDNLPQ6; parent B08CDN7834; brand Buruis
category:Mug Hooks,B0F3TD3VG8,B0FB3RJPQ8,"Water Bottle Holder Compatible with Stanley, Hydroflask, Sinple Midern, Stable and Durablee Wall Cup Holder, Space Saving Water Bottle Organizer Storage for Drinks and Coffee (Black, 2)","['Kitchen & Dining', 'kitchen']",US,12.98,3.63,1.04,4.18,0.15,471.0,146.0,4.0,0.55,10000,1.0,20.0,50,25.0,20,20.0,75,35,65.0,B,"observed:price,sales,reviews,rating,fba_fee; estimated:search_volume,cpc",estimated_default_costs,Imported from Sorftime; ASIN B0F3TD3VG8; parent B0FB3RJPQ8; brand VEAQEE
category:Mug Hooks,B0F4DGKJF1,B0F484V2H6,"Desk Cup Holder for Coffee Mugs, Tumblers, Water Bottles with Mobile Phone Stand, Anti-Spill Metal School Home Office Accessories (White-1)","['Kitchen & Dining', 'kitchen']",US,15.47,4.33,1.24,5.34,0.15,470.0,86.0,4.5,0.55,10000,1.0,20.0,50,25.0,20,65,75,35,65.0,B,"observed:price,sales,reviews,rating,fba_fee; estimated:search_volume,cpc",estimated_default_costs,Imported from Sorftime; ASIN B0F4DGKJF1; parent B0F484V2H6; brand Yonsya
category:Mug Hooks,B0DLLCWTR4,B0DLLHJQD3,"4 in 1 Metal Clip On Cup Holder Attachment for Gaming Desk or Table, Fits up to 40oz Cups, Sturdy and Easy to Clamp, Attachable Anti-Spill Cup Holder for Chair, Bedside, Bottles, Drinks - Black","['Kitchen & Dining', 'kitchen']",US,26.99,7.56,2.16,5.77,0.15,467.0,165.0,4.5,0.55,10000,1.0,20.0,50,25.0,20,20.0,75,35,65.0,B,"observed:price,sales,reviews,rating,fba_fee; estimated:search_volume,cpc",estimated_default_costs,Imported from Sorftime; ASIN B0DLLCWTR4; parent B0DLLHJQD3; brand OrgaFocus
