source_strategy,source_category_id,source_category_name,source_category_path,source_asin,source_parent_asin,product_name,category,marketplace,target_price,cost,shipping,fba_fee,referral_fee_rate,est_monthly_sales,avg_review_count,avg_rating,top10_review_share,keyword_search_volume,keyword_cpc,seasonality_score,differentiation_score,compliance_risk,fragile_risk,oversize_risk,market_data_completeness,profit_data_confidence,evidence_confidence,evidence_grade,data_source_summary,profit_estimate_status,notes,listing_url,opportunity_score,recommendation,gross_profit_per_unit,gross_margin,monthly_gross_profit,demand_score,competition_score,profitability_score,risk_score,risk_control_score,key_flags,brand_moat_reason,hard_stop_reason,archive_key,archive_first_seen,archive_last_seen,archive_seen_count,archive_best_score,archive_latest_score,archive_best_recommendation,archive_latest_recommendation,archive_status,archive_last_run_id,research_status,archive_notes
category:Mops & Bucket Sets,23537016011,Mops & Bucket Sets,Home & Kitchen > Cleaning Supplies > Household Cleaning > Cleaning Tools > Mopping > Mops & Bucket Sets,B0H7JDLJKQ,,"Mop and Bucket Set, Flat Mop and Bucket System for Floor Cleaning",Home & Kitchen > Cleaning Supplies > Household Cleaning > Cleaning Tools > Mopping > Mops & Bucket Sets,US,55.97,15.67,4.48,10.89,0.15,1069.0,72.0,4.5,0.55,10000.0,1.0,20.0,50.0,25.0,20.0,20.0,75.0,35.0,65.0,B,"observed:price,sales,reviews,rating,fba_fee; estimated:search_volume,cpc",estimated_default_costs,Imported from Sorftime; ASIN B0H7JDLJKQ; brand Veshiny,https://www.amazon.com/dp/B0H7JDLJKQ,61.9,Watch or collect more data,16.53,0.2954,17675.38,87.3,54.3,49.1,22.0,78.0,supplier quote required; estimated profit is not a rejection gate,,,,,,,,,,,,,,
category:Mops & Bucket Sets,23537016011,Mops & Bucket Sets,Home & Kitchen > Cleaning Supplies > Household Cleaning > Cleaning Tools > Mopping > Mops & Bucket Sets,B0H25MJYNQ,,Mop and Bucket Set | Auto-Spray Cleaning | Dirty Water Separation,Home & Kitchen > Cleaning Supplies > Household Cleaning > Cleaning Tools > Mopping > Mops & Bucket Sets,US,47.49,13.3,3.8,10.99,0.15,706.0,100.0,4.4,0.55,10000.0,1.0,20.0,50.0,25.0,20.0,20.0,75.0,35.0,65.0,B,"observed:price,sales,reviews,rating,fba_fee; estimated:search_volume,cpc",estimated_default_costs,Imported from Sorftime; ASIN B0H25MJYNQ; brand ADICOM,https://www.amazon.com/dp/B0H25MJYNQ,60.9,Watch or collect more data,12.28,0.2585,8667.21,87.3,58.3,35.7,22.0,78.0,supplier quote required; estimated profit is not a rejection gate,,,,,,,,,,,,,,
category:Tool Holsters,553582,Tool Holsters,Tools & Home Improvement > Storage & Home Organization > Tool Organizers > Tool Holsters,B0FXG8J58Q,,TOOLEAGUE 3Pcs Magnetic Tool Mat with 25Lb Telescoping Magnetic Pickup Pen,Tools & Home Improvement > Storage & Home Organization > Tool Organizers > Tool Holsters,US,46.99,13.16,3.76,7.77,0.15,981.0,153.0,4.6,0.55,10000.0,1.0,20.0,50.0,25.0,20.0,20.0,75.0,35.0,65.0,B,"observed:price,sales,reviews,rating,fba_fee; estimated:search_volume,cpc",estimated_default_costs,Imported from Sorftime; ASIN B0FXG8J58Q; brand TOOLEAGUE,https://www.amazon.com/dp/B0FXG8J58Q,59.4,Watch or collect more data,15.25,0.3246,14961.72,87.3,46.8,50.4,22.0,78.0,supplier quote required; estimated profit is not a rejection gate,,,,,,,,,,,,,,
category:Sponge Mops,23537024011,Sponge Mops,Home & Kitchen > Cleaning Supplies > Household Cleaning > Cleaning Tools > Mopping > Wet & Dry Mops > Sponge Mops,B0FMDXCL36,,"LOLA Squeezematic Butterfly Automatic Sponge Mop, 4 Mop Heads - 2 Foam w/ Cellulose Layer & 2 All Foam, 9“ Head w/ Scuff Remover",Home & Kitchen > Cleaning Supplies > Household Cleaning > Cleaning Tools > Mopping > Wet & Dry Mops > Sponge Mops,US,41.88,11.73,3.35,8.7,0.15,1422.0,136.0,3.7,0.55,10000.0,1.0,20.0,50.0,25.0,20.0,20.0,75.0,35.0,65.0,B,"observed:price,sales,reviews,rating,fba_fee; estimated:search_volume,cpc",estimated_default_costs,Imported from Sorftime; ASIN B0FMDXCL36; brand LOLA,https://www.amazon.com/dp/B0FMDXCL36,59.3,Watch or collect more data,11.82,0.2822,16805.2,87.3,52.8,37.9,22.0,78.0,supplier quote required; estimated profit is not a rejection gate,,,,,,,,,,,,,,
category:Index Card Storage,12900921,Index Card Storage,Office Products > Office Supplies > Education & Crafts > Filing Products > Index Card Filing > Index Card Storage,B0H4V84RTQ,,"Card Binder 4-Pocket Trading Album, 50 Removable Sleeves, 400 Cards",Office Products > Office Supplies > Education & Crafts > Filing Products > Index Card Filing > Index Card Storage,US,14.99,4.2,1.2,4.58,0.15,684.0,9.0,4.2,0.55,10000.0,1.0,20.0,50.0,25.0,20.0,20.0,75.0,35.0,65.0,B,"observed:price,sales,reviews,rating,fba_fee; estimated:search_volume,cpc",estimated_default_costs,Imported from Sorftime; ASIN B0H4V84RTQ; brand GANDATA,https://www.amazon.com/dp/B0H4V84RTQ,58.5,Watch or collect more data,2.76,0.1842,1888.87,87.3,68.3,2.5,22.0,78.0,supplier quote required; estimated profit is not a rejection gate,,,,,,,,,,,,,,
category:Cleaning Tools,3398891,Cleaning Tools,Sports & Outdoors > Sports > Boating & Sailing > Boating > Maintenance Supplies > Cleaning Tools,B00EVIP8O0,,STAR BRITE Deluxe Telescoping Brush Kit,Sports & Outdoors > Sports > Boating & Sailing > Boating > Maintenance Supplies > Cleaning Tools,US,75.96,21.27,6.08,14.07,0.15,333.0,151.0,4.4,0.55,10000.0,1.0,20.0,50.0,25.0,20.0,20.0,75.0,35.0,65.0,B,"observed:price,sales,reviews,rating,fba_fee; estimated:search_volume,cpc",estimated_default_costs,Imported from Sorftime; ASIN B00EVIP8O0; brand STAR BRITE,https://www.amazon.com/dp/B00EVIP8O0,58.0,Watch or collect more data,23.15,0.3047,7707.62,59.5,50.8,62.8,22.0,78.0,supplier quote required; estimated profit is not a rejection gate,,,,,,,,,,,,,,
category:Tool Holsters,553582,Tool Holsters,Tools & Home Improvement > Storage & Home Organization > Tool Organizers > Tool Holsters,B0CBD4HTHW,,"Spider Tool Holster, Self-Locking Pro Tool Holster, Includes 2 Drill Pins | Quick-Draw Multi Tool Holder, Clips to Any Tool Belt, Ambidextrous Lock, Compatible with Major Power Drill & Driver Brands",Tools & Home Improvement > Storage & Home Organization > Tool Organizers > Tool Holsters,US,34.99,9.8,2.8,3.93,0.15,815.0,390.0,4.2,0.55,10000.0,1.0,20.0,50.0,25.0,20.0,20.0,75.0,35.0,65.0,B,"observed:price,sales,reviews,rating,fba_fee; estimated:search_volume,cpc",estimated_default_costs,Imported from Sorftime; ASIN B0CBD4HTHW; brand Spider,https://www.amazon.com/dp/B0CBD4HTHW,57.7,Watch or collect more data,13.21,0.3776,10767.37,87.3,40.8,53.4,22.0,78.0,supplier quote required; estimated profit is not a rejection gate,,,,,,,,,,,,,,
category:Edible Printer Paper & Frosting Sheets,8147491011,Edible Printer Paper & Frosting Sheets,Home & Kitchen > Kitchen & Dining > Bakeware > Decorating Tools > Edible Printer Ink & Paper > Edible Printer Paper & Frosting Sheets,B0GGHGXJ9K,,"Edible Wafer Paper 8.5“ x 11“ A4 Size, White Edible Printer Sheets for Cake Topper Decoration Edible Rice Paper 25pcs (0.3mm)",Home & Kitchen > Kitchen & Dining > Bakeware > Decorating Tools > Edible Printer Ink & Paper > Edible Printer Paper & Frosting Sheets,US,19.99,5.6,1.6,3.6,0.15,508.0,38.0,4.5,0.55,10000.0,1.0,20.0,50.0,25.0,20.0,20.0,50.0,20.0,42.5,C,"observed:sales,reviews,rating; estimated:price,fba_fee,search_volume,cpc",estimated_default_costs,Imported from Sorftime; ASIN B0GGHGXJ9K; brand SIMEKKO,https://www.amazon.com/dp/B0GGHGXJ9K,57.7,Watch or collect more data,6.19,0.3097,3145.28,87.3,59.3,16.5,22.0,78.0,supplier quote required; estimated profit is not a rejection gate; evidence confidence below supplier-validation threshold,,,,,,,,,,,,,,
category:Push Brooms,14253851,Push Brooms,Home & Kitchen > Cleaning Supplies > Household Cleaning > Cleaning Tools > Sweeping > Brooms > Push Brooms,B0GY82143R,,3 in 1 Adjustable Small Floor Scrub Brush with Long Handle,Home & Kitchen > Cleaning Supplies > Household Cleaning > Cleaning Tools > Sweeping > Brooms > Push Brooms,US,17.99,5.04,1.44,5.77,0.15,1249.0,27.0,4.4,0.55,10000.0,1.0,20.0,50.0,25.0,20.0,20.0,75.0,35.0,65.0,B,"observed:price,sales,reviews,rating,fba_fee; estimated:search_volume,cpc",estimated_default_costs,Imported from Sorftime; ASIN B0GY82143R; brand HelpX,https://www.amazon.com/dp/B0GY82143R,57.6,Watch or collect more data,3.04,0.1691,3798.83,87.3,63.3,8.0,22.0,78.0,supplier quote required; estimated profit is not a rejection gate,,,,,,,,,,,,,,
category:Raised Toilet Seats,3775401,Raised Toilet Seats,Tools & Home Improvement > Kitchen & Bath Fixtures > Bathroom Fixtures > Bathroom Safety & Accessibility > Toilets & Toilet Aids > Raised Toilet Seats,B0GLFNZKV5,,"KEKOY Toilet Seat Risers for Seniors, Adjustable Height Width, Fits Most | Padded Elevated with Handles, Tool Free Install, Fits Most Round Elongated Toilets for Handicap,Ideal for Bathroom, Grey",Tools & Home Improvement > Kitchen & Bath Fixtures > Bathroom Fixtures > Bathroom Safety & Accessibility > Toilets & Toilet Aids > Raised Toilet Seats,US,69.95,19.59,5.6,15.36,0.15,333.0,79.0,4.3,0.55,10000.0,1.0,20.0,50.0,25.0,20.0,20.0,75.0,35.0,65.0,B,"observed:price,sales,reviews,rating,fba_fee; estimated:search_volume,cpc",estimated_default_costs,Imported from Sorftime; ASIN B0GLFNZKV5; brand Kekoy,https://www.amazon.com/dp/B0GLFNZKV5,57.6,Watch or collect more data,18.91,0.2703,6296.2,59.5,58.3,45.7,22.0,78.0,supplier quote required; estimated profit is not a rejection gate,,,,,,,,,,,,,,
category:Storage,3397571,Storage,Sports & Outdoors > Sports > Boating & Sailing > Boating > Boat Cabin Products > Storage,B0GJ8HW2VB,,"QualyQualy Boat Rail Cup Holder 2 Pack, No-Drill Clamp-On Marine Cup Holders 360° Adjustable for Pontoon Boat, Bimini Top, Grab Bar, PWC, Jet Ski, Fits Round & Square Rails 15-40mm, Boat Gifts for Men",Sports & Outdoors > Sports > Boating & Sailing > Boating > Boat Cabin Products > Storage,US,18.99,5.32,1.52,5.77,0.15,1342.0,53.0,4.4,0.55,10000.0,1.0,20.0,50.0,25.0,20.0,20.0,75.0,35.0,65.0,B,"observed:price,sales,reviews,rating,fba_fee; estimated:search_volume,cpc",estimated_default_costs,Imported from Sorftime; ASIN B0GJ8HW2VB; brand QualyQualy,https://www.amazon.com/dp/B0GJ8HW2VB,56.2,Watch or collect more data,3.53,0.186,4739.27,87.3,58.3,10.7,22.0,78.0,supplier quote required; estimated profit is not a rejection gate,,,,,,,,,,,,,,
category:Push Brooms,14253851,Push Brooms,Home & Kitchen > Cleaning Supplies > Household Cleaning > Cleaning Tools > Sweeping > Brooms > Push Brooms,B0GJDZCCDL,,SOBONNE Heavy-Duty Outdoor Broom with Stiff Bristles,Home & Kitchen > Cleaning Supplies > Household Cleaning > Cleaning Tools > Sweeping > Brooms > Push Brooms,US,24.99,7.0,2.0,6.78,0.15,633.0,92.0,4.2,0.55,10000.0,1.0,20.0,50.0,25.0,20.0,20.0,75.0,35.0,65.0,B,"observed:price,sales,reviews,rating,fba_fee; estimated:search_volume,cpc",estimated_default_costs,Imported from Sorftime; ASIN B0GJDZCCDL; brand SOBONNE,https://www.amazon.com/dp/B0GJDZCCDL,55.7,Watch or collect more data,5.46,0.2185,3457.13,87.3,58.3,7.9,22.0,78.0,supplier quote required; estimated profit is not a rejection gate,,,,,,,,,,,,,,
category:Ice Buckets,678496011,Ice Buckets,Home & Kitchen > Kitchen & Dining > Kitchen Utensils & Gadgets > Bar & Wine Tools > Ice Buckets & Tongs > Ice Buckets,B0C2CQVKCF,,"BARsics Large 6-Gallon Galvanized Tin Beverage Tub, 20 x14x10 inches (Pack of 2)",Home & Kitchen > Kitchen & Dining > Kitchen Utensils & Gadgets > Bar & Wine Tools > Ice Buckets & Tongs > Ice Buckets,US,59.0,16.52,4.72,18.77,0.15,990.0,193.0,4.6,0.55,10000.0,1.0,20.0,50.0,25.0,20.0,20.0,75.0,35.0,65.0,B,"observed:price,sales,reviews,rating,fba_fee; estimated:search_volume,cpc",estimated_default_costs,Imported from Sorftime; ASIN B0C2CQVKCF; brand BARsics,https://www.amazon.com/dp/B0C2CQVKCF,55.6,Watch or collect more data,10.14,0.1719,10038.6,87.3,46.8,30.3,22.0,78.0,supplier quote required; estimated profit is not a rejection gate,,,,,,,,,,,,,,
category:Ice Buckets,678496011,Ice Buckets,Home & Kitchen > Kitchen & Dining > Kitchen Utensils & Gadgets > Bar & Wine Tools > Ice Buckets & Tongs > Ice Buckets,B0G81BFG8B,,OBTANIM Clear Acrylic Ice Buckets Large Champagne Drink Cooler Storage Ice Tub with Scoops for Beer Cocktails Wine Beverage Home Parties Bar Cooling Supplies,Home & Kitchen > Kitchen & Dining > Kitchen Utensils & Gadgets > Bar & Wine Tools > Ice Buckets & Tongs > Ice Buckets,US,19.99,5.6,1.6,9.56,0.15,1072.0,92.0,4.1,0.55,10000.0,1.0,20.0,50.0,25.0,20.0,20.0,75.0,35.0,65.0,B,"observed:price,sales,reviews,rating,fba_fee; estimated:search_volume,cpc",estimated_default_costs,Imported from Sorftime; ASIN B0G81BFG8B; brand OBTANIM,https://www.amazon.com/dp/B0G81BFG8B,55.0,Watch or collect more data,0.23,0.0116,248.17,87.3,60.3,0.0,22.0,78.0,supplier quote required; estimated profit is not a rejection gate,,,,,,,,,,,,,,
category:Digital Scales,678508011,Digital Scales,Home & Kitchen > Kitchen & Dining > Kitchen Utensils & Gadgets > Measuring Tools & Scales > Kitchen Scales > Digital Scales,B0FQ47F7Z7,,"BOMATA 0.01g Small Digital Gram Scale, Upgraded 1kg Jewelry Scale",Home & Kitchen > Kitchen & Dining > Kitchen Utensils & Gadgets > Measuring Tools & Scales > Kitchen Scales > Digital Scales,US,18.88,5.29,1.51,4.45,0.15,1467.0,109.0,4.4,0.55,10000.0,1.0,20.0,50.0,25.0,20.0,20.0,75.0,35.0,65.0,B,"observed:price,sales,reviews,rating,fba_fee; estimated:search_volume,cpc",estimated_default_costs,Imported from Sorftime; ASIN B0FQ47F7Z7; brand BOMATA,https://www.amazon.com/dp/B0FQ47F7Z7,54.8,Watch or collect more data,4.8,0.2541,7038.67,87.3,50.8,17.8,22.0,78.0,supplier quote required; estimated profit is not a rejection gate,,,,,,,,,,,,,,
category:Storage,3397571,Storage,Sports & Outdoors > Sports > Boating & Sailing > Boating > Boat Cabin Products > Storage,B0CZXZK1BW,,"MISSION Boat Gear Heavy Duty Outddor CASSI Tote Boat Bag, Mesh Beach Bag | Multiple Colors, Waterproof Base, Boat Cabin Storage, Mesh, Boat, Beach, Grocery, Travel, Pool, Premium Marine Gear",Sports & Outdoors > Sports > Boating & Sailing > Boating > Boat Cabin Products > Storage,US,49.0,13.72,3.92,8.22,0.15,475.0,290.0,4.5,0.55,10000.0,1.0,20.0,50.0,25.0,20.0,20.0,75.0,35.0,65.0,B,"observed:price,sales,reviews,rating,fba_fee; estimated:search_volume,cpc",estimated_default_costs,Imported from Sorftime; ASIN B0CZXZK1BW; brand MISSION,https://www.amazon.com/dp/B0CZXZK1BW,54.7,Watch or collect more data,15.79,0.3222,7500.25,83.1,36.8,49.8,22.0,78.0,supplier quote required; estimated profit is not a rejection gate,,,,,,,,,,,,,,
category:Tool Trays,15709201,Tool Trays,Tools & Home Improvement > Storage & Home Organization > Tool Organizers > Tool Trays,B0D3TCVJPK,,"Magnetic Socket Holder Organizer Set: 9-Piece Detachable 1/4, 3/8, 1/2 Socket Trays Socket Organizer for Tool Box Drawer Holds 120-Piece Standard Size Sockets for Automotive Garage(Blue Red Green)",Tools & Home Improvement > Storage & Home Organization > Tool Organizers > Tool Trays,US,39.99,11.2,3.2,8.25,0.15,1412.0,265.0,4.4,0.55,10000.0,1.0,20.0,50.0,25.0,20.0,20.0,75.0,35.0,65.0,B,"observed:price,sales,reviews,rating,fba_fee; estimated:search_volume,cpc",estimated_default_costs,Imported from Sorftime; ASIN B0D3TCVJPK; brand SEDY,https://www.amazon.com/dp/B0D3TCVJPK,54.6,Watch or collect more data,11.34,0.2836,16014.2,87.3,40.8,37.2,22.0,78.0,supplier quote required; estimated profit is not a rejection gate,,,,,,,,,,,,,,
category:Storage,3397571,Storage,Sports & Outdoors > Sports > Boating & Sailing > Boating > Boat Cabin Products > Storage,B0GM1FW3J1,,"Seaperk Boat Caddy Organizer, 3-in-1 Mount (Screw/Fishing Boat Track/Clamp-On), Removable Divider Card & Anti-Slip Pad, Fits 40oz Tumbler, for Boat Kayak Tree Stand Bicycle Walker Wheelchair",Sports & Outdoors > Sports > Boating & Sailing > Boating > Boat Cabin Products > Storage,US,17.99,5.04,1.44,5.77,0.15,466.0,85.0,4.1,0.55,10000.0,1.0,20.0,50.0,25.0,20.0,20.0,75.0,35.0,65.0,B,"observed:price,sales,reviews,rating,fba_fee; estimated:search_volume,cpc",estimated_default_costs,Imported from Sorftime; ASIN B0GM1FW3J1; brand Seaperk,https://www.amazon.com/dp/B0GM1FW3J1,54.1,Watch or collect more data,3.04,0.1691,1417.34,81.6,60.3,1.2,22.0,78.0,supplier quote required; estimated profit is not a rejection gate,,,,,,,,,,,,,,
category:Toilet Brushes & Holders,85975011,Toilet Brushes & Holders,Home & Kitchen > Cleaning Supplies > Household Cleaning > Cleaning Tools > Brushes > Toilet Brushes & Holders,B0FPVS8NGD,,"Disposable Toilet Bowl Brush with 36 Count Refills, Toilet Cleaning Stick,Toilet Bowl Cleaner Holder and Set, Toilet Cleaning System Starter Kit",Home & Kitchen > Cleaning Supplies > Household Cleaning > Cleaning Tools > Brushes > Toilet Brushes & Holders,US,24.99,7.0,2.0,6.78,0.15,2068.0,161.0,4.5,0.55,10000.0,1.0,20.0,50.0,25.0,20.0,20.0,75.0,35.0,65.0,B,"observed:price,sales,reviews,rating,fba_fee; estimated:search_volume,cpc",estimated_default_costs,Imported from Sorftime; ASIN B0FPVS8NGD; brand MNWHUC,https://www.amazon.com/dp/B0FPVS8NGD,53.8,Watch or collect more data,5.46,0.2185,11294.38,87.3,46.8,20.9,22.0,78.0,supplier quote required; estimated profit is not a rejection gate,,,,,,,,,,,,,,
category:Wine Pourers,678498011,Wine Pourers,Home & Kitchen > Kitchen & Dining > Kitchen Utensils & Gadgets > Bar & Wine Tools > Wine Stoppers & Pourers > Wine Pourers,B002J8RRAM,,"Spill-Stop 285-50 Chrome Tapered Pourer Dispenser, Spouts Liquor Bottle Pourer with Poly-Cork, Black/Silver, 12 Units",Home & Kitchen > Kitchen & Dining > Kitchen Utensils & Gadgets > Bar & Wine Tools > Wine Stoppers & Pourers > Wine Pourers,US,25.28,7.08,2.02,4.17,0.15,410.0,154.0,4.3,0.55,10000.0,1.0,20.0,50.0,25.0,20.0,20.0,75.0,35.0,65.0,B,"observed:price,sales,reviews,rating,fba_fee; estimated:search_volume,cpc",estimated_default_costs,Imported from Sorftime; ASIN B002J8RRAM; brand Spill-Stop,https://www.amazon.com/dp/B002J8RRAM,53.0,Watch or collect more data,8.22,0.3251,3369.38,72.3,50.8,23.2,22.0,78.0,supplier quote required; estimated profit is not a rejection gate,,,,,,,,,,,,,,
category:Push Brooms,14253851,Push Brooms,Home & Kitchen > Cleaning Supplies > Household Cleaning > Cleaning Tools > Sweeping > Brooms > Push Brooms,B0H35LT94R,,"Floor Scrub Brush with Squeegee Long Handle 3 in 1 tub Brush 52‘‘ 2026 Upgraded Multi-Functional Stiff Bristle Cleaning Scrub Brush Rotating Tile Brush for Cleaning Bathroom Patio, Pool, Garage",Home & Kitchen > Cleaning Supplies > Household Cleaning > Cleaning Tools > Sweeping > Brooms > Push Brooms,US,21.59,6.05,1.73,6.38,0.15,908.0,131.0,4.3,0.55,10000.0,1.0,20.0,50.0,25.0,20.0,20.0,75.0,35.0,65.0,B,"observed:price,sales,reviews,rating,fba_fee; estimated:search_volume,cpc",estimated_default_costs,Imported from Sorftime; ASIN B0H35LT94R; brand ARAINY,https://www.amazon.com/dp/B0H35LT94R,52.9,Watch or collect more data,4.19,0.1941,3805.88,87.3,50.8,8.0,22.0,78.0,supplier quote required; estimated profit is not a rejection gate,,,,,,,,,,,,,,
category:Bowls,3400711,Bowls,Sports & Outdoors > Outdoor Recreation > Camping & Hiking > Camp Kitchen > Dishes & Utensils > Bowls,B0DPNMPMVS,,"Coghlan‘s Snapfold™ Bowls 2-Pack – Collapsible, Lightweight and Leakproof for Camping, Hiking, Travel, Picnics, and Outdoor Adventures, BPA-Free, Foldable Space-Saving Design for Easy Storage",Sports & Outdoors > Outdoor Recreation > Camping & Hiking > Camp Kitchen > Dishes & Utensils > Bowls,US,14.99,4.2,1.2,3.36,0.15,684.0,178.0,4.3,0.55,10000.0,1.0,20.0,50.0,25.0,20.0,20.0,75.0,35.0,65.0,B,"observed:price,sales,reviews,rating,fba_fee; estimated:search_volume,cpc",estimated_default_costs,Imported from Sorftime; ASIN B0DPNMPMVS; brand Coghlan’s,https://www.amazon.com/dp/B0DPNMPMVS,52.7,Watch or collect more data,3.98,0.2656,2723.35,87.3,50.8,7.0,22.0,78.0,supplier quote required; estimated profit is not a rejection gate,,,,,,,,,,,,,,
category:Angle Brooms,14253831,Angle Brooms,Home & Kitchen > Cleaning Supplies > Household Cleaning > Cleaning Tools > Sweeping > Brooms > Angle Brooms,B0GKLCLL5X,,"Corn Broom Outdoor, Household Indoor and Outdoor Broom Suitable for Sweeping Gravel, Fallen Leaves and Sand on Yard, Garage, Lawn, Stone Path and Concrete Floor",Home & Kitchen > Cleaning Supplies > Household Cleaning > Cleaning Tools > Sweeping > Brooms > Angle Brooms,US,21.99,6.16,1.76,7.74,0.15,677.0,198.0,3.8,0.55,10000.0,1.0,20.0,50.0,25.0,20.0,20.0,75.0,35.0,65.0,B,"observed:price,sales,reviews,rating,fba_fee; estimated:search_volume,cpc",estimated_default_costs,Imported from Sorftime; ASIN B0GKLCLL5X; brand TrueYee,https://www.amazon.com/dp/B0GKLCLL5X,52.7,Watch or collect more data,3.03,0.1379,2052.33,87.3,52.8,3.0,22.0,78.0,supplier quote required; estimated profit is not a rejection gate,,,,,,,,,,,,,,
category:Buckets,2245509011,Buckets,Home & Kitchen > Cleaning Supplies > Household Cleaning > Cleaning Tools > Mopping > Buckets,B0FJDHYTYD,,"DecorRack 2 Plastic Wash Basins, Large 10 Quart Graduated Bucket, Portable Washbasin for Washing, Cleaning, Foot Bath, Dishes, Face Cleansing Bowl, Black (2 Pack)",Home & Kitchen > Cleaning Supplies > Household Cleaning > Cleaning Tools > Mopping > Buckets,US,24.99,7.0,2.0,9.17,0.15,813.0,102.0,4.3,0.55,10000.0,1.0,20.0,50.0,25.0,20.0,20.0,75.0,35.0,65.0,B,"observed:price,sales,reviews,rating,fba_fee; estimated:search_volume,cpc",estimated_default_costs,Imported from Sorftime; ASIN B0FJDHYTYD; brand DecorRack,https://www.amazon.com/dp/B0FJDHYTYD,52.2,Watch or collect more data,3.07,0.1229,2497.13,87.3,50.8,4.3,22.0,78.0,supplier quote required; estimated profit is not a rejection gate,,,,,,,,,,,,,,
category:Tool Trays,15709201,Tool Trays,Tools & Home Improvement > Storage & Home Organization > Tool Organizers > Tool Trays,B0CJJD5BZQ,,"Magnetic Socket Organizer Set, 6PCS Socket Holder, 1/4“, 3/8“, 1/2“ Sockets Holds 143 Pieces Magnetic Sockets Trays (Blue&red, 6 Pcs)",Tools & Home Improvement > Storage & Home Organization > Tool Organizers > Tool Trays,US,36.99,10.36,2.96,9.32,0.15,3273.0,689.0,4.5,0.55,10000.0,1.0,20.0,50.0,25.0,20.0,20.0,75.0,35.0,65.0,B,"observed:price,sales,reviews,rating,fba_fee; estimated:search_volume,cpc",estimated_default_costs,Imported from Sorftime; ASIN B0CJJD5BZQ; brand SWANLAKE GARDEN TOOLS,https://www.amazon.com/dp/B0CJJD5BZQ,45.0,Reject,8.8,0.2379,28807.31,87.3,24.3,27.6,22.0,78.0,supplier quote required; estimated profit is not a rejection gate; review count above 600,,,,,,,,,,,,,,
category:Decorative Garden Stools,3563985011,Decorative Garden Stools,"Patio, Lawn & Garden > Outdoor Décor > Decorative Garden Stools",B0H49HFY43,,"zaowofires Solid Wooden Stool,Plant Stand,Step Stool,Light Walnut,10“ H","Patio, Lawn & Garden > Outdoor Décor > Decorative Garden Stools",US,32.99,9.24,2.64,8.26,0.15,1151.0,229.0,4.6,0.55,10000.0,1.0,20.0,50.0,25.0,20.0,20.0,75.0,35.0,65.0,B,"observed:price,sales,reviews,rating,fba_fee; estimated:search_volume,cpc",estimated_default_costs,Imported from Sorftime; ASIN B0H49HFY43; brand zaowofires,https://www.amazon.com/dp/B0H49HFY43,45.0,Reject,7.9,0.2395,9094.63,87.3,36.8,25.8,22.0,78.0,supplier quote required; estimated profit is not a rejection gate,,,,,,,,,,,,,,
category:Dust Mops,23537023011,Dust Mops,Home & Kitchen > Cleaning Supplies > Household Cleaning > Cleaning Tools > Mopping > Wet & Dry Mops > Dust Mops,B0G7G9BGXH,,"ZHAYAO Sweeper Mop System with 3 Reusable Microfiber Mop Pads | Dry and Wet Multi Surface Floor Cleaner, Includes 1 Mop + 3 Washable Refills for Hardwood, Tile, and Laminate Floor Cleaning",Home & Kitchen > Cleaning Supplies > Household Cleaning > Cleaning Tools > Mopping > Wet & Dry Mops > Dust Mops,US,16.99,4.76,1.36,5.77,0.15,2591.0,333.0,4.3,0.55,10000.0,1.0,20.0,50.0,25.0,20.0,20.0,75.0,35.0,65.0,B,"observed:price,sales,reviews,rating,fba_fee; estimated:search_volume,cpc",estimated_default_costs,Imported from Sorftime; ASIN B0G7G9BGXH; brand ZHAYAO,https://www.amazon.com/dp/B0G7G9BGXH,45.0,Reject,2.55,0.1502,6610.94,87.3,40.8,16.0,22.0,78.0,supplier quote required; estimated profit is not a rejection gate,,,,,,,,,,,,,,
category:Mops & Bucket Sets,23537016011,Mops & Bucket Sets,Home & Kitchen > Cleaning Supplies > Household Cleaning > Cleaning Tools > Mopping > Mops & Bucket Sets,B0DBV4J2D1,,"JOYMOOP Pink Mop and Bucket with Wringer Set for Home, with 3 Reusable Microfiber Mop Pads, Hands-Free Self-Cleaning System, Suitable for Floor Cleaning and Wall Cleaner",Home & Kitchen > Cleaning Supplies > Household Cleaning > Cleaning Tools > Mopping > Mops & Bucket Sets,US,37.99,10.64,3.04,9.55,0.15,1089.0,762.0,4.3,0.55,10000.0,1.0,20.0,50.0,25.0,20.0,20.0,75.0,35.0,65.0,B,"observed:price,sales,reviews,rating,fba_fee; estimated:search_volume,cpc",estimated_default_costs,Imported from Sorftime; ASIN B0DBV4J2D1; brand JOYMOOP,https://www.amazon.com/dp/B0DBV4J2D1,45.0,Reject,9.06,0.2385,9867.97,87.3,28.3,28.1,22.0,78.0,supplier quote required; estimated profit is not a rejection gate; review count above 600,,,,,,,,,,,,,,
category:Bottle Openers,3109475011,Bottle Openers,Home & Kitchen > Kitchen & Dining > Kitchen Utensils & Gadgets > Bar & Wine Tools > Corkscrews & Openers > Bottle Openers,B0BRK7R9W5,,QTLCOHD 20 Pack Flat Bottle Opener - 7 Inch Stainless Steel Bottle Openers,Home & Kitchen > Kitchen & Dining > Kitchen Utensils & Gadgets > Bar & Wine Tools > Corkscrews & Openers > Bottle Openers,US,24.99,7.0,2.0,7.65,0.15,490.0,153.0,4.6,0.55,10000.0,1.0,20.0,50.0,25.0,20.0,20.0,75.0,35.0,65.0,B,"observed:price,sales,reviews,rating,fba_fee; estimated:search_volume,cpc",estimated_default_costs,Imported from Sorftime; ASIN B0BRK7R9W5; brand QTLCOHD,https://www.amazon.com/dp/B0BRK7R9W5,45.0,Reject,4.59,0.1837,2249.83,85.6,46.8,3.6,22.0,78.0,supplier quote required; estimated profit is not a rejection gate,,,,,,,,,,,,,,
category:Screwpull Levers,13825981,Screwpull Levers,Home & Kitchen > Kitchen & Dining > Kitchen Utensils & Gadgets > Bar & Wine Tools > Corkscrews & Openers > Screwpull Levers,B08MJ7FMV1,,Forge Quality Compact Vertical Lever Corkscrew Wine Opener with Foil Cutter. 3 Seconds to Open a Bottle of Wine. Metallic Bronze,Home & Kitchen > Kitchen & Dining > Kitchen Utensils & Gadgets > Bar & Wine Tools > Corkscrews & Openers > Screwpull Levers,US,27.95,7.83,2.24,4.87,0.15,2473.0,421.0,4.4,0.55,10000.0,1.0,20.0,50.0,25.0,20.0,20.0,75.0,35.0,65.0,B,"observed:price,sales,reviews,rating,fba_fee; estimated:search_volume,cpc",estimated_default_costs,Imported from Sorftime; ASIN B08MJ7FMV1; brand Forge,https://www.amazon.com/dp/B08MJ7FMV1,45.0,Reject,8.82,0.3155,21805.68,87.3,28.3,36.4,22.0,78.0,supplier quote required; estimated profit is not a rejection gate,,,,,,,,,,,,,,
category:Ice Buckets,678496011,Ice Buckets,Home & Kitchen > Kitchen & Dining > Kitchen Utensils & Gadgets > Bar & Wine Tools > Ice Buckets & Tongs > Ice Buckets,B0CNQNGRNJ,,"Colorlaza Metal Buckets with Handle 6 Pcs – Galvanized Bucket Leak Proof & Rust Resistant 48 fl oz Capacity - Best for Party Décor, Organizing & Decorating Classrooms Easter Bucket 6.3“",Home & Kitchen > Kitchen & Dining > Kitchen Utensils & Gadgets > Bar & Wine Tools > Ice Buckets & Tongs > Ice Buckets,US,27.99,7.84,2.24,8.02,0.15,1126.0,389.0,4.6,0.55,10000.0,1.0,70.0,50.0,25.0,20.0,20.0,75.0,35.0,65.0,B,"observed:price,sales,reviews,rating,fba_fee; estimated:search_volume,cpc",estimated_default_costs,Imported from Sorftime; ASIN B0CNQNGRNJ; brand colorlaza,https://www.amazon.com/dp/B0CNQNGRNJ,45.0,Reject,5.69,0.2033,6408.63,87.3,36.8,16.8,32.0,68.0,supplier quote required; estimated profit is not a rejection gate; high seasonality,,,,,,,,,,,,,,
category:Ice Tongs,678497011,Ice Tongs,Home & Kitchen > Kitchen & Dining > Kitchen Utensils & Gadgets > Bar & Wine Tools > Ice Buckets & Tongs > Ice Tongs,B0B13Q2NLV,,"Barfly Ice Tong, Stainless, 7.1 Inch",Home & Kitchen > Kitchen & Dining > Kitchen Utensils & Gadgets > Bar & Wine Tools > Ice Buckets & Tongs > Ice Tongs,US,15.2,4.26,1.22,4.18,0.15,383.0,150.0,4.4,0.55,10000.0,1.0,20.0,50.0,25.0,20.0,20.0,75.0,35.0,65.0,B,"observed:price,sales,reviews,rating,fba_fee; estimated:search_volume,cpc",estimated_default_costs,Imported from Sorftime; ASIN B0B13Q2NLV; brand Barfly,https://www.amazon.com/dp/B0B13Q2NLV,45.0,Reject,3.26,0.2145,1248.58,67.8,50.8,0.7,22.0,78.0,supplier quote required; estimated profit is not a rejection gate,,,,,,,,,,,,,,
category:Wine Pourers,678498011,Wine Pourers,Home & Kitchen > Kitchen & Dining > Kitchen Utensils & Gadgets > Bar & Wine Tools > Wine Stoppers & Pourers > Wine Pourers,B07LDZCPH1,,Norway’s Secret Wine Filter | Triple Award-Winner | No More Wine Drops or Wands Needed | Sulfite & Histamine Remover | 100% Natural Wine Purifier | 18 Pack,Home & Kitchen > Kitchen & Dining > Kitchen Utensils & Gadgets > Bar & Wine Tools > Wine Stoppers & Pourers > Wine Pourers,US,30.95,8.67,2.48,3.25,0.15,668.0,1139.0,4.3,0.55,10000.0,1.0,20.0,50.0,25.0,20.0,20.0,75.0,35.0,65.0,B,"observed:price,sales,reviews,rating,fba_fee; estimated:search_volume,cpc",estimated_default_costs,Imported from Sorftime; ASIN B07LDZCPH1; brand Wine Balanced,https://www.amazon.com/dp/B07LDZCPH1,45.0,Reject,11.91,0.3847,7954.21,87.3,18.3,51.6,22.0,78.0,supplier quote required; estimated profit is not a rejection gate; review count above 600,,,,,,,,,,,,,,
category:Electric Fondue Pots,17384862011,Electric Fondue Pots,Home & Kitchen > Kitchen & Dining > Kitchen Utensils & Gadgets > Cheese Tools > Fondue > Electric Fondue Pots,B0FJDZP6S7,,"LUSHYUM Electric Chocolate Melting Pot with 2 Insert Pots, 4-Cup Chocolate",Home & Kitchen > Kitchen & Dining > Kitchen Utensils & Gadgets > Cheese Tools > Fondue > Electric Fondue Pots,US,39.99,11.2,3.2,7.2,0.15,1129.0,661.0,4.5,0.55,10000.0,1.0,20.0,50.0,25.0,20.0,20.0,75.0,35.0,65.0,B,"observed:price,sales,reviews,rating,fba_fee; estimated:search_volume,cpc",estimated_default_costs,Imported from Sorftime; ASIN B0FJDZP6S7; brand LUSHYUM,https://www.amazon.com/dp/B0FJDZP6S7,45.0,Reject,12.39,0.3099,13990.0,87.3,24.3,42.8,22.0,78.0,supplier quote required; estimated profit is not a rejection gate; review count above 600,,,,,,,,,,,,,,
category:Pitters,678503011,Pitters,Home & Kitchen > Kitchen & Dining > Kitchen Utensils & Gadgets > Fruit & Vegetable Tools > Corers & Pitters > Pitters,B0G2YS569P,,Cherry Pitter - Makmzoon Multi Cherries Corer Stainless Steel Pitter Tool Making Cherry Jam - 7 Cherries,Home & Kitchen > Kitchen & Dining > Kitchen Utensils & Gadgets > Fruit & Vegetable Tools > Corers & Pitters > Pitters,US,12.99,3.64,1.04,4.47,0.15,3564.0,522.0,4.2,0.55,10000.0,1.0,20.0,50.0,25.0,20.0,20.0,75.0,35.0,65.0,B,"observed:price,sales,reviews,rating,fba_fee; estimated:search_volume,cpc",estimated_default_costs,Imported from Sorftime; ASIN B0G2YS569P; brand Makmzoon,https://www.amazon.com/dp/B0G2YS569P,45.0,Reject,1.89,0.1456,6741.31,87.3,28.3,16.4,22.0,78.0,supplier quote required; estimated profit is not a rejection gate,,,,,,,,,,,,,,
category:Potato Mashers,678504011,Potato Mashers,Home & Kitchen > Kitchen & Dining > Kitchen Utensils & Gadgets > Fruit & Vegetable Tools > Potato Mashers & Ricers > Potato Mashers,B0F7XCV6CQ,,"Stainless Steel Meat Chopper, Stainless Steel Meat Masher, 11 Inch, Ground Beef Chopper Tool, Metal Meat Masher, Ground Meat Smasher, Hamburger Smasher Tool",Home & Kitchen > Kitchen & Dining > Kitchen Utensils & Gadgets > Fruit & Vegetable Tools > Potato Mashers & Ricers > Potato Mashers,US,13.99,3.92,1.12,4.45,0.15,869.0,193.0,4.6,0.55,10000.0,1.0,20.0,50.0,25.0,20.0,20.0,75.0,35.0,65.0,B,"observed:price,sales,reviews,rating,fba_fee; estimated:search_volume,cpc",estimated_default_costs,Imported from Sorftime; ASIN B0F7XCV6CQ; brand ANZIUS,https://www.amazon.com/dp/B0F7XCV6CQ,45.0,Reject,2.4,0.1717,2086.9,87.3,46.8,3.1,22.0,78.0,supplier quote required; estimated profit is not a rejection gate,,,,,,,,,,,,,,
category:Potato Ricers,678505011,Potato Ricers,Home & Kitchen > Kitchen & Dining > Kitchen Utensils & Gadgets > Fruit & Vegetable Tools > Potato Mashers & Ricers > Potato Ricers,B0DPWTT7BJ,,"AHFLRITO Potato ricer, Heavy Duty Ricer for Mashed Potatoes, Large Potato Masher Stainless Steel with Ergonomic Handle, Efficiently for Fluffy Mashed Potatoes",Home & Kitchen > Kitchen & Dining > Kitchen Utensils & Gadgets > Fruit & Vegetable Tools > Potato Mashers & Ricers > Potato Ricers,US,15.99,4.48,1.28,6.22,0.15,439.0,279.0,4.4,0.55,10000.0,1.0,20.0,50.0,25.0,20.0,20.0,75.0,35.0,65.0,B,"observed:price,sales,reviews,rating,fba_fee; estimated:search_volume,cpc",estimated_default_costs,Imported from Sorftime; ASIN B0DPWTT7BJ; brand AHFLRITO,https://www.amazon.com/dp/B0DPWTT7BJ,45.0,Reject,1.61,0.1008,707.45,77.1,40.8,0.0,22.0,78.0,supplier quote required; estimated profit is not a rejection gate,,,,,,,,,,,,,,
category:Digital Scales,678508011,Digital Scales,Home & Kitchen > Kitchen & Dining > Kitchen Utensils & Gadgets > Measuring Tools & Scales > Kitchen Scales > Digital Scales,B09B4CB7C1,,"Greater Goods Coffee Scale with Timer, 0.1g Precision for Espresso & Matcha",Home & Kitchen > Kitchen & Dining > Kitchen Utensils & Gadgets > Measuring Tools & Scales > Kitchen Scales > Digital Scales,US,29.99,8.4,2.4,4.87,0.15,2489.0,2451.0,4.4,0.55,10000.0,1.0,20.0,50.0,25.0,20.0,20.0,75.0,35.0,65.0,B,"observed:price,sales,reviews,rating,fba_fee; estimated:search_volume,cpc",estimated_default_costs,Imported from Sorftime; ASIN B09B4CB7C1; brand Greater Goods,https://www.amazon.com/dp/B09B4CB7C1,45.0,Reject,9.82,0.3275,24445.71,87.3,18.3,40.0,22.0,78.0,supplier quote required; estimated profit is not a rejection gate; review count above 600,,,,,,,,,,,,,,
category:Choppers,678514011,Choppers,Home & Kitchen > Kitchen & Dining > Kitchen Utensils & Gadgets > Seasoning & Spice Tools > Choppers & Mincers > Choppers,B0C84G1C5C,,KELEYU Commercial Vegetable Replacement Chopper 1/4’’ Blade | Replacement Chopper Dicer Stainless Steel Blade and Pusher Block for Fruit Cutting Machine Tomato onion French Fries Cutter,Home & Kitchen > Kitchen & Dining > Kitchen Utensils & Gadgets > Seasoning & Spice Tools > Choppers & Mincers > Choppers,US,18.99,5.32,1.52,4.86,0.15,762.0,290.0,4.5,0.55,10000.0,1.0,20.0,50.0,25.0,20.0,20.0,75.0,35.0,65.0,B,"observed:price,sales,reviews,rating,fba_fee; estimated:search_volume,cpc",estimated_default_costs,Imported from Sorftime; ASIN B0C84G1C5C; brand KELEYU,https://www.amazon.com/dp/B0C84G1C5C,45.0,Reject,4.44,0.2339,3384.42,87.3,36.8,6.8,22.0,78.0,supplier quote required; estimated profit is not a rejection gate,,,,,,,,,,,,,,
category:Garlic Presses,678518011,Garlic Presses,Home & Kitchen > Kitchen & Dining > Kitchen Utensils & Gadgets > Seasoning & Spice Tools > Garlic Tools > Garlic Presses,B0FRS5Y33B,,"Brigii Burger Press, 5.5“ 304 Stainless Steel Hamburger Press Patty Maker | Spring back design, thickness guide 100g-400g, easy release, no coating, no rust, dishwasher safe, for ground beef patties",Home & Kitchen > Kitchen & Dining > Kitchen Utensils & Gadgets > Seasoning & Spice Tools > Garlic Tools > Garlic Presses,US,28.99,8.12,2.32,5.93,0.15,2608.0,788.0,4.6,0.55,10000.0,1.0,20.0,50.0,25.0,20.0,20.0,75.0,35.0,65.0,B,"observed:price,sales,reviews,rating,fba_fee; estimated:search_volume,cpc",estimated_default_costs,Imported from Sorftime; ASIN B0FRS5Y33B; brand Brigii,https://www.amazon.com/dp/B0FRS5Y33B,45.0,Reject,8.27,0.2853,21572.07,87.3,24.3,31.3,22.0,78.0,supplier quote required; estimated profit is not a rejection gate; review count above 600,,,,,,,,,,,,,,
category:Cups & Mugs,3400731,Cups & Mugs,Sports & Outdoors > Outdoor Recreation > Camping & Hiking > Camp Kitchen > Dishes & Utensils > Cups & Mugs,B0D94QC2J6,,16 oz Stainless Steel Pint Cups-Stackable Metal Drinking Glasses 4 Pcs,Sports & Outdoors > Outdoor Recreation > Camping & Hiking > Camp Kitchen > Dishes & Utensils > Cups & Mugs,US,18.99,5.32,1.52,4.11,0.15,1121.0,309.0,4.6,0.55,10000.0,1.0,20.0,50.0,25.0,20.0,20.0,75.0,35.0,65.0,B,"observed:price,sales,reviews,rating,fba_fee; estimated:search_volume,cpc",estimated_default_costs,Imported from Sorftime; ASIN B0D94QC2J6; brand VINUR,https://www.amazon.com/dp/B0D94QC2J6,45.0,Reject,5.19,0.2734,5819.67,87.3,36.8,17.3,22.0,78.0,supplier quote required; estimated profit is not a rejection gate,,,,,,,,,,,,,,
category:Mess Kits,3400751,Mess Kits,Sports & Outdoors > Outdoor Recreation > Camping & Hiking > Camp Kitchen > Dishes & Utensils > Mess Kits,B0B3HC5J77,,"Odoland Stainless Steel Camping Mess Kit for Outdoor Family & Person | Cooking Tableware Utensils with Plates Bowls Forks Spoons Knives & Savings Bag for Camping, Backpacking, Hiking, Picnic",Sports & Outdoors > Outdoor Recreation > Camping & Hiking > Camp Kitchen > Dishes & Utensils > Mess Kits,US,26.99,7.56,2.16,6.58,0.15,1944.0,598.0,4.6,0.55,10000.0,1.0,20.0,50.0,25.0,20.0,20.0,75.0,35.0,65.0,B,"observed:price,sales,reviews,rating,fba_fee; estimated:search_volume,cpc",estimated_default_costs,Imported from Sorftime; ASIN B0B3HC5J77; brand Odoland,https://www.amazon.com/dp/B0B3HC5J77,45.0,Reject,6.64,0.2461,12911.08,87.3,24.3,23.3,22.0,78.0,supplier quote required; estimated profit is not a rejection gate,,,,,,,,,,,,,,
category:Cleaning Tools,3398891,Cleaning Tools,Sports & Outdoors > Sports > Boating & Sailing > Boating > Maintenance Supplies > Cleaning Tools,B0000AY4SE,,"STAR BRITE 8-Inch Medium Bristle Wash Brush for Boat, RV & Auto",Sports & Outdoors > Sports > Boating & Sailing > Boating > Maintenance Supplies > Cleaning Tools,US,23.59,6.61,1.89,4.25,0.15,578.0,579.0,4.6,0.55,10000.0,1.0,20.0,50.0,25.0,20.0,20.0,65.0,20.0,53.8,C,"observed:price,sales,reviews,rating; estimated:fba_fee,search_volume,cpc",estimated_default_costs,Imported from Sorftime; ASIN B0000AY4SE; brand STAR BRITE,https://www.amazon.com/dp/B0000AY4SE,45.0,Reject,7.3,0.3095,4220.27,87.3,24.3,21.7,22.0,78.0,supplier quote required; estimated profit is not a rejection gate; evidence confidence below supplier-validation threshold,,,,,,,,,,,,,,
category:Toilet Assistance Cushions,8624797011,Toilet Assistance Cushions,Tools & Home Improvement > Kitchen & Bath Fixtures > Bathroom Fixtures > Bathroom Safety & Accessibility > Toilets & Toilet Aids > Toilet Assistance Cushions,B0F17PFW6G,,"Padded Toilet Seat Cushion with 2-Inch High-Density Foam & Waterproof PU Fabric, U-Shape Padded Toilet Cushion - Secure Hook & Loop Tape, Fits Standard Toilets (Grey)",Tools & Home Improvement > Kitchen & Bath Fixtures > Bathroom Fixtures > Bathroom Safety & Accessibility > Toilets & Toilet Aids > Toilet Assistance Cushions,US,29.99,8.4,2.4,8.02,0.15,428.0,147.0,4.1,0.55,10000.0,1.0,20.0,50.0,25.0,20.0,20.0,75.0,35.0,65.0,B,"observed:price,sales,reviews,rating,fba_fee; estimated:search_volume,cpc",estimated_default_costs,Imported from Sorftime; ASIN B0F17PFW6G; brand DOMSCIEN,https://www.amazon.com/dp/B0F17PFW6G,45.0,Reject,6.67,0.2225,2855.4,75.3,52.8,8.6,22.0,78.0,supplier quote required; estimated profit is not a rejection gate,,,,,,,,,,,,,,
category:Toilet Safety Frames & Rails,3775391,Toilet Safety Frames & Rails,Tools & Home Improvement > Kitchen & Bath Fixtures > Bathroom Fixtures > Bathroom Safety & Accessibility > Toilets & Toilet Aids > Toilet Safety Frames & Rails,B0C8P6DFV8,,"PELEGON Toilet Safety Rails (350 lb) - Adjustable Toilet Safety Frame & Rails, Toilet Safety Rail for Elderly Adults, Toilet Handles for Seniors, Toilet Bars for Elderly & Handicap",Tools & Home Improvement > Kitchen & Bath Fixtures > Bathroom Fixtures > Bathroom Safety & Accessibility > Toilets & Toilet Aids > Toilet Safety Frames & Rails,US,69.97,19.59,5.6,9.56,0.15,4057.0,1732.0,4.6,0.55,10000.0,1.0,20.0,50.0,25.0,20.0,20.0,75.0,35.0,65.0,B,"observed:price,sales,reviews,rating,fba_fee; estimated:search_volume,cpc",estimated_default_costs,Imported from Sorftime; ASIN B0C8P6DFV8; brand PELEGON,https://www.amazon.com/dp/B0C8P6DFV8,45.0,Reject,24.72,0.3534,100307.3,87.3,14.3,73.2,22.0,78.0,supplier quote required; estimated profit is not a rejection gate; review count above 600,,,,,,,,,,,,,,
category:Tool Pouches,322568011,Tool Pouches,Tools & Home Improvement > Storage & Home Organization > Tool Organizers > Tool Pouches,B0CLYN2NWP,,"Klein Tools MODbox Tool Pouch, Electrician Bag, Quickly Attach and Release from Tool Belts and MODBox Rail System",Tools & Home Improvement > Storage & Home Organization > Tool Organizers > Tool Pouches,US,19.98,5.59,1.6,6.38,0.15,964.0,329.0,4.2,0.55,10000.0,1.0,20.0,50.0,25.0,20.0,20.0,75.0,35.0,65.0,B,"observed:price,sales,reviews,rating,fba_fee; estimated:search_volume,cpc",estimated_default_costs,Imported from Sorftime; ASIN B0CLYN2NWP; brand KLEIN TOOLS,https://www.amazon.com/dp/B0CLYN2NWP,45.0,Reject,3.41,0.1708,3290.13,87.3,40.8,6.5,22.0,78.0,supplier quote required; estimated profit is not a rejection gate,,,,,,,,,,,,,,
category:Tool Trays,15709201,Tool Trays,Tools & Home Improvement > Storage & Home Organization > Tool Organizers > Tool Trays,B0CZQJL89S,,"SWANLAKE Socket Organizer Set 18-Piece, 1/4-Inch x 96 Clips, 3/8-Inch x 90 Clips, 1/2-Inch x 72 Clips, Socket Organizer for Tool Box Drawer, Drive Socket Trays, Socket Holder Clip Rail",Tools & Home Improvement > Storage & Home Organization > Tool Organizers > Tool Trays,US,29.99,8.4,2.4,7.76,0.15,2610.0,742.0,4.5,0.55,10000.0,1.0,20.0,50.0,25.0,20.0,20.0,75.0,35.0,65.0,B,"observed:price,sales,reviews,rating,fba_fee; estimated:search_volume,cpc",estimated_default_costs,Imported from Sorftime; ASIN B0CZQJL89S; brand SWANLAKE GARDEN TOOLS,https://www.amazon.com/dp/B0CZQJL89S,45.0,Reject,6.93,0.2311,18091.21,87.3,24.3,23.9,22.0,78.0,supplier quote required; estimated profit is not a rejection gate; review count above 600,,,,,,,,,,,,,,
category:String Mops,23537022011,String Mops,Home & Kitchen > Cleaning Supplies > Household Cleaning > Cleaning Tools > Mopping > Wet & Dry Mops > String Mops,B0GT84XZ7T,,Aegishome Self Wringing Twist Mop for Floor Cleaning,Home & Kitchen > Cleaning Supplies > Household Cleaning > Cleaning Tools > Mopping > Wet & Dry Mops > String Mops,US,19.99,5.6,1.6,5.95,0.15,270.0,45.0,4.2,0.55,10000.0,1.0,20.0,50.0,25.0,20.0,20.0,75.0,35.0,65.0,B,"observed:price,sales,reviews,rating,fba_fee; estimated:search_volume,cpc",estimated_default_costs,Imported from Sorftime; ASIN B0GT84XZ7T; brand AegisHome,https://www.amazon.com/dp/B0GT84XZ7T,45.0,Reject,3.84,0.1922,1037.2,49.0,63.3,0.1,22.0,78.0,supplier quote required; estimated profit is not a rejection gate,,,,,,,,,,,,,,
category:Hand Brooms,14253841,Hand Brooms,Home & Kitchen > Cleaning Supplies > Household Cleaning > Cleaning Tools > Sweeping > Brooms > Hand Brooms,B0FGXPBVVC,,"Indoor Broom Soft Bristle Brooms - Brooms for Sweeping Indoor Pet Hair, House Broom for Cleaning Hardwood, Tile, and Decking Surfaces Across.（Green）",Home & Kitchen > Cleaning Supplies > Household Cleaning > Cleaning Tools > Sweeping > Brooms > Hand Brooms,US,13.38,3.75,1.07,5.75,0.15,631.0,250.0,4.4,0.55,10000.0,1.0,20.0,50.0,25.0,20.0,20.0,75.0,35.0,65.0,B,"observed:price,sales,reviews,rating,fba_fee; estimated:search_volume,cpc",estimated_default_costs,Imported from Sorftime; ASIN B0FGXPBVVC; brand Zthluyc,https://www.amazon.com/dp/B0FGXPBVVC,45.0,Reject,0.8,0.06,506.69,87.3,40.8,0.0,22.0,78.0,supplier quote required; estimated profit is not a rejection gate,,,,,,,,,,,,,,
category:Kitchen Brushes,203313515011,Kitchen Brushes,Home & Kitchen > Cleaning Supplies > Household Cleaning > Cleaning Tools > Brushes > Kitchen Brushes,B0FMJYTQLT,,5 Pack Bamboo Dish Brush Set with 14’’ Bottle Brush,Home & Kitchen > Cleaning Supplies > Household Cleaning > Cleaning Tools > Brushes > Kitchen Brushes,US,16.99,4.76,1.36,5.36,0.15,2019.0,219.0,4.3,0.55,10000.0,1.0,20.0,50.0,25.0,20.0,20.0,75.0,35.0,65.0,B,"observed:price,sales,reviews,rating,fba_fee; estimated:search_volume,cpc",estimated_default_costs,Imported from Sorftime; ASIN B0FMJYTQLT; brand BONUMVITA,https://www.amazon.com/dp/B0FMJYTQLT,45.0,Reject,2.96,0.1743,5979.27,87.3,40.8,14.2,22.0,78.0,supplier quote required; estimated profit is not a rejection gate,,,,,,,,,,,,,,
category:Toilet Brushes & Holders,85975011,Toilet Brushes & Holders,Home & Kitchen > Cleaning Supplies > Household Cleaning > Cleaning Tools > Brushes > Toilet Brushes & Holders,B0G42ZFWLJ,,"Toilet Bowl Brush and Holder Set 2 Pack with 4 Extra Brush Heads (Black) | Extra Long Handle with Splash Guard Cover, Tool-Free Installation, Bathroom Space-Saving, Cleaner Sets for Apartments, RV",Home & Kitchen > Cleaning Supplies > Household Cleaning > Cleaning Tools > Brushes > Toilet Brushes & Holders,US,15.99,4.48,1.28,6.78,0.15,3015.0,210.0,4.3,0.55,10000.0,1.0,20.0,50.0,25.0,20.0,20.0,75.0,35.0,65.0,B,"observed:price,sales,reviews,rating,fba_fee; estimated:search_volume,cpc",estimated_default_costs,Imported from Sorftime; ASIN B0G42ZFWLJ; brand Bathway,https://www.amazon.com/dp/B0G42ZFWLJ,45.0,Reject,1.05,0.0658,3170.27,87.3,40.8,6.2,22.0,78.0,supplier quote required; estimated profit is not a rejection gate,,,,,,,,,,,,,,
category:Buckets,2245509011,Buckets,Home & Kitchen > Cleaning Supplies > Household Cleaning > Cleaning Tools > Mopping > Buckets,B0F4QZ2RH8,,"Cleaning Caddy with Handle, Cleaning Products Organiser, 17L Foldable Storage Basket, Cleaning Caddy Organiser, Portable Multi Cleaning Bucket Bag for Home, Garden (Black)",Home & Kitchen > Cleaning Supplies > Household Cleaning > Cleaning Tools > Mopping > Buckets,US,19.99,5.6,1.6,6.13,0.15,754.0,262.0,4.6,0.55,10000.0,1.0,20.0,50.0,25.0,20.0,20.0,75.0,35.0,65.0,B,"observed:price,sales,reviews,rating,fba_fee; estimated:search_volume,cpc",estimated_default_costs,Imported from Sorftime; ASIN B0F4QZ2RH8; brand Bototack,https://www.amazon.com/dp/B0F4QZ2RH8,45.0,Reject,3.66,0.1832,2760.77,87.3,36.8,5.0,22.0,78.0,supplier quote required; estimated profit is not a rejection gate,,,,,,,,,,,,,,
category:Edible Printer Paper & Frosting Sheets,8147491011,Edible Printer Paper & Frosting Sheets,Home & Kitchen > Kitchen & Dining > Bakeware > Decorating Tools > Edible Printer Ink & Paper > Edible Printer Paper & Frosting Sheets,B0DYNKSLX3,,"Edible Paper A4 Size, 25 Counts Icing sheets, 11.7“ x 8.3“ Frosting Sheets, Edible Image Paper for Cupcake Decoration, Sugar Sheet for Cake Printer",Home & Kitchen > Kitchen & Dining > Bakeware > Decorating Tools > Edible Printer Ink & Paper > Edible Printer Paper & Frosting Sheets,US,19.99,5.6,1.6,6.49,0.15,1341.0,179.0,4.6,0.55,10000.0,1.0,20.0,50.0,25.0,20.0,20.0,75.0,35.0,65.0,B,"observed:price,sales,reviews,rating,fba_fee; estimated:search_volume,cpc",estimated_default_costs,Imported from Sorftime; ASIN B0DYNKSLX3; brand FUTEBO,https://www.amazon.com/dp/B0DYNKSLX3,45.0,Reject,3.3,0.1652,4427.31,87.3,46.8,9.8,22.0,78.0,supplier quote required; estimated profit is not a rejection gate,,,,,,,,,,,,,,
category:Screwpull Levers,13825981,Screwpull Levers,Home & Kitchen > Kitchen & Dining > Kitchen Utensils & Gadgets > Bar & Wine Tools > Corkscrews & Openers > Screwpull Levers,B07MYDZMTY,,Stainless Steel Wine Opener Compact Vertical Corkscrew Wine Bottle Opener with Foil Cutter,Home & Kitchen > Kitchen & Dining > Kitchen Utensils & Gadgets > Bar & Wine Tools > Corkscrews & Openers > Screwpull Levers,US,45.99,12.88,3.68,6.35,0.15,684.0,2110.0,4.6,0.55,10000.0,1.0,20.0,50.0,25.0,20.0,20.0,75.0,35.0,65.0,B,"observed:price,sales,reviews,rating,fba_fee; estimated:search_volume,cpc",estimated_default_costs,Imported from Sorftime; ASIN B07MYDZMTY; brand KEISSCO,https://www.amazon.com/dp/B07MYDZMTY,45.0,Reject,16.18,0.3518,11068.15,87.3,14.3,55.9,22.0,78.0,supplier quote required; estimated profit is not a rejection gate; review count above 600,,,,,,,,,,,,,,
category:Wine Pourers,678498011,Wine Pourers,Home & Kitchen > Kitchen & Dining > Kitchen Utensils & Gadgets > Bar & Wine Tools > Wine Stoppers & Pourers > Wine Pourers,B0BZ336RGQ,,"BBTO 40 Pcs Measured Bottle Pourers Liquor, 1 Oz Auto Shot,Clear, Black | Quick Pour Spout for Alcohol Bottles, 30 Ml Precise Dispensing, Ideal for Bars Home Parties, Portion Control Mixing",Home & Kitchen > Kitchen & Dining > Kitchen Utensils & Gadgets > Bar & Wine Tools > Wine Stoppers & Pourers > Wine Pourers,US,30.99,8.68,2.48,5.36,0.15,629.0,1010.0,4.2,0.55,10000.0,1.0,20.0,50.0,25.0,20.0,20.0,75.0,35.0,65.0,B,"observed:price,sales,reviews,rating,fba_fee; estimated:search_volume,cpc",estimated_default_costs,Imported from Sorftime; ASIN B0BZ336RGQ; brand BBTO,https://www.amazon.com/dp/B0BZ336RGQ,45.0,Reject,9.82,0.3169,6177.72,87.3,18.3,33.4,22.0,78.0,supplier quote required; estimated profit is not a rejection gate; review count above 600,,,,,,,,,,,,,,
category:Corers,678502011,Corers,Home & Kitchen > Kitchen & Dining > Kitchen Utensils & Gadgets > Fruit & Vegetable Tools > Corers & Pitters > Corers,B0DJQZXFFM,,"Apple Peeler Corer, 5 In 1 Apple Peeler Slicer Corer with Stainless Steel Blades and Powerful Suction Base for Apples and Potatoes(Ruby)",Home & Kitchen > Kitchen & Dining > Kitchen Utensils & Gadgets > Fruit & Vegetable Tools > Corers & Pitters > Corers,US,26.99,7.56,2.16,6.38,0.15,569.0,96.0,4.5,0.55,10000.0,1.0,20.0,50.0,25.0,20.0,20.0,75.0,35.0,65.0,B,"observed:price,sales,reviews,rating,fba_fee; estimated:search_volume,cpc",estimated_default_costs,Imported from Sorftime; ASIN B0DJQZXFFM; brand tatida,https://www.amazon.com/dp/B0DJQZXFFM,45.0,Reject,6.84,0.2535,3892.81,87.3,54.3,12.4,22.0,78.0,brand moat: Apple; supplier quote required; estimated profit is not a rejection gate,brand moat: Apple,,,,,,,,,,,,,
category:Pitters,678503011,Pitters,Home & Kitchen > Kitchen & Dining > Kitchen Utensils & Gadgets > Fruit & Vegetable Tools > Corers & Pitters > Pitters,B0F27LFLMZ,,"Cherry Pitter for 6 Cherries, ABS Hand Press with Removable Tray | 6-cherry pitting, ABS body, removable tray, easy rinse, for jam pie canning",Home & Kitchen > Kitchen & Dining > Kitchen Utensils & Gadgets > Fruit & Vegetable Tools > Corers & Pitters > Pitters,US,12.99,3.64,1.04,3.54,0.15,411.0,165.0,4.4,0.55,10000.0,1.0,20.0,50.0,25.0,20.0,20.0,75.0,35.0,65.0,B,"observed:price,sales,reviews,rating,fba_fee; estimated:search_volume,cpc",estimated_default_costs,Imported from Sorftime; ASIN B0F27LFLMZ; brand Jux Yagom,https://www.amazon.com/dp/B0F27LFLMZ,45.0,Reject,2.82,0.2172,1159.64,72.5,50.8,0.5,22.0,78.0,supplier quote required; estimated profit is not a rejection gate,,,,,,,,,,,,,,
category:Potato Mashers,678504011,Potato Mashers,Home & Kitchen > Kitchen & Dining > Kitchen Utensils & Gadgets > Fruit & Vegetable Tools > Potato Mashers & Ricers > Potato Mashers,B0GFCF7MVS,,Stainless Steel Meat Masher: Ground Beef Chopper Hamburger Smasher Tool,Home & Kitchen > Kitchen & Dining > Kitchen Utensils & Gadgets > Fruit & Vegetable Tools > Potato Mashers & Ricers > Potato Mashers,US,16.95,4.75,1.36,4.39,0.15,276.0,85.0,4.6,0.55,10000.0,1.0,20.0,50.0,25.0,20.0,20.0,75.0,35.0,65.0,B,"observed:price,sales,reviews,rating,fba_fee; estimated:search_volume,cpc",estimated_default_costs,Imported from Sorftime; ASIN B0GFCF7MVS; brand Gogeffor,https://www.amazon.com/dp/B0GFCF7MVS,45.0,Reject,3.91,0.2305,1078.47,50.0,54.3,0.2,22.0,78.0,supplier quote required; estimated profit is not a rejection gate,,,,,,,,,,,,,,
category:Digital Scales,678508011,Digital Scales,Home & Kitchen > Kitchen & Dining > Kitchen Utensils & Gadgets > Measuring Tools & Scales > Kitchen Scales > Digital Scales,B0CJ7S41HJ,,"Coffee Scale with Timer, 0.1g High Precision Espresso Scale 3kg",Home & Kitchen > Kitchen & Dining > Kitchen Utensils & Gadgets > Measuring Tools & Scales > Kitchen Scales > Digital Scales,US,14.39,4.03,1.15,4.45,0.15,1910.0,427.0,4.3,0.55,10000.0,1.0,20.0,50.0,25.0,20.0,20.0,75.0,35.0,65.0,B,"observed:price,sales,reviews,rating,fba_fee; estimated:search_volume,cpc",estimated_default_costs,Imported from Sorftime; ASIN B0CJ7S41HJ; brand Nkove,https://www.amazon.com/dp/B0CJ7S41HJ,45.0,Reject,2.6,0.1808,4968.86,87.3,28.3,11.3,22.0,78.0,supplier quote required; estimated profit is not a rejection gate,,,,,,,,,,,,,,
category:Egg Slicers,17548242011,Egg Slicers,"Home & Kitchen > Kitchen & Dining > Kitchen Utensils & Gadgets > Peeling, Grating & Slicing Tools > Mandolines & Slicers > Egg Slicers",B0FHHBTDR3,,3 in 1 Egg Slicer for Hard Boiled Eggs with Cleaning Brush,"Home & Kitchen > Kitchen & Dining > Kitchen Utensils & Gadgets > Peeling, Grating & Slicing Tools > Mandolines & Slicers > Egg Slicers",US,14.99,4.2,1.2,5.36,0.15,494.0,152.0,4.4,0.55,10000.0,1.0,20.0,50.0,25.0,20.0,20.0,75.0,35.0,65.0,B,"observed:price,sales,reviews,rating,fba_fee; estimated:search_volume,cpc",estimated_default_costs,Imported from Sorftime; ASIN B0FHHBTDR3; brand DJBNT,https://www.amazon.com/dp/B0FHHBTDR3,45.0,Reject,1.98,0.1322,978.86,86.3,50.8,0.0,22.0,78.0,supplier quote required; estimated profit is not a rejection gate,,,,,,,,,,,,,,
category:Cups & Mugs,3400731,Cups & Mugs,Sports & Outdoors > Outdoor Recreation > Camping & Hiking > Camp Kitchen > Dishes & Utensils > Cups & Mugs,B0CWVTGJM2,,"Sea to Summit Detour Stainless Steel Collapsible 16 Ounce Camp Mug, Laurel Wreath Green",Sports & Outdoors > Outdoor Recreation > Camping & Hiking > Camp Kitchen > Dishes & Utensils > Cups & Mugs,US,16.46,4.61,1.32,3.93,0.15,804.0,312.0,4.3,0.55,10000.0,1.0,20.0,50.0,25.0,20.0,20.0,75.0,35.0,65.0,B,"observed:price,sales,reviews,rating,fba_fee; estimated:search_volume,cpc",estimated_default_costs,Imported from Sorftime; ASIN B0CWVTGJM2; brand Sea to Summit,https://www.amazon.com/dp/B0CWVTGJM2,45.0,Reject,4.13,0.251,3321.32,87.3,40.8,6.8,22.0,78.0,supplier quote required; estimated profit is not a rejection gate,,,,,,,,,,,,,,
category:Tools,3398991,Tools,Sports & Outdoors > Sports > Boating & Sailing > Boating > Maintenance Supplies > Tools,B0DZ1S48T8,,"Snap Tool for Boat Covers, Snap Removal Tool with Non-Slip Silicone Grip, Ideal Boat Tool and Marine Snap Tool",Sports & Outdoors > Sports > Boating & Sailing > Boating > Maintenance Supplies > Tools,US,12.99,3.64,1.04,4.19,0.15,410.0,88.0,4.6,0.55,10000.0,1.0,20.0,50.0,25.0,20.0,20.0,75.0,35.0,65.0,B,"observed:price,sales,reviews,rating,fba_fee; estimated:search_volume,cpc",estimated_default_costs,Imported from Sorftime; ASIN B0DZ1S48T8; brand Cnosky,https://www.amazon.com/dp/B0DZ1S48T8,45.0,Reject,2.17,0.1672,890.31,72.3,54.3,0.0,22.0,78.0,supplier quote required; estimated profit is not a rejection gate,,,,,,,,,,,,,,
category:Toilet Assistance Cushions,8624797011,Toilet Assistance Cushions,Tools & Home Improvement > Kitchen & Bath Fixtures > Bathroom Fixtures > Bathroom Safety & Accessibility > Toilets & Toilet Aids > Toilet Assistance Cushions,B0CTCL4TWP,,"Bedside Soft Commode seat Cushion, Thick Pad PU Cover with Fixing Straps for Commode Chair, Washable Toilet Seat Cushion Warmer for Elderly Adults",Tools & Home Improvement > Kitchen & Bath Fixtures > Bathroom Fixtures > Bathroom Safety & Accessibility > Toilets & Toilet Aids > Toilet Assistance Cushions,US,27.99,7.84,2.24,7.93,0.15,297.0,60.0,4.3,0.55,10000.0,1.0,20.0,50.0,25.0,20.0,20.0,75.0,35.0,65.0,B,"observed:price,sales,reviews,rating,fba_fee; estimated:search_volume,cpc",estimated_default_costs,Imported from Sorftime; ASIN B0CTCL4TWP; brand ZXMOBY,https://www.amazon.com/dp/B0CTCL4TWP,45.0,Reject,5.78,0.2066,1717.11,53.5,58.3,3.6,22.0,78.0,supplier quote required; estimated profit is not a rejection gate,,,,,,,,,,,,,,
category:Toilet Safety Frames & Rails,3775391,Toilet Safety Frames & Rails,Tools & Home Improvement > Kitchen & Bath Fixtures > Bathroom Fixtures > Bathroom Safety & Accessibility > Toilets & Toilet Aids > Toilet Safety Frames & Rails,B0DSBMZMX1,,"HOMLAND Toilet Safety Rails for Seniors, Adjustable Height & Width, 350 Lbs | Padded Armrests, Foldable Aluminum Toilet Safety Frame, Handicap Toilet Handles for Elderly and Disabled, Fit Any Toilets",Tools & Home Improvement > Kitchen & Bath Fixtures > Bathroom Fixtures > Bathroom Safety & Accessibility > Toilets & Toilet Aids > Toilet Safety Frames & Rails,US,39.99,11.2,3.2,8.29,0.15,2175.0,863.0,4.4,0.55,10000.0,1.0,20.0,50.0,25.0,20.0,20.0,75.0,35.0,65.0,B,"observed:price,sales,reviews,rating,fba_fee; estimated:search_volume,cpc",estimated_default_costs,Imported from Sorftime; ASIN B0DSBMZMX1; brand HOMLAND,https://www.amazon.com/dp/B0DSBMZMX1,45.0,Reject,11.3,0.2826,24580.76,87.3,18.3,37.0,22.0,78.0,supplier quote required; estimated profit is not a rejection gate; review count above 600,,,,,,,,,,,,,,
category:Tool Holsters,553582,Tool Holsters,Tools & Home Improvement > Storage & Home Organization > Tool Organizers > Tool Holsters,B0D8YB5RHR,,"Topstache Leather Multitool Sheath with Belt Clip - Multi Tool Holster for Belt - EDC Belt Organizer Fits Multitool, Flashlight, Pen - Leather EDC Pouch, DarkBrown",Tools & Home Improvement > Storage & Home Organization > Tool Organizers > Tool Holsters,US,22.99,6.44,1.84,3.93,0.15,449.0,365.0,4.5,0.55,10000.0,1.0,20.0,50.0,25.0,20.0,20.0,75.0,35.0,65.0,B,"observed:price,sales,reviews,rating,fba_fee; estimated:search_volume,cpc",estimated_default_costs,Imported from Sorftime; ASIN B0D8YB5RHR; brand topstache,https://www.amazon.com/dp/B0D8YB5RHR,45.0,Reject,7.33,0.3189,3291.84,78.8,36.8,20.4,22.0,78.0,supplier quote required; estimated profit is not a rejection gate,,,,,,,,,,,,,,
category:Tool Pouches,322568011,Tool Pouches,Tools & Home Improvement > Storage & Home Organization > Tool Organizers > Tool Pouches,B0G24G9R88,,"MAXPEDITION Platy Pocket Organizer, Durable EDC Tool Pouch for Men, Neck Wallet with Paracord Lanyard, Holds Flashlight, Multitool, Pen, Notebook",Tools & Home Improvement > Storage & Home Organization > Tool Organizers > Tool Pouches,US,23.99,6.72,1.92,3.94,0.15,769.0,404.0,4.6,0.55,10000.0,1.0,20.0,50.0,25.0,20.0,20.0,75.0,35.0,65.0,B,"observed:price,sales,reviews,rating,fba_fee; estimated:search_volume,cpc",estimated_default_costs,Imported from Sorftime; ASIN B0G24G9R88; brand Maxpedition,https://www.amazon.com/dp/B0G24G9R88,45.0,Reject,7.81,0.3256,6007.04,87.3,24.3,30.0,22.0,78.0,supplier quote required; estimated profit is not a rejection gate,,,,,,,,,,,,,,
category:Dust Mops,23537023011,Dust Mops,Home & Kitchen > Cleaning Supplies > Household Cleaning > Cleaning Tools > Mopping > Wet & Dry Mops > Dust Mops,B0DQQ99ND6,,"Baseboard Cleaner Tool with Handle, Extendable Long Handle Baseboard Cleaning Duster with Reusable Pads for Floorboard, Ceiling Fan Blade Cleaner Duster (Gray)",Home & Kitchen > Cleaning Supplies > Household Cleaning > Cleaning Tools > Mopping > Wet & Dry Mops > Dust Mops,US,23.89,6.69,1.91,6.33,0.15,1377.0,626.0,4.4,0.55,10000.0,1.0,20.0,50.0,25.0,20.0,20.0,75.0,35.0,65.0,B,"observed:price,sales,reviews,rating,fba_fee; estimated:search_volume,cpc",estimated_default_costs,Imported from Sorftime; ASIN B0DQQ99ND6; brand Qaestfy,https://www.amazon.com/dp/B0DQQ99ND6,45.0,Reject,5.38,0.2251,7403.44,87.3,28.3,19.0,22.0,78.0,supplier quote required; estimated profit is not a rejection gate; review count above 600,,,,,,,,,,,,,,
category:String Mops,23537022011,String Mops,Home & Kitchen > Cleaning Supplies > Household Cleaning > Cleaning Tools > Mopping > Wet & Dry Mops > String Mops,B0DZPJ82BM,,"Libman Tornado Mop with 1 Refill, Self-Wringing Cotton Twist Mop",Home & Kitchen > Cleaning Supplies > Household Cleaning > Cleaning Tools > Mopping > Wet & Dry Mops > String Mops,US,19.99,5.6,1.6,3.6,0.15,269.0,66.0,4.3,0.55,10000.0,1.0,20.0,50.0,25.0,20.0,20.0,50.0,20.0,42.5,C,"observed:sales,reviews,rating; estimated:price,fba_fee,search_volume,cpc",estimated_default_costs,Imported from Sorftime; ASIN B0DZPJ82BM; brand LIBMAN COMMERCIAL,https://www.amazon.com/dp/B0DZPJ82BM,45.0,Reject,6.19,0.3097,1665.51,48.8,58.3,12.2,22.0,78.0,supplier quote required; estimated profit is not a rejection gate; evidence confidence below supplier-validation threshold,,,,,,,,,,,,,,
category:Angle Brooms,14253831,Angle Brooms,Home & Kitchen > Cleaning Supplies > Household Cleaning > Cleaning Tools > Sweeping > Brooms > Angle Brooms,B0CPFXCNF1,,"Pine-Sol Indoor Jumbo Broom with Long, Stainless Steel Collapsible Handle for Easy Storage, Heavy Duty Angle Bristles for Wood, Tile, Linoleum, and More - Sweeps Wet or Dry Debris",Home & Kitchen > Cleaning Supplies > Household Cleaning > Cleaning Tools > Sweeping > Brooms > Angle Brooms,US,17.99,5.04,1.44,12.34,0.15,625.0,246.0,4.4,0.55,10000.0,1.0,20.0,50.0,25.0,20.0,20.0,75.0,35.0,65.0,B,"observed:price,sales,reviews,rating,fba_fee; estimated:search_volume,cpc",estimated_default_costs,Imported from Sorftime; ASIN B0CPFXCNF1; brand Pine-Sol,https://www.amazon.com/dp/B0CPFXCNF1,45.0,Reject,-3.53,-0.1961,-2205.31,87.3,40.8,0.0,22.0,78.0,supplier quote required; estimated profit is not a rejection gate,,,,,,,,,,,,,,
category:Hand Brooms,14253841,Hand Brooms,Home & Kitchen > Cleaning Supplies > Household Cleaning > Cleaning Tools > Sweeping > Brooms > Hand Brooms,B09LRZXJQF,,"SOUJOY 6 Pack Small Dustpan and Brush Set, Whisk Broom and Dust Pan with Handle, Nesting Tiny Cleaning Broom, Mini Hand Broom and Dustpan Set for Table, Desk, Keyboard, Cars and Pet Nest",Home & Kitchen > Cleaning Supplies > Household Cleaning > Cleaning Tools > Sweeping > Brooms > Hand Brooms,US,20.99,5.88,1.68,6.6,0.15,576.0,213.0,4.3,0.55,10000.0,1.0,20.0,50.0,25.0,20.0,20.0,75.0,35.0,65.0,B,"observed:price,sales,reviews,rating,fba_fee; estimated:search_volume,cpc",estimated_default_costs,Imported from Sorftime; ASIN B09LRZXJQF; brand SOUJOY,https://www.amazon.com/dp/B09LRZXJQF,45.0,Reject,3.68,0.1754,2120.54,87.3,40.8,3.2,22.0,78.0,supplier quote required; estimated profit is not a rejection gate,,,,,,,,,,,,,,
category:Buckets,2245509011,Buckets,Home & Kitchen > Cleaning Supplies > Household Cleaning > Cleaning Tools > Mopping > Buckets,B0CKT56KHF,,"Unger Professional 3-Gallon Collapsible Bucket, Portable Household Cleaning Supplies, Small Washing Buckets with Handles, Essential Water Container and Storage Organizer Tool",Home & Kitchen > Cleaning Supplies > Household Cleaning > Cleaning Tools > Mopping > Buckets,US,17.97,5.03,1.44,12.38,0.15,710.0,355.0,4.6,0.55,10000.0,1.0,20.0,50.0,25.0,20.0,20.0,75.0,35.0,65.0,B,"observed:price,sales,reviews,rating,fba_fee; estimated:search_volume,cpc",estimated_default_costs,Imported from Sorftime; ASIN B0CKT56KHF; brand UNGER,https://www.amazon.com/dp/B0CKT56KHF,45.0,Reject,-3.58,-0.199,-2538.61,87.3,36.8,0.0,22.0,78.0,supplier quote required; estimated profit is not a rejection gate,,,,,,,,,,,,,,
category:Edible Printer Paper & Frosting Sheets,8147491011,Edible Printer Paper & Frosting Sheets,Home & Kitchen > Kitchen & Dining > Bakeware > Decorating Tools > Edible Printer Ink & Paper > Edible Printer Paper & Frosting Sheets,B0CDDBBM72,,"Derzio 25 pcs Edible Paper A4 11.7“ x 8.3“ Frosting Sheets, Icing Sheets | Sugar Sheets for Cakes Printable, Cake Edible Sheets, Edible image Paper for Cake Toppers, Cakes, Cookies & Decor",Home & Kitchen > Kitchen & Dining > Bakeware > Decorating Tools > Edible Printer Ink & Paper > Edible Printer Paper & Frosting Sheets,US,29.99,8.4,2.4,6.66,0.15,701.0,452.0,3.9,0.55,10000.0,1.0,20.0,50.0,25.0,20.0,20.0,75.0,35.0,65.0,B,"observed:price,sales,reviews,rating,fba_fee; estimated:search_volume,cpc",estimated_default_costs,Imported from Sorftime; ASIN B0CDDBBM72; brand Derzio,https://www.amazon.com/dp/B0CDDBBM72,45.0,Reject,8.03,0.2678,5630.08,87.3,30.3,21.7,22.0,78.0,supplier quote required; estimated profit is not a rejection gate,,,,,,,,,,,,,,
category:Bottle Openers,3109475011,Bottle Openers,Home & Kitchen > Kitchen & Dining > Kitchen Utensils & Gadgets > Bar & Wine Tools > Corkscrews & Openers > Bottle Openers,B0G1XKKSVD,,"Gobetter Wine Foil Cutter Tool, Foil Remover for Wine Bottles, 2 Count",Home & Kitchen > Kitchen & Dining > Kitchen Utensils & Gadgets > Bar & Wine Tools > Corkscrews & Openers > Bottle Openers,US,12.99,3.64,1.04,3.25,0.15,292.0,69.0,4.5,0.55,10000.0,1.0,20.0,50.0,25.0,20.0,20.0,75.0,35.0,65.0,B,"observed:price,sales,reviews,rating,fba_fee; estimated:search_volume,cpc",estimated_default_costs,Imported from Sorftime; ASIN B0G1XKKSVD; brand GOBETTER,https://www.amazon.com/dp/B0G1XKKSVD,45.0,Reject,3.11,0.2395,908.56,52.6,54.3,0.0,22.0,78.0,supplier quote required; estimated profit is not a rejection gate,,,,,,,,,,,,,,
category:Screwpull Levers,13825981,Screwpull Levers,Home & Kitchen > Kitchen & Dining > Kitchen Utensils & Gadgets > Bar & Wine Tools > Corkscrews & Openers > Screwpull Levers,B0CNBPWC4V,,"Rabbit Vertical Corkscrew Wine Opener with One-Pull Design, Foil Cutter Included, Easy to Use Manual Lever, Durable Stainless Steel Spiral, Merlot",Home & Kitchen > Kitchen & Dining > Kitchen Utensils & Gadgets > Bar & Wine Tools > Corkscrews & Openers > Screwpull Levers,US,19.99,5.6,1.6,3.6,0.15,593.0,598.0,4.0,0.55,10000.0,1.0,20.0,50.0,25.0,20.0,20.0,50.0,20.0,42.5,C,"observed:sales,reviews,rating; estimated:price,fba_fee,search_volume,cpc",estimated_default_costs,Imported from Sorftime; ASIN B0CNBPWC4V; brand Rabbit,https://www.amazon.com/dp/B0CNBPWC4V,45.0,Reject,6.19,0.3097,3671.56,87.3,30.3,18.0,22.0,78.0,supplier quote required; estimated profit is not a rejection gate; evidence confidence below supplier-validation threshold,,,,,,,,,,,,,,
category:Wine Stoppers,678499011,Wine Stoppers,Home & Kitchen > Kitchen & Dining > Kitchen Utensils & Gadgets > Bar & Wine Tools > Wine Stoppers & Pourers > Wine Stoppers,B0BCG32BQX,,"Tessco for You 12 Pcs Stainless Steel Champagne Stoppers Bulk,Silver | Reusable Sealer Keeps Bubbles Fresh, Fits Prosecco Sparkling Wine Bottles, Rust-proof Lock Design for Parties Weddings",Home & Kitchen > Kitchen & Dining > Kitchen Utensils & Gadgets > Bar & Wine Tools > Wine Stoppers & Pourers > Wine Stoppers,US,21.99,6.16,1.76,5.71,0.15,408.0,54.0,4.2,0.55,10000.0,1.0,20.0,50.0,25.0,20.0,20.0,75.0,35.0,65.0,B,"observed:price,sales,reviews,rating,fba_fee; estimated:search_volume,cpc",estimated_default_costs,Imported from Sorftime; ASIN B0BCG32BQX; brand Tessco for you,https://www.amazon.com/dp/B0BCG32BQX,45.0,Reject,5.06,0.2302,2065.09,72.0,58.3,3.2,22.0,78.0,supplier quote required; estimated profit is not a rejection gate,,,,,,,,,,,,,,
category:Potato Mashers,678504011,Potato Mashers,Home & Kitchen > Kitchen & Dining > Kitchen Utensils & Gadgets > Fruit & Vegetable Tools > Potato Mashers & Ricers > Potato Mashers,B0GRG25QD6,,304 Stainless Steel Meat Masher 11 Inch 6 Blade,Home & Kitchen > Kitchen & Dining > Kitchen Utensils & Gadgets > Fruit & Vegetable Tools > Potato Mashers & Ricers > Potato Mashers,US,14.99,4.2,1.2,4.89,0.15,216.0,25.0,4.6,0.55,10000.0,1.0,20.0,50.0,25.0,20.0,20.0,75.0,35.0,65.0,B,"observed:price,sales,reviews,rating,fba_fee; estimated:search_volume,cpc",estimated_default_costs,Imported from Sorftime; ASIN B0GRG25QD6; brand Twokylin,https://www.amazon.com/dp/B0GRG25QD6,45.0,Reject,2.45,0.1635,529.52,40.0,59.3,0.0,22.0,78.0,supplier quote required; estimated profit is not a rejection gate,,,,,,,,,,,,,,
category:Digital Scales,678508011,Digital Scales,Home & Kitchen > Kitchen & Dining > Kitchen Utensils & Gadgets > Measuring Tools & Scales > Kitchen Scales > Digital Scales,B0F3CZRT3C,,"Maestri House S3 Pour Over Coffee Scale with Timer, 3kg/0.1g",Home & Kitchen > Kitchen & Dining > Kitchen Utensils & Gadgets > Measuring Tools & Scales > Kitchen Scales > Digital Scales,US,28.79,8.06,2.3,5.76,0.15,1614.0,692.0,4.4,0.55,10000.0,1.0,20.0,50.0,25.0,20.0,20.0,75.0,35.0,65.0,B,"observed:price,sales,reviews,rating,fba_fee; estimated:search_volume,cpc",estimated_default_costs,Imported from Sorftime; ASIN B0F3CZRT3C; brand Maestri House,https://www.amazon.com/dp/B0F3CZRT3C,45.0,Reject,8.35,0.2901,13479.32,87.3,28.3,32.0,22.0,78.0,supplier quote required; estimated profit is not a rejection gate; review count above 600,,,,,,,,,,,,,,
category:Mandolines,23616035011,Mandolines,"Home & Kitchen > Kitchen & Dining > Kitchen Utensils & Gadgets > Peeling, Grating & Slicing Tools > Mandolines & Slicers > Mandolines",B0DLHX5L86,,"Cabbage Slicer Ultra-Thin 0.04 in Julienne Cutter for Sauerkraut & Coleslaw | 0.04 in Ultra-Thin Blade, Japanese Stainless Steel, Stable Non-Slip Base, Foldable, Easy to Clean","Home & Kitchen > Kitchen & Dining > Kitchen Utensils & Gadgets > Peeling, Grating & Slicing Tools > Mandolines & Slicers > Mandolines",US,15.99,4.48,1.28,5.37,0.15,490.0,280.0,4.4,0.55,10000.0,1.0,20.0,50.0,25.0,20.0,20.0,75.0,35.0,65.0,B,"observed:price,sales,reviews,rating,fba_fee; estimated:search_volume,cpc",estimated_default_costs,Imported from Sorftime; ASIN B0DLHX5L86; brand LOVE YOU Studio,https://www.amazon.com/dp/B0DLHX5L86,45.0,Reject,2.46,0.1539,1206.14,85.6,40.8,0.6,22.0,78.0,supplier quote required; estimated profit is not a rejection gate,,,,,,,,,,,,,,
category:Garlic Presses,678518011,Garlic Presses,Home & Kitchen > Kitchen & Dining > Kitchen Utensils & Gadgets > Seasoning & Spice Tools > Garlic Tools > Garlic Presses,B0BF5G17QS,,"Pamperεd Chεf Garlic Press, Garlic Mincer Easy-squeeze Ergonomic Handle, No Need To Peel, Rust Proof, Professional Ginger Press & Garlic Crusher with Handy Cleaning Brush- Dishwasher Safe",Home & Kitchen > Kitchen & Dining > Kitchen Utensils & Gadgets > Seasoning & Spice Tools > Garlic Tools > Garlic Presses,US,18.99,5.32,1.52,4.17,0.15,391.0,269.0,4.4,0.55,10000.0,1.0,20.0,50.0,25.0,20.0,20.0,75.0,35.0,65.0,B,"observed:price,sales,reviews,rating,fba_fee; estimated:search_volume,cpc",estimated_default_costs,Imported from Sorftime; ASIN B0BF5G17QS; brand Longmann,https://www.amazon.com/dp/B0BF5G17QS,45.0,Reject,5.13,0.2702,2006.42,69.1,40.8,5.8,22.0,78.0,supplier quote required; estimated profit is not a rejection gate,,,,,,,,,,,,,,
category:Index Card Storage,12900921,Index Card Storage,Office Products > Office Supplies > Education & Crafts > Filing Products > Index Card Filing > Index Card Storage,B0D5LLC68G,,"Olivo Index Card Holder Box 3x5 Flash Note Card Organizer, Colored, 4 Pack",Office Products > Office Supplies > Education & Crafts > Filing Products > Index Card Filing > Index Card Storage,US,12.99,3.64,1.04,6.22,0.15,808.0,231.0,4.5,0.55,10000.0,1.0,20.0,50.0,25.0,20.0,20.0,75.0,35.0,65.0,B,"observed:price,sales,reviews,rating,fba_fee; estimated:search_volume,cpc",estimated_default_costs,Imported from Sorftime; ASIN B0D5LLC68G; brand Olivo,https://www.amazon.com/dp/B0D5LLC68G,45.0,Reject,0.14,0.0109,114.33,87.3,36.8,0.0,22.0,78.0,supplier quote required; estimated profit is not a rejection gate,,,,,,,,,,,,,,
category:Cups & Mugs,3400731,Cups & Mugs,Sports & Outdoors > Outdoor Recreation > Camping & Hiking > Camp Kitchen > Dishes & Utensils > Cups & Mugs,B0G5Q7234W,,"Mimorou 4 Pack 16 oz Stainless Steel Cups Metal Cup, Black | Pint Tumblers, Unbreakable Drinking Cups, Reusable Party Cups Bulk, Camping Outdoor Travel Picnic",Sports & Outdoors > Outdoor Recreation > Camping & Hiking > Camp Kitchen > Dishes & Utensils > Cups & Mugs,US,16.99,4.76,1.36,4.88,0.15,683.0,223.0,4.6,0.55,10000.0,1.0,20.0,50.0,25.0,20.0,20.0,75.0,35.0,65.0,B,"observed:price,sales,reviews,rating,fba_fee; estimated:search_volume,cpc",estimated_default_costs,Imported from Sorftime; ASIN B0G5Q7234W; brand Mimorou,https://www.amazon.com/dp/B0G5Q7234W,45.0,Reject,3.44,0.2026,2350.54,87.3,36.8,3.9,22.0,78.0,supplier quote required; estimated profit is not a rejection gate,,,,,,,,,,,,,,
category:Raised Toilet Seats,3775401,Raised Toilet Seats,Tools & Home Improvement > Kitchen & Bath Fixtures > Bathroom Fixtures > Bathroom Safety & Accessibility > Toilets & Toilet Aids > Raised Toilet Seats,B0DDTRFJCL,,"HOMLAND Toilet Seat Risers for Seniors with Handles, Dual-Crossbar, 400lb | Adjustable Height and Width, Padded Seat, Aluminum Reinforced Frame, Raised Handicap Elevated Toilet Seat Fit Any Toilet",Tools & Home Improvement > Kitchen & Bath Fixtures > Bathroom Fixtures > Bathroom Safety & Accessibility > Toilets & Toilet Aids > Raised Toilet Seats,US,79.99,22.4,6.4,15.75,0.15,280.0,417.0,4.5,0.55,10000.0,1.0,20.0,50.0,25.0,20.0,20.0,75.0,35.0,65.0,B,"observed:price,sales,reviews,rating,fba_fee; estimated:search_volume,cpc",estimated_default_costs,Imported from Sorftime; ASIN B0DDTRFJCL; brand HOMLAND,https://www.amazon.com/dp/B0DDTRFJCL,45.0,Reject,23.44,0.2931,6563.62,50.6,24.3,58.5,22.0,78.0,supplier quote required; estimated profit is not a rejection gate,,,,,,,,,,,,,,
category:Toilet Assistance Steps,8624798011,Toilet Assistance Steps,Tools & Home Improvement > Kitchen & Bath Fixtures > Bathroom Fixtures > Bathroom Safety & Accessibility > Toilets & Toilet Aids > Toilet Assistance Steps,B0FD727TLZ,,"Foldable Toilet Stool Squat, 7 Inch Squatting Potty for Adults, Poop Stool | Lightweight Pooping Stool, Portable for Travel, Easy Storage Bathroom Toilet Step, Anti-Slip Feet, Space-Saving, Collapsible",Tools & Home Improvement > Kitchen & Bath Fixtures > Bathroom Fixtures > Bathroom Safety & Accessibility > Toilets & Toilet Aids > Toilet Assistance Steps,US,14.99,4.2,1.2,6.34,0.15,2620.0,391.0,4.6,0.55,10000.0,1.0,20.0,50.0,25.0,20.0,20.0,75.0,35.0,65.0,B,"observed:price,sales,reviews,rating,fba_fee; estimated:search_volume,cpc",estimated_default_costs,Imported from Sorftime; ASIN B0FD727TLZ; brand WBKATN,https://www.amazon.com/dp/B0FD727TLZ,45.0,Reject,1.0,0.0668,2623.93,87.3,36.8,4.6,22.0,78.0,supplier quote required; estimated profit is not a rejection gate,,,,,,,,,,,,,,
category:Tool Holsters,553582,Tool Holsters,Tools & Home Improvement > Storage & Home Organization > Tool Organizers > Tool Holsters,B0F1FNYW11,,"Topstache Leather Multitool Sheath for Leatherman Wave & Wave+ - Multitool Holster for Belt - Belt Loop Leather Multitool Pouch - Magnetic Closure Tool Pouch Case, Darkbrown",Tools & Home Improvement > Storage & Home Organization > Tool Organizers > Tool Holsters,US,17.99,5.04,1.44,3.93,0.15,435.0,285.0,4.2,0.55,10000.0,1.0,20.0,50.0,25.0,20.0,20.0,75.0,35.0,65.0,B,"observed:price,sales,reviews,rating,fba_fee; estimated:search_volume,cpc",estimated_default_costs,Imported from Sorftime; ASIN B0F1FNYW11; brand topstache,https://www.amazon.com/dp/B0F1FNYW11,45.0,Reject,4.88,0.2713,2123.45,76.5,40.8,6.1,22.0,78.0,supplier quote required; estimated profit is not a rejection gate,,,,,,,,,,,,,,
category:Dust Mops,23537023011,Dust Mops,Home & Kitchen > Cleaning Supplies > Household Cleaning > Cleaning Tools > Mopping > Wet & Dry Mops > Dust Mops,B0BXJ52RGN,,"Baseboard Cleaner Tool with Handle, Wall Cleaner with Extendable Long Handle ,Door Frame Cleaning Tool Including 4 Reusable Cleaning Pads. Quick Clean Baseboard Cleaning, Ceiling and Wall.",Home & Kitchen > Cleaning Supplies > Household Cleaning > Cleaning Tools > Mopping > Wet & Dry Mops > Dust Mops,US,19.99,5.6,1.6,6.21,0.15,1359.0,751.0,4.3,0.55,10000.0,1.0,20.0,50.0,25.0,20.0,20.0,75.0,35.0,65.0,B,"observed:price,sales,reviews,rating,fba_fee; estimated:search_volume,cpc",estimated_default_costs,Imported from Sorftime; ASIN B0BXJ52RGN; brand LIYFUHY,https://www.amazon.com/dp/B0BXJ52RGN,45.0,Reject,3.58,0.1792,4867.26,87.3,28.3,11.0,22.0,78.0,supplier quote required; estimated profit is not a rejection gate; review count above 600,,,,,,,,,,,,,,
category:String Mops,23537022011,String Mops,Home & Kitchen > Cleaning Supplies > Household Cleaning > Cleaning Tools > Mopping > Wet & Dry Mops > String Mops,B0FTG1DWVJ,,"EaseYourDay Self-Wringing Twist Mop, Microfiber Floor Mop with 2 Heads",Home & Kitchen > Cleaning Supplies > Household Cleaning > Cleaning Tools > Mopping > Wet & Dry Mops > String Mops,US,16.99,4.76,1.36,8.03,0.15,244.0,38.0,4.2,0.55,10000.0,1.0,20.0,50.0,25.0,20.0,20.0,75.0,35.0,65.0,B,"observed:price,sales,reviews,rating,fba_fee; estimated:search_volume,cpc",estimated_default_costs,Imported from Sorftime; ASIN B0FTG1DWVJ; brand EaseYourDay,https://www.amazon.com/dp/B0FTG1DWVJ,45.0,Reject,0.29,0.0172,71.13,44.6,63.3,0.0,22.0,78.0,supplier quote required; estimated profit is not a rejection gate,,,,,,,,,,,,,,
category:Hand Brooms,14253841,Hand Brooms,Home & Kitchen > Cleaning Supplies > Household Cleaning > Cleaning Tools > Sweeping > Brooms > Hand Brooms,B0CBP3XR66,,15“ Soft Brist. Hand Broom Brush 3 PackBed Sofa Counter Hair Clear,Home & Kitchen > Cleaning Supplies > Household Cleaning > Cleaning Tools > Sweeping > Brooms > Hand Brooms,US,13.99,3.92,1.12,6.21,0.15,549.0,329.0,4.6,0.55,10000.0,1.0,20.0,50.0,25.0,20.0,20.0,75.0,35.0,65.0,B,"observed:price,sales,reviews,rating,fba_fee; estimated:search_volume,cpc",estimated_default_costs,Imported from Sorftime; ASIN B0CBP3XR66; brand kagyuan,https://www.amazon.com/dp/B0CBP3XR66,45.0,Reject,0.64,0.0459,352.18,87.3,36.8,0.0,22.0,78.0,supplier quote required; estimated profit is not a rejection gate,,,,,,,,,,,,,,
category:Push Brooms,14253851,Push Brooms,Home & Kitchen > Cleaning Supplies > Household Cleaning > Cleaning Tools > Sweeping > Brooms > Push Brooms,B0DLB5LZFP,,"Walensee Carpet Rake, 2-in-1 Nylon Carpet Brush & Pet Hair Rake | 2-in-1 nylon carpet rake with rubber brush for shag and high-pile carpets, rugs, and gathering loose pet hair",Home & Kitchen > Cleaning Supplies > Household Cleaning > Cleaning Tools > Sweeping > Brooms > Push Brooms,US,22.49,6.3,1.8,5.93,0.15,841.0,438.0,4.1,0.55,10000.0,1.0,20.0,50.0,25.0,20.0,20.0,75.0,35.0,65.0,B,"observed:price,sales,reviews,rating,fba_fee; estimated:search_volume,cpc",estimated_default_costs,Imported from Sorftime; ASIN B0DLB5LZFP; brand Walensee,https://www.amazon.com/dp/B0DLB5LZFP,45.0,Reject,5.09,0.2262,4277.75,87.3,30.3,9.5,22.0,78.0,supplier quote required; estimated profit is not a rejection gate,,,,,,,,,,,,,,
category:Mops & Bucket Sets,23537016011,Mops & Bucket Sets,Home & Kitchen > Cleaning Supplies > Household Cleaning > Cleaning Tools > Mopping > Mops & Bucket Sets,B0D7HCH1KS,,"Collapsible Mop and Bucket Set with Scrub Mop and Brush, Tile Laminate Hardwood Floor Brush and Flat Mops for Floor Cleaning, Foldable Bucket with Washable Microfiber Mop(Blue)",Home & Kitchen > Cleaning Supplies > Household Cleaning > Cleaning Tools > Mopping > Mops & Bucket Sets,US,29.99,8.4,2.4,8.03,0.15,786.0,450.0,4.2,0.55,10000.0,1.0,20.0,50.0,25.0,20.0,20.0,75.0,35.0,65.0,B,"observed:price,sales,reviews,rating,fba_fee; estimated:search_volume,cpc",estimated_default_costs,Imported from Sorftime; ASIN B0D7HCH1KS; brand TrueYee,https://www.amazon.com/dp/B0D7HCH1KS,45.0,Reject,6.66,0.2221,5235.94,87.3,28.3,15.4,22.0,78.0,supplier quote required; estimated profit is not a rejection gate,,,,,,,,,,,,,,
category:Edible Printer Paper & Frosting Sheets,8147491011,Edible Printer Paper & Frosting Sheets,Home & Kitchen > Kitchen & Dining > Bakeware > Decorating Tools > Edible Printer Ink & Paper > Edible Printer Paper & Frosting Sheets,B0BFFKCTLM,,CRANBOLY 25 pcs Edible Paper 11.7“ x 8.3“ A4 Frosting Sheets | Icing Sheets for Cakes Printable Sugar Sheets Edible Paper Cake Edible Sheets in Resealable Packaging for Cake Toppers,Home & Kitchen > Kitchen & Dining > Bakeware > Decorating Tools > Edible Printer Ink & Paper > Edible Printer Paper & Frosting Sheets,US,29.79,8.34,2.38,6.49,0.15,684.0,683.0,4.5,0.55,10000.0,1.0,20.0,50.0,25.0,20.0,20.0,75.0,35.0,65.0,B,"observed:price,sales,reviews,rating,fba_fee; estimated:search_volume,cpc",estimated_default_costs,Imported from Sorftime; ASIN B0BFFKCTLM; brand CRANBOLY,https://www.amazon.com/dp/B0BFFKCTLM,45.0,Reject,8.11,0.2723,5548.27,87.3,24.3,22.2,22.0,78.0,supplier quote required; estimated profit is not a rejection gate; review count above 600,,,,,,,,,,,,,,
category:Ice Buckets,678496011,Ice Buckets,Home & Kitchen > Kitchen & Dining > Kitchen Utensils & Gadgets > Bar & Wine Tools > Ice Buckets & Tongs > Ice Buckets,B0DGGCXHV1,,"OBTANIM 8 Pack Galvanized Metal Buckets with Handle Ice Pails for Plants, Succulents, Party Favors Organizing, Rustic Home Decor or Classrooms Pencil Storage (7 x 5.1 inch)",Home & Kitchen > Kitchen & Dining > Kitchen Utensils & Gadgets > Bar & Wine Tools > Ice Buckets & Tongs > Ice Buckets,US,29.99,8.4,2.4,8.3,0.15,902.0,256.0,4.6,0.55,10000.0,1.0,20.0,50.0,25.0,20.0,20.0,75.0,35.0,65.0,B,"observed:price,sales,reviews,rating,fba_fee; estimated:search_volume,cpc",estimated_default_costs,Imported from Sorftime; ASIN B0DGGCXHV1; brand OBTANIM,https://www.amazon.com/dp/B0DGGCXHV1,45.0,Reject,6.39,0.2131,5765.13,87.3,36.8,16.4,22.0,78.0,supplier quote required; estimated profit is not a rejection gate,,,,,,,,,,,,,,
category:Digital Scales,678508011,Digital Scales,Home & Kitchen > Kitchen & Dining > Kitchen Utensils & Gadgets > Measuring Tools & Scales > Kitchen Scales > Digital Scales,B0DGLWFX7Q,,Subminimal SubScale Digital Dosing Cup with LED Display - Black,Home & Kitchen > Kitchen & Dining > Kitchen Utensils & Gadgets > Measuring Tools & Scales > Kitchen Scales > Digital Scales,US,49.95,13.99,4.0,4.47,0.15,1505.0,684.0,4.5,0.55,10000.0,1.0,20.0,50.0,25.0,20.0,20.0,75.0,35.0,65.0,B,"observed:price,sales,reviews,rating,fba_fee; estimated:search_volume,cpc",estimated_default_costs,Imported from Sorftime; ASIN B0DGLWFX7Q; brand Subminimal,https://www.amazon.com/dp/B0DGLWFX7Q,45.0,Reject,20.0,0.4004,30096.24,87.3,24.3,70.0,22.0,78.0,supplier quote required; estimated profit is not a rejection gate; review count above 600,,,,,,,,,,,,,,
category:Cheese Slicers,289760,Cheese Slicers,"Home & Kitchen > Kitchen & Dining > Kitchen Utensils & Gadgets > Peeling, Grating & Slicing Tools > Mandolines & Slicers > Cheese Slicers",B0FC2SCWNW,,"Cheese Curler for Making Rose-Shaped Cuts, Stainless Steel Blade | Manual Cheese Shaver, Compatible with 16-18 cm Tête De Moine Cheese Wheel, Non-Slip Wood Base, Fasteners, Rotating Hand-Crank","Home & Kitchen > Kitchen & Dining > Kitchen Utensils & Gadgets > Peeling, Grating & Slicing Tools > Mandolines & Slicers > Cheese Slicers",US,34.99,9.8,2.8,6.19,0.15,326.0,194.0,4.3,0.55,10000.0,1.0,20.0,50.0,25.0,20.0,20.0,75.0,35.0,65.0,B,"observed:price,sales,reviews,rating,fba_fee; estimated:search_volume,cpc",estimated_default_costs,Imported from Sorftime; ASIN B0FC2SCWNW; brand V TOWER,https://www.amazon.com/dp/B0FC2SCWNW,45.0,Reject,10.95,0.313,3570.19,58.3,50.8,27.6,22.0,78.0,supplier quote required; estimated profit is not a rejection gate,,,,,,,,,,,,,,
category:Egg Slicers,17548242011,Egg Slicers,"Home & Kitchen > Kitchen & Dining > Kitchen Utensils & Gadgets > Peeling, Grating & Slicing Tools > Mandolines & Slicers > Egg Slicers",B0F7R7XCVZ,,"Hendiy Fruit Slicer Cup | Cuts Strawberries, Cuts Grapes, Cuts Eggs, Even Pieces in Seconds","Home & Kitchen > Kitchen & Dining > Kitchen Utensils & Gadgets > Peeling, Grating & Slicing Tools > Mandolines & Slicers > Egg Slicers",US,14.98,4.19,1.2,4.19,0.15,343.0,125.0,4.2,0.55,10000.0,1.0,20.0,50.0,25.0,20.0,20.0,75.0,35.0,65.0,B,"observed:price,sales,reviews,rating,fba_fee; estimated:search_volume,cpc",estimated_default_costs,Imported from Sorftime; ASIN B0F7R7XCVZ; brand Hendiy,https://www.amazon.com/dp/B0F7R7XCVZ,45.0,Reject,3.15,0.2105,1081.48,61.1,50.8,0.2,22.0,78.0,supplier quote required; estimated profit is not a rejection gate,,,,,,,,,,,,,,
category:Toilet Safety Frames & Rails,3775391,Toilet Safety Frames & Rails,Tools & Home Improvement > Kitchen & Bath Fixtures > Bathroom Fixtures > Bathroom Safety & Accessibility > Toilets & Toilet Aids > Toilet Safety Frames & Rails,B0DK97XB99,,"HOMLAND Toilet Safety Rails for Seniors, 350LB Aluminum Toilet Handle | Adjustable Height & Width, Soft Padded Handles, Anti-Slip Rubber Feet, Toilet Safety Frame, Toilet Grab Bars For Elderly",Tools & Home Improvement > Kitchen & Bath Fixtures > Bathroom Fixtures > Bathroom Safety & Accessibility > Toilets & Toilet Aids > Toilet Safety Frames & Rails,US,32.39,9.07,2.59,8.4,0.15,1342.0,536.0,4.4,0.55,10000.0,1.0,20.0,50.0,25.0,20.0,20.0,75.0,35.0,65.0,B,"observed:price,sales,reviews,rating,fba_fee; estimated:search_volume,cpc",estimated_default_costs,Imported from Sorftime; ASIN B0DK97XB99; brand HOMLAND,https://www.amazon.com/dp/B0DK97XB99,45.0,Reject,7.47,0.2307,10026.75,87.3,28.3,24.9,22.0,78.0,supplier quote required; estimated profit is not a rejection gate,,,,,,,,,,,,,,
category:Tool Holsters,553582,Tool Holsters,Tools & Home Improvement > Storage & Home Organization > Tool Organizers > Tool Holsters,B0DJ3QBCR8,,"Holstery TapeMaster | Clip-On Tape Measure Holder - Low-Profile Measuring Tape Holster for Your Belt, Tool Bags, Pockets, or Pants",Tools & Home Improvement > Storage & Home Organization > Tool Organizers > Tool Holsters,US,19.99,5.6,1.6,3.93,0.15,416.0,113.0,4.6,0.55,10000.0,1.0,20.0,50.0,25.0,20.0,20.0,75.0,35.0,65.0,B,"observed:price,sales,reviews,rating,fba_fee; estimated:search_volume,cpc",estimated_default_costs,Imported from Sorftime; ASIN B0DJ3QBCR8; brand Holstery,https://www.amazon.com/dp/B0DJ3QBCR8,45.0,Reject,5.86,0.2932,2438.38,73.3,46.8,11.6,22.0,78.0,supplier quote required; estimated profit is not a rejection gate,,,,,,,,,,,,,,
category:Tool Pouches,322568011,Tool Pouches,Tools & Home Improvement > Storage & Home Organization > Tool Organizers > Tool Pouches,B0F13C9HZB,,"2PCS Wrench Roll Up Pouch, Wrench Organizer Roll, Canvas Tool Roll Up Bag",Tools & Home Improvement > Storage & Home Organization > Tool Organizers > Tool Pouches,US,15.99,4.48,1.28,3.77,0.15,404.0,128.0,4.5,0.55,10000.0,1.0,20.0,50.0,25.0,20.0,20.0,75.0,35.0,65.0,B,"observed:price,sales,reviews,rating,fba_fee; estimated:search_volume,cpc",estimated_default_costs,Imported from Sorftime; ASIN B0F13C9HZB; brand zavcurp,https://www.amazon.com/dp/B0F13C9HZB,45.0,Reject,4.06,0.254,1640.85,71.3,46.8,2.4,22.0,78.0,supplier quote required; estimated profit is not a rejection gate,,,,,,,,,,,,,,
category:Sponge Mops,23537024011,Sponge Mops,Home & Kitchen > Cleaning Supplies > Household Cleaning > Cleaning Tools > Mopping > Wet & Dry Mops > Sponge Mops,B0GJ5SDR3Q,,"Sponge Mop with Built-in Scrub Brush, Heavy-Duty for Deep Cleaning, Durable Handle, Ideal for Tile/Marble/Wood Floors",Home & Kitchen > Cleaning Supplies > Household Cleaning > Cleaning Tools > Mopping > Wet & Dry Mops > Sponge Mops,US,19.99,5.6,1.6,3.6,0.15,226.0,20.0,4.4,0.55,10000.0,1.0,20.0,50.0,25.0,20.0,20.0,65.0,20.0,53.8,C,"observed:price,sales,reviews,rating; estimated:fba_fee,search_volume,cpc",estimated_default_costs,Imported from Sorftime; ASIN B0GJ5SDR3Q; brand Generic,https://www.amazon.com/dp/B0GJ5SDR3Q,45.0,Reject,6.19,0.3097,1399.28,41.6,68.3,11.5,22.0,78.0,supplier quote required; estimated profit is not a rejection gate; evidence confidence below supplier-validation threshold,,,,,,,,,,,,,,
category:Angle Brooms,14253831,Angle Brooms,Home & Kitchen > Cleaning Supplies > Household Cleaning > Cleaning Tools > Sweeping > Brooms > Angle Brooms,B0FH4NS8H4,,"GLOHOO Indoor Soft Bristle Broom, 13-Inch Angle Head, Adjustable Handle",Home & Kitchen > Cleaning Supplies > Household Cleaning > Cleaning Tools > Sweeping > Brooms > Angle Brooms,US,16.99,4.76,1.36,5.77,0.15,459.0,149.0,4.2,0.55,10000.0,1.0,20.0,50.0,25.0,20.0,20.0,75.0,35.0,65.0,B,"observed:price,sales,reviews,rating,fba_fee; estimated:search_volume,cpc",estimated_default_costs,Imported from Sorftime; ASIN B0FH4NS8H4; brand GLOHOO,https://www.amazon.com/dp/B0FH4NS8H4,45.0,Reject,2.55,0.1502,1171.14,80.5,50.8,0.5,22.0,78.0,supplier quote required; estimated profit is not a rejection gate,,,,,,,,,,,,,,
category:Hand Brooms,14253841,Hand Brooms,Home & Kitchen > Cleaning Supplies > Household Cleaning > Cleaning Tools > Sweeping > Brooms > Hand Brooms,B0GMGNH3LT,,MOPALL Broom with Dustpan Combo Set Collapsible Standing Inc 2 Broom Heads,Home & Kitchen > Cleaning Supplies > Household Cleaning > Cleaning Tools > Sweeping > Brooms > Hand Brooms,US,24.99,7.0,2.0,8.03,0.15,365.0,56.0,3.8,0.55,10000.0,1.0,20.0,50.0,25.0,20.0,20.0,75.0,35.0,65.0,B,"observed:price,sales,reviews,rating,fba_fee; estimated:search_volume,cpc",estimated_default_costs,Imported from Sorftime; ASIN B0GMGNH3LT; brand MOPALL,https://www.amazon.com/dp/B0GMGNH3LT,45.0,Reject,4.21,0.1685,1537.2,64.8,60.3,1.5,22.0,78.0,supplier quote required; estimated profit is not a rejection gate,,,,,,,,,,,,,,
category:Kitchen Brushes,203313515011,Kitchen Brushes,Home & Kitchen > Cleaning Supplies > Household Cleaning > Cleaning Tools > Brushes > Kitchen Brushes,B0FDXBHYMR,,"Earth & Mango Magnetic Dish Brush & Scraper, Snaps to Sink, Warm Sand Beige",Home & Kitchen > Cleaning Supplies > Household Cleaning > Cleaning Tools > Brushes > Kitchen Brushes,US,15.0,4.2,1.2,4.19,0.15,1196.0,145.0,4.6,0.55,10000.0,1.0,20.0,50.0,25.0,20.0,20.0,75.0,35.0,65.0,B,"observed:price,sales,reviews,rating,fba_fee; estimated:search_volume,cpc",estimated_default_costs,Imported from Sorftime; ASIN B0FDXBHYMR; brand Earth & Mango,https://www.amazon.com/dp/B0FDXBHYMR,45.0,Reject,3.16,0.2107,3779.36,87.3,46.8,7.9,22.0,78.0,supplier quote required; estimated profit is not a rejection gate,,,,,,,,,,,,,,
category:Feather Dusters,2245498011,Feather Dusters,Home & Kitchen > Cleaning Supplies > Household Cleaning > Cleaning Tools > Dusting > Feather Dusters,B0CSCSSKPY,,"TelesPro 20 Feet High Reach Cobweb Duster with 5-12Ft Extension Pole, Webster Cobweb Duster with 3-Stage Telescopic Aluminum Pole, Spider Web Brush for Outdoor & Indoor Cleaning - Soft Bristles.",Home & Kitchen > Cleaning Supplies > Household Cleaning > Cleaning Tools > Dusting > Feather Dusters,US,39.99,11.2,3.2,3.44,0.15,1606.0,1220.0,4.5,0.55,10000.0,1.0,20.0,50.0,25.0,20.0,20.0,75.0,35.0,65.0,B,"observed:price,sales,reviews,rating,fba_fee; estimated:search_volume,cpc",estimated_default_costs,Imported from Sorftime; ASIN B0CSCSSKPY; brand TelesPro,https://www.amazon.com/dp/B0CSCSSKPY,45.0,Reject,16.15,0.4039,25939.31,87.3,14.3,62.8,22.0,78.0,supplier quote required; estimated profit is not a rejection gate; review count above 600,,,,,,,,,,,,,,
category:Electric Fondue Pots,17384862011,Electric Fondue Pots,Home & Kitchen > Kitchen & Dining > Kitchen Utensils & Gadgets > Cheese Tools > Fondue > Electric Fondue Pots,B0DNVHQ1WP,,"Party Desserts Candy and Chocolate Melting Pot, Mini Electric Fondue Pot, Melts Candy Chocolate in a Couple of Minutes, Ideal for Cake Pops Cookies Cakes, 1 Cups, Single Pot, Gray",Home & Kitchen > Kitchen & Dining > Kitchen Utensils & Gadgets > Cheese Tools > Fondue > Electric Fondue Pots,US,23.99,6.72,1.92,6.21,0.15,477.0,237.0,4.3,0.55,10000.0,1.0,20.0,50.0,25.0,20.0,20.0,75.0,35.0,65.0,B,"observed:price,sales,reviews,rating,fba_fee; estimated:search_volume,cpc",estimated_default_costs,Imported from Sorftime; ASIN B0DNVHQ1WP; brand Party Desserts,https://www.amazon.com/dp/B0DNVHQ1WP,45.0,Reject,5.54,0.231,2643.3,83.5,40.8,5.8,22.0,78.0,supplier quote required; estimated profit is not a rejection gate,,,,,,,,,,,,,,
category:Mandolines,23616035011,Mandolines,"Home & Kitchen > Kitchen & Dining > Kitchen Utensils & Gadgets > Peeling, Grating & Slicing Tools > Mandolines & Slicers > Mandolines",B0F749BDQW,,"Arnest Japanese mandoline slicer Cabbage Shredder, 3-Blade Triple Wave Ultra-Thin Shredder for Tonkatsu-Style Slaw, Stainless Steel Wave Blades, Safety Holder, Easy-Rinse Clean, Made in Japan","Home & Kitchen > Kitchen & Dining > Kitchen Utensils & Gadgets > Peeling, Grating & Slicing Tools > Mandolines & Slicers > Mandolines",US,22.0,6.16,1.76,4.47,0.15,300.0,124.0,4.5,0.55,10000.0,1.0,20.0,50.0,25.0,20.0,20.0,75.0,35.0,65.0,B,"observed:price,sales,reviews,rating,fba_fee; estimated:search_volume,cpc",estimated_default_costs,Imported from Sorftime; ASIN B0F749BDQW; brand forest Originals,https://www.amazon.com/dp/B0F749BDQW,45.0,Reject,6.31,0.2868,1893.0,54.0,46.8,10.1,22.0,78.0,supplier quote required; estimated profit is not a rejection gate,,,,,,,,,,,,,,
category:Feather Dusters,2245498011,Feather Dusters,Home & Kitchen > Cleaning Supplies > Household Cleaning > Cleaning Tools > Dusting > Feather Dusters,B0DFGRZC2V,,AIR U+ 6ft Extendable Duster with 20 Refills for Swiffer Dusters,Home & Kitchen > Cleaning Supplies > Household Cleaning > Cleaning Tools > Dusting > Feather Dusters,US,23.99,6.72,1.92,5.2,0.15,4542.0,1093.0,4.1,0.55,10000.0,1.0,20.0,50.0,25.0,20.0,20.0,75.0,35.0,65.0,B,"observed:price,sales,reviews,rating,fba_fee; estimated:search_volume,cpc",estimated_default_costs,Imported from Sorftime; ASIN B0DFGRZC2V; brand AIR U+,https://www.amazon.com/dp/B0DFGRZC2V,44.9,Reject,6.55,0.2731,29756.91,87.3,20.3,26.2,22.0,78.0,supplier quote required; estimated profit is not a rejection gate; review count above 600,,,,,,,,,,,,,,
category:Pots & Sets,17384864011,Pots & Sets,Home & Kitchen > Kitchen & Dining > Kitchen Utensils & Gadgets > Cheese Tools > Fondue > Pots & Sets,B0G39H63BH,,"Honeydak Chocolate Fondue Mug with Fork ＆ Candle, 2 Set, Red, White",Home & Kitchen > Kitchen & Dining > Kitchen Utensils & Gadgets > Cheese Tools > Fondue > Pots & Sets,US,26.99,7.56,2.16,6.2,0.15,245.0,114.0,4.4,0.55,10000.0,1.0,20.0,50.0,25.0,20.0,20.0,75.0,35.0,65.0,B,"observed:price,sales,reviews,rating,fba_fee; estimated:search_volume,cpc",estimated_default_costs,Imported from Sorftime; ASIN B0G39H63BH; brand Honeydak,https://www.amazon.com/dp/B0G39H63BH,44.9,Reject,7.02,0.2602,1720.27,44.8,50.8,7.5,22.0,78.0,supplier quote required; estimated profit is not a rejection gate,,,,,,,,,,,,,,
category:Electric Fondue Pots,17384862011,Electric Fondue Pots,Home & Kitchen > Kitchen & Dining > Kitchen Utensils & Gadgets > Cheese Tools > Fondue > Electric Fondue Pots,B0D3GKD68G,,"2 in 1 Electric S’mores Maker & Fondue Pot, Tabletop Indoor Smores kit with 4 Roasting Forks, 4 Detachable Trays & 1 Flameless Temperature-controlled Heater, Movie Night Supplies & Housewarming Gifts",Home & Kitchen > Kitchen & Dining > Kitchen Utensils & Gadgets > Cheese Tools > Fondue > Electric Fondue Pots,US,35.99,10.08,2.88,8.32,0.15,908.0,1078.0,4.3,0.55,10000.0,1.0,20.0,50.0,25.0,20.0,20.0,75.0,35.0,65.0,B,"observed:price,sales,reviews,rating,fba_fee; estimated:search_volume,cpc",estimated_default_costs,Imported from Sorftime; ASIN B0D3GKD68G; brand CHOCOSMORE,https://www.amazon.com/dp/B0D3GKD68G,44.8,Reject,9.31,0.2587,8454.84,87.3,18.3,29.8,22.0,78.0,supplier quote required; estimated profit is not a rejection gate; review count above 600,,,,,,,,,,,,,,
category:Waiter Corkscrews,13826001,Waiter Corkscrews,Home & Kitchen > Kitchen & Dining > Kitchen Utensils & Gadgets > Bar & Wine Tools > Corkscrews & Openers > Waiter Corkscrews,B09VG81642,,"RECUTMS 12 Pack Wine Opener,Waiter Corkscrew Wine Key for Servers（Black） | Heavy Duty Stainless Steel Fold Beer or Bottle Opener Serrated Foil Cutter,Perfect for Bars,Restaurants,Family,Company Party",Home & Kitchen > Kitchen & Dining > Kitchen Utensils & Gadgets > Bar & Wine Tools > Corkscrews & Openers > Waiter Corkscrews,US,19.99,5.6,1.6,5.72,0.15,593.0,659.0,4.1,0.55,10000.0,1.0,20.0,50.0,25.0,20.0,20.0,75.0,35.0,65.0,B,"observed:price,sales,reviews,rating,fba_fee; estimated:search_volume,cpc",estimated_default_costs,Imported from Sorftime; ASIN B09VG81642; brand RECUTMS,https://www.amazon.com/dp/B09VG81642,44.5,Reject,4.07,0.2037,2414.4,87.3,30.3,4.0,22.0,78.0,supplier quote required; estimated profit is not a rejection gate; review count above 600,,,,,,,,,,,,,,
category:Mandolines,23616035011,Mandolines,"Home & Kitchen > Kitchen & Dining > Kitchen Utensils & Gadgets > Peeling, Grating & Slicing Tools > Mandolines & Slicers > Mandolines",B0BYJ3KWZ4,,Badelite Vegetable Spiralizer 4-IN-1 Rotating Blade Veggie Spiralizer Zucchini Noodle Maker with Strong Suction Cup Spiral Vegetable Cutter Slicer - White,"Home & Kitchen > Kitchen & Dining > Kitchen Utensils & Gadgets > Peeling, Grating & Slicing Tools > Mandolines & Slicers > Mandolines",US,21.24,5.95,1.7,5.94,0.15,850.0,533.0,4.2,0.55,10000.0,1.0,20.0,50.0,25.0,20.0,20.0,75.0,35.0,65.0,B,"observed:price,sales,reviews,rating,fba_fee; estimated:search_volume,cpc",estimated_default_costs,Imported from Sorftime; ASIN B0BYJ3KWZ4; brand Badelite,https://www.amazon.com/dp/B0BYJ3KWZ4,44.5,Reject,4.46,0.2102,3794.4,87.3,28.3,8.0,22.0,78.0,supplier quote required; estimated profit is not a rejection gate,,,,,,,,,,,,,,
category:Corers,678502011,Corers,Home & Kitchen > Kitchen & Dining > Kitchen Utensils & Gadgets > Fruit & Vegetable Tools > Corers & Pitters > Corers,B0GY37XGM3,,"YYP Heavy Duty 12-Blade Apple Slicer, Extra Large Stainless Steel Apple Cutter & Corer, Sharp, Easy to Use, Dishwasher Safe for Apples & Fruits",Home & Kitchen > Kitchen & Dining > Kitchen Utensils & Gadgets > Fruit & Vegetable Tools > Corers & Pitters > Corers,US,15.79,4.42,1.26,4.88,0.15,328.0,126.0,4.6,0.55,10000.0,1.0,20.0,50.0,25.0,20.0,20.0,75.0,35.0,65.0,B,"observed:price,sales,reviews,rating,fba_fee; estimated:search_volume,cpc",estimated_default_costs,Imported from Sorftime; ASIN B0GY37XGM3; brand YYP,https://www.amazon.com/dp/B0GY37XGM3,44.5,Reject,2.86,0.1812,938.57,58.6,46.8,0.0,22.0,78.0,supplier quote required; estimated profit is not a rejection gate,,,,,,,,,,,,,,
category:Garlic Presses,678518011,Garlic Presses,Home & Kitchen > Kitchen & Dining > Kitchen Utensils & Gadgets > Seasoning & Spice Tools > Garlic Tools > Garlic Presses,B0CYSSM2Q4,,"ZIGNTY Garlic Press Stainless Steel, Garlic Mincer Tool No Need to Peel | Large Trough Garlic Crusher, Widened & Extended Ergonomic Handle, Easy Squeeze, Rust Proof, Dishwasher Safe, 5 Years Warranty",Home & Kitchen > Kitchen & Dining > Kitchen Utensils & Gadgets > Seasoning & Spice Tools > Garlic Tools > Garlic Presses,US,21.59,6.05,1.73,4.45,0.15,629.0,713.0,4.6,0.55,10000.0,1.0,20.0,50.0,25.0,20.0,20.0,75.0,35.0,65.0,B,"observed:price,sales,reviews,rating,fba_fee; estimated:search_volume,cpc",estimated_default_costs,Imported from Sorftime; ASIN B0CYSSM2Q4; brand ZIGNTY,https://www.amazon.com/dp/B0CYSSM2Q4,44.3,Reject,6.12,0.2835,3850.42,87.3,24.3,14.9,22.0,78.0,supplier quote required; estimated profit is not a rejection gate; review count above 600,,,,,,,,,,,,,,
category:Wine Pourers,678498011,Wine Pourers,Home & Kitchen > Kitchen & Dining > Kitchen Utensils & Gadgets > Bar & Wine Tools > Wine Stoppers & Pourers > Wine Pourers,B07L18Q7NF,,"Measured Pourer - Liquor Bottle Pourers - Collared -(3pk) Made 100% In USA. Bar Spouts That Don’t Leak - No Cracks. A Perfect Pour Everytime. Great For Wine! (Clear, 1.5oz (45ml) - 3 Pack)",Home & Kitchen > Kitchen & Dining > Kitchen Utensils & Gadgets > Bar & Wine Tools > Wine Stoppers & Pourers > Wine Pourers,US,19.98,5.59,1.6,4.19,0.15,480.0,766.0,4.3,0.55,10000.0,1.0,20.0,50.0,25.0,20.0,20.0,75.0,35.0,65.0,B,"observed:price,sales,reviews,rating,fba_fee; estimated:search_volume,cpc",estimated_default_costs,Imported from Sorftime; ASIN B07L18Q7NF; brand AmeriPour,https://www.amazon.com/dp/B07L18Q7NF,44.3,Reject,5.6,0.2804,2689.44,84.0,28.3,10.1,22.0,78.0,supplier quote required; estimated profit is not a rejection gate; review count above 600,,,,,,,,,,,,,,
category:Index Card Storage,12900921,Index Card Storage,Office Products > Office Supplies > Education & Crafts > Filing Products > Index Card Filing > Index Card Storage,B00NU7OIHQ,,"Super Stacker Small Index Card Sized Box, 4x6 in, 1 Count",Office Products > Office Supplies > Education & Crafts > Filing Products > Index Card Filing > Index Card Storage,US,19.99,5.6,1.6,3.6,0.15,1060.0,1595.0,4.3,0.55,10000.0,1.0,20.0,50.0,25.0,20.0,20.0,50.0,20.0,42.5,C,"observed:sales,reviews,rating; estimated:price,fba_fee,search_volume,cpc",estimated_default_costs,Imported from Sorftime; ASIN B00NU7OIHQ; brand Super Stacker,https://www.amazon.com/dp/B00NU7OIHQ,44.2,Reject,6.19,0.3097,6562.99,87.3,18.3,26.2,22.0,78.0,supplier quote required; estimated profit is not a rejection gate; review count above 600; evidence confidence below supplier-validation threshold,,,,,,,,,,,,,,
category:Egg Slicers,17548242011,Egg Slicers,"Home & Kitchen > Kitchen & Dining > Kitchen Utensils & Gadgets > Peeling, Grating & Slicing Tools > Mandolines & Slicers > Egg Slicers",B0DYTMKXLG,,"Hendiy Strawberry Slicer, Black, 1-Pack | Stainless Steel Blades, Egg & Fruit Slicer Cup, For Banana, Cucumber, Mushroom, ABS Detachable, Precision Berry Cutter Tool","Home & Kitchen > Kitchen & Dining > Kitchen Utensils & Gadgets > Peeling, Grating & Slicing Tools > Mandolines & Slicers > Egg Slicers",US,14.98,4.19,1.2,4.19,0.15,384.0,273.0,4.3,0.55,10000.0,1.0,20.0,50.0,25.0,20.0,20.0,75.0,35.0,65.0,B,"observed:price,sales,reviews,rating,fba_fee; estimated:search_volume,cpc",estimated_default_costs,Imported from Sorftime; ASIN B0DYTMKXLG; brand Hendiy,https://www.amazon.com/dp/B0DYTMKXLG,44.2,Reject,3.15,0.2105,1210.75,68.0,40.8,0.6,22.0,78.0,supplier quote required; estimated profit is not a rejection gate,,,,,,,,,,,,,,
category:Sponge Mops,23537024011,Sponge Mops,Home & Kitchen > Cleaning Supplies > Household Cleaning > Cleaning Tools > Mopping > Wet & Dry Mops > Sponge Mops,B0D6P3VTC2,,HOMEMAID® Cellulose Metal Hinge Squeeze Sponge Mop - $19.98 Each / Made in USA,Home & Kitchen > Cleaning Supplies > Household Cleaning > Cleaning Tools > Mopping > Wet & Dry Mops > Sponge Mops,US,19.98,5.59,1.6,3.6,0.15,301.0,229.0,4.3,0.55,10000.0,1.0,20.0,50.0,25.0,20.0,20.0,65.0,20.0,53.8,C,"observed:price,sales,reviews,rating; estimated:fba_fee,search_volume,cpc",estimated_default_costs,Imported from Sorftime; ASIN B0D6P3VTC2; brand HOMEMAID CLEANING PRODUCTS,https://www.amazon.com/dp/B0D6P3VTC2,43.9,Reject,6.19,0.31,1864.09,54.1,40.8,12.8,22.0,78.0,supplier quote required; estimated profit is not a rejection gate; evidence confidence below supplier-validation threshold,,,,,,,,,,,,,,
category:Tools,3398991,Tools,Sports & Outdoors > Sports > Boating & Sailing > Boating > Maintenance Supplies > Tools,B0F1FT6GD9,,"1-1/16“ Boat Prop Wrench & PMPS-1-DP Prop Stop Block Kit, 91-859046Q4 Polymer Propeller Wrench - Works for Mercury Mercruiser Alpha, Fits All Outboard & Stern Drive Applications Light-Weight, Yellow",Sports & Outdoors > Sports > Boating & Sailing > Boating > Maintenance Supplies > Tools,US,19.6,5.49,1.57,4.89,0.15,217.0,58.0,4.6,0.55,10000.0,1.0,20.0,50.0,25.0,20.0,20.0,75.0,35.0,65.0,B,"observed:price,sales,reviews,rating,fba_fee; estimated:search_volume,cpc",estimated_default_costs,Imported from Sorftime; ASIN B0F1FT6GD9; brand Yoursme,https://www.amazon.com/dp/B0F1FT6GD9,43.9,Reject,4.71,0.2403,1022.07,40.1,54.3,0.1,22.0,78.0,supplier quote required; estimated profit is not a rejection gate,,,,,,,,,,,,,,
category:Electric Fondue Pots,17384862011,Electric Fondue Pots,Home & Kitchen > Kitchen & Dining > Kitchen Utensils & Gadgets > Cheese Tools > Fondue > Electric Fondue Pots,B0DS5W3HN9,,"Party Desserts Electric Smores Maker Tabletop Indoor Kit, Indoor Marshmallow Roaster, Smores Station with 4 Compartment Trays & 4 Forks, Great Gift for Adults and Kids in Holidays and Parties (Brown)",Home & Kitchen > Kitchen & Dining > Kitchen Utensils & Gadgets > Cheese Tools > Fondue > Electric Fondue Pots,US,23.99,6.72,1.92,6.77,0.15,515.0,419.0,4.4,0.55,10000.0,1.0,20.0,50.0,25.0,20.0,20.0,75.0,35.0,65.0,B,"observed:price,sales,reviews,rating,fba_fee; estimated:search_volume,cpc",estimated_default_costs,Imported from Sorftime; ASIN B0DS5W3HN9; brand Party Desserts,https://www.amazon.com/dp/B0DS5W3HN9,43.8,Reject,4.98,0.2076,2565.47,87.3,28.3,4.5,22.0,78.0,supplier quote required; estimated profit is not a rejection gate,,,,,,,,,,,,,,
category:Kitchen Brushes,203313515011,Kitchen Brushes,Home & Kitchen > Cleaning Supplies > Household Cleaning > Cleaning Tools > Brushes > Kitchen Brushes,B0DG5LNC46,,"Grout Cleaner Brush with Long Handle, Floor Scrub Brush for Shower Tile, Bathroom Crevice Cleaning Brushes with Heavy Duty Stiff Bristles",Home & Kitchen > Cleaning Supplies > Household Cleaning > Cleaning Tools > Brushes > Kitchen Brushes,US,12.99,3.64,1.04,4.57,0.15,1311.0,534.0,4.3,0.55,10000.0,1.0,20.0,50.0,25.0,20.0,20.0,75.0,35.0,65.0,B,"observed:price,sales,reviews,rating,fba_fee; estimated:search_volume,cpc",estimated_default_costs,Imported from Sorftime; ASIN B0DG5LNC46; brand KalTell,https://www.amazon.com/dp/B0DG5LNC46,43.7,Reject,1.79,0.1379,2348.66,87.3,28.3,3.9,22.0,78.0,supplier quote required; estimated profit is not a rejection gate,,,,,,,,,,,,,,
category:Backpacking Stoves,19450135011,Backpacking Stoves,Sports & Outdoors > Outdoor Recreation > Camping & Hiking > Camp Kitchen > Stoves & Grills > Backpacking Stoves,B08NLVKHPP,,"Kuvik Titanium Wood Stove - Ultralight and Compact Stove for Backpacking | Packs Flat, Easy Setup, Ultralight Titanium, High Strength, Corrosion Resistant, Burns Natural Fuels, Carrying Case Included",Sports & Outdoors > Outdoor Recreation > Camping & Hiking > Camp Kitchen > Stoves & Grills > Backpacking Stoves,US,39.99,11.2,3.2,4.45,0.15,285.0,465.0,4.6,0.55,10000.0,1.0,20.0,50.0,25.0,20.0,20.0,75.0,35.0,65.0,B,"observed:price,sales,reviews,rating,fba_fee; estimated:search_volume,cpc",estimated_default_costs,Imported from Sorftime; ASIN B08NLVKHPP; brand Kuvik,https://www.amazon.com/dp/B08NLVKHPP,43.6,Reject,15.14,0.3786,4315.33,51.5,24.3,46.9,22.0,78.0,supplier quote required; estimated profit is not a rejection gate,,,,,,,,,,,,,,
category:String Mops,23537022011,String Mops,Home & Kitchen > Cleaning Supplies > Household Cleaning > Cleaning Tools > Mopping > Wet & Dry Mops > String Mops,B002ZYCBAG,,"Mr. Clean Magic Eraser Roller Floor Mop, White/Blue",Home & Kitchen > Cleaning Supplies > Household Cleaning > Cleaning Tools > Mopping > Wet & Dry Mops > String Mops,US,54.99,15.4,4.4,9.9,0.15,357.0,1605.0,4.2,0.55,10000.0,1.0,20.0,50.0,25.0,20.0,20.0,65.0,20.0,53.8,C,"observed:price,sales,reviews,rating; estimated:fba_fee,search_volume,cpc",estimated_default_costs,Imported from Sorftime; ASIN B002ZYCBAG; brand Mr. Clean,https://www.amazon.com/dp/B002ZYCBAG,43.5,Reject,17.04,0.3099,6083.82,63.5,18.3,46.6,22.0,78.0,supplier quote required; estimated profit is not a rejection gate; review count above 600; evidence confidence below supplier-validation threshold,,,,,,,,,,,,,,
category:Kitchen Brushes,203313515011,Kitchen Brushes,Home & Kitchen > Cleaning Supplies > Household Cleaning > Cleaning Tools > Brushes > Kitchen Brushes,B0DLWHGGCS,,DEBETOOL 6-Piece Bamboo Dish Brush Set with Coconut Sponge,Home & Kitchen > Cleaning Supplies > Household Cleaning > Cleaning Tools > Brushes > Kitchen Brushes,US,14.99,4.2,1.2,5.35,0.15,2368.0,512.0,4.5,0.55,10000.0,1.0,20.0,50.0,25.0,20.0,20.0,75.0,35.0,65.0,B,"observed:price,sales,reviews,rating,fba_fee; estimated:search_volume,cpc",estimated_default_costs,Imported from Sorftime; ASIN B0DLWHGGCS; brand DEBETOOL,https://www.amazon.com/dp/B0DLWHGGCS,43.5,Reject,1.99,0.1329,4715.87,87.3,24.3,10.6,22.0,78.0,supplier quote required; estimated profit is not a rejection gate,,,,,,,,,,,,,,
category:Storage,3397571,Storage,Sports & Outdoors > Sports > Boating & Sailing > Boating > Boat Cabin Products > Storage,B0CZRT8TJ4,,"Gocozer Boat Cup Holder with Rubber Tab, Universal Boat Storage Organizer - 2 Ways Installation: Drill or Adhesive",Sports & Outdoors > Sports > Boating & Sailing > Boating > Boat Cabin Products > Storage,US,26.59,7.45,2.13,6.59,0.15,588.0,450.0,4.6,0.55,10000.0,1.0,20.0,50.0,25.0,20.0,20.0,75.0,35.0,65.0,B,"observed:price,sales,reviews,rating,fba_fee; estimated:search_volume,cpc",estimated_default_costs,Imported from Sorftime; ASIN B0CZRT8TJ4; brand Gocozer,https://www.amazon.com/dp/B0CZRT8TJ4,43.5,Reject,6.43,0.2419,3781.72,87.3,24.3,10.8,22.0,78.0,supplier quote required; estimated profit is not a rejection gate,,,,,,,,,,,,,,
category:Feather Dusters,2245498011,Feather Dusters,Home & Kitchen > Cleaning Supplies > Household Cleaning > Cleaning Tools > Dusting > Feather Dusters,B0BGR1DQF8,,"Hicavar 20 Foot High Ceiling Fan, Cobweb Duster with 5-12ft Extension Pole | Extendable, Reusable Feather, Window Cleaning Squeegee Kit",Home & Kitchen > Cleaning Supplies > Household Cleaning > Cleaning Tools > Dusting > Feather Dusters,US,45.99,12.88,3.68,12.8,0.15,1629.0,1007.0,4.5,0.55,10000.0,1.0,20.0,50.0,25.0,20.0,20.0,75.0,35.0,65.0,B,"observed:price,sales,reviews,rating,fba_fee; estimated:search_volume,cpc",estimated_default_costs,Imported from Sorftime; ASIN B0BGR1DQF8; brand Hicavar,https://www.amazon.com/dp/B0BGR1DQF8,43.3,Reject,9.73,0.2116,15852.61,87.3,14.3,29.5,22.0,78.0,supplier quote required; estimated profit is not a rejection gate; review count above 600,,,,,,,,,,,,,,
category:Edible Printer Paper & Frosting Sheets,8147491011,Edible Printer Paper & Frosting Sheets,Home & Kitchen > Kitchen & Dining > Bakeware > Decorating Tools > Edible Printer Ink & Paper > Edible Printer Paper & Frosting Sheets,B01HA5E5LW,,paper2eat edible Wafer Paper Sheets Standard - 0.30 mm - 25 sheets,Home & Kitchen > Kitchen & Dining > Bakeware > Decorating Tools > Edible Printer Ink & Paper > Edible Printer Paper & Frosting Sheets,US,16.99,4.76,1.36,5.77,0.15,1624.0,508.0,4.6,0.55,10000.0,1.0,20.0,50.0,25.0,20.0,20.0,75.0,35.0,65.0,B,"observed:price,sales,reviews,rating,fba_fee; estimated:search_volume,cpc",estimated_default_costs,Imported from Sorftime; ASIN B01HA5E5LW; brand paper2eat,https://www.amazon.com/dp/B01HA5E5LW,43.2,Reject,2.55,0.1502,4143.64,87.3,24.3,9.0,22.0,78.0,supplier quote required; estimated profit is not a rejection gate,,,,,,,,,,,,,,
category:Pitters,678503011,Pitters,Home & Kitchen > Kitchen & Dining > Kitchen Utensils & Gadgets > Fruit & Vegetable Tools > Corers & Pitters > Pitters,B0D9XPJMZ9,,"Zattic Cherry Pitter, 304 Stainless Steel Cherry Pit Remover and Corer for Large & Small Cherries, Heavy Duty, Dishwasher-Safe, Time-Saving, Effortless to Use Cherry Stoner (Press-Type)",Home & Kitchen > Kitchen & Dining > Kitchen Utensils & Gadgets > Fruit & Vegetable Tools > Corers & Pitters > Pitters,US,15.99,4.48,1.28,4.46,0.15,234.0,125.0,4.3,0.55,10000.0,1.0,20.0,50.0,25.0,20.0,20.0,75.0,35.0,65.0,B,"observed:price,sales,reviews,rating,fba_fee; estimated:search_volume,cpc",estimated_default_costs,Imported from Sorftime; ASIN B0D9XPJMZ9; brand Zattic,https://www.amazon.com/dp/B0D9XPJMZ9,43.1,Reject,3.37,0.2109,788.93,43.0,50.8,0.0,22.0,78.0,supplier quote required; estimated profit is not a rejection gate,,,,,,,,,,,,,,
category:Tool Trays,15709201,Tool Trays,Tools & Home Improvement > Storage & Home Organization > Tool Organizers > Tool Trays,B0C65B5VXC,,"WORKPRO 2-Pack Magnetic Wrench Organizer, 12-Piece Wrench Holder Set",Tools & Home Improvement > Storage & Home Organization > Tool Organizers > Tool Trays,US,16.99,4.76,1.36,5.73,0.15,1518.0,782.0,4.5,0.55,10000.0,1.0,20.0,50.0,25.0,20.0,20.0,75.0,35.0,65.0,B,"observed:price,sales,reviews,rating,fba_fee; estimated:search_volume,cpc",estimated_default_costs,Imported from Sorftime; ASIN B0C65B5VXC; brand WORKPRO,https://www.amazon.com/dp/B0C65B5VXC,43.1,Reject,2.59,0.1525,3933.9,87.3,24.3,8.4,22.0,78.0,supplier quote required; estimated profit is not a rejection gate; review count above 600,,,,,,,,,,,,,,
category:Angle Brooms,14253831,Angle Brooms,Home & Kitchen > Cleaning Supplies > Household Cleaning > Cleaning Tools > Sweeping > Brooms > Angle Brooms,B09PZP6LG4,,"Gloffer Indoor Broom, Soft Bristles for Hardwood Floors, 55-Inch Handle | Soft bristles, 12-inch angled head and adjustable 55-inch handle for easy indoor sweeping on hardwood, laminate and tile.",Home & Kitchen > Cleaning Supplies > Household Cleaning > Cleaning Tools > Sweeping > Brooms > Angle Brooms,US,16.99,4.76,1.36,6.21,0.15,534.0,653.0,4.2,0.55,10000.0,1.0,20.0,50.0,25.0,20.0,20.0,75.0,35.0,65.0,B,"observed:price,sales,reviews,rating,fba_fee; estimated:search_volume,cpc",estimated_default_costs,Imported from Sorftime; ASIN B09PZP6LG4; brand Gloffer,https://www.amazon.com/dp/B09PZP6LG4,43.1,Reject,2.11,0.1243,1127.54,87.3,28.3,0.4,22.0,78.0,supplier quote required; estimated profit is not a rejection gate; review count above 600,,,,,,,,,,,,,,
category:Push Brooms,14253851,Push Brooms,Home & Kitchen > Cleaning Supplies > Household Cleaning > Cleaning Tools > Sweeping > Brooms > Push Brooms,B0FL2B8Z9W,,Floor Scrub Brush with Long Handle & Squeegee for Bathroom,Home & Kitchen > Cleaning Supplies > Household Cleaning > Cleaning Tools > Sweeping > Brooms > Push Brooms,US,13.99,3.92,1.12,6.59,0.15,1218.0,437.0,4.4,0.55,10000.0,1.0,20.0,50.0,25.0,20.0,20.0,75.0,35.0,65.0,B,"observed:price,sales,reviews,rating,fba_fee; estimated:search_volume,cpc",estimated_default_costs,Imported from Sorftime; ASIN B0FL2B8Z9W; brand EHADOO,https://www.amazon.com/dp/B0FL2B8Z9W,43.0,Reject,0.26,0.0187,318.51,87.3,28.3,0.0,22.0,78.0,supplier quote required; estimated profit is not a rejection gate,,,,,,,,,,,,,,
category:Waiter Corkscrews,13826001,Waiter Corkscrews,Home & Kitchen > Kitchen & Dining > Kitchen Utensils & Gadgets > Bar & Wine Tools > Corkscrews & Openers > Waiter Corkscrews,B0C7TLXMS5,,"Professional Waiter Corkscrew Wine Key for Bartenders Set of 3,With Long Rosewood Handle Stainless Steel Handle Wine Opener for Bar Restaurant Waiters, Sommelier, Bartend (Rose Wood 3 Packs)",Home & Kitchen > Kitchen & Dining > Kitchen Utensils & Gadgets > Bar & Wine Tools > Corkscrews & Openers > Waiter Corkscrews,US,21.59,6.05,1.73,3.75,0.15,933.0,1003.0,4.6,0.55,10000.0,1.0,20.0,50.0,25.0,20.0,20.0,75.0,35.0,65.0,B,"observed:price,sales,reviews,rating,fba_fee; estimated:search_volume,cpc",estimated_default_costs,Imported from Sorftime; ASIN B0C7TLXMS5; brand Kit-Home,https://www.amazon.com/dp/B0C7TLXMS5,42.9,Reject,6.82,0.316,6364.46,87.3,14.3,27.8,22.0,78.0,supplier quote required; estimated profit is not a rejection gate; review count above 600,,,,,,,,,,,,,,
category:Feather Dusters,2245498011,Feather Dusters,Home & Kitchen > Cleaning Supplies > Household Cleaning > Cleaning Tools > Dusting > Feather Dusters,B0F17JYBJ3,,"Cobweb Duster with Extension Pole, Washable Cleaning Duster Set with 2 Duster Heads, Corner Brush, 15-110-Inch Telescoping Pole for high Ceiling Fans, Long Duster for high Ceilings，Spider Web Brush",Home & Kitchen > Cleaning Supplies > Household Cleaning > Cleaning Tools > Dusting > Feather Dusters,US,13.98,3.91,1.12,5.75,0.15,3340.0,487.0,4.5,0.55,10000.0,1.0,20.0,50.0,25.0,20.0,20.0,75.0,35.0,65.0,B,"observed:price,sales,reviews,rating,fba_fee; estimated:search_volume,cpc",estimated_default_costs,Imported from Sorftime; ASIN B0F17JYBJ3; brand FAMYLI,https://www.amazon.com/dp/B0F17JYBJ3,42.9,Reject,1.1,0.0789,3684.02,87.3,24.3,7.7,22.0,78.0,supplier quote required; estimated profit is not a rejection gate,,,,,,,,,,,,,,
category:Hand Brooms,14253841,Hand Brooms,Home & Kitchen > Cleaning Supplies > Household Cleaning > Cleaning Tools > Sweeping > Brooms > Hand Brooms,B0FW4GRRMF,,"Four-Section Rod Long-Handled Broom,Heavy-Duty Broom, Angle Broom for Outdoor/Indoor（Black）",Home & Kitchen > Cleaning Supplies > Household Cleaning > Cleaning Tools > Sweeping > Brooms > Hand Brooms,US,18.98,5.31,1.52,3.5,0.15,770.0,1278.0,4.3,0.55,10000.0,1.0,20.0,50.0,25.0,20.0,20.0,65.0,20.0,53.8,C,"observed:price,sales,reviews,rating; estimated:fba_fee,search_volume,cpc",estimated_default_costs,Imported from Sorftime; ASIN B0FW4GRRMF; brand Xifando,https://www.amazon.com/dp/B0FW4GRRMF,42.8,Reject,5.8,0.3057,4468.31,87.3,18.3,18.9,22.0,78.0,supplier quote required; estimated profit is not a rejection gate; review count above 600; evidence confidence below supplier-validation threshold,,,,,,,,,,,,,,
category:Corers,678502011,Corers,Home & Kitchen > Kitchen & Dining > Kitchen Utensils & Gadgets > Fruit & Vegetable Tools > Corers & Pitters > Corers,B0D1Y4B8DQ,,"5.5 Inch Extra Large 16-Slice Apple Corer, Heavy Duty Divider Wedger Cutter",Home & Kitchen > Kitchen & Dining > Kitchen Utensils & Gadgets > Fruit & Vegetable Tools > Corers & Pitters > Corers,US,17.99,5.04,1.44,4.9,0.15,887.0,579.0,4.5,0.55,10000.0,1.0,20.0,50.0,25.0,20.0,20.0,75.0,35.0,65.0,B,"observed:price,sales,reviews,rating,fba_fee; estimated:search_volume,cpc",estimated_default_costs,Imported from Sorftime; ASIN B0D1Y4B8DQ; brand LIIGEMI,https://www.amazon.com/dp/B0D1Y4B8DQ,42.8,Reject,3.91,0.2174,3469.5,87.3,24.3,7.1,22.0,78.0,supplier quote required; estimated profit is not a rejection gate,,,,,,,,,,,,,,
category:Toilet Brushes & Holders,85975011,Toilet Brushes & Holders,Home & Kitchen > Cleaning Supplies > Household Cleaning > Cleaning Tools > Brushes > Toilet Brushes & Holders,B07YFPMDWC,,"Stainless Steel Toilet Brush and Holder Set, Splash Guard (Brushed Gold)",Home & Kitchen > Cleaning Supplies > Household Cleaning > Cleaning Tools > Brushes > Toilet Brushes & Holders,US,28.88,8.09,2.31,6.51,0.15,1882.0,1045.0,4.6,0.55,10000.0,1.0,20.0,50.0,25.0,20.0,20.0,75.0,35.0,65.0,B,"observed:price,sales,reviews,rating,fba_fee; estimated:search_volume,cpc",estimated_default_costs,Imported from Sorftime; ASIN B07YFPMDWC; brand Novsix,https://www.amazon.com/dp/B07YFPMDWC,42.8,Reject,7.64,0.2645,14374.72,87.3,14.3,27.2,22.0,78.0,supplier quote required; estimated profit is not a rejection gate; review count above 600,,,,,,,,,,,,,,
category:Cheese Slicers,289760,Cheese Slicers,"Home & Kitchen > Kitchen & Dining > Kitchen Utensils & Gadgets > Peeling, Grating & Slicing Tools > Mandolines & Slicers > Cheese Slicers",B0D92YV3SM,,Chef‘n 2-in-1 Cheese Slicer and Storage Container | Integrated Lid Keeps Cheese Fresh | Ideal Gift for the Cheese Lover,"Home & Kitchen > Kitchen & Dining > Kitchen Utensils & Gadgets > Peeling, Grating & Slicing Tools > Mandolines & Slicers > Cheese Slicers",US,19.99,5.6,1.6,4.48,0.15,295.0,253.0,4.1,0.55,10000.0,1.0,20.0,50.0,25.0,20.0,20.0,75.0,35.0,65.0,B,"observed:price,sales,reviews,rating,fba_fee; estimated:search_volume,cpc",estimated_default_costs,Imported from Sorftime; ASIN B0D92YV3SM; brand Chef’n,https://www.amazon.com/dp/B0D92YV3SM,42.8,Reject,5.31,0.2657,1566.89,53.1,42.8,4.3,22.0,78.0,supplier quote required; estimated profit is not a rejection gate,,,,,,,,,,,,,,
category:Toilet Safety Frames & Rails,3775391,Toilet Safety Frames & Rails,Tools & Home Improvement > Kitchen & Bath Fixtures > Bathroom Fixtures > Bathroom Safety & Accessibility > Toilets & Toilet Aids > Toilet Safety Frames & Rails,B0FD3SN31M,,"Loyoda Toilet Safety Frame for Seniors, Adjustable Toilet Safety Rail",Tools & Home Improvement > Kitchen & Bath Fixtures > Bathroom Fixtures > Bathroom Safety & Accessibility > Toilets & Toilet Aids > Toilet Safety Frames & Rails,US,44.99,12.6,3.6,14.07,0.15,1895.0,878.0,4.6,0.55,10000.0,1.0,20.0,50.0,25.0,20.0,20.0,75.0,35.0,65.0,B,"observed:price,sales,reviews,rating,fba_fee; estimated:search_volume,cpc",estimated_default_costs,Imported from Sorftime; ASIN B0FD3SN31M; brand Loyoda,https://www.amazon.com/dp/B0FD3SN31M,42.6,Reject,7.97,0.1772,15105.99,87.3,14.3,25.9,22.0,78.0,supplier quote required; estimated profit is not a rejection gate; review count above 600,,,,,,,,,,,,,,
category:Dust Mops,23537023011,Dust Mops,Home & Kitchen > Cleaning Supplies > Household Cleaning > Cleaning Tools > Mopping > Wet & Dry Mops > Dust Mops,B001F0RCKU,,"Swiffer 360 Dusters Extender Kit, 3 Unscented Dusters With Extendable handle (Packaging May Vary)",Home & Kitchen > Cleaning Supplies > Household Cleaning > Cleaning Tools > Mopping > Wet & Dry Mops > Dust Mops,US,18.47,5.17,1.48,3.5,0.15,1313.0,1799.0,4.6,0.55,10000.0,1.0,20.0,50.0,25.0,20.0,20.0,65.0,20.0,53.8,C,"observed:price,sales,reviews,rating; estimated:fba_fee,search_volume,cpc",estimated_default_costs,Imported from Sorftime; ASIN B001F0RCKU; brand Swiffer,https://www.amazon.com/dp/B001F0RCKU,42.6,Reject,5.55,0.3005,7286.49,87.3,14.3,25.8,22.0,78.0,supplier quote required; estimated profit is not a rejection gate; review count above 600; evidence confidence below supplier-validation threshold,,,,,,,,,,,,,,
category:Corers,678502011,Corers,Home & Kitchen > Kitchen & Dining > Kitchen Utensils & Gadgets > Fruit & Vegetable Tools > Corers & Pitters > Corers,B0CG94679C,,"Obsoorth Apple Slicer and Corer,12 Blades Stainless Steel Apple Corer | 2-in-1 Apple Corer and Slicer,Super Sharp Blades ,Evenly Apple Cutter,Stainless Steel Handle,Dishwasher Safe",Home & Kitchen > Kitchen & Dining > Kitchen Utensils & Gadgets > Fruit & Vegetable Tools > Corers & Pitters > Corers,US,13.99,3.92,1.12,4.46,0.15,336.0,217.0,4.4,0.55,10000.0,1.0,20.0,50.0,25.0,20.0,20.0,75.0,35.0,65.0,B,"observed:price,sales,reviews,rating,fba_fee; estimated:search_volume,cpc",estimated_default_costs,Imported from Sorftime; ASIN B0CG94679C; brand Obsoorth,https://www.amazon.com/dp/B0CG94679C,42.5,Reject,2.39,0.1709,803.54,60.0,40.8,0.0,22.0,78.0,supplier quote required; estimated profit is not a rejection gate,,,,,,,,,,,,,,
category:Cleaning Tools,3398891,Cleaning Tools,Sports & Outdoors > Sports > Boating & Sailing > Boating > Maintenance Supplies > Cleaning Tools,B07KCM8JLJ,,"Medium Boat Deck Brush, Heavy-Duty Marine Brush Head, 8“ Bristle",Sports & Outdoors > Sports > Boating & Sailing > Boating > Maintenance Supplies > Cleaning Tools,US,29.99,8.4,2.4,5.94,0.15,404.0,533.0,4.5,0.55,10000.0,1.0,20.0,50.0,25.0,20.0,20.0,75.0,35.0,65.0,B,"observed:price,sales,reviews,rating,fba_fee; estimated:search_volume,cpc",estimated_default_costs,Imported from Sorftime; ASIN B07KCM8JLJ; brand Better Boat,https://www.amazon.com/dp/B07KCM8JLJ,42.3,Reject,8.75,0.2918,3535.61,71.3,24.3,20.3,22.0,78.0,supplier quote required; estimated profit is not a rejection gate,,,,,,,,,,,,,,
category:Corers,678502011,Corers,Home & Kitchen > Kitchen & Dining > Kitchen Utensils & Gadgets > Fruit & Vegetable Tools > Corers & Pitters > Corers,B09G5PWSBB,,"Apple Slicer, HEAVY DUTY Apple Corer, 12-Blade Stainless Steel Apple Cutter Divider Pitter ，Sturdy and Sharp",Home & Kitchen > Kitchen & Dining > Kitchen Utensils & Gadgets > Fruit & Vegetable Tools > Corers & Pitters > Corers,US,16.88,4.73,1.35,4.47,0.15,555.0,709.0,4.5,0.55,10000.0,1.0,20.0,50.0,25.0,20.0,20.0,75.0,35.0,65.0,B,"observed:price,sales,reviews,rating,fba_fee; estimated:search_volume,cpc",estimated_default_costs,Imported from Sorftime; ASIN B09G5PWSBB; brand YUEJUJJ,https://www.amazon.com/dp/B09G5PWSBB,42.1,Reject,3.8,0.225,2107.89,87.3,24.3,3.2,22.0,78.0,brand moat: Apple; supplier quote required; estimated profit is not a rejection gate; review count above 600,brand moat: Apple,,,,,,,,,,,,,
category:Toilet Brushes & Holders,85975011,Toilet Brushes & Holders,Home & Kitchen > Cleaning Supplies > Household Cleaning > Cleaning Tools > Brushes > Toilet Brushes & Holders,B0FHBB78FD,,"LFBEAR Disposable Toilet Cleaning System - Toilet Brush Kit with 36 High-Performance Refills, Wall Mounted Toilet Brush and Holder for Deep Cleaning Bathroom (Toilet Brush+18 Refills)",Home & Kitchen > Cleaning Supplies > Household Cleaning > Cleaning Tools > Brushes > Toilet Brushes & Holders,US,13.98,3.91,1.12,6.22,0.15,3151.0,673.0,4.5,0.55,10000.0,1.0,20.0,50.0,25.0,20.0,20.0,75.0,35.0,65.0,B,"observed:price,sales,reviews,rating,fba_fee; estimated:search_volume,cpc",estimated_default_costs,Imported from Sorftime; ASIN B0FHBB78FD; brand LFBEAR,https://www.amazon.com/dp/B0FHBB78FD,42.0,Reject,0.63,0.0453,1994.58,87.3,24.3,2.8,22.0,78.0,supplier quote required; estimated profit is not a rejection gate; review count above 600,,,,,,,,,,,,,,
category:Wine Stoppers,678499011,Wine Stoppers,Home & Kitchen > Kitchen & Dining > Kitchen Utensils & Gadgets > Bar & Wine Tools > Wine Stoppers & Pourers > Wine Stoppers,B071GZM6SK,,"Repour Wine Saver and Stopper - Removes Oxygen, Preserving and Keeping Wine As Fresh As The Day The Bottle Was Opened (10-Pack)",Home & Kitchen > Kitchen & Dining > Kitchen Utensils & Gadgets > Bar & Wine Tools > Wine Stoppers & Pourers > Wine Stoppers,US,19.99,5.6,1.6,4.18,0.15,764.0,1072.0,4.2,0.55,10000.0,1.0,20.0,50.0,25.0,20.0,20.0,75.0,35.0,65.0,B,"observed:price,sales,reviews,rating,fba_fee; estimated:search_volume,cpc",estimated_default_costs,Imported from Sorftime; ASIN B071GZM6SK; brand Repour,https://www.amazon.com/dp/B071GZM6SK,42.0,Reject,5.61,0.2807,4287.19,87.3,18.3,14.7,22.0,78.0,supplier quote required; estimated profit is not a rejection gate; review count above 600,,,,,,,,,,,,,,
category:Backpacking Stoves,19450135011,Backpacking Stoves,Sports & Outdoors > Outdoor Recreation > Camping & Hiking > Camp Kitchen > Stoves & Grills > Backpacking Stoves,B007DBD3IU,,Solo Stove Lite - Portable Camping Hiking and Survival Stove | Powerful Efficient Wood Burning and Low Smoke | Gassification Rocket Stove for Quick Boil | Compact 4.2 Inches and Lightweight 9 Ounces,Sports & Outdoors > Outdoor Recreation > Camping & Hiking > Camp Kitchen > Stoves & Grills > Backpacking Stoves,US,29.99,8.4,2.4,5.4,0.15,477.0,1495.0,4.6,0.55,10000.0,1.0,20.0,50.0,25.0,20.0,20.0,65.0,20.0,53.8,C,"observed:price,sales,reviews,rating; estimated:fba_fee,search_volume,cpc",estimated_default_costs,Imported from Sorftime; ASIN B007DBD3IU; brand Solo Stove,https://www.amazon.com/dp/B007DBD3IU,42.0,Reject,9.29,0.3098,4432.05,83.5,14.3,26.4,22.0,78.0,supplier quote required; estimated profit is not a rejection gate; review count above 600; evidence confidence below supplier-validation threshold,,,,,,,,,,,,,,
category:Mandolines,23616035011,Mandolines,"Home & Kitchen > Kitchen & Dining > Kitchen Utensils & Gadgets > Peeling, Grating & Slicing Tools > Mandolines & Slicers > Mandolines",B07C1J4BWD,,Ourokhome Zucchini Noodle Maker Spaghetti Spiralizer - 5 Blades Vegetable Slicer for Veggie Noodles and Curly Chips,"Home & Kitchen > Kitchen & Dining > Kitchen Utensils & Gadgets > Peeling, Grating & Slicing Tools > Mandolines & Slicers > Mandolines",US,24.99,7.0,2.0,6.59,0.15,979.0,1550.0,4.3,0.55,10000.0,1.0,20.0,50.0,25.0,20.0,20.0,75.0,35.0,65.0,B,"observed:price,sales,reviews,rating,fba_fee; estimated:search_volume,cpc",estimated_default_costs,Imported from Sorftime; ASIN B07C1J4BWD; brand Ourokhome,https://www.amazon.com/dp/B07C1J4BWD,41.9,Reject,5.65,0.2262,5532.82,87.3,18.3,14.3,22.0,78.0,supplier quote required; estimated profit is not a rejection gate; review count above 600,,,,,,,,,,,,,,
category:Screwpull Levers,13825981,Screwpull Levers,Home & Kitchen > Kitchen & Dining > Kitchen Utensils & Gadgets > Bar & Wine Tools > Corkscrews & Openers > Screwpull Levers,B08DMMXY17,,"Wine Bottle Opener Corkscrew Set – Luxiluxy [2024 upgraded, does NOT break!] Including Foil Cutter, Bottle Stopper, Opener Stand and Extra Spiral - corkscrews wine opener set- wine opener kit",Home & Kitchen > Kitchen & Dining > Kitchen Utensils & Gadgets > Bar & Wine Tools > Corkscrews & Openers > Screwpull Levers,US,29.99,8.4,2.4,6.19,0.15,461.0,2484.0,4.2,0.55,10000.0,1.0,20.0,50.0,25.0,20.0,20.0,75.0,35.0,65.0,B,"observed:price,sales,reviews,rating,fba_fee; estimated:search_volume,cpc",estimated_default_costs,Imported from Sorftime; ASIN B08DMMXY17; brand Luxiluxy,https://www.amazon.com/dp/B08DMMXY17,41.7,Reject,8.5,0.2835,3919.19,80.8,18.3,19.8,22.0,78.0,supplier quote required; estimated profit is not a rejection gate; review count above 600,,,,,,,,,,,,,,
category:Pots & Sets,17384864011,Pots & Sets,Home & Kitchen > Kitchen & Dining > Kitchen Utensils & Gadgets > Cheese Tools > Fondue > Pots & Sets,B0CY6NR727,,"Nostalgia Electric Fondue Party Set – 10 oz Melting Pot, 4 Roasting Forks, & Detachable Serving Tray – Melted Cheese, Chocolate, or Dessert – Perfect for Gifts, Parties, Date Night – Stainless Steel",Home & Kitchen > Kitchen & Dining > Kitchen Utensils & Gadgets > Cheese Tools > Fondue > Pots & Sets,US,29.99,8.4,2.4,7.84,0.15,572.0,946.0,4.4,0.55,10000.0,1.0,20.0,50.0,25.0,20.0,20.0,75.0,35.0,65.0,B,"observed:price,sales,reviews,rating,fba_fee; estimated:search_volume,cpc",estimated_default_costs,Imported from Sorftime; ASIN B0CY6NR727; brand Nostalgia,https://www.amazon.com/dp/B0CY6NR727,41.5,Reject,6.85,0.2285,3919.06,87.3,18.3,12.0,22.0,78.0,supplier quote required; estimated profit is not a rejection gate; review count above 600,,,,,,,,,,,,,,
category:Toilet Assistance Steps,8624798011,Toilet Assistance Steps,Tools & Home Improvement > Kitchen & Bath Fixtures > Bathroom Fixtures > Bathroom Safety & Accessibility > Toilets & Toilet Aids > Toilet Assistance Steps,B0CMLC665P,,"ROMGUAR CRAFT 7 Inch Bamboo Toilet Stool, Foldable Poop Stool, Bathroom Step Stool Squat (Black)",Tools & Home Improvement > Kitchen & Bath Fixtures > Bathroom Fixtures > Bathroom Safety & Accessibility > Toilets & Toilet Aids > Toilet Assistance Steps,US,21.84,6.12,1.75,8.06,0.15,4074.0,1275.0,4.6,0.55,10000.0,1.0,20.0,50.0,25.0,20.0,20.0,75.0,35.0,65.0,B,"observed:price,sales,reviews,rating,fba_fee; estimated:search_volume,cpc",estimated_default_costs,Imported from Sorftime; ASIN B0CMLC665P; brand ROMGUAR CRAFT,https://www.amazon.com/dp/B0CMLC665P,41.5,Reject,2.63,0.1206,10730.92,87.3,14.3,20.0,22.0,78.0,supplier quote required; estimated profit is not a rejection gate; review count above 600,,,,,,,,,,,,,,
category:Feather Dusters,2245498011,Feather Dusters,Home & Kitchen > Cleaning Supplies > Household Cleaning > Cleaning Tools > Dusting > Feather Dusters,B07Z7TXPLQ,,"Cobweb Duster with Extension Pole - 6 FT Lightweight Stainless Steel Extendable Duster Ceiling Fan Duster for High Ceilings, Medium Stiff PET Bristle Spider Web Brush for Indoor/Outdoor Cleaning",Home & Kitchen > Cleaning Supplies > Household Cleaning > Cleaning Tools > Dusting > Feather Dusters,US,21.99,6.16,1.76,6.37,0.15,3303.0,1779.0,4.5,0.55,10000.0,1.0,20.0,50.0,25.0,20.0,20.0,75.0,35.0,65.0,B,"observed:price,sales,reviews,rating,fba_fee; estimated:search_volume,cpc",estimated_default_costs,Imported from Sorftime; ASIN B07Z7TXPLQ; brand COCONUT,https://www.amazon.com/dp/B07Z7TXPLQ,41.5,Reject,4.4,0.2002,14538.15,87.3,14.3,20.0,22.0,78.0,supplier quote required; estimated profit is not a rejection gate; review count above 600,,,,,,,,,,,,,,
category:Waiter Corkscrews,13826001,Waiter Corkscrews,Home & Kitchen > Kitchen & Dining > Kitchen Utensils & Gadgets > Bar & Wine Tools > Corkscrews & Openers > Waiter Corkscrews,B004BMN44M,,Pulltap’s Professional Double‑Hinged Waiter’s Corkscrew (Classic 500) – Luxury Sommelier‑Grade Wine Opener with Signature Pulltap’s Logo & Precision Foil Cutter,Home & Kitchen > Kitchen & Dining > Kitchen Utensils & Gadgets > Bar & Wine Tools > Corkscrews & Openers > Waiter Corkscrews,US,13.99,3.92,1.12,3.92,0.15,350.0,290.0,4.5,0.55,10000.0,1.0,20.0,50.0,25.0,20.0,20.0,75.0,35.0,65.0,B,"observed:price,sales,reviews,rating,fba_fee; estimated:search_volume,cpc",estimated_default_costs,Imported from Sorftime; ASIN B004BMN44M; brand Pulltap‘s,https://www.amazon.com/dp/B004BMN44M,41.5,Reject,2.93,0.2095,1026.02,62.3,36.8,0.1,22.0,78.0,supplier quote required; estimated profit is not a rejection gate,,,,,,,,,,,,,,
category:Buckets,2245509011,Buckets,Home & Kitchen > Cleaning Supplies > Household Cleaning > Cleaning Tools > Mopping > Buckets,B0B9G2Q2ZQ,,"Goderewild Multi-Purpose Plastic Cleaning Caddy with Handle, Shower Caddy Organizer/Storage Basket/Totes Portable for Bathroom Supplies, Cleaning Products, Under Sink Tool, Housekeepers (White)",Home & Kitchen > Cleaning Supplies > Household Cleaning > Cleaning Tools > Mopping > Buckets,US,16.99,4.76,1.36,9.47,0.15,496.0,469.0,4.6,0.55,10000.0,1.0,20.0,50.0,25.0,20.0,20.0,75.0,35.0,65.0,B,"observed:price,sales,reviews,rating,fba_fee; estimated:search_volume,cpc",estimated_default_costs,Imported from Sorftime; ASIN B0B9G2Q2ZQ; brand Goderewild,https://www.amazon.com/dp/B0B9G2Q2ZQ,41.4,Reject,-1.15,-0.0676,-569.66,86.6,24.3,0.0,22.0,78.0,supplier quote required; estimated profit is not a rejection gate,,,,,,,,,,,,,,
category:Buckets,2245509011,Buckets,Home & Kitchen > Cleaning Supplies > Household Cleaning > Cleaning Tools > Mopping > Buckets,B0H3WTZG2Y,,"10QT (9.5L) Cleaning Bucket with Handle and Spout - Charcoal Grey | Heavy Duty Mop Bucket for Household Use, Utility Pail for Car Wash - Plastic Buckets, Plastic Buckets with Handles",Home & Kitchen > Cleaning Supplies > Household Cleaning > Cleaning Tools > Mopping > Buckets,US,15.99,4.48,1.28,3.5,0.15,587.0,1583.0,4.0,0.55,10000.0,1.0,20.0,50.0,25.0,20.0,20.0,65.0,20.0,53.8,C,"observed:price,sales,reviews,rating; estimated:fba_fee,search_volume,cpc",estimated_default_costs,Imported from Sorftime; ASIN B0H3WTZG2Y; brand JOEY’Z,https://www.amazon.com/dp/B0H3WTZG2Y,41.3,Reject,4.33,0.2709,2542.59,87.3,20.3,7.2,22.0,78.0,supplier quote required; estimated profit is not a rejection gate; review count above 600; evidence confidence below supplier-validation threshold,,,,,,,,,,,,,,
category:Toilet Brushes & Holders,85975011,Toilet Brushes & Holders,Home & Kitchen > Cleaning Supplies > Household Cleaning > Cleaning Tools > Brushes > Toilet Brushes & Holders,B0BZ83FQ2Y,,"MR.SIGA Toilet Plunger and Brush with Holder for Toilet Cleaning, White | Heavy duty toilet brush and plunger set, plunger toilet brush combo",Home & Kitchen > Cleaning Supplies > Household Cleaning > Cleaning Tools > Brushes > Toilet Brushes & Holders,US,23.99,6.72,1.92,8.03,0.15,1898.0,1657.0,4.5,0.55,10000.0,1.0,20.0,50.0,25.0,20.0,20.0,75.0,35.0,65.0,B,"observed:price,sales,reviews,rating,fba_fee; estimated:search_volume,cpc",estimated_default_costs,Imported from Sorftime; ASIN B0BZ83FQ2Y; brand MR.SIGA,https://www.amazon.com/dp/B0BZ83FQ2Y,41.0,Reject,3.72,0.1551,7063.41,87.3,14.3,17.3,22.0,78.0,supplier quote required; estimated profit is not a rejection gate; review count above 600,,,,,,,,,,,,,,
category:Bottle Openers,3109475011,Bottle Openers,Home & Kitchen > Kitchen & Dining > Kitchen Utensils & Gadgets > Bar & Wine Tools > Corkscrews & Openers > Bottle Openers,B0BVDT7BL7,,"Irenare 6 Pcs Retractable Bar Keys Bartender Bottle Openers, Marble | Stainless Steel Beer Bottle Opener,with Belt Clip and Round Badge Reel,Bartender Gifts for Women Men",Home & Kitchen > Kitchen & Dining > Kitchen Utensils & Gadgets > Bar & Wine Tools > Corkscrews & Openers > Bottle Openers,US,14.99,4.2,1.2,4.44,0.15,286.0,278.0,4.3,0.55,10000.0,1.0,20.0,50.0,25.0,20.0,20.0,75.0,35.0,65.0,B,"observed:price,sales,reviews,rating,fba_fee; estimated:search_volume,cpc",estimated_default_costs,Imported from Sorftime; ASIN B0BVDT7BL7; brand Irenare,https://www.amazon.com/dp/B0BVDT7BL7,41.0,Reject,2.9,0.1936,829.83,51.6,40.8,0.0,22.0,78.0,supplier quote required; estimated profit is not a rejection gate,,,,,,,,,,,,,,
category:Wine Stoppers,678499011,Wine Stoppers,Home & Kitchen > Kitchen & Dining > Kitchen Utensils & Gadgets > Bar & Wine Tools > Wine Stoppers & Pourers > Wine Stoppers,B09YHDSXGS,,"Wine Stopper 20 Pack, Reusable Decorative Bottle Stoppers",Home & Kitchen > Kitchen & Dining > Kitchen Utensils & Gadgets > Bar & Wine Tools > Wine Stoppers & Pourers > Wine Stoppers,US,20.99,5.88,1.68,4.46,0.15,291.0,358.0,4.6,0.55,10000.0,1.0,20.0,50.0,25.0,20.0,20.0,75.0,35.0,65.0,B,"observed:price,sales,reviews,rating,fba_fee; estimated:search_volume,cpc",estimated_default_costs,Imported from Sorftime; ASIN B09YHDSXGS; brand Tengfy,https://www.amazon.com/dp/B09YHDSXGS,41.0,Reject,5.82,0.2773,1694.06,52.5,36.8,7.3,22.0,78.0,supplier quote required; estimated profit is not a rejection gate,,,,,,,,,,,,,,
category:Toilet Assistance Steps,8624798011,Toilet Assistance Steps,Tools & Home Improvement > Kitchen & Bath Fixtures > Bathroom Fixtures > Bathroom Safety & Accessibility > Toilets & Toilet Aids > Toilet Assistance Steps,B0CX4CNYR8,,"Foldable Toilet Stool,7 Inches Bamboo Poop Stool for Bathroom",Tools & Home Improvement > Kitchen & Bath Fixtures > Bathroom Fixtures > Bathroom Safety & Accessibility > Toilets & Toilet Aids > Toilet Assistance Steps,US,19.96,5.59,1.6,7.89,0.15,2188.0,1655.0,4.4,0.55,10000.0,1.0,20.0,50.0,25.0,20.0,20.0,75.0,35.0,65.0,B,"observed:price,sales,reviews,rating,fba_fee; estimated:search_volume,cpc",estimated_default_costs,Imported from Sorftime; ASIN B0CX4CNYR8; brand Beinilai,https://www.amazon.com/dp/B0CX4CNYR8,40.9,Reject,1.89,0.0945,4126.57,87.3,18.3,8.9,22.0,78.0,supplier quote required; estimated profit is not a rejection gate; review count above 600,,,,,,,,,,,,,,
category:Bottle Openers,3109475011,Bottle Openers,Home & Kitchen > Kitchen & Dining > Kitchen Utensils & Gadgets > Bar & Wine Tools > Corkscrews & Openers > Bottle Openers,B0002WZR4K,,"Westmark Ah-So Wine Opener – 2 Prong Wine Bottle Opener for Vintage Bottles, German Manual Cork Remover, Chrome Finish, Superfine Polished Steel",Home & Kitchen > Kitchen & Dining > Kitchen Utensils & Gadgets > Bar & Wine Tools > Corkscrews & Openers > Bottle Openers,US,19.99,5.6,1.6,3.34,0.15,465.0,1684.0,4.5,0.55,10000.0,1.0,20.0,50.0,25.0,20.0,20.0,75.0,35.0,65.0,B,"observed:price,sales,reviews,rating,fba_fee; estimated:search_volume,cpc",estimated_default_costs,Imported from Sorftime; ASIN B0002WZR4K; brand MONOPOL Germany,https://www.amazon.com/dp/B0002WZR4K,40.1,Reject,6.45,0.3227,2999.95,81.5,14.3,18.3,22.0,78.0,supplier quote required; estimated profit is not a rejection gate; review count above 600,,,,,,,,,,,,,,
category:Cheese Slicers,289760,Cheese Slicers,"Home & Kitchen > Kitchen & Dining > Kitchen Utensils & Gadgets > Peeling, Grating & Slicing Tools > Mandolines & Slicers > Cheese Slicers",B000KJLQCC,,BOSKA Cheese Curler Amigo - The original Cheese Shaver For Tête de Moine,"Home & Kitchen > Kitchen & Dining > Kitchen Utensils & Gadgets > Peeling, Grating & Slicing Tools > Mandolines & Slicers > Cheese Slicers",US,39.99,11.2,3.2,6.34,0.15,347.0,1567.0,4.5,0.55,10000.0,1.0,20.0,50.0,25.0,20.0,20.0,75.0,35.0,65.0,B,"observed:price,sales,reviews,rating,fba_fee; estimated:search_volume,cpc",estimated_default_costs,Imported from Sorftime; ASIN B000KJLQCC; brand BOSKA,https://www.amazon.com/dp/B000KJLQCC,40.0,Reject,13.25,0.3314,4598.27,61.8,14.3,37.6,22.0,78.0,supplier quote required; estimated profit is not a rejection gate; review count above 600,,,,,,,,,,,,,,
category:Dust Mops,23537023011,Dust Mops,Home & Kitchen > Cleaning Supplies > Household Cleaning > Cleaning Tools > Mopping > Wet & Dry Mops > Dust Mops,B0CXXN14R9,,"Eyliden Sweeper Mop with 36 Refills - 3 Types of Disposable Dry & Wet Cloths | Lock-Tight Design No Lost Pads, Universal Refills, Multi-Surface Sweeping Starter Kit for Pet Hair, Dust, Floor Cleaning",Home & Kitchen > Cleaning Supplies > Household Cleaning > Cleaning Tools > Mopping > Wet & Dry Mops > Dust Mops,US,19.58,5.48,1.57,7.72,0.15,2573.0,1470.0,4.6,0.55,10000.0,1.0,20.0,50.0,25.0,20.0,20.0,75.0,35.0,65.0,B,"observed:price,sales,reviews,rating,fba_fee; estimated:search_volume,cpc",estimated_default_costs,Imported from Sorftime; ASIN B0CXXN14R9; brand Eyliden,https://www.amazon.com/dp/B0CXXN14R9,39.8,Reject,1.87,0.0957,4819.23,87.3,14.3,10.9,22.0,78.0,supplier quote required; estimated profit is not a rejection gate; review count above 600,,,,,,,,,,,,,,
category:Cheese Slicers,289760,Cheese Slicers,"Home & Kitchen > Kitchen & Dining > Kitchen Utensils & Gadgets > Peeling, Grating & Slicing Tools > Mandolines & Slicers > Cheese Slicers",B01MU1FRK4,,"BOSKA Monaco+ Premium Cheese Slicer - Award Winning Cheese Cutter for Block Cheese, Cheddar up to Parmesan - Quilted Pattern reduces Resistance - Non-stick & Ergonomic Handheld","Home & Kitchen > Kitchen & Dining > Kitchen Utensils & Gadgets > Peeling, Grating & Slicing Tools > Mandolines & Slicers > Cheese Slicers",US,16.99,4.76,1.36,3.54,0.15,726.0,2048.0,4.6,0.55,10000.0,1.0,20.0,50.0,25.0,20.0,20.0,75.0,35.0,65.0,B,"observed:price,sales,reviews,rating,fba_fee; estimated:search_volume,cpc",estimated_default_costs,Imported from Sorftime; ASIN B01MU1FRK4; brand BOSKA,https://www.amazon.com/dp/B01MU1FRK4,39.8,Reject,4.78,0.2814,3471.37,87.3,14.3,11.3,22.0,78.0,supplier quote required; estimated profit is not a rejection gate; review count above 600,,,,,,,,,,,,,,
category:Tools,3398991,Tools,Sports & Outdoors > Sports > Boating & Sailing > Boating > Maintenance Supplies > Tools,B0CPJ8SVCD,,"Bolaxin Lower Unit Gear Oil Pump for Standard Quart Bottles, 3/8 inch Metal Swivel, 8mm and 10mm Adapters, for Most Marine Boat Outboard Motors (NOT for Volvo Penta)",Sports & Outdoors > Sports > Boating & Sailing > Boating > Maintenance Supplies > Tools,US,12.88,3.61,1.03,4.9,0.15,225.0,354.0,4.0,0.55,10000.0,1.0,20.0,50.0,25.0,20.0,20.0,75.0,35.0,65.0,B,"observed:price,sales,reviews,rating,fba_fee; estimated:search_volume,cpc",estimated_default_costs,Imported from Sorftime; ASIN B0CPJ8SVCD; brand Bolaxin,https://www.amazon.com/dp/B0CPJ8SVCD,39.8,Reject,1.41,0.1093,316.8,41.5,42.8,0.0,22.0,78.0,supplier quote required; estimated profit is not a rejection gate,,,,,,,,,,,,,,
category:Cheese Slicers,289760,Cheese Slicers,"Home & Kitchen > Kitchen & Dining > Kitchen Utensils & Gadgets > Peeling, Grating & Slicing Tools > Mandolines & Slicers > Cheese Slicers",B0C22YD4LX,,"Sopito Cheese Slicer with 3 Extra Stainless Steel Wires, Silver","Home & Kitchen > Kitchen & Dining > Kitchen Utensils & Gadgets > Peeling, Grating & Slicing Tools > Mandolines & Slicers > Cheese Slicers",US,12.99,3.64,1.04,4.18,0.15,784.0,2064.0,4.4,0.55,10000.0,1.0,20.0,50.0,25.0,20.0,20.0,75.0,35.0,65.0,B,"observed:price,sales,reviews,rating,fba_fee; estimated:search_volume,cpc",estimated_default_costs,Imported from Sorftime; ASIN B0C22YD4LX; brand Sopito,https://www.amazon.com/dp/B0C22YD4LX,39.6,Reject,2.18,0.1679,1710.3,87.3,18.3,2.0,22.0,78.0,supplier quote required; estimated profit is not a rejection gate; review count above 600,,,,,,,,,,,,,,
category:Tool Trays,15709201,Tool Trays,Tools & Home Improvement > Storage & Home Organization > Tool Organizers > Tool Trays,B0BFHRVW9W,,"AMM 9PCS Socket organizer, 1/4' 3/8' 1/2' Drive Heavy duty socket holder",Tools & Home Improvement > Storage & Home Organization > Tool Organizers > Tool Trays,US,16.86,4.72,1.35,6.3,0.15,2301.0,2081.0,4.5,0.55,10000.0,1.0,20.0,50.0,25.0,20.0,20.0,75.0,35.0,65.0,B,"observed:price,sales,reviews,rating,fba_fee; estimated:search_volume,cpc",estimated_default_costs,Imported from Sorftime; ASIN B0BFHRVW9W; brand AMM,https://www.amazon.com/dp/B0BFHRVW9W,39.6,Reject,1.96,0.1163,4512.26,87.3,14.3,10.0,22.0,78.0,supplier quote required; estimated profit is not a rejection gate; review count above 600,,,,,,,,,,,,,,
category:Angle Brooms,14253831,Angle Brooms,Home & Kitchen > Cleaning Supplies > Household Cleaning > Cleaning Tools > Sweeping > Brooms > Angle Brooms,B075T3DD13,,Xifando Three-Section Telescopic Aluminum Alloy Rod Long-Handled Broom,Home & Kitchen > Cleaning Supplies > Household Cleaning > Cleaning Tools > Sweeping > Brooms > Angle Brooms,US,19.99,5.6,1.6,7.82,0.15,770.0,1277.0,4.3,0.55,10000.0,1.0,20.0,50.0,25.0,20.0,20.0,75.0,35.0,65.0,B,"observed:price,sales,reviews,rating,fba_fee; estimated:search_volume,cpc",estimated_default_costs,Imported from Sorftime; ASIN B075T3DD13; brand Xifando,https://www.amazon.com/dp/B075T3DD13,39.5,Reject,1.97,0.0986,1518.05,87.3,18.3,1.5,22.0,78.0,supplier quote required; estimated profit is not a rejection gate; review count above 600,,,,,,,,,,,,,,
category:Sponge Mops,23537024011,Sponge Mops,Home & Kitchen > Cleaning Supplies > Household Cleaning > Cleaning Tools > Mopping > Wet & Dry Mops > Sponge Mops,B09S3BY7HM,,"Masthome PVA Sponge Mops for Floor Cleaning with 3 Squeeze Mop Heads | Sectional Stainless Steel Handle, Absorbent Roller Mop for Floors,Tile ,Wood,Wall,Ceiling",Home & Kitchen > Cleaning Supplies > Household Cleaning > Cleaning Tools > Mopping > Wet & Dry Mops > Sponge Mops,US,19.99,5.6,1.6,7.73,0.15,485.0,1925.0,3.7,0.55,10000.0,1.0,20.0,50.0,25.0,20.0,20.0,75.0,35.0,65.0,B,"observed:price,sales,reviews,rating,fba_fee; estimated:search_volume,cpc",estimated_default_costs,Imported from Sorftime; ASIN B09S3BY7HM; brand Masthome,https://www.amazon.com/dp/B09S3BY7HM,39.5,Reject,2.06,0.1031,999.83,84.8,20.3,0.0,22.0,78.0,supplier quote required; estimated profit is not a rejection gate; review count above 600,,,,,,,,,,,,,,
category:String Mops,23537022011,String Mops,Home & Kitchen > Cleaning Supplies > Household Cleaning > Cleaning Tools > Mopping > Wet & Dry Mops > String Mops,B0DHVDDTBD,,Silkyhose Self-Wringing Twist Cotton Mop with 2 Reusable Heads,Home & Kitchen > Cleaning Supplies > Household Cleaning > Cleaning Tools > Mopping > Wet & Dry Mops > String Mops,US,19.99,5.6,1.6,6.77,0.15,215.0,249.0,3.9,0.55,10000.0,1.0,20.0,50.0,25.0,20.0,20.0,75.0,35.0,65.0,B,"observed:price,sales,reviews,rating,fba_fee; estimated:search_volume,cpc",estimated_default_costs,Imported from Sorftime; ASIN B0DHVDDTBD; brand Silkyhose,https://www.amazon.com/dp/B0DHVDDTBD,39.5,Reject,3.02,0.1512,649.62,39.8,42.8,0.0,22.0,78.0,supplier quote required; estimated profit is not a rejection gate,,,,,,,,,,,,,,
category:Egg Slicers,17548242011,Egg Slicers,"Home & Kitchen > Kitchen & Dining > Kitchen Utensils & Gadgets > Peeling, Grating & Slicing Tools > Mandolines & Slicers > Egg Slicers",B08RZF2W2V,,Multi Function Stainless Steel Egg Slicer for Hard Boiled Eggs,"Home & Kitchen > Kitchen & Dining > Kitchen Utensils & Gadgets > Peeling, Grating & Slicing Tools > Mandolines & Slicers > Egg Slicers",US,13.79,3.86,1.1,4.44,0.15,551.0,837.0,4.2,0.55,10000.0,1.0,20.0,50.0,25.0,20.0,20.0,75.0,35.0,65.0,B,"observed:price,sales,reviews,rating,fba_fee; estimated:search_volume,cpc",estimated_default_costs,Imported from Sorftime; ASIN B08RZF2W2V; brand Vila KuChe,https://www.amazon.com/dp/B08RZF2W2V,39.4,Reject,2.32,0.1683,1279.15,87.3,18.3,0.8,22.0,78.0,supplier quote required; estimated profit is not a rejection gate; review count above 600,,,,,,,,,,,,,,
category:Pots & Sets,17384864011,Pots & Sets,Home & Kitchen > Kitchen & Dining > Kitchen Utensils & Gadgets > Cheese Tools > Fondue > Pots & Sets,B0CJKTBMZM,,"Nostalgia Electric Fondue Party Set – 10 oz Melting Pot, 4 Roasting Forks, & Detachable Serving Tray – Melted Cheese, Chocolate, or Dessert – Perfect for Gifts, Parties, Date Night – Black",Home & Kitchen > Kitchen & Dining > Kitchen Utensils & Gadgets > Cheese Tools > Fondue > Pots & Sets,US,19.99,5.6,1.6,7.92,0.15,433.0,789.0,4.5,0.55,10000.0,1.0,20.0,50.0,25.0,20.0,20.0,75.0,35.0,65.0,B,"observed:price,sales,reviews,rating,fba_fee; estimated:search_volume,cpc",estimated_default_costs,Imported from Sorftime; ASIN B0CJKTBMZM; brand Nostalgia,https://www.amazon.com/dp/B0CJKTBMZM,39.4,Reject,1.87,0.0936,810.36,76.1,24.3,0.0,22.0,78.0,supplier quote required; estimated profit is not a rejection gate; review count above 600,,,,,,,,,,,,,,
category:Mops & Bucket Sets,23537016011,Mops & Bucket Sets,Home & Kitchen > Cleaning Supplies > Household Cleaning > Cleaning Tools > Mopping > Mops & Bucket Sets,B0C5JT5KC9,,"Libman Rinse ‘n Wring Mop and Bucket System, 2 Microfiber Pads Included | Wet & dry mop with dual-chamber bucket design; for hardwood, laminate, tile cleaning.",Home & Kitchen > Cleaning Supplies > Household Cleaning > Cleaning Tools > Mopping > Mops & Bucket Sets,US,31.49,8.82,2.52,14.09,0.15,995.0,1349.0,4.2,0.55,10000.0,1.0,20.0,50.0,25.0,20.0,20.0,75.0,35.0,65.0,B,"observed:price,sales,reviews,rating,fba_fee; estimated:search_volume,cpc",estimated_default_costs,Imported from Sorftime; ASIN B0C5JT5KC9; brand LIBMAN COMMERCIAL,https://www.amazon.com/dp/B0C5JT5KC9,39.4,Reject,1.34,0.0424,1329.82,87.3,18.3,0.9,22.0,78.0,supplier quote required; estimated profit is not a rejection gate; review count above 600,,,,,,,,,,,,,,
category:Wine Pourers,678498011,Wine Pourers,Home & Kitchen > Kitchen & Dining > Kitchen Utensils & Gadgets > Bar & Wine Tools > Wine Stoppers & Pourers > Wine Pourers,B07FMKZ5CV,,"AmeriPour - Measured Pourer - Liquor Bottle Pourers - Collared - (3pk) Made 100% In The USA. Bar Spouts That Don‘t Leak - No Cracks, Just A Perfect Cocktail Pour Everytime. Great for Wine Too! (1.5oz)",Home & Kitchen > Kitchen & Dining > Kitchen Utensils & Gadgets > Bar & Wine Tools > Wine Stoppers & Pourers > Wine Pourers,US,19.99,5.6,1.6,4.11,0.15,445.0,1172.0,4.4,0.55,10000.0,1.0,20.0,50.0,25.0,20.0,20.0,75.0,35.0,65.0,B,"observed:price,sales,reviews,rating,fba_fee; estimated:search_volume,cpc",estimated_default_costs,Imported from Sorftime; ASIN B07FMKZ5CV; brand AmeriPour,https://www.amazon.com/dp/B07FMKZ5CV,39.4,Reject,5.68,0.2842,2528.27,78.1,18.3,10.3,22.0,78.0,supplier quote required; estimated profit is not a rejection gate; review count above 600,,,,,,,,,,,,,,
category:Toilet Assistance Steps,8624798011,Toilet Assistance Steps,Tools & Home Improvement > Kitchen & Bath Fixtures > Bathroom Fixtures > Bathroom Safety & Accessibility > Toilets & Toilet Aids > Toilet Assistance Steps,B0CRKWY2X7,,"Squatting Toilet Stool, Poop Stool Squat Adult, 7“ Potty Stool for Bathroom | Recximi Non-Slip Pooping Stool, Portable Toilet Step Stool for Adults, 7 Inch Height Foot Rest for Bathroom, Gray",Tools & Home Improvement > Kitchen & Bath Fixtures > Bathroom Fixtures > Bathroom Safety & Accessibility > Toilets & Toilet Aids > Toilet Assistance Steps,US,14.98,4.19,1.2,7.92,0.15,3366.0,2224.0,4.4,0.55,10000.0,1.0,20.0,50.0,25.0,20.0,20.0,75.0,35.0,65.0,B,"observed:price,sales,reviews,rating,fba_fee; estimated:search_volume,cpc",estimated_default_costs,Imported from Sorftime; ASIN B0CRKWY2X7; brand Recximi,https://www.amazon.com/dp/B0CRKWY2X7,39.2,Reject,-0.58,-0.0385,-1942.18,87.3,18.3,0.0,22.0,78.0,supplier quote required; estimated profit is not a rejection gate; review count above 600,,,,,,,,,,,,,,
category:Kitchen Brushes,203313515011,Kitchen Brushes,Home & Kitchen > Cleaning Supplies > Household Cleaning > Cleaning Tools > Brushes > Kitchen Brushes,B08133PFCB,,"ELDR Supply Bottle Brush, 14in Extra Long German Beechwood Handle, Strong Hemp Bristles, Zero Waste, Cleans and Scrubs Hard to Reach Wide Mouth Jars, Glasses, and Tumblers",Home & Kitchen > Cleaning Supplies > Household Cleaning > Cleaning Tools > Brushes > Kitchen Brushes,US,12.98,3.63,1.04,5.94,0.15,1586.0,1453.0,4.4,0.55,10000.0,1.0,20.0,50.0,25.0,20.0,20.0,75.0,35.0,65.0,B,"observed:price,sales,reviews,rating,fba_fee; estimated:search_volume,cpc",estimated_default_costs,Imported from Sorftime; ASIN B08133PFCB; brand ELDR Supply,https://www.amazon.com/dp/B08133PFCB,39.2,Reject,0.42,0.0326,670.88,87.3,18.3,0.0,22.0,78.0,supplier quote required; estimated profit is not a rejection gate; review count above 600,,,,,,,,,,,,,,
category:Electric Fondue Pots,17384862011,Electric Fondue Pots,Home & Kitchen > Kitchen & Dining > Kitchen Utensils & Gadgets > Cheese Tools > Fondue > Electric Fondue Pots,B08GG9J4LV,,chocolate-fountains,Home & Kitchen > Kitchen & Dining > Kitchen Utensils & Gadgets > Cheese Tools > Fondue > Electric Fondue Pots,US,23.54,6.59,1.88,12.81,0.15,572.0,946.0,4.4,0.55,10000.0,1.0,20.0,50.0,25.0,20.0,20.0,75.0,35.0,65.0,B,"observed:price,sales,reviews,rating,fba_fee; estimated:search_volume,cpc",estimated_default_costs,Imported from Sorftime; ASIN B08GG9J4LV; brand Nostalgia,https://www.amazon.com/dp/B08GG9J4LV,39.2,Reject,-1.27,-0.054,-727.01,87.3,18.3,0.0,22.0,78.0,supplier quote required; estimated profit is not a rejection gate; review count above 600,,,,,,,,,,,,,,
category:Mess Kits,3400751,Mess Kits,Sports & Outdoors > Outdoor Recreation > Camping & Hiking > Camp Kitchen > Dishes & Utensils > Mess Kits,B07T2HH1CY,,"Odoland 29pcs Stainless Steel Utensils Camping Mess Kits for 4 Person | with Bowls Plates Cups Forks Spoons and Knives, Camping Cutlery Set for Backpacking, Family, Outdoor Hiking and Picnic",Sports & Outdoors > Outdoor Recreation > Camping & Hiking > Camp Kitchen > Dishes & Utensils > Mess Kits,US,25.99,7.28,2.08,8.59,0.15,828.0,1008.0,4.6,0.55,10000.0,1.0,20.0,50.0,25.0,20.0,20.0,75.0,35.0,65.0,B,"observed:price,sales,reviews,rating,fba_fee; estimated:search_volume,cpc",estimated_default_costs,Imported from Sorftime; ASIN B07T2HH1CY; brand Odoland,https://www.amazon.com/dp/B07T2HH1CY,39.0,Reject,4.14,0.1593,3429.16,87.3,14.3,6.9,22.0,78.0,supplier quote required; estimated profit is not a rejection gate; review count above 600,,,,,,,,,,,,,,
category:Tool Pouches,322568011,Tool Pouches,Tools & Home Improvement > Storage & Home Organization > Tool Organizers > Tool Pouches,B08WJHZKKS,,"AWP Tool Pouch, Electrician Tool Pouch, Premium, Professional Multi-Pocket Organizer",Tools & Home Improvement > Storage & Home Organization > Tool Organizers > Tool Pouches,US,13.99,3.92,1.12,4.89,0.15,1243.0,1757.0,4.5,0.55,10000.0,1.0,20.0,50.0,25.0,20.0,20.0,75.0,35.0,65.0,B,"observed:price,sales,reviews,rating,fba_fee; estimated:search_volume,cpc",estimated_default_costs,Imported from Sorftime; ASIN B08WJHZKKS; brand AWP,https://www.amazon.com/dp/B08WJHZKKS,38.5,Reject,1.96,0.1402,2438.14,87.3,14.3,4.1,22.0,78.0,supplier quote required; estimated profit is not a rejection gate; review count above 600,,,,,,,,,,,,,,
category:Choppers,678514011,Choppers,Home & Kitchen > Kitchen & Dining > Kitchen Utensils & Gadgets > Seasoning & Spice Tools > Choppers & Mincers > Choppers,B00004UE6R,,"Norpro Deluxe Bean Frencher With Clamp French/Green/Slicer/Cutter Heavy Duty, Manual, Aluminum, Silver",Home & Kitchen > Kitchen & Dining > Kitchen Utensils & Gadgets > Seasoning & Spice Tools > Choppers & Mincers > Choppers,US,34.87,9.76,2.79,4.87,0.15,249.0,858.0,4.0,0.55,10000.0,1.0,20.0,50.0,25.0,20.0,20.0,75.0,35.0,65.0,B,"observed:price,sales,reviews,rating,fba_fee; estimated:search_volume,cpc",estimated_default_costs,Imported from Sorftime; ASIN B00004UE6R; brand Norpro,https://www.amazon.com/dp/B00004UE6R,38.5,Reject,12.22,0.3504,3042.66,45.5,20.3,33.7,22.0,78.0,supplier quote required; estimated profit is not a rejection gate; review count above 600,,,,,,,,,,,,,,
category:Tools,3398991,Tools,Sports & Outdoors > Sports > Boating & Sailing > Boating > Maintenance Supplies > Tools,B07W6XFLT5,,"Zipper Wax Zip Lube, Marine Grade Zipper Lubricant Stick and Tool for Boat | Canvas, Bimini Snaps, Metal Zippers, Jackets, Coolers, Vinyl Panels, Wetsuits, Drysuits, No Oil Mess",Sports & Outdoors > Sports > Boating & Sailing > Boating > Maintenance Supplies > Tools,US,13.99,3.92,1.12,3.93,0.15,731.0,1210.0,4.6,0.55,10000.0,1.0,20.0,50.0,25.0,20.0,20.0,75.0,35.0,65.0,B,"observed:price,sales,reviews,rating,fba_fee; estimated:search_volume,cpc",estimated_default_costs,Imported from Sorftime; ASIN B07W6XFLT5; brand Better Boat,https://www.amazon.com/dp/B07W6XFLT5,38.3,Reject,2.92,0.2088,2135.62,87.3,14.3,3.2,22.0,78.0,supplier quote required; estimated profit is not a rejection gate; review count above 600,,,,,,,,,,,,,,
category:Raised Toilet Seats,3775401,Raised Toilet Seats,Tools & Home Improvement > Kitchen & Bath Fixtures > Bathroom Fixtures > Bathroom Safety & Accessibility > Toilets & Toilet Aids > Raised Toilet Seats,B01IQCJP5Y,,"Medline 5“ Elongated Raised Locking Toilet Seat, 400 lb Capacity | Toilet Riser with Removable Padded Arms, Fits Most Elongated Toilets, No Lid, Medical Seat For Adults and Elderly",Tools & Home Improvement > Kitchen & Bath Fixtures > Bathroom Fixtures > Bathroom Safety & Accessibility > Toilets & Toilet Aids > Raised Toilet Seats,US,48.29,13.52,3.86,217.11,0.15,1373.0,837.0,4.0,0.55,10000.0,1.0,20.0,50.0,65.0,20.0,20.0,75.0,35.0,65.0,B,"observed:price,sales,reviews,rating,fba_fee; estimated:search_volume,cpc",estimated_default_costs,Imported from Sorftime; ASIN B01IQCJP5Y; brand Medline,https://www.amazon.com/dp/B01IQCJP5Y,38.0,Reject,-193.44,-4.0059,-265597.93,87.3,20.3,0.0,38.0,62.0,supplier quote required; estimated profit is not a rejection gate; review count above 600; compliance review needed,,,,,,,,,,,,,,
category:Index Card Storage,12900921,Index Card Storage,Office Products > Office Supplies > Education & Crafts > Filing Products > Index Card Filing > Index Card Storage,B0DGQCB7NQ,,"H4D Index Card Holder 3x5, Index Card Box Organizer, 3 Pack, Pastel Colors",Office Products > Office Supplies > Education & Crafts > Filing Products > Index Card Filing > Index Card Storage,US,12.99,3.64,1.04,5.77,0.15,2300.0,921.0,4.6,0.55,10000.0,1.0,20.0,50.0,25.0,20.0,20.0,75.0,35.0,65.0,B,"observed:price,sales,reviews,rating,fba_fee; estimated:search_volume,cpc",estimated_default_costs,Imported from Sorftime; ASIN B0DGQCB7NQ; brand H4D,https://www.amazon.com/dp/B0DGQCB7NQ,37.9,Reject,0.59,0.0455,1360.45,87.3,14.3,1.0,22.0,78.0,supplier quote required; estimated profit is not a rejection gate; review count above 600,,,,,,,,,,,,,,
category:Wine Stoppers,678499011,Wine Stoppers,Home & Kitchen > Kitchen & Dining > Kitchen Utensils & Gadgets > Bar & Wine Tools > Wine Stoppers & Pourers > Wine Stoppers,B07HYPPXC2,,"I-MART Pack of 6 Stainless Steel Champagne Stoppers, Prosecco, Sparkling Wine Bottle Stopper, Cork",Home & Kitchen > Kitchen & Dining > Kitchen Utensils & Gadgets > Bar & Wine Tools > Wine Stoppers & Pourers > Wine Stoppers,US,12.99,3.64,1.04,4.45,0.15,668.0,1249.0,4.5,0.55,10000.0,1.0,20.0,50.0,25.0,20.0,20.0,75.0,35.0,65.0,B,"observed:price,sales,reviews,rating,fba_fee; estimated:search_volume,cpc",estimated_default_costs,Imported from Sorftime; ASIN B07HYPPXC2; brand I-MART,https://www.amazon.com/dp/B07HYPPXC2,37.9,Reject,1.91,0.1472,1276.88,87.3,14.3,0.8,22.0,78.0,supplier quote required; estimated profit is not a rejection gate; review count above 600,,,,,,,,,,,,,,
category:Ice Buckets,678496011,Ice Buckets,Home & Kitchen > Kitchen & Dining > Kitchen Utensils & Gadgets > Bar & Wine Tools > Ice Buckets & Tongs > Ice Buckets,B09GY2N8N4,,5-Quart Galvanized Pail Beer Bucket 9x9x7 inches (Pack of 1),Home & Kitchen > Kitchen & Dining > Kitchen Utensils & Gadgets > Bar & Wine Tools > Ice Buckets & Tongs > Ice Buckets,US,16.8,4.7,1.34,8.22,0.15,699.0,920.0,4.6,0.55,10000.0,1.0,20.0,50.0,25.0,20.0,20.0,75.0,35.0,65.0,B,"observed:price,sales,reviews,rating,fba_fee; estimated:search_volume,cpc",estimated_default_costs,Imported from Sorftime; ASIN B09GY2N8N4; brand BARsics,https://www.amazon.com/dp/B09GY2N8N4,37.7,Reject,0.02,0.0012,13.98,87.3,14.3,0.0,22.0,78.0,supplier quote required; estimated profit is not a rejection gate; review count above 600,,,,,,,,,,,,,,
category:Screwpull Levers,13825981,Screwpull Levers,Home & Kitchen > Kitchen & Dining > Kitchen Utensils & Gadgets > Bar & Wine Tools > Corkscrews & Openers > Screwpull Levers,B0DK1VQZYC,,"Wine Bottle Opener, Vertical Lever Corkscrew with Built in Foil Cutter Design, Manual Handheld Corkscrew with Ergonomic Lever Pump",Home & Kitchen > Kitchen & Dining > Kitchen Utensils & Gadgets > Bar & Wine Tools > Corkscrews & Openers > Screwpull Levers,US,16.9,4.73,1.35,5.35,0.15,219.0,208.0,4.5,0.55,10000.0,1.0,20.0,50.0,25.0,20.0,20.0,75.0,35.0,65.0,B,"observed:price,sales,reviews,rating,fba_fee; estimated:search_volume,cpc",estimated_default_costs,Imported from Sorftime; ASIN B0DK1VQZYC; brand Drincarier,https://www.amazon.com/dp/B0DK1VQZYC,37.4,Reject,2.93,0.1737,642.76,40.5,36.8,0.0,22.0,78.0,supplier quote required; estimated profit is not a rejection gate,,,,,,,,,,,,,,
category:Mandolines,23616035011,Mandolines,"Home & Kitchen > Kitchen & Dining > Kitchen Utensils & Gadgets > Peeling, Grating & Slicing Tools > Mandolines & Slicers > Mandolines",B002BFCNAC,,"Leifheit Gourmet Garlic Slicer, Stainless Steel Blades, ABS Plastic Body, Twist-to-Slice Design, Safe for Garlic, Ginger, Cheese, Chocolate, Dishwasher Safe, German Quality, White/Red","Home & Kitchen > Kitchen & Dining > Kitchen Utensils & Gadgets > Peeling, Grating & Slicing Tools > Mandolines & Slicers > Mandolines",US,19.99,5.6,1.6,4.18,0.15,381.0,1290.0,4.4,0.55,10000.0,1.0,20.0,50.0,25.0,20.0,20.0,75.0,35.0,65.0,B,"observed:price,sales,reviews,rating,fba_fee; estimated:search_volume,cpc",estimated_default_costs,Imported from Sorftime; ASIN B002BFCNAC; brand Leifheit,https://www.amazon.com/dp/B002BFCNAC,37.1,Reject,5.61,0.2807,2137.98,67.5,18.3,8.6,22.0,78.0,supplier quote required; estimated profit is not a rejection gate; review count above 600,,,,,,,,,,,,,,
category:Wine Stoppers,678499011,Wine Stoppers,Home & Kitchen > Kitchen & Dining > Kitchen Utensils & Gadgets > Bar & Wine Tools > Wine Stoppers & Pourers > Wine Stoppers,B00IULFU4C,,Corkcicle Air Wine Chiller and Pour-Through Aerator for Red and White Wine,Home & Kitchen > Kitchen & Dining > Kitchen Utensils & Gadgets > Bar & Wine Tools > Wine Stoppers & Pourers > Wine Stoppers,US,19.46,5.45,1.56,4.19,0.15,381.0,1012.0,4.4,0.55,10000.0,1.0,20.0,50.0,25.0,20.0,20.0,75.0,35.0,65.0,B,"observed:price,sales,reviews,rating,fba_fee; estimated:search_volume,cpc",estimated_default_costs,Imported from Sorftime; ASIN B00IULFU4C; brand Corkcicle,https://www.amazon.com/dp/B00IULFU4C,36.8,Reject,5.34,0.2745,2034.92,67.5,18.3,6.9,22.0,78.0,supplier quote required; estimated profit is not a rejection gate; review count above 600,,,,,,,,,,,,,,
category:Waiter Corkscrews,13826001,Waiter Corkscrews,Home & Kitchen > Kitchen & Dining > Kitchen Utensils & Gadgets > Bar & Wine Tools > Corkscrews & Openers > Waiter Corkscrews,B07GHXBLQX,,"Peugeot Clavelin Corkscrew, 5.5 in, Black | Manual wine bottle opener with foil cutter, stainless steel and ABS, sommelier style, 14 cm. Compact and pocket-sized",Home & Kitchen > Kitchen & Dining > Kitchen Utensils & Gadgets > Bar & Wine Tools > Corkscrews & Openers > Waiter Corkscrews,US,24.76,6.93,1.98,3.93,0.15,331.0,922.0,4.5,0.55,10000.0,1.0,20.0,50.0,25.0,20.0,20.0,75.0,35.0,65.0,B,"observed:price,sales,reviews,rating,fba_fee; estimated:search_volume,cpc",estimated_default_costs,Imported from Sorftime; ASIN B07GHXBLQX; brand Peugeot,https://www.amazon.com/dp/B07GHXBLQX,36.6,Reject,8.21,0.3314,2716.19,59.1,14.3,22.2,22.0,78.0,supplier quote required; estimated profit is not a rejection gate; review count above 600,,,,,,,,,,,,,,
category:Bowls,3400711,Bowls,Sports & Outdoors > Outdoor Recreation > Camping & Hiking > Camp Kitchen > Dishes & Utensils > Bowls,B0F2HJBBVC,,"Face Ice Bath Bowl with Built-In Ice Tray,Collapsible Silicone Pink",Sports & Outdoors > Outdoor Recreation > Camping & Hiking > Camp Kitchen > Dishes & Utensils > Bowls,US,12.49,3.5,1.0,4.89,0.15,400.0,880.0,4.4,0.55,10000.0,1.0,20.0,50.0,25.0,20.0,20.0,75.0,35.0,65.0,B,"observed:price,sales,reviews,rating,fba_fee; estimated:search_volume,cpc",estimated_default_costs,Imported from Sorftime; ASIN B0F2HJBBVC; brand Amoner U,https://www.amazon.com/dp/B0F2HJBBVC,36.1,Reject,1.23,0.0982,490.6,70.6,18.3,0.0,22.0,78.0,supplier quote required; estimated profit is not a rejection gate; review count above 600,,,,,,,,,,,,,,
category:Cups & Mugs,3400731,Cups & Mugs,Sports & Outdoors > Outdoor Recreation > Camping & Hiking > Camp Kitchen > Dishes & Utensils > Cups & Mugs,B092QS8TBL,,"KOKKOYA Stainless Steel Camping Cups Mug Small Backpacking Bush Pot Set | Camp stove pot for cooking boil water, survival hiking cup, metal camping cup, lightweight backpacking cookset",Sports & Outdoors > Outdoor Recreation > Camping & Hiking > Camp Kitchen > Dishes & Utensils > Cups & Mugs,US,16.89,4.73,1.35,5.35,0.15,329.0,624.0,4.6,0.55,10000.0,1.0,20.0,50.0,25.0,20.0,20.0,75.0,35.0,65.0,B,"observed:price,sales,reviews,rating,fba_fee; estimated:search_volume,cpc",estimated_default_costs,Imported from Sorftime; ASIN B092QS8TBL; brand KOKKOYA,https://www.amazon.com/dp/B092QS8TBL,36.1,Reject,2.93,0.1733,962.82,58.8,24.3,0.0,22.0,78.0,supplier quote required; estimated profit is not a rejection gate; review count above 600,,,,,,,,,,,,,,
category:Tool Pouches,322568011,Tool Pouches,Tools & Home Improvement > Storage & Home Organization > Tool Organizers > Tool Pouches,B004TTEI9M,,"AWP Ballistic Nylon Mini Tool Pouch Multi-Pocket Organizer for Electricians, Professional Tool Box for Efficient Organization, Black/Gray | 1L-23021-2",Tools & Home Improvement > Storage & Home Organization > Tool Organizers > Tool Pouches,US,16.23,4.54,1.3,5.77,0.15,439.0,1097.0,4.5,0.55,10000.0,1.0,20.0,50.0,25.0,20.0,20.0,75.0,35.0,65.0,B,"observed:price,sales,reviews,rating,fba_fee; estimated:search_volume,cpc",estimated_default_costs,Imported from Sorftime; ASIN B004TTEI9M; brand AWP,https://www.amazon.com/dp/B004TTEI9M,35.8,Reject,2.19,0.1347,959.43,77.1,14.3,0.0,22.0,78.0,supplier quote required; estimated profit is not a rejection gate; review count above 600,,,,,,,,,,,,,,
category:Sponge Mops,23537024011,Sponge Mops,Home & Kitchen > Cleaning Supplies > Household Cleaning > Cleaning Tools > Mopping > Wet & Dry Mops > Sponge Mops,B0012H14LE,,Mr. Clean Magic Eraser Squeeze Mop,Home & Kitchen > Cleaning Supplies > Household Cleaning > Cleaning Tools > Mopping > Wet & Dry Mops > Sponge Mops,US,31.7,8.88,2.54,5.71,0.15,237.0,1080.0,4.1,0.55,10000.0,1.0,20.0,50.0,25.0,20.0,20.0,65.0,20.0,53.8,C,"observed:price,sales,reviews,rating; estimated:fba_fee,search_volume,cpc",estimated_default_costs,Imported from Sorftime; ASIN B0012H14LE; brand Mr. Clean,https://www.amazon.com/dp/B0012H14LE,35.8,Reject,9.82,0.3096,2326.16,43.5,20.3,21.4,22.0,78.0,supplier quote required; estimated profit is not a rejection gate; review count above 600; evidence confidence below supplier-validation threshold,,,,,,,,,,,,,,
category:Bowls,3400711,Bowls,Sports & Outdoors > Outdoor Recreation > Camping & Hiking > Camp Kitchen > Dishes & Utensils > Bowls,B095SJR3LK,,"Bekith 2 Pack Collapsible Plastic Bucket with Locking Lid, 5L / 1.32 Gallon Foldable Round Tub Portable Fishing Water Pail for Hiking, Backpacking, Camping and Outdoor Survival (Blue, Gray)",Sports & Outdoors > Outdoor Recreation > Camping & Hiking > Camp Kitchen > Dishes & Utensils > Bowls,US,19.99,5.6,1.6,7.83,0.15,316.0,425.0,4.6,0.55,10000.0,1.0,20.0,50.0,25.0,20.0,20.0,75.0,35.0,65.0,B,"observed:price,sales,reviews,rating,fba_fee; estimated:search_volume,cpc",estimated_default_costs,Imported from Sorftime; ASIN B095SJR3LK; brand Bekith,https://www.amazon.com/dp/B095SJR3LK,35.7,Reject,1.96,0.0981,619.83,56.6,24.3,0.0,22.0,78.0,supplier quote required; estimated profit is not a rejection gate,,,,,,,,,,,,,,
category:Potato Ricers,678505011,Potato Ricers,Home & Kitchen > Kitchen & Dining > Kitchen Utensils & Gadgets > Fruit & Vegetable Tools > Potato Mashers & Ricers > Potato Ricers,B09GG84HHW,,"Beast Canteen Stainless Steel Potato Ricer for Smooth Mashed Potatoes | Made of durable 18/8 stainless steel for fluffy mashed potatoes, riced cauliflower, root vegetables, and more",Home & Kitchen > Kitchen & Dining > Kitchen Utensils & Gadgets > Fruit & Vegetable Tools > Potato Mashers & Ricers > Potato Ricers,US,34.99,9.8,2.8,5.76,0.15,252.0,1290.0,4.5,0.55,10000.0,1.0,20.0,50.0,25.0,20.0,20.0,75.0,35.0,65.0,B,"observed:price,sales,reviews,rating,fba_fee; estimated:search_volume,cpc",estimated_default_costs,Imported from Sorftime; ASIN B09GG84HHW; brand Beast Canteen,https://www.amazon.com/dp/B09GG84HHW,35.3,Reject,11.38,0.3253,2868.14,46.0,14.3,28.1,22.0,78.0,supplier quote required; estimated profit is not a rejection gate; review count above 600,,,,,,,,,,,,,,
category:Ice Tongs,678497011,Ice Tongs,Home & Kitchen > Kitchen & Dining > Kitchen Utensils & Gadgets > Bar & Wine Tools > Ice Buckets & Tongs > Ice Tongs,B015PS5X62,,Xiboya textile Sweet Candy Buffet Ice Tongs & Scoops (Silver-6 set),Home & Kitchen > Kitchen & Dining > Kitchen Utensils & Gadgets > Bar & Wine Tools > Ice Buckets & Tongs > Ice Tongs,US,13.85,3.88,1.11,5.36,0.15,245.0,615.0,4.4,0.55,10000.0,1.0,20.0,50.0,25.0,20.0,20.0,75.0,35.0,65.0,B,"observed:price,sales,reviews,rating,fba_fee; estimated:search_volume,cpc",estimated_default_costs,Imported from Sorftime; ASIN B015PS5X62; brand Xiboya textile,https://www.amazon.com/dp/B015PS5X62,35.0,Reject,1.42,0.1027,348.51,44.8,28.3,0.0,22.0,78.0,supplier quote required; estimated profit is not a rejection gate; review count above 600,,,,,,,,,,,,,,
category:Potato Ricers,678505011,Potato Ricers,Home & Kitchen > Kitchen & Dining > Kitchen Utensils & Gadgets > Fruit & Vegetable Tools > Potato Mashers & Ricers > Potato Ricers,B0DS11ZSKX,,"Meat Chopper for Hamburger, Premium Heat Resistant Masher and Smasher for Ground Beef, Ground Turkey and More, Nylon Ground Beef Chopper Tool and Meat Fork, Non Stick Mix (black)",Home & Kitchen > Kitchen & Dining > Kitchen Utensils & Gadgets > Fruit & Vegetable Tools > Potato Mashers & Ricers > Potato Ricers,US,14.0,3.92,1.12,4.47,0.15,348.0,36.0,4.4,0.55,10000.0,1.0,85.0,50.0,25.0,20.0,20.0,75.0,35.0,65.0,B,"observed:price,sales,reviews,rating,fba_fee; estimated:search_volume,cpc",estimated_default_costs,Imported from Sorftime; ASIN B0DS11ZSKX; brand liboyixi,https://www.amazon.com/dp/B0DS11ZSKX,35.0,Reject,2.39,0.1707,831.72,62.0,63.3,0.0,35.0,65.0,hard seasonality risk; supplier quote required; estimated profit is not a rejection gate; high seasonality,,hard seasonality risk,,,,,,,,,,,,
category:Bowls,3400711,Bowls,Sports & Outdoors > Outdoor Recreation > Camping & Hiking > Camp Kitchen > Dishes & Utensils > Bowls,B07FBJWRYF,,"IYYI Collapsible Bowl for Camping, Silicone Collapsible Bowl with Lid",Sports & Outdoors > Outdoor Recreation > Camping & Hiking > Camp Kitchen > Dishes & Utensils > Bowls,US,12.99,3.64,1.04,4.46,0.15,259.0,606.0,4.5,0.55,10000.0,1.0,20.0,50.0,25.0,20.0,20.0,75.0,35.0,65.0,B,"observed:price,sales,reviews,rating,fba_fee; estimated:search_volume,cpc",estimated_default_costs,Imported from Sorftime; ASIN B07FBJWRYF; brand IYYI,https://www.amazon.com/dp/B07FBJWRYF,34.0,Reject,1.9,0.1464,492.49,47.1,24.3,0.0,22.0,78.0,supplier quote required; estimated profit is not a rejection gate; review count above 600,,,,,,,,,,,,,,
category:Waiter Corkscrews,13826001,Waiter Corkscrews,Home & Kitchen > Kitchen & Dining > Kitchen Utensils & Gadgets > Bar & Wine Tools > Corkscrews & Openers > Waiter Corkscrews,B07416XXQH,,"Vintorio Professional Waiters Corkscrew - Wine Key with Ergonomic Rubber Grip, Beer Bottle Opener and Foil Cutter (1 Pack)",Home & Kitchen > Kitchen & Dining > Kitchen Utensils & Gadgets > Bar & Wine Tools > Corkscrews & Openers > Waiter Corkscrews,US,12.95,3.63,1.04,4.17,0.15,346.0,2003.0,4.6,0.55,10000.0,1.0,20.0,50.0,25.0,20.0,20.0,75.0,35.0,65.0,B,"observed:price,sales,reviews,rating,fba_fee; estimated:search_volume,cpc",estimated_default_costs,Imported from Sorftime; ASIN B07416XXQH; brand Vintorio,https://www.amazon.com/dp/B07416XXQH,32.9,Reject,2.17,0.1674,749.96,61.6,14.3,0.0,22.0,78.0,supplier quote required; estimated profit is not a rejection gate; review count above 600,,,,,,,,,,,,,,
category:Cleaning Tools,3398891,Cleaning Tools,Sports & Outdoors > Sports > Boating & Sailing > Boating > Maintenance Supplies > Cleaning Tools,B0000AZ5Q4,,"STAR BRITE All-Purpose Medium Red Scrubber Pad | Ergonomic scrubber pad for versatile cleaning of multiple surfaces; reduces hand strain; durable, washable, reusable.",Sports & Outdoors > Sports > Boating & Sailing > Boating > Maintenance Supplies > Cleaning Tools,US,13.86,3.88,1.11,4.47,0.15,335.0,1145.0,4.5,0.55,10000.0,1.0,20.0,50.0,25.0,20.0,20.0,75.0,35.0,65.0,B,"observed:price,sales,reviews,rating,fba_fee; estimated:search_volume,cpc",estimated_default_costs,Imported from Sorftime; ASIN B0000AZ5Q4; brand STAR BRITE,https://www.amazon.com/dp/B0000AZ5Q4,32.6,Reject,2.32,0.1675,777.54,59.8,14.3,0.0,22.0,78.0,supplier quote required; estimated profit is not a rejection gate; review count above 600,,,,,,,,,,,,,,
category:Garlic Presses,678518011,Garlic Presses,Home & Kitchen > Kitchen & Dining > Kitchen Utensils & Gadgets > Seasoning & Spice Tools > Garlic Tools > Garlic Presses,B097D36MPK,,"Garlic Press, Garlic Mincer Easy-squeeze Ergonomic Handle, Rust Proof, No Need To Peel, Professional Ginger Press & Garlic Crusher with Handy Cleaning Brush- Dishwasher Safe",Home & Kitchen > Kitchen & Dining > Kitchen Utensils & Gadgets > Seasoning & Spice Tools > Garlic Tools > Garlic Presses,US,18.59,5.21,1.49,4.18,0.15,303.0,920.0,4.6,0.55,10000.0,1.0,20.0,50.0,25.0,20.0,20.0,75.0,35.0,65.0,B,"observed:price,sales,reviews,rating,fba_fee; estimated:search_volume,cpc",estimated_default_costs,Imported from Sorftime; ASIN B097D36MPK; brand ReneeChef,https://www.amazon.com/dp/B097D36MPK,32.2,Reject,4.92,0.2647,1491.21,54.5,14.3,3.4,22.0,78.0,supplier quote required; estimated profit is not a rejection gate; review count above 600,,,,,,,,,,,,,,
category:Toilet Assistance Cushions,8624797011,Toilet Assistance Cushions,Tools & Home Improvement > Kitchen & Bath Fixtures > Bathroom Fixtures > Bathroom Safety & Accessibility > Toilets & Toilet Aids > Toilet Assistance Cushions,B09C8DHMMX,,"WDSHCR Toilet Seat Cushion - Soft, Thicker, Warmer Washable Covers with Zipper - Home Reusable (Gray)",Tools & Home Improvement > Kitchen & Bath Fixtures > Bathroom Fixtures > Bathroom Safety & Accessibility > Toilets & Toilet Aids > Toilet Assistance Cushions,US,15.99,4.48,1.28,5.36,0.15,220.0,1024.0,4.0,0.55,10000.0,1.0,20.0,50.0,25.0,20.0,20.0,75.0,35.0,65.0,B,"observed:price,sales,reviews,rating,fba_fee; estimated:search_volume,cpc",estimated_default_costs,Imported from Sorftime; ASIN B09C8DHMMX; brand WDSHCR,https://www.amazon.com/dp/B09C8DHMMX,31.2,Reject,2.47,0.1546,543.73,40.6,20.3,0.0,22.0,78.0,supplier quote required; estimated profit is not a rejection gate; review count above 600,,,,,,,,,,,,,,
category:Egg Slicers,17548242011,Egg Slicers,"Home & Kitchen > Kitchen & Dining > Kitchen Utensils & Gadgets > Peeling, Grating & Slicing Tools > Mandolines & Slicers > Egg Slicers",B001ULC9IY,,"Norpro Lemon/Lime Slicer, White","Home & Kitchen > Kitchen & Dining > Kitchen Utensils & Gadgets > Peeling, Grating & Slicing Tools > Mandolines & Slicers > Egg Slicers",US,13.34,3.74,1.07,4.47,0.15,286.0,2463.0,4.6,0.55,10000.0,1.0,20.0,50.0,25.0,20.0,20.0,75.0,35.0,65.0,B,"observed:price,sales,reviews,rating,fba_fee; estimated:search_volume,cpc",estimated_default_costs,Imported from Sorftime; ASIN B001ULC9IY; brand Norpro,https://www.amazon.com/dp/B001ULC9IY,31.0,Reject,2.06,0.1543,588.87,51.6,14.3,0.0,22.0,78.0,supplier quote required; estimated profit is not a rejection gate; review count above 600,,,,,,,,,,,,,,
category:Indoor Paddleboard Storage,10208160011,Indoor Paddleboard Storage,Sports & Outdoors > Sports > Water Sports > Surfing > Stand-Up Paddleboarding > Indoor Paddleboard Storage,B09XQRBR2P,,"GEEDAR Heavy Duty Garage Storage Hooks -120 LB Capacity, 4packs, 15“ Wall Mounted Rack for Hanging Kayak, Paddle Board, Ladders, Bikes Enforced Kayak Storage Hanger",Sports & Outdoors > Sports > Water Sports > Surfing > Stand-Up Paddleboarding > Indoor Paddleboard Storage,US,27.99,7.84,2.24,8.12,0.15,264.0,1805.0,4.6,0.55,10000.0,1.0,20.0,50.0,25.0,20.0,20.0,75.0,35.0,65.0,B,"observed:price,sales,reviews,rating,fba_fee; estimated:search_volume,cpc",estimated_default_costs,Imported from Sorftime; ASIN B09XQRBR2P; brand GEEDAR,https://www.amazon.com/dp/B09XQRBR2P,30.8,Reject,5.59,0.1998,1476.16,48.0,14.3,2.5,22.0,78.0,supplier quote required; estimated profit is not a rejection gate; review count above 600,,,,,,,,,,,,,,
category:Choppers,678514011,Choppers,Home & Kitchen > Kitchen & Dining > Kitchen Utensils & Gadgets > Seasoning & Spice Tools > Choppers & Mincers > Choppers,B004OXURZ2,,Chef‘n 104-259-120 SaladShears Nylon Lettuce Chopper - White,Home & Kitchen > Kitchen & Dining > Kitchen Utensils & Gadgets > Seasoning & Spice Tools > Choppers & Mincers > Choppers,US,13.99,3.92,1.12,3.46,0.15,249.0,1696.0,4.5,0.55,10000.0,1.0,20.0,50.0,25.0,20.0,20.0,75.0,35.0,65.0,B,"observed:price,sales,reviews,rating,fba_fee; estimated:search_volume,cpc",estimated_default_costs,Imported from Sorftime; ASIN B004OXURZ2; brand Chef‘n,https://www.amazon.com/dp/B004OXURZ2,29.9,Reject,3.39,0.2424,844.48,45.5,14.3,0.0,22.0,78.0,supplier quote required; estimated profit is not a rejection gate; review count above 600,,,,,,,,,,,,,,
category:Backpacking Stoves,19450135011,Backpacking Stoves,Sports & Outdoors > Outdoor Recreation > Camping & Hiking > Camp Kitchen > Stoves & Grills > Backpacking Stoves,B07VHMZTJ1,,"REDCAMP Wood Burning Folding Camp Stove Stainless Steel Grid, Portable Collapsible Backpacking Stove Survival Rocket Stove for Hiking Outdoor Tent Camping Picnic BBQ, Samll",Sports & Outdoors > Outdoor Recreation > Camping & Hiking > Camp Kitchen > Stoves & Grills > Backpacking Stoves,US,20.89,5.85,1.67,6.3,0.15,225.0,1817.0,4.5,0.55,10000.0,1.0,20.0,50.0,25.0,20.0,20.0,75.0,35.0,65.0,B,"observed:price,sales,reviews,rating,fba_fee; estimated:search_volume,cpc",estimated_default_costs,Imported from Sorftime; ASIN B07VHMZTJ1; brand REDCAMP,https://www.amazon.com/dp/B07VHMZTJ1,29.1,Reject,3.94,0.1884,885.71,41.5,14.3,0.0,22.0,78.0,supplier quote required; estimated profit is not a rejection gate; review count above 600,,,,,,,,,,,,,,
