source_strategy,source_category_id,source_category_name,source_category_path,source_asin,source_parent_asin,product_name,category,marketplace,target_price,cost,shipping,fba_fee,referral_fee_rate,est_monthly_sales,avg_review_count,avg_rating,top10_review_share,keyword_search_volume,keyword_cpc,seasonality_score,differentiation_score,compliance_risk,fragile_risk,oversize_risk,market_data_completeness,profit_data_confidence,evidence_confidence,evidence_grade,data_source_summary,profit_estimate_status,notes
category:Tool Holsters,553582,Tool Holsters,Tools & Home Improvement > Storage & Home Organization > Tool Organizers > Tool Holsters,B0FXG8J58Q,,TOOLEAGUE 3Pcs Magnetic Tool Mat with 25Lb Telescoping Magnetic Pickup Pen,Tools & Home Improvement > Storage & Home Organization > Tool Organizers > Tool Holsters,US,46.99,13.16,3.76,7.77,0.15,981.0,153.0,4.6,0.55,10000,1.0,20.0,50,25.0,20.0,20.0,75,35,65.0,B,"observed:price,sales,reviews,rating,fba_fee; estimated:search_volume,cpc",estimated_default_costs,Imported from Sorftime; ASIN B0FXG8J58Q; brand TOOLEAGUE
category:Tool Pouches,322568011,Tool Pouches,Tools & Home Improvement > Storage & Home Organization > Tool Organizers > Tool Pouches,B08WJHZKKS,,"AWP Tool Pouch, Electrician Tool Pouch, Premium, Professional Multi-Pocket Organizer",Tools & Home Improvement > Storage & Home Organization > Tool Organizers > Tool Pouches,US,13.99,3.92,1.12,4.89,0.15,1243.0,1757.0,4.5,0.55,10000,1.0,20.0,50,25.0,20.0,20.0,75,35,65.0,B,"observed:price,sales,reviews,rating,fba_fee; estimated:search_volume,cpc",estimated_default_costs,Imported from Sorftime; ASIN B08WJHZKKS; brand AWP
category:Tool Trays,15709201,Tool Trays,Tools & Home Improvement > Storage & Home Organization > Tool Organizers > Tool Trays,B0CJJD5BZQ,,"Magnetic Socket Organizer Set, 6PCS Socket Holder, 1/4“, 3/8“, 1/2“ Sockets Holds 143 Pieces Magnetic Sockets Trays (Blue&red, 6 Pcs)",Tools & Home Improvement > Storage & Home Organization > Tool Organizers > Tool Trays,US,36.99,10.36,2.96,9.32,0.15,3273.0,689.0,4.5,0.55,10000,1.0,20.0,50,25.0,20.0,20.0,75,35,65.0,B,"observed:price,sales,reviews,rating,fba_fee; estimated:search_volume,cpc",estimated_default_costs,Imported from Sorftime; ASIN B0CJJD5BZQ; brand SWANLAKE GARDEN TOOLS
category:Decorative Garden Stools,3563985011,Decorative Garden Stools,"Patio, Lawn & Garden > Outdoor Décor > Decorative Garden Stools",B0H49HFY43,,"zaowofires Solid Wooden Stool,Plant Stand,Step Stool,Light Walnut,10“ H","Patio, Lawn & Garden > Outdoor Décor > Decorative Garden Stools",US,32.99,9.24,2.64,8.26,0.15,1151.0,229.0,4.6,0.55,10000,1.0,20.0,50,25.0,20.0,20.0,75,35,65.0,B,"observed:price,sales,reviews,rating,fba_fee; estimated:search_volume,cpc",estimated_default_costs,Imported from Sorftime; ASIN B0H49HFY43; brand zaowofires
category:Dust Mops,23537023011,Dust Mops,Home & Kitchen > Cleaning Supplies > Household Cleaning > Cleaning Tools > Mopping > Wet & Dry Mops > Dust Mops,B0DRVCNPTG,,"RONSUNG Wall Cleaner Mop, 82-Inch Handle, Baseboard Cleaner Tool, 4 Pads | Wall scrubber with long handle, triangle head, squeegee, and 4 pads for walls, ceilings, windows, baseboards, and floors",Home & Kitchen > Cleaning Supplies > Household Cleaning > Cleaning Tools > Mopping > Wet & Dry Mops > Dust Mops,US,19.99,5.6,1.6,7.21,0.15,3196.0,833.0,4.4,0.55,10000,1.0,20.0,50,25.0,20.0,20.0,75,35,65.0,B,"observed:price,sales,reviews,rating,fba_fee; estimated:search_volume,cpc",estimated_default_costs,Imported from Sorftime; ASIN B0DRVCNPTG; brand RONSUNG
category:Sponge Mops,23537024011,Sponge Mops,Home & Kitchen > Cleaning Supplies > Household Cleaning > Cleaning Tools > Mopping > Wet & Dry Mops > Sponge Mops,B0FMDXCL36,,"LOLA Squeezematic Butterfly Automatic Sponge Mop, 4 Mop Heads - 2 Foam w/ Cellulose Layer & 2 All Foam, 9“ Head w/ Scuff Remover",Home & Kitchen > Cleaning Supplies > Household Cleaning > Cleaning Tools > Mopping > Wet & Dry Mops > Sponge Mops,US,41.88,11.73,3.35,8.7,0.15,1422.0,136.0,3.7,0.55,10000,1.0,20.0,50,25.0,20.0,20.0,75,35,65.0,B,"observed:price,sales,reviews,rating,fba_fee; estimated:search_volume,cpc",estimated_default_costs,Imported from Sorftime; ASIN B0FMDXCL36; brand LOLA
category:String Mops,23537022011,String Mops,Home & Kitchen > Cleaning Supplies > Household Cleaning > Cleaning Tools > Mopping > Wet & Dry Mops > String Mops,B0CQRM2KRF,,EaseYourDay Cotton String Mop with 2 Washable Heads & Stainless Steel Pole,Home & Kitchen > Cleaning Supplies > Household Cleaning > Cleaning Tools > Mopping > Wet & Dry Mops > String Mops,US,16.99,4.76,1.36,6.77,0.15,1150.0,48.0,4.4,0.55,10000,1.0,20.0,50,25.0,20.0,20.0,75,35,65.0,B,"observed:price,sales,reviews,rating,fba_fee; estimated:search_volume,cpc",estimated_default_costs,Imported from Sorftime; ASIN B0CQRM2KRF; brand EaseYourDay
category:Angle Brooms,14253831,Angle Brooms,Home & Kitchen > Cleaning Supplies > Household Cleaning > Cleaning Tools > Sweeping > Brooms > Angle Brooms,B0FZ9DH13Q,,"Stand Up Dustpan and Broom Set 50” Long Handle Broom with Dust Pan, with Self Cleaning Combe for Ergonomic Home Office Classroom Indoor Sweeping",Home & Kitchen > Cleaning Supplies > Household Cleaning > Cleaning Tools > Sweeping > Brooms > Angle Brooms,US,16.99,4.76,1.36,6.59,0.15,1200.0,949.0,3.9,0.55,10000,1.0,20.0,50,25.0,20.0,20.0,75,35,65.0,B,"observed:price,sales,reviews,rating,fba_fee; estimated:search_volume,cpc",estimated_default_costs,Imported from Sorftime; ASIN B0FZ9DH13Q; brand KalTell
category:Hand Brooms,14253841,Hand Brooms,Home & Kitchen > Cleaning Supplies > Household Cleaning > Cleaning Tools > Sweeping > Brooms > Hand Brooms,B0FW4GRRMF,,"Four-Section Rod Long-Handled Broom,Heavy-Duty Broom, Angle Broom for Outdoor/Indoor（Black）",Home & Kitchen > Cleaning Supplies > Household Cleaning > Cleaning Tools > Sweeping > Brooms > Hand Brooms,US,18.98,5.31,1.52,3.5,0.15,770.0,1278.0,4.3,0.55,10000,1.0,20.0,50,25.0,20.0,20.0,65,20,53.8,C,"observed:price,sales,reviews,rating; estimated:fba_fee,search_volume,cpc",estimated_default_costs,Imported from Sorftime; ASIN B0FW4GRRMF; brand Xifando
category:Push Brooms,14253851,Push Brooms,Home & Kitchen > Cleaning Supplies > Household Cleaning > Cleaning Tools > Sweeping > Brooms > Push Brooms,B0FDXDL4F5,,"PBHEPJ 18 Inchs Push Broom Outdoor Heavy Duty, Shop Broom with 60“ Long Handle for Cleaning Outdoor or Indoor Tile, Garage, Shop, Deck, Concrete, Wood, Stone, Patio Floor",Home & Kitchen > Cleaning Supplies > Household Cleaning > Cleaning Tools > Sweeping > Brooms > Push Brooms,US,12.99,3.64,1.04,7.18,0.15,2931.0,693.0,3.9,0.55,10000,1.0,20.0,50,25.0,20.0,20.0,75,35,65.0,B,"observed:price,sales,reviews,rating,fba_fee; estimated:search_volume,cpc",estimated_default_costs,Imported from Sorftime; ASIN B0FDXDL4F5; brand PBHEPJ
category:Kitchen Brushes,203313515011,Kitchen Brushes,Home & Kitchen > Cleaning Supplies > Household Cleaning > Cleaning Tools > Brushes > Kitchen Brushes,B0DLWHGGCS,,DEBETOOL 6-Piece Bamboo Dish Brush Set with Coconut Sponge,Home & Kitchen > Cleaning Supplies > Household Cleaning > Cleaning Tools > Brushes > Kitchen Brushes,US,14.99,4.2,1.2,5.35,0.15,2368.0,512.0,4.5,0.55,10000,1.0,20.0,50,25.0,20.0,20.0,75,35,65.0,B,"observed:price,sales,reviews,rating,fba_fee; estimated:search_volume,cpc",estimated_default_costs,Imported from Sorftime; ASIN B0DLWHGGCS; brand DEBETOOL
category:Toilet Brushes & Holders,85975011,Toilet Brushes & Holders,Home & Kitchen > Cleaning Supplies > Household Cleaning > Cleaning Tools > Brushes > Toilet Brushes & Holders,B0FHBB78FD,,"LFBEAR Disposable Toilet Cleaning System - Toilet Brush Kit with 36 High-Performance Refills, Wall Mounted Toilet Brush and Holder for Deep Cleaning Bathroom (Toilet Brush+18 Refills)",Home & Kitchen > Cleaning Supplies > Household Cleaning > Cleaning Tools > Brushes > Toilet Brushes & Holders,US,13.98,3.91,1.12,6.22,0.15,3151.0,673.0,4.5,0.55,10000,1.0,20.0,50,25.0,20.0,20.0,75,35,65.0,B,"observed:price,sales,reviews,rating,fba_fee; estimated:search_volume,cpc",estimated_default_costs,Imported from Sorftime; ASIN B0FHBB78FD; brand LFBEAR
category:Feather Dusters,2245498011,Feather Dusters,Home & Kitchen > Cleaning Supplies > Household Cleaning > Cleaning Tools > Dusting > Feather Dusters,B0DFGRZC2V,,AIR U+ 6ft Extendable Duster with 20 Refills for Swiffer Dusters,Home & Kitchen > Cleaning Supplies > Household Cleaning > Cleaning Tools > Dusting > Feather Dusters,US,23.99,6.72,1.92,5.2,0.15,4542.0,1093.0,4.1,0.55,10000,1.0,20.0,50,25.0,20.0,20.0,75,35,65.0,B,"observed:price,sales,reviews,rating,fba_fee; estimated:search_volume,cpc",estimated_default_costs,Imported from Sorftime; ASIN B0DFGRZC2V; brand AIR U+
category:Buckets,2245509011,Buckets,Home & Kitchen > Cleaning Supplies > Household Cleaning > Cleaning Tools > Mopping > Buckets,B0BV7Z4ZDB,,"Unger Professional 3 Gallon Bucket – Compact Cleaning Bucket, Comfort-Grip Handle, 2 Pour Spouts, Portable Cleaning Supplies, Plastic Mop Bucket for Floor, Window & Household Cleaning",Home & Kitchen > Cleaning Supplies > Household Cleaning > Cleaning Tools > Mopping > Buckets,US,21.99,6.16,1.76,9.85,0.15,2012.0,1380.0,4.6,0.55,10000,1.0,20.0,50,25.0,20.0,20.0,75,35,65.0,B,"observed:price,sales,reviews,rating,fba_fee; estimated:search_volume,cpc",estimated_default_costs,Imported from Sorftime; ASIN B0BV7Z4ZDB; brand UNGER
category:Mops & Bucket Sets,23537016011,Mops & Bucket Sets,Home & Kitchen > Cleaning Supplies > Household Cleaning > Cleaning Tools > Mopping > Mops & Bucket Sets,B0H3ZVWCJ1,,"SONGMICS Spin Mop and Bucket Set with Pedal Wringer, 1 Microfiber Pad",Home & Kitchen > Cleaning Supplies > Household Cleaning > Cleaning Tools > Mopping > Mops & Bucket Sets,US,29.99,8.4,2.4,18.34,0.15,3781.0,160.0,4.1,0.55,10000,1.0,20.0,50,25.0,20.0,20.0,75,35,65.0,B,"observed:price,sales,reviews,rating,fba_fee; estimated:search_volume,cpc",estimated_default_costs,Imported from Sorftime; ASIN B0H3ZVWCJ1; brand SONGMICS
category:Edible Printer Paper & Frosting Sheets,8147491011,Edible Printer Paper & Frosting Sheets,Home & Kitchen > Kitchen & Dining > Bakeware > Decorating Tools > Edible Printer Ink & Paper > Edible Printer Paper & Frosting Sheets,B01HA5E5LW,,paper2eat edible Wafer Paper Sheets Standard - 0.30 mm - 25 sheets,Home & Kitchen > Kitchen & Dining > Bakeware > Decorating Tools > Edible Printer Ink & Paper > Edible Printer Paper & Frosting Sheets,US,16.99,4.76,1.36,5.77,0.15,1624.0,508.0,4.6,0.55,10000,1.0,20.0,50,25.0,20.0,20.0,75,35,65.0,B,"observed:price,sales,reviews,rating,fba_fee; estimated:search_volume,cpc",estimated_default_costs,Imported from Sorftime; ASIN B01HA5E5LW; brand paper2eat
category:Bottle Openers,3109475011,Bottle Openers,Home & Kitchen > Kitchen & Dining > Kitchen Utensils & Gadgets > Bar & Wine Tools > Corkscrews & Openers > Bottle Openers,B0BRK7R9W5,,QTLCOHD 20 Pack Flat Bottle Opener - 7 Inch Stainless Steel Bottle Openers,Home & Kitchen > Kitchen & Dining > Kitchen Utensils & Gadgets > Bar & Wine Tools > Corkscrews & Openers > Bottle Openers,US,24.99,7.0,2.0,7.65,0.15,490.0,153.0,4.6,0.55,10000,1.0,20.0,50,25.0,20.0,20.0,75,35,65.0,B,"observed:price,sales,reviews,rating,fba_fee; estimated:search_volume,cpc",estimated_default_costs,Imported from Sorftime; ASIN B0BRK7R9W5; brand QTLCOHD
category:Screwpull Levers,13825981,Screwpull Levers,Home & Kitchen > Kitchen & Dining > Kitchen Utensils & Gadgets > Bar & Wine Tools > Corkscrews & Openers > Screwpull Levers,B08MJ7FMV1,,Forge Quality Compact Vertical Lever Corkscrew Wine Opener with Foil Cutter. 3 Seconds to Open a Bottle of Wine. Metallic Bronze,Home & Kitchen > Kitchen & Dining > Kitchen Utensils & Gadgets > Bar & Wine Tools > Corkscrews & Openers > Screwpull Levers,US,27.95,7.83,2.24,4.87,0.15,2473.0,421.0,4.4,0.55,10000,1.0,20.0,50,25.0,20.0,20.0,75,35,65.0,B,"observed:price,sales,reviews,rating,fba_fee; estimated:search_volume,cpc",estimated_default_costs,Imported from Sorftime; ASIN B08MJ7FMV1; brand Forge
category:Waiter Corkscrews,13826001,Waiter Corkscrews,Home & Kitchen > Kitchen & Dining > Kitchen Utensils & Gadgets > Bar & Wine Tools > Corkscrews & Openers > Waiter Corkscrews,B0C7TLXMS5,,"Professional Waiter Corkscrew Wine Key for Bartenders Set of 3,With Long Rosewood Handle Stainless Steel Handle Wine Opener for Bar Restaurant Waiters, Sommelier, Bartend (Rose Wood 3 Packs)",Home & Kitchen > Kitchen & Dining > Kitchen Utensils & Gadgets > Bar & Wine Tools > Corkscrews & Openers > Waiter Corkscrews,US,21.59,6.05,1.73,3.75,0.15,933.0,1003.0,4.6,0.55,10000,1.0,20.0,50,25.0,20.0,20.0,75,35,65.0,B,"observed:price,sales,reviews,rating,fba_fee; estimated:search_volume,cpc",estimated_default_costs,Imported from Sorftime; ASIN B0C7TLXMS5; brand Kit-Home
category:Wing Corkscrews,13826011,Wing Corkscrews,Home & Kitchen > Kitchen & Dining > Kitchen Utensils & Gadgets > Bar & Wine Tools > Corkscrews & Openers > Wing Corkscrews,B073XHPWN9,,"Viski Winged Corkscrew Wine Bottle Opener, Gold Plated Finish, Non-stick Coated Worm, 9.25“",Home & Kitchen > Kitchen & Dining > Kitchen Utensils & Gadgets > Bar & Wine Tools > Corkscrews & Openers > Wing Corkscrews,US,19.99,5.6,1.6,3.6,0.15,337.0,1231.0,4.6,0.55,10000,1.0,20.0,50,25.0,20.0,20.0,50,20,42.5,C,"observed:sales,reviews,rating; estimated:price,fba_fee,search_volume,cpc",estimated_default_costs,Imported from Sorftime; ASIN B073XHPWN9; brand Viski
category:Ice Bucket Kits,21560397011,Ice Bucket Kits,Home & Kitchen > Kitchen & Dining > Kitchen Utensils & Gadgets > Bar & Wine Tools > Ice Buckets & Tongs > Ice Bucket Kits,B0FY2VBL5K,,"Havawish Clear Ice Bucket for Freezer Scoop Set Freezer Ice Bin Storage | Clear Plastic Storage for Freezer with Pull Handle, Ice Scoop Included, Keeps Cubes Organized, Easy Access Design",Home & Kitchen > Kitchen & Dining > Kitchen Utensils & Gadgets > Bar & Wine Tools > Ice Buckets & Tongs > Ice Bucket Kits,US,22.32,6.25,1.79,7.2,0.15,1159.0,78.0,4.4,0.55,10000,1.0,20.0,50,25.0,20.0,20.0,75,35,65.0,B,"observed:price,sales,reviews,rating,fba_fee; estimated:search_volume,cpc",estimated_default_costs,Imported from Sorftime; ASIN B0FY2VBL5K; brand Havawish
category:Ice Buckets,678496011,Ice Buckets,Home & Kitchen > Kitchen & Dining > Kitchen Utensils & Gadgets > Bar & Wine Tools > Ice Buckets & Tongs > Ice Buckets,B0F4P2WM5B,,"Lifewit 6.5L Plastic Ice Bucket for Parties with Handle & Scoop, 2 Pcs",Home & Kitchen > Kitchen & Dining > Kitchen Utensils & Gadgets > Bar & Wine Tools > Ice Buckets & Tongs > Ice Buckets,US,29.99,8.4,2.4,9.37,0.15,3140.0,543.0,4.6,0.55,10000,1.0,20.0,50,25.0,20.0,20.0,75,35,65.0,B,"observed:price,sales,reviews,rating,fba_fee; estimated:search_volume,cpc",estimated_default_costs,Imported from Sorftime; ASIN B0F4P2WM5B; brand Lifewit
category:Ice Tongs,678497011,Ice Tongs,Home & Kitchen > Kitchen & Dining > Kitchen Utensils & Gadgets > Bar & Wine Tools > Ice Buckets & Tongs > Ice Tongs,B0B13Q2NLV,,"Barfly Ice Tong, Stainless, 7.1 Inch",Home & Kitchen > Kitchen & Dining > Kitchen Utensils & Gadgets > Bar & Wine Tools > Ice Buckets & Tongs > Ice Tongs,US,15.2,4.26,1.22,4.18,0.15,383.0,150.0,4.4,0.55,10000,1.0,20.0,50,25.0,20.0,20.0,75,35,65.0,B,"observed:price,sales,reviews,rating,fba_fee; estimated:search_volume,cpc",estimated_default_costs,Imported from Sorftime; ASIN B0B13Q2NLV; brand Barfly
category:Wine Pourers,678498011,Wine Pourers,Home & Kitchen > Kitchen & Dining > Kitchen Utensils & Gadgets > Bar & Wine Tools > Wine Stoppers & Pourers > Wine Pourers,B0F1H6B5VJ,,"Songbird Specialties Singing Bird Wine Bottle Pourer, Red | It chirps as you pour and gets guests smiling. A fun wine gift for bird lovers, wine lovers, and anyone who entertains.",Home & Kitchen > Kitchen & Dining > Kitchen Utensils & Gadgets > Bar & Wine Tools > Wine Stoppers & Pourers > Wine Pourers,US,29.99,8.4,2.4,4.9,0.15,1049.0,147.0,4.5,0.55,10000,1.0,20.0,50,25.0,20.0,20.0,75,35,65.0,B,"observed:price,sales,reviews,rating,fba_fee; estimated:search_volume,cpc",estimated_default_costs,Imported from Sorftime; ASIN B0F1H6B5VJ; brand SONGBIRD SPECIALTIES
category:Wine Stoppers,678499011,Wine Stoppers,Home & Kitchen > Kitchen & Dining > Kitchen Utensils & Gadgets > Bar & Wine Tools > Wine Stoppers & Pourers > Wine Stoppers,B071GZM6SK,,"Repour Wine Saver and Stopper - Removes Oxygen, Preserving and Keeping Wine As Fresh As The Day The Bottle Was Opened (10-Pack)",Home & Kitchen > Kitchen & Dining > Kitchen Utensils & Gadgets > Bar & Wine Tools > Wine Stoppers & Pourers > Wine Stoppers,US,19.99,5.6,1.6,4.18,0.15,764.0,1072.0,4.2,0.55,10000,1.0,20.0,50,25.0,20.0,20.0,75,35,65.0,B,"observed:price,sales,reviews,rating,fba_fee; estimated:search_volume,cpc",estimated_default_costs,Imported from Sorftime; ASIN B071GZM6SK; brand Repour
category:Electric Fondue Pots,17384862011,Electric Fondue Pots,Home & Kitchen > Kitchen & Dining > Kitchen Utensils & Gadgets > Cheese Tools > Fondue > Electric Fondue Pots,B0FJDZP6S7,,"LUSHYUM Electric Chocolate Melting Pot with 2 Insert Pots, 4-Cup Chocolate",Home & Kitchen > Kitchen & Dining > Kitchen Utensils & Gadgets > Cheese Tools > Fondue > Electric Fondue Pots,US,39.99,11.2,3.2,7.2,0.15,1129.0,661.0,4.5,0.55,10000,1.0,20.0,50,25.0,20.0,20.0,75,35,65.0,B,"observed:price,sales,reviews,rating,fba_fee; estimated:search_volume,cpc",estimated_default_costs,Imported from Sorftime; ASIN B0FJDZP6S7; brand LUSHYUM
category:Pots & Sets,17384864011,Pots & Sets,Home & Kitchen > Kitchen & Dining > Kitchen Utensils & Gadgets > Cheese Tools > Fondue > Pots & Sets,B0CY6NR727,,"Nostalgia Electric Fondue Party Set – 10 oz Melting Pot, 4 Roasting Forks, & Detachable Serving Tray – Melted Cheese, Chocolate, or Dessert – Perfect for Gifts, Parties, Date Night – Stainless Steel",Home & Kitchen > Kitchen & Dining > Kitchen Utensils & Gadgets > Cheese Tools > Fondue > Pots & Sets,US,29.99,8.4,2.4,7.84,0.15,572.0,946.0,4.4,0.55,10000,1.0,20.0,50,25.0,20.0,20.0,75,35,65.0,B,"observed:price,sales,reviews,rating,fba_fee; estimated:search_volume,cpc",estimated_default_costs,Imported from Sorftime; ASIN B0CY6NR727; brand Nostalgia
category:Corers,678502011,Corers,Home & Kitchen > Kitchen & Dining > Kitchen Utensils & Gadgets > Fruit & Vegetable Tools > Corers & Pitters > Corers,B0D1Y4B8DQ,,"5.5 Inch Extra Large 16-Slice Apple Corer, Heavy Duty Divider Wedger Cutter",Home & Kitchen > Kitchen & Dining > Kitchen Utensils & Gadgets > Fruit & Vegetable Tools > Corers & Pitters > Corers,US,17.99,5.04,1.44,4.9,0.15,887.0,579.0,4.5,0.55,10000,1.0,20.0,50,25.0,20.0,20.0,75,35,65.0,B,"observed:price,sales,reviews,rating,fba_fee; estimated:search_volume,cpc",estimated_default_costs,Imported from Sorftime; ASIN B0D1Y4B8DQ; brand LIIGEMI
category:Pitters,678503011,Pitters,Home & Kitchen > Kitchen & Dining > Kitchen Utensils & Gadgets > Fruit & Vegetable Tools > Corers & Pitters > Pitters,B0G2YS569P,,Cherry Pitter - Makmzoon Multi Cherries Corer Stainless Steel Pitter Tool Making Cherry Jam - 7 Cherries,Home & Kitchen > Kitchen & Dining > Kitchen Utensils & Gadgets > Fruit & Vegetable Tools > Corers & Pitters > Pitters,US,12.99,3.64,1.04,4.47,0.15,3564.0,522.0,4.2,0.55,10000,1.0,20.0,50,25.0,20.0,20.0,75,35,65.0,B,"observed:price,sales,reviews,rating,fba_fee; estimated:search_volume,cpc",estimated_default_costs,Imported from Sorftime; ASIN B0G2YS569P; brand Makmzoon
category:Potato Mashers,678504011,Potato Mashers,Home & Kitchen > Kitchen & Dining > Kitchen Utensils & Gadgets > Fruit & Vegetable Tools > Potato Mashers & Ricers > Potato Mashers,B0F7XCV6CQ,,"Stainless Steel Meat Chopper, Stainless Steel Meat Masher, 11 Inch, Ground Beef Chopper Tool, Metal Meat Masher, Ground Meat Smasher, Hamburger Smasher Tool",Home & Kitchen > Kitchen & Dining > Kitchen Utensils & Gadgets > Fruit & Vegetable Tools > Potato Mashers & Ricers > Potato Mashers,US,13.99,3.92,1.12,4.45,0.15,869.0,193.0,4.6,0.55,10000,1.0,20.0,50,25.0,20.0,20.0,75,35,65.0,B,"observed:price,sales,reviews,rating,fba_fee; estimated:search_volume,cpc",estimated_default_costs,Imported from Sorftime; ASIN B0F7XCV6CQ; brand ANZIUS
category:Potato Ricers,678505011,Potato Ricers,Home & Kitchen > Kitchen & Dining > Kitchen Utensils & Gadgets > Fruit & Vegetable Tools > Potato Mashers & Ricers > Potato Ricers,B0DPWTT7BJ,,"AHFLRITO Potato ricer, Heavy Duty Ricer for Mashed Potatoes, Large Potato Masher Stainless Steel with Ergonomic Handle, Efficiently for Fluffy Mashed Potatoes",Home & Kitchen > Kitchen & Dining > Kitchen Utensils & Gadgets > Fruit & Vegetable Tools > Potato Mashers & Ricers > Potato Ricers,US,15.99,4.48,1.28,6.22,0.15,439.0,279.0,4.4,0.55,10000,1.0,20.0,50,25.0,20.0,20.0,75,35,65.0,B,"observed:price,sales,reviews,rating,fba_fee; estimated:search_volume,cpc",estimated_default_costs,Imported from Sorftime; ASIN B0DPWTT7BJ; brand AHFLRITO
category:Digital Scales,678508011,Digital Scales,Home & Kitchen > Kitchen & Dining > Kitchen Utensils & Gadgets > Measuring Tools & Scales > Kitchen Scales > Digital Scales,B09B4CB7C1,,"Greater Goods Coffee Scale with Timer, 0.1g Precision for Espresso & Matcha",Home & Kitchen > Kitchen & Dining > Kitchen Utensils & Gadgets > Measuring Tools & Scales > Kitchen Scales > Digital Scales,US,29.99,8.4,2.4,4.87,0.15,2489.0,2451.0,4.4,0.55,10000,1.0,20.0,50,25.0,20.0,20.0,75,35,65.0,B,"observed:price,sales,reviews,rating,fba_fee; estimated:search_volume,cpc",estimated_default_costs,Imported from Sorftime; ASIN B09B4CB7C1; brand Greater Goods
category:Cheese Slicers,289760,Cheese Slicers,"Home & Kitchen > Kitchen & Dining > Kitchen Utensils & Gadgets > Peeling, Grating & Slicing Tools > Mandolines & Slicers > Cheese Slicers",B0C22YD4LX,,"Sopito Cheese Slicer with 3 Extra Stainless Steel Wires, Silver","Home & Kitchen > Kitchen & Dining > Kitchen Utensils & Gadgets > Peeling, Grating & Slicing Tools > Mandolines & Slicers > Cheese Slicers",US,12.99,3.64,1.04,4.18,0.15,784.0,2064.0,4.4,0.55,10000,1.0,20.0,50,25.0,20.0,20.0,75,35,65.0,B,"observed:price,sales,reviews,rating,fba_fee; estimated:search_volume,cpc",estimated_default_costs,Imported from Sorftime; ASIN B0C22YD4LX; brand Sopito
category:Egg Slicers,17548242011,Egg Slicers,"Home & Kitchen > Kitchen & Dining > Kitchen Utensils & Gadgets > Peeling, Grating & Slicing Tools > Mandolines & Slicers > Egg Slicers",B08RZF2W2V,,Multi Function Stainless Steel Egg Slicer for Hard Boiled Eggs,"Home & Kitchen > Kitchen & Dining > Kitchen Utensils & Gadgets > Peeling, Grating & Slicing Tools > Mandolines & Slicers > Egg Slicers",US,13.79,3.86,1.1,4.44,0.15,551.0,837.0,4.2,0.55,10000,1.0,20.0,50,25.0,20.0,20.0,75,35,65.0,B,"observed:price,sales,reviews,rating,fba_fee; estimated:search_volume,cpc",estimated_default_costs,Imported from Sorftime; ASIN B08RZF2W2V; brand Vila KuChe
category:Mandolines,23616035011,Mandolines,"Home & Kitchen > Kitchen & Dining > Kitchen Utensils & Gadgets > Peeling, Grating & Slicing Tools > Mandolines & Slicers > Mandolines",B07C1J4BWD,,Ourokhome Zucchini Noodle Maker Spaghetti Spiralizer - 5 Blades Vegetable Slicer for Veggie Noodles and Curly Chips,"Home & Kitchen > Kitchen & Dining > Kitchen Utensils & Gadgets > Peeling, Grating & Slicing Tools > Mandolines & Slicers > Mandolines",US,24.99,7.0,2.0,6.59,0.15,979.0,1550.0,4.3,0.55,10000,1.0,20.0,50,25.0,20.0,20.0,75,35,65.0,B,"observed:price,sales,reviews,rating,fba_fee; estimated:search_volume,cpc",estimated_default_costs,Imported from Sorftime; ASIN B07C1J4BWD; brand Ourokhome
category:Choppers,678514011,Choppers,Home & Kitchen > Kitchen & Dining > Kitchen Utensils & Gadgets > Seasoning & Spice Tools > Choppers & Mincers > Choppers,B0FF9MLN34,,"French Fry Cutter, Solucky Potato Onion Cutter, Professional Homestyle Vegetable Chopper Dicer, Great for Potatoes Carrots Cucumbers Zucchini Pepper (Light Blue)",Home & Kitchen > Kitchen & Dining > Kitchen Utensils & Gadgets > Seasoning & Spice Tools > Choppers & Mincers > Choppers,US,19.99,5.6,1.6,5.75,0.15,1212.0,672.0,4.3,0.55,10000,1.0,20.0,50,25.0,20.0,20.0,75,35,65.0,B,"observed:price,sales,reviews,rating,fba_fee; estimated:search_volume,cpc",estimated_default_costs,Imported from Sorftime; ASIN B0FF9MLN34; brand Solucky
category:Garlic Presses,678518011,Garlic Presses,Home & Kitchen > Kitchen & Dining > Kitchen Utensils & Gadgets > Seasoning & Spice Tools > Garlic Tools > Garlic Presses,B0FRS5Y33B,,"Brigii Burger Press, 5.5“ 304 Stainless Steel Hamburger Press Patty Maker | Spring back design, thickness guide 100g-400g, easy release, no coating, no rust, dishwasher safe, for ground beef patties",Home & Kitchen > Kitchen & Dining > Kitchen Utensils & Gadgets > Seasoning & Spice Tools > Garlic Tools > Garlic Presses,US,28.99,8.12,2.32,5.93,0.15,2608.0,788.0,4.6,0.55,10000,1.0,20.0,50,25.0,20.0,20.0,75,35,65.0,B,"observed:price,sales,reviews,rating,fba_fee; estimated:search_volume,cpc",estimated_default_costs,Imported from Sorftime; ASIN B0FRS5Y33B; brand Brigii
category:Pepper Mills,15850251,Pepper Mills,Home & Kitchen > Kitchen & Dining > Kitchen Utensils & Gadgets > Seasoning & Spice Tools > Salt & Pepper > Pepper Mills,B01MXRQ5AY,,Star Wars Lightsaber Electric Salt and Pepper Mill Grinder (Pack of 2),Home & Kitchen > Kitchen & Dining > Kitchen Utensils & Gadgets > Seasoning & Spice Tools > Salt & Pepper > Pepper Mills,US,39.99,11.2,3.2,5.9,0.15,850.0,2016.0,4.6,0.55,10000,1.0,20.0,50,25.0,20.0,20.0,75,35,65.0,B,"observed:price,sales,reviews,rating,fba_fee; estimated:search_volume,cpc",estimated_default_costs,Imported from Sorftime; ASIN B01MXRQ5AY; brand Uncanny Brands
category:Pepper Shakers,15850291,Pepper Shakers,Home & Kitchen > Kitchen & Dining > Kitchen Utensils & Gadgets > Seasoning & Spice Tools > Salt & Pepper > Pepper Shakers,B0DN6NXWYF,,"Portable Pepper Shaker (Black) - Versatile Seasoning Set, Multi Functional Salt Dispenser Spice Shakers for Easy Use - Convenient & Durable Plastic Salt and Pepper Dispenser for Fine Spices",Home & Kitchen > Kitchen & Dining > Kitchen Utensils & Gadgets > Seasoning & Spice Tools > Salt & Pepper > Pepper Shakers,US,21.24,5.95,1.7,3.82,0.15,2369.0,301.0,4.2,0.55,10000,1.0,20.0,50,25.0,20.0,20.0,65,20,53.8,C,"observed:price,sales,reviews,rating; estimated:fba_fee,search_volume,cpc",estimated_default_costs,Imported from Sorftime; ASIN B0DN6NXWYF; brand SPEED BUMP
category:Salt & Pepper Mill Sets,15850261,Salt & Pepper Mill Sets,Home & Kitchen > Kitchen & Dining > Kitchen Utensils & Gadgets > Seasoning & Spice Tools > Salt & Pepper > Salt & Pepper Mill Sets,B0DPW6B8GG,,"Electric Salt and Pepper Grinder Set with Charging Base, 2 Pack Set | Stainless Steel, USB-C Charge Base, 6-Level Adjustable Coarseness, Fast&Slow Adjustment, 95ml Large Capacity, LED Light",Home & Kitchen > Kitchen & Dining > Kitchen Utensils & Gadgets > Seasoning & Spice Tools > Salt & Pepper > Salt & Pepper Mill Sets,US,36.94,10.34,2.96,6.56,0.15,1042.0,291.0,4.5,0.55,10000,1.0,20.0,50,25.0,20.0,20.0,75,35,65.0,B,"observed:price,sales,reviews,rating,fba_fee; estimated:search_volume,cpc",estimated_default_costs,Imported from Sorftime; ASIN B0DPW6B8GG; brand JINGASA
category:Salt & Pepper Shaker Sets,15850301,Salt & Pepper Shaker Sets,Home & Kitchen > Kitchen & Dining > Kitchen Utensils & Gadgets > Seasoning & Spice Tools > Salt & Pepper > Salt & Pepper Shaker Sets,B09YHYR413,,"Salt and Pepper Shakers Set with Adjustable Pour Holes - Stainless Steel Spice Dispenser - Perfect for Pink Himalayan, Table Salt, Black and White Pepper",Home & Kitchen > Kitchen & Dining > Kitchen Utensils & Gadgets > Seasoning & Spice Tools > Salt & Pepper > Salt & Pepper Shaker Sets,US,12.98,3.63,1.04,4.89,0.15,1072.0,1706.0,4.5,0.55,10000,1.0,20.0,50,25.0,20.0,20.0,75,35,65.0,B,"observed:price,sales,reviews,rating,fba_fee; estimated:search_volume,cpc",estimated_default_costs,Imported from Sorftime; ASIN B09YHYR413; brand Kitchen-GO
category:Salt Mills,15850271,Salt Mills,Home & Kitchen > Kitchen & Dining > Kitchen Utensils & Gadgets > Seasoning & Spice Tools > Salt & Pepper > Salt Mills,B0FXNT68Y3,,"Cole & Mason Derwent Salt Grinder, 7.5“ Salt Mill, Matte Black | Mill Includes Gourmet Precision Mechanism and Premium Sea Salt Mill, Matt Black",Home & Kitchen > Kitchen & Dining > Kitchen Utensils & Gadgets > Seasoning & Spice Tools > Salt & Pepper > Salt Mills,US,59.95,16.79,4.8,4.46,0.15,3022.0,1425.0,4.5,0.55,10000,1.0,20.0,50,25.0,20.0,20.0,75,35,65.0,B,"observed:price,sales,reviews,rating,fba_fee; estimated:search_volume,cpc",estimated_default_costs,Imported from Sorftime; ASIN B0FXNT68Y3; brand Cole & Mason
category:Salt Shakers,15850311,Salt Shakers,Home & Kitchen > Kitchen & Dining > Kitchen Utensils & Gadgets > Seasoning & Spice Tools > Salt & Pepper > Salt Shakers,B0CYT1Z96L,,"Farmhouse Salt and Pepper Shakers with Adjustable Pour Holes, Refillable Salt Shaker by Aelga, Ideal for Himalayan, Kosher, Black and White Pepper",Home & Kitchen > Kitchen & Dining > Kitchen Utensils & Gadgets > Seasoning & Spice Tools > Salt & Pepper > Salt Shakers,US,14.99,4.2,1.2,4.89,0.15,1060.0,823.0,4.6,0.55,10000,1.0,20.0,50,25.0,20.0,20.0,75,35,65.0,B,"observed:price,sales,reviews,rating,fba_fee; estimated:search_volume,cpc",estimated_default_costs,Imported from Sorftime; ASIN B0CYT1Z96L; brand Aelga
category:Index Card Storage,12900921,Index Card Storage,Office Products > Office Supplies > Education & Crafts > Filing Products > Index Card Filing > Index Card Storage,B0DGQCB7NQ,,"H4D Index Card Holder 3x5, Index Card Box Organizer, 3 Pack, Pastel Colors",Office Products > Office Supplies > Education & Crafts > Filing Products > Index Card Filing > Index Card Storage,US,12.99,3.64,1.04,5.77,0.15,2300.0,921.0,4.6,0.55,10000,1.0,20.0,50,25.0,20.0,20.0,75,35,65.0,B,"observed:price,sales,reviews,rating,fba_fee; estimated:search_volume,cpc",estimated_default_costs,Imported from Sorftime; ASIN B0DGQCB7NQ; brand H4D
category:Open Fire Cookware,3400591,Open Fire Cookware,Sports & Outdoors > Outdoor Recreation > Camping & Hiking > Camp Kitchen > Camping Cookware > Open Fire Cookware,B0D2KF98MC,,"THTYBROS 17pcs Camping Cookware Mess Kit,for Camping,Backpacking,Picnic",Sports & Outdoors > Outdoor Recreation > Camping & Hiking > Camp Kitchen > Camping Cookware > Open Fire Cookware,US,35.99,10.08,2.88,6.61,0.15,4067.0,1156.0,4.4,0.55,10000,1.0,20.0,50,25.0,20.0,20.0,75,35,65.0,B,"observed:price,sales,reviews,rating,fba_fee; estimated:search_volume,cpc",estimated_default_costs,Imported from Sorftime; ASIN B0D2KF98MC; brand THTYBROS
"category:Pots, Pans & Griddles",3258961011,"Pots, Pans & Griddles","Sports & Outdoors > Outdoor Recreation > Camping & Hiking > Camp Kitchen > Camping Cookware > Pots, Pans & Griddles",B0CWVB2CRT,,"Fire-Maple Petrel G3 Ultralight Camping Pot, Foldable Handle, 600ml | Fast Boil, Heatproof & Locking Handle, Steam Ventilation Lid, Hard Anodized Aluminum, Nest a 100/110g Canister, 162g","Sports & Outdoors > Outdoor Recreation > Camping & Hiking > Camp Kitchen > Camping Cookware > Pots, Pans & Griddles",US,21.25,5.95,1.7,4.89,0.15,1655.0,819.0,4.6,0.55,10000,1.0,20.0,50,25.0,20.0,20.0,75,35,65.0,B,"observed:price,sales,reviews,rating,fba_fee; estimated:search_volume,cpc",estimated_default_costs,Imported from Sorftime; ASIN B0CWVB2CRT; brand Fire-Maple
category:Bowls,3400711,Bowls,Sports & Outdoors > Outdoor Recreation > Camping & Hiking > Camp Kitchen > Dishes & Utensils > Bowls,B0DPNMPMVS,,"Coghlan‘s Snapfold™ Bowls 2-Pack – Collapsible, Lightweight and Leakproof for Camping, Hiking, Travel, Picnics, and Outdoor Adventures, BPA-Free, Foldable Space-Saving Design for Easy Storage",Sports & Outdoors > Outdoor Recreation > Camping & Hiking > Camp Kitchen > Dishes & Utensils > Bowls,US,14.99,4.2,1.2,3.36,0.15,684.0,178.0,4.3,0.55,10000,1.0,20.0,50,25.0,20.0,20.0,75,35,65.0,B,"observed:price,sales,reviews,rating,fba_fee; estimated:search_volume,cpc",estimated_default_costs,Imported from Sorftime; ASIN B0DPNMPMVS; brand Coghlan’s
category:Cups & Mugs,3400731,Cups & Mugs,Sports & Outdoors > Outdoor Recreation > Camping & Hiking > Camp Kitchen > Dishes & Utensils > Cups & Mugs,B0D94QC2J6,,16 oz Stainless Steel Pint Cups-Stackable Metal Drinking Glasses 4 Pcs,Sports & Outdoors > Outdoor Recreation > Camping & Hiking > Camp Kitchen > Dishes & Utensils > Cups & Mugs,US,18.99,5.32,1.52,4.11,0.15,1121.0,309.0,4.6,0.55,10000,1.0,20.0,50,25.0,20.0,20.0,75,35,65.0,B,"observed:price,sales,reviews,rating,fba_fee; estimated:search_volume,cpc",estimated_default_costs,Imported from Sorftime; ASIN B0D94QC2J6; brand VINUR
category:Flatware,3400741,Flatware,Sports & Outdoors > Outdoor Recreation > Camping & Hiking > Camp Kitchen > Dishes & Utensils > Flatware,B0CPSRB39T,,"Kyraton Camping Utensils, Portable Travel Silverware Set with Reusable Light Weight Mug, Bowls and Plate, Stainless Steel Cutlery Set, Camping Mess Kit for 1 Person",Sports & Outdoors > Outdoor Recreation > Camping & Hiking > Camp Kitchen > Dishes & Utensils > Flatware,US,13.99,3.92,1.12,6.59,0.15,1222.0,823.0,4.1,0.55,10000,1.0,20.0,50,25.0,20.0,20.0,75,35,65.0,B,"observed:price,sales,reviews,rating,fba_fee; estimated:search_volume,cpc",estimated_default_costs,Imported from Sorftime; ASIN B0CPSRB39T; brand Kyraton
category:Mess Kits,3400751,Mess Kits,Sports & Outdoors > Outdoor Recreation > Camping & Hiking > Camp Kitchen > Dishes & Utensils > Mess Kits,B0B3HC5J77,,"Odoland Stainless Steel Camping Mess Kit for Outdoor Family & Person | Cooking Tableware Utensils with Plates Bowls Forks Spoons Knives & Savings Bag for Camping, Backpacking, Hiking, Picnic",Sports & Outdoors > Outdoor Recreation > Camping & Hiking > Camp Kitchen > Dishes & Utensils > Mess Kits,US,26.99,7.56,2.16,6.58,0.15,1944.0,598.0,4.6,0.55,10000,1.0,20.0,50,25.0,20.0,20.0,75,35,65.0,B,"observed:price,sales,reviews,rating,fba_fee; estimated:search_volume,cpc",estimated_default_costs,Imported from Sorftime; ASIN B0B3HC5J77; brand Odoland
category:Plates,3400771,Plates,Sports & Outdoors > Outdoor Recreation > Camping & Hiking > Camp Kitchen > Dishes & Utensils > Plates,B0FVDQLM3T,,"Quatish 16 Pcs Plates and Bowls Sets,Plastic Dinnerware Sets for 4,Grey",Sports & Outdoors > Outdoor Recreation > Camping & Hiking > Camp Kitchen > Dishes & Utensils > Plates,US,18.99,5.32,1.52,8.31,0.15,2805.0,121.0,4.4,0.55,10000,1.0,20.0,50,25.0,20.0,20.0,75,35,65.0,B,"observed:price,sales,reviews,rating,fba_fee; estimated:search_volume,cpc",estimated_default_costs,Imported from Sorftime; ASIN B0FVDQLM3T; brand Quatish
category:Backpacking Stoves,19450135011,Backpacking Stoves,Sports & Outdoors > Outdoor Recreation > Camping & Hiking > Camp Kitchen > Stoves & Grills > Backpacking Stoves,B0D14D7LS2,,"Fire-Maple Greenpeak 1 Camping Stove with Piezo Ignition Portable Gas Stove | Fast Boiling, Fuel Efficient Design, Ultralight, Built-in Piezo Igniter, Micro Windshield, EN417 Valve, Durability, 85g (3oz)",Sports & Outdoors > Outdoor Recreation > Camping & Hiking > Camp Kitchen > Stoves & Grills > Backpacking Stoves,US,16.95,4.75,1.36,4.1,0.15,1079.0,360.0,4.6,0.55,10000,1.0,20.0,50,25.0,20.0,20.0,75,35,65.0,B,"observed:price,sales,reviews,rating,fba_fee; estimated:search_volume,cpc",estimated_default_costs,Imported from Sorftime; ASIN B0D14D7LS2; brand Fire-Maple
category:Camping Grills,3401041,Camping Grills,Sports & Outdoors > Outdoor Recreation > Camping & Hiking > Camp Kitchen > Stoves & Grills > Camping Grills,B0D66Z1C5X,,"Odoland Portable Folding Charcoal Grills for Outdoor Cooking Bonfire BBQ | Heavy Duty Alloy Steel,Outdoor for Picnic and Barbecue,Resists 500 Degree,Easily Set Up with Carry Bag Space Saving",Sports & Outdoors > Outdoor Recreation > Camping & Hiking > Camp Kitchen > Stoves & Grills > Camping Grills,US,30.59,8.57,2.45,8.21,0.15,407.0,350.0,4.0,0.55,10000,1.0,20.0,50,25.0,20.0,20.0,75,35,65.0,B,"observed:price,sales,reviews,rating,fba_fee; estimated:search_volume,cpc",estimated_default_costs,Imported from Sorftime; ASIN B0D66Z1C5X; brand Odoland
category:Camping Stoves,19450136011,Camping Stoves,Sports & Outdoors > Outdoor Recreation > Camping & Hiking > Camp Kitchen > Stoves & Grills > Camping Stoves,B0BPRVYYC6,,"Vivicreate Portable Butane Stove 8500 BTU, Butane Stove with Auto Ignition for Camping, Lightweight Portable Gas Stove Burner with Safety Lock, Butane Burner, Estufa de Gas Portatil(Red)",Sports & Outdoors > Outdoor Recreation > Camping & Hiking > Camp Kitchen > Stoves & Grills > Camping Stoves,US,19.99,5.6,1.6,8.3,0.15,1153.0,1019.0,4.5,0.55,10000,1.0,20.0,50,25.0,20.0,20.0,75,35,65.0,B,"observed:price,sales,reviews,rating,fba_fee; estimated:search_volume,cpc",estimated_default_costs,Imported from Sorftime; ASIN B0BPRVYYC6; brand vivicreate
category:Storage,3397571,Storage,Sports & Outdoors > Sports > Boating & Sailing > Boating > Boat Cabin Products > Storage,B0GJ8HW2VB,,"QualyQualy Boat Rail Cup Holder 2 Pack, No-Drill Clamp-On Marine Cup Holders 360° Adjustable for Pontoon Boat, Bimini Top, Grab Bar, PWC, Jet Ski, Fits Round & Square Rails 15-40mm, Boat Gifts for Men",Sports & Outdoors > Sports > Boating & Sailing > Boating > Boat Cabin Products > Storage,US,18.99,5.32,1.52,5.77,0.15,1342.0,53.0,4.4,0.55,10000,1.0,20.0,50,25.0,20.0,20.0,75,35,65.0,B,"observed:price,sales,reviews,rating,fba_fee; estimated:search_volume,cpc",estimated_default_costs,Imported from Sorftime; ASIN B0GJ8HW2VB; brand QualyQualy
category:Cleaning Tools,3398891,Cleaning Tools,Sports & Outdoors > Sports > Boating & Sailing > Boating > Maintenance Supplies > Cleaning Tools,B0000AY4SE,,"STAR BRITE 8-Inch Medium Bristle Wash Brush for Boat, RV & Auto",Sports & Outdoors > Sports > Boating & Sailing > Boating > Maintenance Supplies > Cleaning Tools,US,23.59,6.61,1.89,4.25,0.15,578.0,579.0,4.6,0.55,10000,1.0,20.0,50,25.0,20.0,20.0,65,20,53.8,C,"observed:price,sales,reviews,rating; estimated:fba_fee,search_volume,cpc",estimated_default_costs,Imported from Sorftime; ASIN B0000AY4SE; brand STAR BRITE
category:Tools,3398991,Tools,Sports & Outdoors > Sports > Boating & Sailing > Boating > Maintenance Supplies > Tools,B07W6XFLT5,,"Zipper Wax Zip Lube, Marine Grade Zipper Lubricant Stick and Tool for Boat | Canvas, Bimini Snaps, Metal Zippers, Jackets, Coolers, Vinyl Panels, Wetsuits, Drysuits, No Oil Mess",Sports & Outdoors > Sports > Boating & Sailing > Boating > Maintenance Supplies > Tools,US,13.99,3.92,1.12,3.93,0.15,731.0,1210.0,4.6,0.55,10000,1.0,20.0,50,25.0,20.0,20.0,75,35,65.0,B,"observed:price,sales,reviews,rating,fba_fee; estimated:search_volume,cpc",estimated_default_costs,Imported from Sorftime; ASIN B07W6XFLT5; brand Better Boat
category:Indoor Paddleboard Storage,10208160011,Indoor Paddleboard Storage,Sports & Outdoors > Sports > Water Sports > Surfing > Stand-Up Paddleboarding > Indoor Paddleboard Storage,B09XQRBR2P,,"GEEDAR Heavy Duty Garage Storage Hooks -120 LB Capacity, 4packs, 15“ Wall Mounted Rack for Hanging Kayak, Paddle Board, Ladders, Bikes Enforced Kayak Storage Hanger",Sports & Outdoors > Sports > Water Sports > Surfing > Stand-Up Paddleboarding > Indoor Paddleboard Storage,US,27.99,7.84,2.24,8.12,0.15,264.0,1805.0,4.6,0.55,10000,1.0,20.0,50,25.0,20.0,20.0,75,35,65.0,B,"observed:price,sales,reviews,rating,fba_fee; estimated:search_volume,cpc",estimated_default_costs,Imported from Sorftime; ASIN B09XQRBR2P; brand GEEDAR
category:Raised Toilet Seats,3775401,Raised Toilet Seats,Tools & Home Improvement > Kitchen & Bath Fixtures > Bathroom Fixtures > Bathroom Safety & Accessibility > Toilets & Toilet Aids > Raised Toilet Seats,B0DVBXQKL1,,"Medical King Toilet Seat Riser for Seniors, Adjustable, Gray, Heavy Duty up to 400 lbs",Tools & Home Improvement > Kitchen & Bath Fixtures > Bathroom Fixtures > Bathroom Safety & Accessibility > Toilets & Toilet Aids > Raised Toilet Seats,US,49.98,13.99,4.0,9.0,0.15,2750.0,1103.0,4.5,0.55,10000,1.0,20.0,50,65,20.0,20.0,65,20,53.8,C,"observed:price,sales,reviews,rating; estimated:fba_fee,search_volume,cpc",estimated_default_costs,Imported from Sorftime; ASIN B0DVBXQKL1; brand Medical king
category:Toilet Assistance Cushions,8624797011,Toilet Assistance Cushions,Tools & Home Improvement > Kitchen & Bath Fixtures > Bathroom Fixtures > Bathroom Safety & Accessibility > Toilets & Toilet Aids > Toilet Assistance Cushions,B0CH3R7QW6,,Lunderg Padded Toilet Seat Riser for Seniors - Adds 3 Inches. Universal Fit | FIRM Raised Toilet Seat Cushion with High-Density Foam for Enhanced Comfort & Elevation. Post-Surgery Must Have (Blue),Tools & Home Improvement > Kitchen & Bath Fixtures > Bathroom Fixtures > Bathroom Safety & Accessibility > Toilets & Toilet Aids > Toilet Assistance Cushions,US,54.95,15.39,4.4,8.98,0.15,3516.0,2138.0,3.9,0.55,10000,1.0,20.0,50,25.0,20.0,20.0,75,35,65.0,B,"observed:price,sales,reviews,rating,fba_fee; estimated:search_volume,cpc",estimated_default_costs,Imported from Sorftime; ASIN B0CH3R7QW6; brand Lunderg
category:Toilet Assistance Steps,8624798011,Toilet Assistance Steps,Tools & Home Improvement > Kitchen & Bath Fixtures > Bathroom Fixtures > Bathroom Safety & Accessibility > Toilets & Toilet Aids > Toilet Assistance Steps,B0CMLC665P,,"ROMGUAR CRAFT 7 Inch Bamboo Toilet Stool, Foldable Poop Stool, Bathroom Step Stool Squat (Black)",Tools & Home Improvement > Kitchen & Bath Fixtures > Bathroom Fixtures > Bathroom Safety & Accessibility > Toilets & Toilet Aids > Toilet Assistance Steps,US,21.84,6.12,1.75,8.06,0.15,4074.0,1275.0,4.6,0.55,10000,1.0,20.0,50,25.0,20.0,20.0,75,35,65.0,B,"observed:price,sales,reviews,rating,fba_fee; estimated:search_volume,cpc",estimated_default_costs,Imported from Sorftime; ASIN B0CMLC665P; brand ROMGUAR CRAFT
category:Toilet Safety Frames & Rails,3775391,Toilet Safety Frames & Rails,Tools & Home Improvement > Kitchen & Bath Fixtures > Bathroom Fixtures > Bathroom Safety & Accessibility > Toilets & Toilet Aids > Toilet Safety Frames & Rails,B0C8P6DFV8,,"PELEGON Toilet Safety Rails (350 lb) - Adjustable Toilet Safety Frame & Rails, Toilet Safety Rail for Elderly Adults, Toilet Handles for Seniors, Toilet Bars for Elderly & Handicap",Tools & Home Improvement > Kitchen & Bath Fixtures > Bathroom Fixtures > Bathroom Safety & Accessibility > Toilets & Toilet Aids > Toilet Safety Frames & Rails,US,69.97,19.59,5.6,9.56,0.15,4057.0,1732.0,4.6,0.55,10000,1.0,20.0,50,25.0,20.0,20.0,75,35,65.0,B,"observed:price,sales,reviews,rating,fba_fee; estimated:search_volume,cpc",estimated_default_costs,Imported from Sorftime; ASIN B0C8P6DFV8; brand PELEGON
category:Tool Holsters,553582,Tool Holsters,Tools & Home Improvement > Storage & Home Organization > Tool Organizers > Tool Holsters,B0CBD4HTHW,,"Spider Tool Holster, Self-Locking Pro Tool Holster, Includes 2 Drill Pins | Quick-Draw Multi Tool Holder, Clips to Any Tool Belt, Ambidextrous Lock, Compatible with Major Power Drill & Driver Brands",Tools & Home Improvement > Storage & Home Organization > Tool Organizers > Tool Holsters,US,34.99,9.8,2.8,3.93,0.15,815.0,390.0,4.2,0.55,10000,1.0,20.0,50,25.0,20.0,20.0,75,35,65.0,B,"observed:price,sales,reviews,rating,fba_fee; estimated:search_volume,cpc",estimated_default_costs,Imported from Sorftime; ASIN B0CBD4HTHW; brand Spider
category:Tool Pouches,322568011,Tool Pouches,Tools & Home Improvement > Storage & Home Organization > Tool Organizers > Tool Pouches,B0CLYN2NWP,,"Klein Tools MODbox Tool Pouch, Electrician Bag, Quickly Attach and Release from Tool Belts and MODBox Rail System",Tools & Home Improvement > Storage & Home Organization > Tool Organizers > Tool Pouches,US,19.98,5.59,1.6,6.38,0.15,964.0,329.0,4.2,0.55,10000,1.0,20.0,50,25.0,20.0,20.0,75,35,65.0,B,"observed:price,sales,reviews,rating,fba_fee; estimated:search_volume,cpc",estimated_default_costs,Imported from Sorftime; ASIN B0CLYN2NWP; brand KLEIN TOOLS
category:Tool Trays,15709201,Tool Trays,Tools & Home Improvement > Storage & Home Organization > Tool Organizers > Tool Trays,B0CZQJL89S,,"SWANLAKE Socket Organizer Set 18-Piece, 1/4-Inch x 96 Clips, 3/8-Inch x 90 Clips, 1/2-Inch x 72 Clips, Socket Organizer for Tool Box Drawer, Drive Socket Trays, Socket Holder Clip Rail",Tools & Home Improvement > Storage & Home Organization > Tool Organizers > Tool Trays,US,29.99,8.4,2.4,7.76,0.15,2610.0,742.0,4.5,0.55,10000,1.0,20.0,50,25.0,20.0,20.0,75,35,65.0,B,"observed:price,sales,reviews,rating,fba_fee; estimated:search_volume,cpc",estimated_default_costs,Imported from Sorftime; ASIN B0CZQJL89S; brand SWANLAKE GARDEN TOOLS
category:Dust Mops,23537023011,Dust Mops,Home & Kitchen > Cleaning Supplies > Household Cleaning > Cleaning Tools > Mopping > Wet & Dry Mops > Dust Mops,B0G7G9BGXH,,"ZHAYAO Sweeper Mop System with 3 Reusable Microfiber Mop Pads | Dry and Wet Multi Surface Floor Cleaner, Includes 1 Mop + 3 Washable Refills for Hardwood, Tile, and Laminate Floor Cleaning",Home & Kitchen > Cleaning Supplies > Household Cleaning > Cleaning Tools > Mopping > Wet & Dry Mops > Dust Mops,US,16.99,4.76,1.36,5.77,0.15,2591.0,333.0,4.3,0.55,10000,1.0,20.0,50,25.0,20.0,20.0,75,35,65.0,B,"observed:price,sales,reviews,rating,fba_fee; estimated:search_volume,cpc",estimated_default_costs,Imported from Sorftime; ASIN B0G7G9BGXH; brand ZHAYAO
category:Sponge Mops,23537024011,Sponge Mops,Home & Kitchen > Cleaning Supplies > Household Cleaning > Cleaning Tools > Mopping > Wet & Dry Mops > Sponge Mops,B0DPL522HG,,"Magic Sponge Eraser Mop, 60“ Adjustable Handle with Flexible 13“ Flat Head | Melamine Sponge Pads,Washable Microfiber Pad,Multi-Surface Scrubbing",Home & Kitchen > Cleaning Supplies > Household Cleaning > Cleaning Tools > Mopping > Wet & Dry Mops > Sponge Mops,US,22.98,6.43,1.84,6.59,0.15,1345.0,309.0,4.2,0.55,10000,1.0,20.0,50,25.0,20.0,20.0,75,35,65.0,B,"observed:price,sales,reviews,rating,fba_fee; estimated:search_volume,cpc",estimated_default_costs,Imported from Sorftime; ASIN B0DPL522HG; brand BAISENJIE
category:String Mops,23537022011,String Mops,Home & Kitchen > Cleaning Supplies > Household Cleaning > Cleaning Tools > Mopping > Wet & Dry Mops > String Mops,B002ZYCBAG,,"Mr. Clean Magic Eraser Roller Floor Mop, White/Blue",Home & Kitchen > Cleaning Supplies > Household Cleaning > Cleaning Tools > Mopping > Wet & Dry Mops > String Mops,US,54.99,15.4,4.4,9.9,0.15,357.0,1605.0,4.2,0.55,10000,1.0,20.0,50,25.0,20.0,20.0,65,20,53.8,C,"observed:price,sales,reviews,rating; estimated:fba_fee,search_volume,cpc",estimated_default_costs,Imported from Sorftime; ASIN B002ZYCBAG; brand Mr. Clean
category:Angle Brooms,14253831,Angle Brooms,Home & Kitchen > Cleaning Supplies > Household Cleaning > Cleaning Tools > Sweeping > Brooms > Angle Brooms,B0FNMQJDMN,,"REEWII Pink Broom and Dustpan Set,58” Long Adjustable Handle Small Broom with Stand up Dustpan Combo Set with Dust Pan Teeth,for Indoor Home Office Floor Cleaning",Home & Kitchen > Cleaning Supplies > Household Cleaning > Cleaning Tools > Sweeping > Brooms > Angle Brooms,US,15.29,4.28,1.22,6.6,0.15,1053.0,868.0,4.2,0.55,10000,1.0,20.0,50,25.0,20.0,20.0,75,35,65.0,B,"observed:price,sales,reviews,rating,fba_fee; estimated:search_volume,cpc",estimated_default_costs,Imported from Sorftime; ASIN B0FNMQJDMN; brand REEWII
category:Hand Brooms,14253841,Hand Brooms,Home & Kitchen > Cleaning Supplies > Household Cleaning > Cleaning Tools > Sweeping > Brooms > Hand Brooms,B0H7RGWB94,,"MOPALL Broom with Dustpan Combo Set with 53“ Long Handle Inc 2 Broom Heads | Self-Cleaning Dustpan Teeth, 180° Swivel Brooms Head, Angled Bristle, Standing Dustpan for Sweeping Indoor Dog Cat Pets Hair",Home & Kitchen > Cleaning Supplies > Household Cleaning > Cleaning Tools > Sweeping > Brooms > Hand Brooms,US,21.97,6.15,1.76,8.4,0.15,632.0,28.0,3.9,0.55,10000,1.0,20.0,50,25.0,20.0,20.0,75,35,65.0,B,"observed:price,sales,reviews,rating,fba_fee; estimated:search_volume,cpc",estimated_default_costs,Imported from Sorftime; ASIN B0H7RGWB94; brand MOPALL
category:Push Brooms,14253851,Push Brooms,Home & Kitchen > Cleaning Supplies > Household Cleaning > Cleaning Tools > Sweeping > Brooms > Push Brooms,B0G6Y9SBK2,,"MOPALL Shower Bathtub Scrubber Brush for Cleaning with 55“ Long Handle | Dual Sided Stiff Bristle, 180° Rotatable V Shape Head, Heavy Duty Stainless Steel Handle, for Tile, Patio/Deck/Garage/Corner",Home & Kitchen > Cleaning Supplies > Household Cleaning > Cleaning Tools > Sweeping > Brooms > Push Brooms,US,18.99,5.32,1.52,5.94,0.15,1785.0,107.0,4.3,0.55,10000,1.0,20.0,50,25.0,20.0,20.0,75,35,65.0,B,"observed:price,sales,reviews,rating,fba_fee; estimated:search_volume,cpc",estimated_default_costs,Imported from Sorftime; ASIN B0G6Y9SBK2; brand MOPALL
category:Kitchen Brushes,203313515011,Kitchen Brushes,Home & Kitchen > Cleaning Supplies > Household Cleaning > Cleaning Tools > Brushes > Kitchen Brushes,B0FMJYTQLT,,5 Pack Bamboo Dish Brush Set with 14’’ Bottle Brush,Home & Kitchen > Cleaning Supplies > Household Cleaning > Cleaning Tools > Brushes > Kitchen Brushes,US,16.99,4.76,1.36,5.36,0.15,2019.0,219.0,4.3,0.55,10000,1.0,20.0,50,25.0,20.0,20.0,75,35,65.0,B,"observed:price,sales,reviews,rating,fba_fee; estimated:search_volume,cpc",estimated_default_costs,Imported from Sorftime; ASIN B0FMJYTQLT; brand BONUMVITA
category:Toilet Brushes & Holders,85975011,Toilet Brushes & Holders,Home & Kitchen > Cleaning Supplies > Household Cleaning > Cleaning Tools > Brushes > Toilet Brushes & Holders,B0G42ZFWLJ,,"Toilet Bowl Brush and Holder Set 2 Pack with 4 Extra Brush Heads (Black) | Extra Long Handle with Splash Guard Cover, Tool-Free Installation, Bathroom Space-Saving, Cleaner Sets for Apartments, RV",Home & Kitchen > Cleaning Supplies > Household Cleaning > Cleaning Tools > Brushes > Toilet Brushes & Holders,US,15.99,4.48,1.28,6.78,0.15,3015.0,210.0,4.3,0.55,10000,1.0,20.0,50,25.0,20.0,20.0,75,35,65.0,B,"observed:price,sales,reviews,rating,fba_fee; estimated:search_volume,cpc",estimated_default_costs,Imported from Sorftime; ASIN B0G42ZFWLJ; brand Bathway
category:Feather Dusters,2245498011,Feather Dusters,Home & Kitchen > Cleaning Supplies > Household Cleaning > Cleaning Tools > Dusting > Feather Dusters,B0F17JYBJ3,,"Cobweb Duster with Extension Pole, Washable Cleaning Duster Set with 2 Duster Heads, Corner Brush, 15-110-Inch Telescoping Pole for high Ceiling Fans, Long Duster for high Ceilings，Spider Web Brush",Home & Kitchen > Cleaning Supplies > Household Cleaning > Cleaning Tools > Dusting > Feather Dusters,US,13.98,3.91,1.12,5.75,0.15,3340.0,487.0,4.5,0.55,10000,1.0,20.0,50,25.0,20.0,20.0,75,35,65.0,B,"observed:price,sales,reviews,rating,fba_fee; estimated:search_volume,cpc",estimated_default_costs,Imported from Sorftime; ASIN B0F17JYBJ3; brand FAMYLI
category:Buckets,2245509011,Buckets,Home & Kitchen > Cleaning Supplies > Household Cleaning > Cleaning Tools > Mopping > Buckets,B097XXH83J,,Craftend Collapsible Bucket 10L 2.6 Gallon Cleaning Bucket Mop Bucket Folding Foldable Portable Small Plastic Water Supplies for Outdoor Garden Camping Fishing Car Wash Space Saving Grey Square,Home & Kitchen > Cleaning Supplies > Household Cleaning > Cleaning Tools > Mopping > Buckets,US,13.99,3.92,1.12,8.21,0.15,1457.0,2092.0,4.6,0.55,10000,1.0,20.0,50,25.0,20.0,20.0,75,35,65.0,B,"observed:price,sales,reviews,rating,fba_fee; estimated:search_volume,cpc",estimated_default_costs,Imported from Sorftime; ASIN B097XXH83J; brand Craftend
category:Mops & Bucket Sets,23537016011,Mops & Bucket Sets,Home & Kitchen > Cleaning Supplies > Household Cleaning > Cleaning Tools > Mopping > Mops & Bucket Sets,B0D1DQ43RM,,"Libman Tornado Spin Mop System with Bucket & Wringer, 3 Refill Heads | Microfiber spin mop with bucket & wringer; for hardwood, laminate, tile floor cleaning.",Home & Kitchen > Cleaning Supplies > Household Cleaning > Cleaning Tools > Mopping > Mops & Bucket Sets,US,61.99,17.36,4.96,19.58,0.15,2982.0,236.0,4.1,0.55,10000,1.0,20.0,50,25.0,20.0,20.0,75,35,65.0,B,"observed:price,sales,reviews,rating,fba_fee; estimated:search_volume,cpc",estimated_default_costs,Imported from Sorftime; ASIN B0D1DQ43RM; brand LIBMAN COMMERCIAL
category:Edible Printer Paper & Frosting Sheets,8147491011,Edible Printer Paper & Frosting Sheets,Home & Kitchen > Kitchen & Dining > Bakeware > Decorating Tools > Edible Printer Ink & Paper > Edible Printer Paper & Frosting Sheets,B0DYNKSLX3,,"Edible Paper A4 Size, 25 Counts Icing sheets, 11.7“ x 8.3“ Frosting Sheets, Edible Image Paper for Cupcake Decoration, Sugar Sheet for Cake Printer",Home & Kitchen > Kitchen & Dining > Bakeware > Decorating Tools > Edible Printer Ink & Paper > Edible Printer Paper & Frosting Sheets,US,19.99,5.6,1.6,6.49,0.15,1341.0,179.0,4.6,0.55,10000,1.0,20.0,50,25.0,20.0,20.0,75,35,65.0,B,"observed:price,sales,reviews,rating,fba_fee; estimated:search_volume,cpc",estimated_default_costs,Imported from Sorftime; ASIN B0DYNKSLX3; brand FUTEBO
category:Bottle Openers,3109475011,Bottle Openers,Home & Kitchen > Kitchen & Dining > Kitchen Utensils & Gadgets > Bar & Wine Tools > Corkscrews & Openers > Bottle Openers,B0002WZR4K,,"Westmark Ah-So Wine Opener – 2 Prong Wine Bottle Opener for Vintage Bottles, German Manual Cork Remover, Chrome Finish, Superfine Polished Steel",Home & Kitchen > Kitchen & Dining > Kitchen Utensils & Gadgets > Bar & Wine Tools > Corkscrews & Openers > Bottle Openers,US,19.99,5.6,1.6,3.34,0.15,465.0,1684.0,4.5,0.55,10000,1.0,20.0,50,25.0,20.0,20.0,75,35,65.0,B,"observed:price,sales,reviews,rating,fba_fee; estimated:search_volume,cpc",estimated_default_costs,Imported from Sorftime; ASIN B0002WZR4K; brand MONOPOL Germany
category:Screwpull Levers,13825981,Screwpull Levers,Home & Kitchen > Kitchen & Dining > Kitchen Utensils & Gadgets > Bar & Wine Tools > Corkscrews & Openers > Screwpull Levers,B07MYDZMTY,,Stainless Steel Wine Opener Compact Vertical Corkscrew Wine Bottle Opener with Foil Cutter,Home & Kitchen > Kitchen & Dining > Kitchen Utensils & Gadgets > Bar & Wine Tools > Corkscrews & Openers > Screwpull Levers,US,45.99,12.88,3.68,6.35,0.15,684.0,2110.0,4.6,0.55,10000,1.0,20.0,50,25.0,20.0,20.0,75,35,65.0,B,"observed:price,sales,reviews,rating,fba_fee; estimated:search_volume,cpc",estimated_default_costs,Imported from Sorftime; ASIN B07MYDZMTY; brand KEISSCO
category:Waiter Corkscrews,13826001,Waiter Corkscrews,Home & Kitchen > Kitchen & Dining > Kitchen Utensils & Gadgets > Bar & Wine Tools > Corkscrews & Openers > Waiter Corkscrews,B09VG81642,,"RECUTMS 12 Pack Wine Opener,Waiter Corkscrew Wine Key for Servers（Black） | Heavy Duty Stainless Steel Fold Beer or Bottle Opener Serrated Foil Cutter,Perfect for Bars,Restaurants,Family,Company Party",Home & Kitchen > Kitchen & Dining > Kitchen Utensils & Gadgets > Bar & Wine Tools > Corkscrews & Openers > Waiter Corkscrews,US,19.99,5.6,1.6,5.72,0.15,593.0,659.0,4.1,0.55,10000,1.0,20.0,50,25.0,20.0,20.0,75,35,65.0,B,"observed:price,sales,reviews,rating,fba_fee; estimated:search_volume,cpc",estimated_default_costs,Imported from Sorftime; ASIN B09VG81642; brand RECUTMS
category:Ice Bucket Kits,21560397011,Ice Bucket Kits,Home & Kitchen > Kitchen & Dining > Kitchen Utensils & Gadgets > Bar & Wine Tools > Ice Buckets & Tongs > Ice Bucket Kits,B0CTC7B95X,,Havawish Ice Storage Bin and Flexible Scoop Set Plastic Freezer Bin,Home & Kitchen > Kitchen & Dining > Kitchen Utensils & Gadgets > Bar & Wine Tools > Ice Buckets & Tongs > Ice Bucket Kits,US,25.49,7.14,2.04,8.5,0.15,1132.0,262.0,4.5,0.55,10000,1.0,20.0,50,25.0,20.0,20.0,75,35,65.0,B,"observed:price,sales,reviews,rating,fba_fee; estimated:search_volume,cpc",estimated_default_costs,Imported from Sorftime; ASIN B0CTC7B95X; brand Havawish
category:Ice Buckets,678496011,Ice Buckets,Home & Kitchen > Kitchen & Dining > Kitchen Utensils & Gadgets > Bar & Wine Tools > Ice Buckets & Tongs > Ice Buckets,B0G42ZHRG8,,"ChefBee 3L Double-Wall Stainless Steel Ice Bucket with Lid & Tongs | Long Lasting Insulation, Keeps Ice Chilled, For Champagne Wine Cocktails, Ideal for Parties Home Bar & Freezer Use",Home & Kitchen > Kitchen & Dining > Kitchen Utensils & Gadgets > Bar & Wine Tools > Ice Buckets & Tongs > Ice Buckets,US,20.74,5.81,1.66,7.84,0.15,2119.0,235.0,4.4,0.55,10000,1.0,20.0,50,25.0,20.0,20.0,75,35,65.0,B,"observed:price,sales,reviews,rating,fba_fee; estimated:search_volume,cpc",estimated_default_costs,Imported from Sorftime; ASIN B0G42ZHRG8; brand CHEFBEE
category:Ice Tongs,678497011,Ice Tongs,Home & Kitchen > Kitchen & Dining > Kitchen Utensils & Gadgets > Bar & Wine Tools > Ice Buckets & Tongs > Ice Tongs,B015PS5X62,,Xiboya textile Sweet Candy Buffet Ice Tongs & Scoops (Silver-6 set),Home & Kitchen > Kitchen & Dining > Kitchen Utensils & Gadgets > Bar & Wine Tools > Ice Buckets & Tongs > Ice Tongs,US,13.85,3.88,1.11,5.36,0.15,245.0,615.0,4.4,0.55,10000,1.0,20.0,50,25.0,20.0,20.0,75,35,65.0,B,"observed:price,sales,reviews,rating,fba_fee; estimated:search_volume,cpc",estimated_default_costs,Imported from Sorftime; ASIN B015PS5X62; brand Xiboya textile
category:Wine Pourers,678498011,Wine Pourers,Home & Kitchen > Kitchen & Dining > Kitchen Utensils & Gadgets > Bar & Wine Tools > Wine Stoppers & Pourers > Wine Pourers,B07LDZCPH1,,Norway’s Secret Wine Filter | Triple Award-Winner | No More Wine Drops or Wands Needed | Sulfite & Histamine Remover | 100% Natural Wine Purifier | 18 Pack,Home & Kitchen > Kitchen & Dining > Kitchen Utensils & Gadgets > Bar & Wine Tools > Wine Stoppers & Pourers > Wine Pourers,US,30.95,8.67,2.48,3.25,0.15,668.0,1139.0,4.3,0.55,10000,1.0,20.0,50,25.0,20.0,20.0,75,35,65.0,B,"observed:price,sales,reviews,rating,fba_fee; estimated:search_volume,cpc",estimated_default_costs,Imported from Sorftime; ASIN B07LDZCPH1; brand Wine Balanced
category:Wine Stoppers,678499011,Wine Stoppers,Home & Kitchen > Kitchen & Dining > Kitchen Utensils & Gadgets > Bar & Wine Tools > Wine Stoppers & Pourers > Wine Stoppers,B07HYPPXC2,,"I-MART Pack of 6 Stainless Steel Champagne Stoppers, Prosecco, Sparkling Wine Bottle Stopper, Cork",Home & Kitchen > Kitchen & Dining > Kitchen Utensils & Gadgets > Bar & Wine Tools > Wine Stoppers & Pourers > Wine Stoppers,US,12.99,3.64,1.04,4.45,0.15,668.0,1249.0,4.5,0.55,10000,1.0,20.0,50,25.0,20.0,20.0,75,35,65.0,B,"observed:price,sales,reviews,rating,fba_fee; estimated:search_volume,cpc",estimated_default_costs,Imported from Sorftime; ASIN B07HYPPXC2; brand I-MART
category:Electric Fondue Pots,17384862011,Electric Fondue Pots,Home & Kitchen > Kitchen & Dining > Kitchen Utensils & Gadgets > Cheese Tools > Fondue > Electric Fondue Pots,B0D3GKD68G,,"2 in 1 Electric S’mores Maker & Fondue Pot, Tabletop Indoor Smores kit with 4 Roasting Forks, 4 Detachable Trays & 1 Flameless Temperature-controlled Heater, Movie Night Supplies & Housewarming Gifts",Home & Kitchen > Kitchen & Dining > Kitchen Utensils & Gadgets > Cheese Tools > Fondue > Electric Fondue Pots,US,35.99,10.08,2.88,8.32,0.15,908.0,1078.0,4.3,0.55,10000,1.0,20.0,50,25.0,20.0,20.0,75,35,65.0,B,"observed:price,sales,reviews,rating,fba_fee; estimated:search_volume,cpc",estimated_default_costs,Imported from Sorftime; ASIN B0D3GKD68G; brand CHOCOSMORE
category:Pots & Sets,17384864011,Pots & Sets,Home & Kitchen > Kitchen & Dining > Kitchen Utensils & Gadgets > Cheese Tools > Fondue > Pots & Sets,B0CJKTBMZM,,"Nostalgia Electric Fondue Party Set – 10 oz Melting Pot, 4 Roasting Forks, & Detachable Serving Tray – Melted Cheese, Chocolate, or Dessert – Perfect for Gifts, Parties, Date Night – Black",Home & Kitchen > Kitchen & Dining > Kitchen Utensils & Gadgets > Cheese Tools > Fondue > Pots & Sets,US,19.99,5.6,1.6,7.92,0.15,433.0,789.0,4.5,0.55,10000,1.0,20.0,50,25.0,20.0,20.0,75,35,65.0,B,"observed:price,sales,reviews,rating,fba_fee; estimated:search_volume,cpc",estimated_default_costs,Imported from Sorftime; ASIN B0CJKTBMZM; brand Nostalgia
category:Corers,678502011,Corers,Home & Kitchen > Kitchen & Dining > Kitchen Utensils & Gadgets > Fruit & Vegetable Tools > Corers & Pitters > Corers,B0DJQZXFFM,,"Apple Peeler Corer, 5 In 1 Apple Peeler Slicer Corer with Stainless Steel Blades and Powerful Suction Base for Apples and Potatoes(Ruby)",Home & Kitchen > Kitchen & Dining > Kitchen Utensils & Gadgets > Fruit & Vegetable Tools > Corers & Pitters > Corers,US,26.99,7.56,2.16,6.38,0.15,569.0,96.0,4.5,0.55,10000,1.0,20.0,50,25.0,20.0,20.0,75,35,65.0,B,"observed:price,sales,reviews,rating,fba_fee; estimated:search_volume,cpc",estimated_default_costs,Imported from Sorftime; ASIN B0DJQZXFFM; brand tatida
category:Pitters,678503011,Pitters,Home & Kitchen > Kitchen & Dining > Kitchen Utensils & Gadgets > Fruit & Vegetable Tools > Corers & Pitters > Pitters,B0F27LFLMZ,,"Cherry Pitter for 6 Cherries, ABS Hand Press with Removable Tray | 6-cherry pitting, ABS body, removable tray, easy rinse, for jam pie canning",Home & Kitchen > Kitchen & Dining > Kitchen Utensils & Gadgets > Fruit & Vegetable Tools > Corers & Pitters > Pitters,US,12.99,3.64,1.04,3.54,0.15,411.0,165.0,4.4,0.55,10000,1.0,20.0,50,25.0,20.0,20.0,75,35,65.0,B,"observed:price,sales,reviews,rating,fba_fee; estimated:search_volume,cpc",estimated_default_costs,Imported from Sorftime; ASIN B0F27LFLMZ; brand Jux Yagom
category:Potato Mashers,678504011,Potato Mashers,Home & Kitchen > Kitchen & Dining > Kitchen Utensils & Gadgets > Fruit & Vegetable Tools > Potato Mashers & Ricers > Potato Mashers,B0GFCF7MVS,,Stainless Steel Meat Masher: Ground Beef Chopper Hamburger Smasher Tool,Home & Kitchen > Kitchen & Dining > Kitchen Utensils & Gadgets > Fruit & Vegetable Tools > Potato Mashers & Ricers > Potato Mashers,US,16.95,4.75,1.36,4.39,0.15,276.0,85.0,4.6,0.55,10000,1.0,20.0,50,25.0,20.0,20.0,75,35,65.0,B,"observed:price,sales,reviews,rating,fba_fee; estimated:search_volume,cpc",estimated_default_costs,Imported from Sorftime; ASIN B0GFCF7MVS; brand Gogeffor
category:Potato Ricers,678505011,Potato Ricers,Home & Kitchen > Kitchen & Dining > Kitchen Utensils & Gadgets > Fruit & Vegetable Tools > Potato Mashers & Ricers > Potato Ricers,B0DS11ZSKX,,"Meat Chopper for Hamburger, Premium Heat Resistant Masher and Smasher for Ground Beef, Ground Turkey and More, Nylon Ground Beef Chopper Tool and Meat Fork, Non Stick Mix (black)",Home & Kitchen > Kitchen & Dining > Kitchen Utensils & Gadgets > Fruit & Vegetable Tools > Potato Mashers & Ricers > Potato Ricers,US,14.0,3.92,1.12,4.47,0.15,348.0,36.0,4.4,0.55,10000,1.0,85,50,25.0,20.0,20.0,75,35,65.0,B,"observed:price,sales,reviews,rating,fba_fee; estimated:search_volume,cpc",estimated_default_costs,Imported from Sorftime; ASIN B0DS11ZSKX; brand liboyixi
category:Digital Scales,678508011,Digital Scales,Home & Kitchen > Kitchen & Dining > Kitchen Utensils & Gadgets > Measuring Tools & Scales > Kitchen Scales > Digital Scales,B0CJ7S41HJ,,"Coffee Scale with Timer, 0.1g High Precision Espresso Scale 3kg",Home & Kitchen > Kitchen & Dining > Kitchen Utensils & Gadgets > Measuring Tools & Scales > Kitchen Scales > Digital Scales,US,14.39,4.03,1.15,4.45,0.15,1910.0,427.0,4.3,0.55,10000,1.0,20.0,50,25.0,20.0,20.0,75,35,65.0,B,"observed:price,sales,reviews,rating,fba_fee; estimated:search_volume,cpc",estimated_default_costs,Imported from Sorftime; ASIN B0CJ7S41HJ; brand Nkove
category:Cheese Slicers,289760,Cheese Slicers,"Home & Kitchen > Kitchen & Dining > Kitchen Utensils & Gadgets > Peeling, Grating & Slicing Tools > Mandolines & Slicers > Cheese Slicers",B01MU1FRK4,,"BOSKA Monaco+ Premium Cheese Slicer - Award Winning Cheese Cutter for Block Cheese, Cheddar up to Parmesan - Quilted Pattern reduces Resistance - Non-stick & Ergonomic Handheld","Home & Kitchen > Kitchen & Dining > Kitchen Utensils & Gadgets > Peeling, Grating & Slicing Tools > Mandolines & Slicers > Cheese Slicers",US,16.99,4.76,1.36,3.54,0.15,726.0,2048.0,4.6,0.55,10000,1.0,20.0,50,25.0,20.0,20.0,75,35,65.0,B,"observed:price,sales,reviews,rating,fba_fee; estimated:search_volume,cpc",estimated_default_costs,Imported from Sorftime; ASIN B01MU1FRK4; brand BOSKA
category:Egg Slicers,17548242011,Egg Slicers,"Home & Kitchen > Kitchen & Dining > Kitchen Utensils & Gadgets > Peeling, Grating & Slicing Tools > Mandolines & Slicers > Egg Slicers",B0FHHBTDR3,,3 in 1 Egg Slicer for Hard Boiled Eggs with Cleaning Brush,"Home & Kitchen > Kitchen & Dining > Kitchen Utensils & Gadgets > Peeling, Grating & Slicing Tools > Mandolines & Slicers > Egg Slicers",US,14.99,4.2,1.2,5.36,0.15,494.0,152.0,4.4,0.55,10000,1.0,20.0,50,25.0,20.0,20.0,75,35,65.0,B,"observed:price,sales,reviews,rating,fba_fee; estimated:search_volume,cpc",estimated_default_costs,Imported from Sorftime; ASIN B0FHHBTDR3; brand DJBNT
category:Mandolines,23616035011,Mandolines,"Home & Kitchen > Kitchen & Dining > Kitchen Utensils & Gadgets > Peeling, Grating & Slicing Tools > Mandolines & Slicers > Mandolines",B0BYJ3KWZ4,,Badelite Vegetable Spiralizer 4-IN-1 Rotating Blade Veggie Spiralizer Zucchini Noodle Maker with Strong Suction Cup Spiral Vegetable Cutter Slicer - White,"Home & Kitchen > Kitchen & Dining > Kitchen Utensils & Gadgets > Peeling, Grating & Slicing Tools > Mandolines & Slicers > Mandolines",US,21.24,5.95,1.7,5.94,0.15,850.0,533.0,4.2,0.55,10000,1.0,20.0,50,25.0,20.0,20.0,75,35,65.0,B,"observed:price,sales,reviews,rating,fba_fee; estimated:search_volume,cpc",estimated_default_costs,Imported from Sorftime; ASIN B0BYJ3KWZ4; brand Badelite
category:Choppers,678514011,Choppers,Home & Kitchen > Kitchen & Dining > Kitchen Utensils & Gadgets > Seasoning & Spice Tools > Choppers & Mincers > Choppers,B0DMTRYT9T,,"3Pcs French Fry Cutter, Ruooson Professional Potato Cutter Slicer with 1/2 In & 3/8 In & 1/4 In Stainless Steel Blades, Great for Whole Potatoes Carrots Cucumbers.",Home & Kitchen > Kitchen & Dining > Kitchen Utensils & Gadgets > Seasoning & Spice Tools > Choppers & Mincers > Choppers,US,59.99,16.8,4.8,8.41,0.15,1073.0,496.0,4.1,0.55,10000,1.0,20.0,50,25.0,20.0,20.0,75,35,65.0,B,"observed:price,sales,reviews,rating,fba_fee; estimated:search_volume,cpc",estimated_default_costs,Imported from Sorftime; ASIN B0DMTRYT9T; brand Ruooson
category:Garlic Presses,678518011,Garlic Presses,Home & Kitchen > Kitchen & Dining > Kitchen Utensils & Gadgets > Seasoning & Spice Tools > Garlic Tools > Garlic Presses,B0CYSSM2Q4,,"ZIGNTY Garlic Press Stainless Steel, Garlic Mincer Tool No Need to Peel | Large Trough Garlic Crusher, Widened & Extended Ergonomic Handle, Easy Squeeze, Rust Proof, Dishwasher Safe, 5 Years Warranty",Home & Kitchen > Kitchen & Dining > Kitchen Utensils & Gadgets > Seasoning & Spice Tools > Garlic Tools > Garlic Presses,US,21.59,6.05,1.73,4.45,0.15,629.0,713.0,4.6,0.55,10000,1.0,20.0,50,25.0,20.0,20.0,75,35,65.0,B,"observed:price,sales,reviews,rating,fba_fee; estimated:search_volume,cpc",estimated_default_costs,Imported from Sorftime; ASIN B0CYSSM2Q4; brand ZIGNTY
category:Pepper Mills,15850251,Pepper Mills,Home & Kitchen > Kitchen & Dining > Kitchen Utensils & Gadgets > Seasoning & Spice Tools > Salt & Pepper > Pepper Mills,B0C161GN1G,,"Baltique Marrakesh Wooden Pepper Grinder, Colorful 8-Inch Pepper Mill | Refillable manual design with adjustable stainless steel mechanism. Vibrant layers of color bring fresh pepper to the table.",Home & Kitchen > Kitchen & Dining > Kitchen Utensils & Gadgets > Seasoning & Spice Tools > Salt & Pepper > Pepper Mills,US,29.99,8.4,2.4,4.46,0.15,669.0,619.0,4.6,0.55,10000,1.0,20.0,50,25.0,20.0,20.0,75,35,65.0,B,"observed:price,sales,reviews,rating,fba_fee; estimated:search_volume,cpc",estimated_default_costs,Imported from Sorftime; ASIN B0C161GN1G; brand Totally Bamboo
category:Pepper Shakers,15850291,Pepper Shakers,Home & Kitchen > Kitchen & Dining > Kitchen Utensils & Gadgets > Seasoning & Spice Tools > Salt & Pepper > Pepper Shakers,B09XLF43SV,,OakMsOik Metal Ieak-proof Bottle (2nd Generation Upgrade Version) (Black）Portable Pepper Shaker (3 pack),Home & Kitchen > Kitchen & Dining > Kitchen Utensils & Gadgets > Seasoning & Spice Tools > Salt & Pepper > Pepper Shakers,US,14.99,4.2,1.2,3.93,0.15,359.0,514.0,4.2,0.55,10000,1.0,20.0,50,25.0,20.0,20.0,75,35,65.0,B,"observed:price,sales,reviews,rating,fba_fee; estimated:search_volume,cpc",estimated_default_costs,Imported from Sorftime; ASIN B09XLF43SV; brand OakMsOik
category:Salt & Pepper Mill Sets,15850261,Salt & Pepper Mill Sets,Home & Kitchen > Kitchen & Dining > Kitchen Utensils & Gadgets > Seasoning & Spice Tools > Salt & Pepper > Salt & Pepper Mill Sets,B0G6KR1W9H,,"Styled Settings Wooden Salt and Pepper Grinder Set, White, Black, Acacia | Refillable Manual Salt and Pepper Mills, Gold Detailing, and Wood Stand",Home & Kitchen > Kitchen & Dining > Kitchen Utensils & Gadgets > Seasoning & Spice Tools > Salt & Pepper > Salt & Pepper Mill Sets,US,39.99,11.2,3.2,6.38,0.15,947.0,647.0,4.5,0.55,10000,1.0,20.0,50,25.0,20.0,20.0,75,35,65.0,B,"observed:price,sales,reviews,rating,fba_fee; estimated:search_volume,cpc",estimated_default_costs,Imported from Sorftime; ASIN B0G6KR1W9H; brand STYLED SETTINGS
category:Salt & Pepper Shaker Sets,15850301,Salt & Pepper Shaker Sets,Home & Kitchen > Kitchen & Dining > Kitchen Utensils & Gadgets > Seasoning & Spice Tools > Salt & Pepper > Salt & Pepper Shaker Sets,B0CPT9VYHT,,"Disposable Plastic Salt and Pepper Shakers by Global Basics - Shaker Sets for Parties, Restaurants, Picnics, Cookouts - Prefilled Salt and Pepper Shakers with 4oz. Salt, 1.5oz. Pepper - 12-Pack",Home & Kitchen > Kitchen & Dining > Kitchen Utensils & Gadgets > Seasoning & Spice Tools > Salt & Pepper > Salt & Pepper Shaker Sets,US,29.95,8.39,2.4,8.51,0.15,538.0,252.0,4.6,0.55,10000,1.0,20.0,50,25.0,20.0,20.0,75,35,65.0,B,"observed:price,sales,reviews,rating,fba_fee; estimated:search_volume,cpc",estimated_default_costs,Imported from Sorftime; ASIN B0CPT9VYHT; brand GLOBAL BASICS
category:Salt Mills,15850271,Salt Mills,Home & Kitchen > Kitchen & Dining > Kitchen Utensils & Gadgets > Seasoning & Spice Tools > Salt & Pepper > Salt Mills,B0968DH592,,"Alexander Home Original Greek Salt Mill, 8-Inch Brass – European Manual Salt Grinder Refillable",Home & Kitchen > Kitchen & Dining > Kitchen Utensils & Gadgets > Seasoning & Spice Tools > Salt & Pepper > Salt Mills,US,62.99,17.64,5.04,4.88,0.15,1614.0,268.0,4.5,0.55,10000,1.0,20.0,50,25.0,20.0,20.0,75,35,65.0,B,"observed:price,sales,reviews,rating,fba_fee; estimated:search_volume,cpc",estimated_default_costs,Imported from Sorftime; ASIN B0968DH592; brand Alexander Home
category:Salt Shakers,15850311,Salt Shakers,Home & Kitchen > Kitchen & Dining > Kitchen Utensils & Gadgets > Seasoning & Spice Tools > Salt & Pepper > Salt Shakers,B0C3RQ51N6,,"Salt and Pepper Shakers Set with Adjustable Pour Holes - Stainless Steel Spice Dispenser - Perfect for Pink Himalayan, Table Salt, Black and White Pepper (2.4 oz) - set of 2",Home & Kitchen > Kitchen & Dining > Kitchen Utensils & Gadgets > Seasoning & Spice Tools > Salt & Pepper > Salt Shakers,US,13.81,3.87,1.1,4.45,0.15,224.0,636.0,4.6,0.55,10000,1.0,20.0,50,25.0,20.0,20.0,75,35,65.0,B,"observed:price,sales,reviews,rating,fba_fee; estimated:search_volume,cpc",estimated_default_costs,Imported from Sorftime; ASIN B0C3RQ51N6; brand Kitchen-GO
category:Index Card Storage,12900921,Index Card Storage,Office Products > Office Supplies > Education & Crafts > Filing Products > Index Card Filing > Index Card Storage,B00NU7OIHQ,,"Super Stacker Small Index Card Sized Box, 4x6 in, 1 Count",Office Products > Office Supplies > Education & Crafts > Filing Products > Index Card Filing > Index Card Storage,US,19.99,5.6,1.6,3.6,0.15,1060.0,1595.0,4.3,0.55,10000,1.0,20.0,50,25.0,20.0,20.0,50,20,42.5,C,"observed:sales,reviews,rating; estimated:price,fba_fee,search_volume,cpc",estimated_default_costs,Imported from Sorftime; ASIN B00NU7OIHQ; brand Super Stacker
category:Open Fire Cookware,3400591,Open Fire Cookware,Sports & Outdoors > Outdoor Recreation > Camping & Hiking > Camp Kitchen > Camping Cookware > Open Fire Cookware,B0BQQ4G4XF,,"Odoland 15pcs Camping Cookware Mess Kit, Lightweight Pot Fry Pan Set | Hard Anodized Aluminum, for Backpacking, Hiking, Outdoor Cooking, Pot Pan Set, Heat Resistant Handle Drain Holes",Sports & Outdoors > Outdoor Recreation > Camping & Hiking > Camp Kitchen > Camping Cookware > Open Fire Cookware,US,25.99,7.28,2.08,6.38,0.15,592.0,376.0,4.4,0.55,10000,1.0,20.0,50,25.0,20.0,20.0,75,35,65.0,B,"observed:price,sales,reviews,rating,fba_fee; estimated:search_volume,cpc",estimated_default_costs,Imported from Sorftime; ASIN B0BQQ4G4XF; brand Odoland
"category:Pots, Pans & Griddles",3258961011,"Pots, Pans & Griddles","Sports & Outdoors > Outdoor Recreation > Camping & Hiking > Camp Kitchen > Camping Cookware > Pots, Pans & Griddles",B0F8B9FG3J,,"THTYBROS 27pcs Camping Cooking Set for 2-4 People, Portable Cookware Set with Kettle, Pots & Pans, Stainless Steel Utensils, Plates, Dishware for Backpacking, Picnic, Outdoor Adventures","Sports & Outdoors > Outdoor Recreation > Camping & Hiking > Camp Kitchen > Camping Cookware > Pots, Pans & Griddles",US,49.99,14.0,4.0,8.06,0.15,679.0,281.0,4.3,0.55,10000,1.0,20.0,50,25.0,20.0,20.0,75,35,65.0,B,"observed:price,sales,reviews,rating,fba_fee; estimated:search_volume,cpc",estimated_default_costs,Imported from Sorftime; ASIN B0F8B9FG3J; brand THTYBROS
category:Bowls,3400711,Bowls,Sports & Outdoors > Outdoor Recreation > Camping & Hiking > Camp Kitchen > Dishes & Utensils > Bowls,B0F2HJBBVC,,"Face Ice Bath Bowl with Built-In Ice Tray,Collapsible Silicone Pink",Sports & Outdoors > Outdoor Recreation > Camping & Hiking > Camp Kitchen > Dishes & Utensils > Bowls,US,12.49,3.5,1.0,4.89,0.15,400.0,880.0,4.4,0.55,10000,1.0,20.0,50,25.0,20.0,20.0,75,35,65.0,B,"observed:price,sales,reviews,rating,fba_fee; estimated:search_volume,cpc",estimated_default_costs,Imported from Sorftime; ASIN B0F2HJBBVC; brand Amoner U
category:Cups & Mugs,3400731,Cups & Mugs,Sports & Outdoors > Outdoor Recreation > Camping & Hiking > Camp Kitchen > Dishes & Utensils > Cups & Mugs,B0CWVTGJM2,,"Sea to Summit Detour Stainless Steel Collapsible 16 Ounce Camp Mug, Laurel Wreath Green",Sports & Outdoors > Outdoor Recreation > Camping & Hiking > Camp Kitchen > Dishes & Utensils > Cups & Mugs,US,16.46,4.61,1.32,3.93,0.15,804.0,312.0,4.3,0.55,10000,1.0,20.0,50,25.0,20.0,20.0,75,35,65.0,B,"observed:price,sales,reviews,rating,fba_fee; estimated:search_volume,cpc",estimated_default_costs,Imported from Sorftime; ASIN B0CWVTGJM2; brand Sea to Summit
category:Flatware,3400741,Flatware,Sports & Outdoors > Outdoor Recreation > Camping & Hiking > Camp Kitchen > Dishes & Utensils > Flatware,B0FSJ4QMJP,,"iNKULEER Travel cutlery set, 18/8 stainless steel cutlery, Reusable utensils set with case, Portable Silverware Lunch Box for Camping and Office-Stainless steel",Sports & Outdoors > Outdoor Recreation > Camping & Hiking > Camp Kitchen > Dishes & Utensils > Flatware,US,15.29,4.28,1.22,4.44,0.15,780.0,1162.0,4.5,0.55,10000,1.0,20.0,50,25.0,20.0,20.0,75,35,65.0,B,"observed:price,sales,reviews,rating,fba_fee; estimated:search_volume,cpc",estimated_default_costs,Imported from Sorftime; ASIN B0FSJ4QMJP; brand inkuleer
category:Mess Kits,3400751,Mess Kits,Sports & Outdoors > Outdoor Recreation > Camping & Hiking > Camp Kitchen > Dishes & Utensils > Mess Kits,B07T2HH1CY,,"Odoland 29pcs Stainless Steel Utensils Camping Mess Kits for 4 Person | with Bowls Plates Cups Forks Spoons and Knives, Camping Cutlery Set for Backpacking, Family, Outdoor Hiking and Picnic",Sports & Outdoors > Outdoor Recreation > Camping & Hiking > Camp Kitchen > Dishes & Utensils > Mess Kits,US,25.99,7.28,2.08,8.59,0.15,828.0,1008.0,4.6,0.55,10000,1.0,20.0,50,25.0,20.0,20.0,75,35,65.0,B,"observed:price,sales,reviews,rating,fba_fee; estimated:search_volume,cpc",estimated_default_costs,Imported from Sorftime; ASIN B07T2HH1CY; brand Odoland
category:Plates,3400771,Plates,Sports & Outdoors > Outdoor Recreation > Camping & Hiking > Camp Kitchen > Dishes & Utensils > Plates,B0FDF486Z9,,"Perlapoc Wheat Straw Dinnerware Sets, Unbreakable Kids Plates and Bowls Sets 20-Piece Service for 4, Alternative Plastic Outdoor Camping Dishes, Microwave & Dishwasher Safe - Black",Sports & Outdoors > Outdoor Recreation > Camping & Hiking > Camp Kitchen > Dishes & Utensils > Plates,US,24.99,7.0,2.0,8.02,0.15,942.0,624.0,4.4,0.55,10000,1.0,20.0,50,25.0,20.0,20.0,75,35,65.0,B,"observed:price,sales,reviews,rating,fba_fee; estimated:search_volume,cpc",estimated_default_costs,Imported from Sorftime; ASIN B0FDF486Z9; brand Perlapoc
category:Backpacking Stoves,19450135011,Backpacking Stoves,Sports & Outdoors > Outdoor Recreation > Camping & Hiking > Camp Kitchen > Stoves & Grills > Backpacking Stoves,B007DBD3IU,,Solo Stove Lite - Portable Camping Hiking and Survival Stove | Powerful Efficient Wood Burning and Low Smoke | Gassification Rocket Stove for Quick Boil | Compact 4.2 Inches and Lightweight 9 Ounces,Sports & Outdoors > Outdoor Recreation > Camping & Hiking > Camp Kitchen > Stoves & Grills > Backpacking Stoves,US,29.99,8.4,2.4,5.4,0.15,477.0,1495.0,4.6,0.55,10000,1.0,20.0,50,25.0,20.0,20.0,65,20,53.8,C,"observed:price,sales,reviews,rating; estimated:fba_fee,search_volume,cpc",estimated_default_costs,Imported from Sorftime; ASIN B007DBD3IU; brand Solo Stove
category:Camping Grills,3401041,Camping Grills,Sports & Outdoors > Outdoor Recreation > Camping & Hiking > Camp Kitchen > Stoves & Grills > Camping Grills,B0FJZDV5JC,,"Pull Start Fire Grill, Natural Hardwood Charcoal, Portable 3hr Burn, 2 Pack | Pull Start Matchless Ignition, Ready in 5 Mins, Clean Burn, No Lighter Fluid, Disposable, Tailgate, Camping, Beach, Backyard",Sports & Outdoors > Outdoor Recreation > Camping & Hiking > Camp Kitchen > Stoves & Grills > Camping Grills,US,45.98,12.87,3.68,8.28,0.15,351.0,109.0,4.5,0.55,10000,1.0,20.0,50,25.0,20.0,20.0,65,20,53.8,C,"observed:price,sales,reviews,rating; estimated:fba_fee,search_volume,cpc",estimated_default_costs,Imported from Sorftime; ASIN B0FJZDV5JC; brand Pull Start Fire
category:Camping Stoves,19450136011,Camping Stoves,Sports & Outdoors > Outdoor Recreation > Camping & Hiking > Camp Kitchen > Stoves & Grills > Camping Stoves,B0DGTJPVZ2,,"Fire-Maple Greenpeak 2 Camping Stove with Regulator Portable Gas Stoves | Pressure Regulator, Piezo Igniter, Micro Windshield, Adjustable Pot Support, Fast Boiling, Fuel Efficient Design, 95g (3.4oz)",Sports & Outdoors > Outdoor Recreation > Camping & Hiking > Camp Kitchen > Stoves & Grills > Camping Stoves,US,29.7,8.32,2.38,4.17,0.15,1090.0,149.0,4.4,0.55,10000,1.0,20.0,50,25.0,20.0,20.0,75,35,65.0,B,"observed:price,sales,reviews,rating,fba_fee; estimated:search_volume,cpc",estimated_default_costs,Imported from Sorftime; ASIN B0DGTJPVZ2; brand Fire-Maple
category:Storage,3397571,Storage,Sports & Outdoors > Sports > Boating & Sailing > Boating > Boat Cabin Products > Storage,B0CZRT8TJ4,,"Gocozer Boat Cup Holder with Rubber Tab, Universal Boat Storage Organizer - 2 Ways Installation: Drill or Adhesive",Sports & Outdoors > Sports > Boating & Sailing > Boating > Boat Cabin Products > Storage,US,26.59,7.45,2.13,6.59,0.15,588.0,450.0,4.6,0.55,10000,1.0,20.0,50,25.0,20.0,20.0,75,35,65.0,B,"observed:price,sales,reviews,rating,fba_fee; estimated:search_volume,cpc",estimated_default_costs,Imported from Sorftime; ASIN B0CZRT8TJ4; brand Gocozer
category:Cleaning Tools,3398891,Cleaning Tools,Sports & Outdoors > Sports > Boating & Sailing > Boating > Maintenance Supplies > Cleaning Tools,B07KCM8JLJ,,"Medium Boat Deck Brush, Heavy-Duty Marine Brush Head, 8“ Bristle",Sports & Outdoors > Sports > Boating & Sailing > Boating > Maintenance Supplies > Cleaning Tools,US,29.99,8.4,2.4,5.94,0.15,404.0,533.0,4.5,0.55,10000,1.0,20.0,50,25.0,20.0,20.0,75,35,65.0,B,"observed:price,sales,reviews,rating,fba_fee; estimated:search_volume,cpc",estimated_default_costs,Imported from Sorftime; ASIN B07KCM8JLJ; brand Better Boat
category:Tools,3398991,Tools,Sports & Outdoors > Sports > Boating & Sailing > Boating > Maintenance Supplies > Tools,B0DZ1S48T8,,"Snap Tool for Boat Covers, Snap Removal Tool with Non-Slip Silicone Grip, Ideal Boat Tool and Marine Snap Tool",Sports & Outdoors > Sports > Boating & Sailing > Boating > Maintenance Supplies > Tools,US,12.99,3.64,1.04,4.19,0.15,410.0,88.0,4.6,0.55,10000,1.0,20.0,50,25.0,20.0,20.0,75,35,65.0,B,"observed:price,sales,reviews,rating,fba_fee; estimated:search_volume,cpc",estimated_default_costs,Imported from Sorftime; ASIN B0DZ1S48T8; brand Cnosky
category:Raised Toilet Seats,3775401,Raised Toilet Seats,Tools & Home Improvement > Kitchen & Bath Fixtures > Bathroom Fixtures > Bathroom Safety & Accessibility > Toilets & Toilet Aids > Raised Toilet Seats,B0FN7T9CMD,,"KingPavonini Raised Toilet Seat with Handles for Elderly, 500 lbs Capacity | Adjustable Height & Width, Toilet Seat Risers for Seniors, Handicap & Pregnancy Bathroom Safety, Fits Any Toilet",Tools & Home Improvement > Kitchen & Bath Fixtures > Bathroom Fixtures > Bathroom Safety & Accessibility > Toilets & Toilet Aids > Raised Toilet Seats,US,59.99,16.8,4.8,11.38,0.15,2718.0,246.0,4.4,0.55,10000,1.0,20.0,50,25.0,20.0,20.0,75,35,65.0,B,"observed:price,sales,reviews,rating,fba_fee; estimated:search_volume,cpc",estimated_default_costs,Imported from Sorftime; ASIN B0FN7T9CMD; brand KingPavonini
category:Toilet Assistance Cushions,8624797011,Toilet Assistance Cushions,Tools & Home Improvement > Kitchen & Bath Fixtures > Bathroom Fixtures > Bathroom Safety & Accessibility > Toilets & Toilet Aids > Toilet Assistance Cushions,B0F17PFW6G,,"Padded Toilet Seat Cushion with 2-Inch High-Density Foam & Waterproof PU Fabric, U-Shape Padded Toilet Cushion - Secure Hook & Loop Tape, Fits Standard Toilets (Grey)",Tools & Home Improvement > Kitchen & Bath Fixtures > Bathroom Fixtures > Bathroom Safety & Accessibility > Toilets & Toilet Aids > Toilet Assistance Cushions,US,29.99,8.4,2.4,8.02,0.15,428.0,147.0,4.1,0.55,10000,1.0,20.0,50,25.0,20.0,20.0,75,35,65.0,B,"observed:price,sales,reviews,rating,fba_fee; estimated:search_volume,cpc",estimated_default_costs,Imported from Sorftime; ASIN B0F17PFW6G; brand DOMSCIEN
category:Toilet Assistance Steps,8624798011,Toilet Assistance Steps,Tools & Home Improvement > Kitchen & Bath Fixtures > Bathroom Fixtures > Bathroom Safety & Accessibility > Toilets & Toilet Aids > Toilet Assistance Steps,B0CRKWY2X7,,"Squatting Toilet Stool, Poop Stool Squat Adult, 7“ Potty Stool for Bathroom | Recximi Non-Slip Pooping Stool, Portable Toilet Step Stool for Adults, 7 Inch Height Foot Rest for Bathroom, Gray",Tools & Home Improvement > Kitchen & Bath Fixtures > Bathroom Fixtures > Bathroom Safety & Accessibility > Toilets & Toilet Aids > Toilet Assistance Steps,US,14.98,4.19,1.2,7.92,0.15,3366.0,2224.0,4.4,0.55,10000,1.0,20.0,50,25.0,20.0,20.0,75,35,65.0,B,"observed:price,sales,reviews,rating,fba_fee; estimated:search_volume,cpc",estimated_default_costs,Imported from Sorftime; ASIN B0CRKWY2X7; brand Recximi
category:Toilet Safety Frames & Rails,3775391,Toilet Safety Frames & Rails,Tools & Home Improvement > Kitchen & Bath Fixtures > Bathroom Fixtures > Bathroom Safety & Accessibility > Toilets & Toilet Aids > Toilet Safety Frames & Rails,B0DSBMZMX1,,"HOMLAND Toilet Safety Rails for Seniors, Adjustable Height & Width, 350 Lbs | Padded Armrests, Foldable Aluminum Toilet Safety Frame, Handicap Toilet Handles for Elderly and Disabled, Fit Any Toilets",Tools & Home Improvement > Kitchen & Bath Fixtures > Bathroom Fixtures > Bathroom Safety & Accessibility > Toilets & Toilet Aids > Toilet Safety Frames & Rails,US,39.99,11.2,3.2,8.29,0.15,2175.0,863.0,4.4,0.55,10000,1.0,20.0,50,25.0,20.0,20.0,75,35,65.0,B,"observed:price,sales,reviews,rating,fba_fee; estimated:search_volume,cpc",estimated_default_costs,Imported from Sorftime; ASIN B0DSBMZMX1; brand HOMLAND
category:Tool Holsters,553582,Tool Holsters,Tools & Home Improvement > Storage & Home Organization > Tool Organizers > Tool Holsters,B0D2JDXBNS,,"Quick Draw Shoulder Holster - Belly Band Holster for Everyday Comfortable Concealed Carry for Small, Compact and Other Similar Gear",Tools & Home Improvement > Storage & Home Organization > Tool Organizers > Tool Holsters,US,19.89,5.57,1.59,4.19,0.15,655.0,44.0,4.2,0.55,10000,1.0,20.0,50,25.0,20.0,20.0,75,35,65.0,B,"observed:price,sales,reviews,rating,fba_fee; estimated:search_volume,cpc",estimated_default_costs,Imported from Sorftime; ASIN B0D2JDXBNS; brand LIBOSHENG
category:Tool Pouches,322568011,Tool Pouches,Tools & Home Improvement > Storage & Home Organization > Tool Organizers > Tool Pouches,B0G24G9R88,,"MAXPEDITION Platy Pocket Organizer, Durable EDC Tool Pouch for Men, Neck Wallet with Paracord Lanyard, Holds Flashlight, Multitool, Pen, Notebook",Tools & Home Improvement > Storage & Home Organization > Tool Organizers > Tool Pouches,US,23.99,6.72,1.92,3.94,0.15,769.0,404.0,4.6,0.55,10000,1.0,20.0,50,25.0,20.0,20.0,75,35,65.0,B,"observed:price,sales,reviews,rating,fba_fee; estimated:search_volume,cpc",estimated_default_costs,Imported from Sorftime; ASIN B0G24G9R88; brand Maxpedition
category:Tool Trays,15709201,Tool Trays,Tools & Home Improvement > Storage & Home Organization > Tool Organizers > Tool Trays,B0BFHRVW9W,,"AMM 9PCS Socket organizer, 1/4' 3/8' 1/2' Drive Heavy duty socket holder",Tools & Home Improvement > Storage & Home Organization > Tool Organizers > Tool Trays,US,16.86,4.72,1.35,6.3,0.15,2301.0,2081.0,4.5,0.55,10000,1.0,20.0,50,25.0,20.0,20.0,75,35,65.0,B,"observed:price,sales,reviews,rating,fba_fee; estimated:search_volume,cpc",estimated_default_costs,Imported from Sorftime; ASIN B0BFHRVW9W; brand AMM
category:Dust Mops,23537023011,Dust Mops,Home & Kitchen > Cleaning Supplies > Household Cleaning > Cleaning Tools > Mopping > Wet & Dry Mops > Dust Mops,B0CXXN14R9,,"Eyliden Sweeper Mop with 36 Refills - 3 Types of Disposable Dry & Wet Cloths | Lock-Tight Design No Lost Pads, Universal Refills, Multi-Surface Sweeping Starter Kit for Pet Hair, Dust, Floor Cleaning",Home & Kitchen > Cleaning Supplies > Household Cleaning > Cleaning Tools > Mopping > Wet & Dry Mops > Dust Mops,US,19.58,5.48,1.57,7.72,0.15,2573.0,1470.0,4.6,0.55,10000,1.0,20.0,50,25.0,20.0,20.0,75,35,65.0,B,"observed:price,sales,reviews,rating,fba_fee; estimated:search_volume,cpc",estimated_default_costs,Imported from Sorftime; ASIN B0CXXN14R9; brand Eyliden
category:Sponge Mops,23537024011,Sponge Mops,Home & Kitchen > Cleaning Supplies > Household Cleaning > Cleaning Tools > Mopping > Wet & Dry Mops > Sponge Mops,B09S3BY7HM,,"Masthome PVA Sponge Mops for Floor Cleaning with 3 Squeeze Mop Heads | Sectional Stainless Steel Handle, Absorbent Roller Mop for Floors,Tile ,Wood,Wall,Ceiling",Home & Kitchen > Cleaning Supplies > Household Cleaning > Cleaning Tools > Mopping > Wet & Dry Mops > Sponge Mops,US,19.99,5.6,1.6,7.73,0.15,485.0,1925.0,3.7,0.55,10000,1.0,20.0,50,25.0,20.0,20.0,75,35,65.0,B,"observed:price,sales,reviews,rating,fba_fee; estimated:search_volume,cpc",estimated_default_costs,Imported from Sorftime; ASIN B09S3BY7HM; brand Masthome
category:String Mops,23537022011,String Mops,Home & Kitchen > Cleaning Supplies > Household Cleaning > Cleaning Tools > Mopping > Wet & Dry Mops > String Mops,B0GT84XZ7T,,Aegishome Self Wringing Twist Mop for Floor Cleaning,Home & Kitchen > Cleaning Supplies > Household Cleaning > Cleaning Tools > Mopping > Wet & Dry Mops > String Mops,US,19.99,5.6,1.6,5.95,0.15,270.0,45.0,4.2,0.55,10000,1.0,20.0,50,25.0,20.0,20.0,75,35,65.0,B,"observed:price,sales,reviews,rating,fba_fee; estimated:search_volume,cpc",estimated_default_costs,Imported from Sorftime; ASIN B0GT84XZ7T; brand AegisHome
category:Angle Brooms,14253831,Angle Brooms,Home & Kitchen > Cleaning Supplies > Household Cleaning > Cleaning Tools > Sweeping > Brooms > Angle Brooms,B075T3DD13,,Xifando Three-Section Telescopic Aluminum Alloy Rod Long-Handled Broom,Home & Kitchen > Cleaning Supplies > Household Cleaning > Cleaning Tools > Sweeping > Brooms > Angle Brooms,US,19.99,5.6,1.6,7.82,0.15,770.0,1277.0,4.3,0.55,10000,1.0,20.0,50,25.0,20.0,20.0,75,35,65.0,B,"observed:price,sales,reviews,rating,fba_fee; estimated:search_volume,cpc",estimated_default_costs,Imported from Sorftime; ASIN B075T3DD13; brand Xifando
category:Hand Brooms,14253841,Hand Brooms,Home & Kitchen > Cleaning Supplies > Household Cleaning > Cleaning Tools > Sweeping > Brooms > Hand Brooms,B0FGXPBVVC,,"Indoor Broom Soft Bristle Brooms - Brooms for Sweeping Indoor Pet Hair, House Broom for Cleaning Hardwood, Tile, and Decking Surfaces Across.（Green）",Home & Kitchen > Cleaning Supplies > Household Cleaning > Cleaning Tools > Sweeping > Brooms > Hand Brooms,US,13.38,3.75,1.07,5.75,0.15,631.0,250.0,4.4,0.55,10000,1.0,20.0,50,25.0,20.0,20.0,75,35,65.0,B,"observed:price,sales,reviews,rating,fba_fee; estimated:search_volume,cpc",estimated_default_costs,Imported from Sorftime; ASIN B0FGXPBVVC; brand Zthluyc
category:Push Brooms,14253851,Push Brooms,Home & Kitchen > Cleaning Supplies > Household Cleaning > Cleaning Tools > Sweeping > Brooms > Push Brooms,B0FQ4RFQ71,,"3 in 1 Floor Scrub Brush,Floor Scrubber with Squeegee and Tweezer, Push Broom with Long Handle,Heavy-Duty Stiff 90° Bristle Broom for Patio,Shower, Garage,Deck,Tile, Concrete & Wood Surface",Home & Kitchen > Cleaning Supplies > Household Cleaning > Cleaning Tools > Sweeping > Brooms > Push Brooms,US,19.99,5.6,1.6,6.38,0.15,1603.0,247.0,4.3,0.55,10000,1.0,20.0,50,25.0,20.0,20.0,75,35,65.0,B,"observed:price,sales,reviews,rating,fba_fee; estimated:search_volume,cpc",estimated_default_costs,Imported from Sorftime; ASIN B0FQ4RFQ71; brand Bestbuy8
category:Kitchen Brushes,203313515011,Kitchen Brushes,Home & Kitchen > Cleaning Supplies > Household Cleaning > Cleaning Tools > Brushes > Kitchen Brushes,B08133PFCB,,"ELDR Supply Bottle Brush, 14in Extra Long German Beechwood Handle, Strong Hemp Bristles, Zero Waste, Cleans and Scrubs Hard to Reach Wide Mouth Jars, Glasses, and Tumblers",Home & Kitchen > Cleaning Supplies > Household Cleaning > Cleaning Tools > Brushes > Kitchen Brushes,US,12.98,3.63,1.04,5.94,0.15,1586.0,1453.0,4.4,0.55,10000,1.0,20.0,50,25.0,20.0,20.0,75,35,65.0,B,"observed:price,sales,reviews,rating,fba_fee; estimated:search_volume,cpc",estimated_default_costs,Imported from Sorftime; ASIN B08133PFCB; brand ELDR Supply
category:Toilet Brushes & Holders,85975011,Toilet Brushes & Holders,Home & Kitchen > Cleaning Supplies > Household Cleaning > Cleaning Tools > Brushes > Toilet Brushes & Holders,B0FPVS8NGD,,"Disposable Toilet Bowl Brush with 36 Count Refills, Toilet Cleaning Stick,Toilet Bowl Cleaner Holder and Set, Toilet Cleaning System Starter Kit",Home & Kitchen > Cleaning Supplies > Household Cleaning > Cleaning Tools > Brushes > Toilet Brushes & Holders,US,24.99,7.0,2.0,6.78,0.15,2068.0,161.0,4.5,0.55,10000,1.0,20.0,50,25.0,20.0,20.0,75,35,65.0,B,"observed:price,sales,reviews,rating,fba_fee; estimated:search_volume,cpc",estimated_default_costs,Imported from Sorftime; ASIN B0FPVS8NGD; brand MNWHUC
category:Feather Dusters,2245498011,Feather Dusters,Home & Kitchen > Cleaning Supplies > Household Cleaning > Cleaning Tools > Dusting > Feather Dusters,B07Z7TXPLQ,,"Cobweb Duster with Extension Pole - 6 FT Lightweight Stainless Steel Extendable Duster Ceiling Fan Duster for High Ceilings, Medium Stiff PET Bristle Spider Web Brush for Indoor/Outdoor Cleaning",Home & Kitchen > Cleaning Supplies > Household Cleaning > Cleaning Tools > Dusting > Feather Dusters,US,21.99,6.16,1.76,6.37,0.15,3303.0,1779.0,4.5,0.55,10000,1.0,20.0,50,25.0,20.0,20.0,75,35,65.0,B,"observed:price,sales,reviews,rating,fba_fee; estimated:search_volume,cpc",estimated_default_costs,Imported from Sorftime; ASIN B07Z7TXPLQ; brand COCONUT
category:Buckets,2245509011,Buckets,Home & Kitchen > Cleaning Supplies > Household Cleaning > Cleaning Tools > Mopping > Buckets,B0D6BF1STR,,"DqOasd Quick Wring Bucket, 2.5 Gallon Mop Bucket with Wringer, Red",Home & Kitchen > Cleaning Supplies > Household Cleaning > Cleaning Tools > Mopping > Buckets,US,19.3,5.4,1.54,3.5,0.15,1311.0,364.0,4.3,0.55,10000,1.0,20.0,50,25.0,20.0,20.0,65,20,53.8,C,"observed:price,sales,reviews,rating; estimated:fba_fee,search_volume,cpc",estimated_default_costs,Imported from Sorftime; ASIN B0D6BF1STR; brand Arikit
category:Mops & Bucket Sets,23537016011,Mops & Bucket Sets,Home & Kitchen > Cleaning Supplies > Household Cleaning > Cleaning Tools > Mopping > Mops & Bucket Sets,B0D1DPJ552,,"Mind Reader Mop and Bucket Set with Wringer, Mop Included, 5.5 Gallon Cleaning System with Wheels, Upward Press Wringer, Small Mop Compatible",Home & Kitchen > Cleaning Supplies > Household Cleaning > Cleaning Tools > Mopping > Mops & Bucket Sets,US,59.49,16.66,4.76,17.5,0.15,2774.0,602.0,3.7,0.55,10000,1.0,20.0,50,25.0,20.0,20.0,75,35,65.0,B,"observed:price,sales,reviews,rating,fba_fee; estimated:search_volume,cpc",estimated_default_costs,Imported from Sorftime; ASIN B0D1DPJ552; brand Mind Reader
category:Edible Printer Paper & Frosting Sheets,8147491011,Edible Printer Paper & Frosting Sheets,Home & Kitchen > Kitchen & Dining > Bakeware > Decorating Tools > Edible Printer Ink & Paper > Edible Printer Paper & Frosting Sheets,B0CDDBBM72,,"Derzio 25 pcs Edible Paper A4 11.7“ x 8.3“ Frosting Sheets, Icing Sheets | Sugar Sheets for Cakes Printable, Cake Edible Sheets, Edible image Paper for Cake Toppers, Cakes, Cookies & Decor",Home & Kitchen > Kitchen & Dining > Bakeware > Decorating Tools > Edible Printer Ink & Paper > Edible Printer Paper & Frosting Sheets,US,29.99,8.4,2.4,6.66,0.15,701.0,452.0,3.9,0.55,10000,1.0,20.0,50,25.0,20.0,20.0,75,35,65.0,B,"observed:price,sales,reviews,rating,fba_fee; estimated:search_volume,cpc",estimated_default_costs,Imported from Sorftime; ASIN B0CDDBBM72; brand Derzio
category:Bottle Openers,3109475011,Bottle Openers,Home & Kitchen > Kitchen & Dining > Kitchen Utensils & Gadgets > Bar & Wine Tools > Corkscrews & Openers > Bottle Openers,B0G1XKKSVD,,"Gobetter Wine Foil Cutter Tool, Foil Remover for Wine Bottles, 2 Count",Home & Kitchen > Kitchen & Dining > Kitchen Utensils & Gadgets > Bar & Wine Tools > Corkscrews & Openers > Bottle Openers,US,12.99,3.64,1.04,3.25,0.15,292.0,69.0,4.5,0.55,10000,1.0,20.0,50,25.0,20.0,20.0,75,35,65.0,B,"observed:price,sales,reviews,rating,fba_fee; estimated:search_volume,cpc",estimated_default_costs,Imported from Sorftime; ASIN B0G1XKKSVD; brand GOBETTER
category:Screwpull Levers,13825981,Screwpull Levers,Home & Kitchen > Kitchen & Dining > Kitchen Utensils & Gadgets > Bar & Wine Tools > Corkscrews & Openers > Screwpull Levers,B0CNBPWC4V,,"Rabbit Vertical Corkscrew Wine Opener with One-Pull Design, Foil Cutter Included, Easy to Use Manual Lever, Durable Stainless Steel Spiral, Merlot",Home & Kitchen > Kitchen & Dining > Kitchen Utensils & Gadgets > Bar & Wine Tools > Corkscrews & Openers > Screwpull Levers,US,19.99,5.6,1.6,3.6,0.15,593.0,598.0,4.0,0.55,10000,1.0,20.0,50,25.0,20.0,20.0,50,20,42.5,C,"observed:sales,reviews,rating; estimated:price,fba_fee,search_volume,cpc",estimated_default_costs,Imported from Sorftime; ASIN B0CNBPWC4V; brand Rabbit
category:Waiter Corkscrews,13826001,Waiter Corkscrews,Home & Kitchen > Kitchen & Dining > Kitchen Utensils & Gadgets > Bar & Wine Tools > Corkscrews & Openers > Waiter Corkscrews,B004BMN44M,,Pulltap’s Professional Double‑Hinged Waiter’s Corkscrew (Classic 500) – Luxury Sommelier‑Grade Wine Opener with Signature Pulltap’s Logo & Precision Foil Cutter,Home & Kitchen > Kitchen & Dining > Kitchen Utensils & Gadgets > Bar & Wine Tools > Corkscrews & Openers > Waiter Corkscrews,US,13.99,3.92,1.12,3.92,0.15,350.0,290.0,4.5,0.55,10000,1.0,20.0,50,25.0,20.0,20.0,75,35,65.0,B,"observed:price,sales,reviews,rating,fba_fee; estimated:search_volume,cpc",estimated_default_costs,Imported from Sorftime; ASIN B004BMN44M; brand Pulltap‘s
category:Ice Bucket Kits,21560397011,Ice Bucket Kits,Home & Kitchen > Kitchen & Dining > Kitchen Utensils & Gadgets > Bar & Wine Tools > Ice Buckets & Tongs > Ice Bucket Kits,B0D5NR8LPD,,"GORILLA GRIP Space Saving Ice Cube Tray and Bin Set, Make 56 Cubes, Black | Makes 56 Cubes, Kit Includes 2 Stackable Leakproof Trays with Lid, Scooper, Soft Handle Grips, For Iced Coffee, Cocktails",Home & Kitchen > Kitchen & Dining > Kitchen Utensils & Gadgets > Bar & Wine Tools > Ice Buckets & Tongs > Ice Bucket Kits,US,17.99,5.04,1.44,6.77,0.15,865.0,1131.0,4.5,0.55,10000,1.0,20.0,50,25.0,20.0,20.0,75,35,65.0,B,"observed:price,sales,reviews,rating,fba_fee; estimated:search_volume,cpc",estimated_default_costs,Imported from Sorftime; ASIN B0D5NR8LPD; brand GORILLA GRIP
category:Ice Buckets,678496011,Ice Buckets,Home & Kitchen > Kitchen & Dining > Kitchen Utensils & Gadgets > Bar & Wine Tools > Ice Buckets & Tongs > Ice Buckets,B0FLXLY3DV,,OBTANIM 4 Pack 4 Gallon Galvanized Ice Buckets Metal Champagne Drink Cooler Ice Tub with Carry Handles for Beer Cocktails Wine Beverage Home Parties Bar Cooling Supplies (Silvery),Home & Kitchen > Kitchen & Dining > Kitchen Utensils & Gadgets > Bar & Wine Tools > Ice Buckets & Tongs > Ice Buckets,US,36.99,10.36,2.96,9.76,0.15,1304.0,134.0,4.0,0.55,10000,1.0,20.0,50,25.0,20.0,20.0,75,35,65.0,B,"observed:price,sales,reviews,rating,fba_fee; estimated:search_volume,cpc",estimated_default_costs,Imported from Sorftime; ASIN B0FLXLY3DV; brand OBTANIM
category:Wine Pourers,678498011,Wine Pourers,Home & Kitchen > Kitchen & Dining > Kitchen Utensils & Gadgets > Bar & Wine Tools > Wine Stoppers & Pourers > Wine Pourers,B0BZ336RGQ,,"BBTO 40 Pcs Measured Bottle Pourers Liquor, 1 Oz Auto Shot,Clear, Black | Quick Pour Spout for Alcohol Bottles, 30 Ml Precise Dispensing, Ideal for Bars Home Parties, Portion Control Mixing",Home & Kitchen > Kitchen & Dining > Kitchen Utensils & Gadgets > Bar & Wine Tools > Wine Stoppers & Pourers > Wine Pourers,US,30.99,8.68,2.48,5.36,0.15,629.0,1010.0,4.2,0.55,10000,1.0,20.0,50,25.0,20.0,20.0,75,35,65.0,B,"observed:price,sales,reviews,rating,fba_fee; estimated:search_volume,cpc",estimated_default_costs,Imported from Sorftime; ASIN B0BZ336RGQ; brand BBTO
category:Wine Stoppers,678499011,Wine Stoppers,Home & Kitchen > Kitchen & Dining > Kitchen Utensils & Gadgets > Bar & Wine Tools > Wine Stoppers & Pourers > Wine Stoppers,B0BCG32BQX,,"Tessco for You 12 Pcs Stainless Steel Champagne Stoppers Bulk,Silver | Reusable Sealer Keeps Bubbles Fresh, Fits Prosecco Sparkling Wine Bottles, Rust-proof Lock Design for Parties Weddings",Home & Kitchen > Kitchen & Dining > Kitchen Utensils & Gadgets > Bar & Wine Tools > Wine Stoppers & Pourers > Wine Stoppers,US,21.99,6.16,1.76,5.71,0.15,408.0,54.0,4.2,0.55,10000,1.0,20.0,50,25.0,20.0,20.0,75,35,65.0,B,"observed:price,sales,reviews,rating,fba_fee; estimated:search_volume,cpc",estimated_default_costs,Imported from Sorftime; ASIN B0BCG32BQX; brand Tessco for you
category:Electric Fondue Pots,17384862011,Electric Fondue Pots,Home & Kitchen > Kitchen & Dining > Kitchen Utensils & Gadgets > Cheese Tools > Fondue > Electric Fondue Pots,B08GG9J4LV,,chocolate-fountains,Home & Kitchen > Kitchen & Dining > Kitchen Utensils & Gadgets > Cheese Tools > Fondue > Electric Fondue Pots,US,23.54,6.59,1.88,12.81,0.15,572.0,946.0,4.4,0.55,10000,1.0,20.0,50,25.0,20.0,20.0,75,35,65.0,B,"observed:price,sales,reviews,rating,fba_fee; estimated:search_volume,cpc",estimated_default_costs,Imported from Sorftime; ASIN B08GG9J4LV; brand Nostalgia
category:Pots & Sets,17384864011,Pots & Sets,Home & Kitchen > Kitchen & Dining > Kitchen Utensils & Gadgets > Cheese Tools > Fondue > Pots & Sets,B0G39H63BH,,"Honeydak Chocolate Fondue Mug with Fork ＆ Candle, 2 Set, Red, White",Home & Kitchen > Kitchen & Dining > Kitchen Utensils & Gadgets > Cheese Tools > Fondue > Pots & Sets,US,26.99,7.56,2.16,6.2,0.15,245.0,114.0,4.4,0.55,10000,1.0,20.0,50,25.0,20.0,20.0,75,35,65.0,B,"observed:price,sales,reviews,rating,fba_fee; estimated:search_volume,cpc",estimated_default_costs,Imported from Sorftime; ASIN B0G39H63BH; brand Honeydak
category:Corers,678502011,Corers,Home & Kitchen > Kitchen & Dining > Kitchen Utensils & Gadgets > Fruit & Vegetable Tools > Corers & Pitters > Corers,B09G5PWSBB,,"Apple Slicer, HEAVY DUTY Apple Corer, 12-Blade Stainless Steel Apple Cutter Divider Pitter ，Sturdy and Sharp",Home & Kitchen > Kitchen & Dining > Kitchen Utensils & Gadgets > Fruit & Vegetable Tools > Corers & Pitters > Corers,US,16.88,4.73,1.35,4.47,0.15,555.0,709.0,4.5,0.55,10000,1.0,20.0,50,25.0,20.0,20.0,75,35,65.0,B,"observed:price,sales,reviews,rating,fba_fee; estimated:search_volume,cpc",estimated_default_costs,Imported from Sorftime; ASIN B09G5PWSBB; brand YUEJUJJ
category:Pitters,678503011,Pitters,Home & Kitchen > Kitchen & Dining > Kitchen Utensils & Gadgets > Fruit & Vegetable Tools > Corers & Pitters > Pitters,B0D9XPJMZ9,,"Zattic Cherry Pitter, 304 Stainless Steel Cherry Pit Remover and Corer for Large & Small Cherries, Heavy Duty, Dishwasher-Safe, Time-Saving, Effortless to Use Cherry Stoner (Press-Type)",Home & Kitchen > Kitchen & Dining > Kitchen Utensils & Gadgets > Fruit & Vegetable Tools > Corers & Pitters > Pitters,US,15.99,4.48,1.28,4.46,0.15,234.0,125.0,4.3,0.55,10000,1.0,20.0,50,25.0,20.0,20.0,75,35,65.0,B,"observed:price,sales,reviews,rating,fba_fee; estimated:search_volume,cpc",estimated_default_costs,Imported from Sorftime; ASIN B0D9XPJMZ9; brand Zattic
category:Potato Mashers,678504011,Potato Mashers,Home & Kitchen > Kitchen & Dining > Kitchen Utensils & Gadgets > Fruit & Vegetable Tools > Potato Mashers & Ricers > Potato Mashers,B0GRG25QD6,,304 Stainless Steel Meat Masher 11 Inch 6 Blade,Home & Kitchen > Kitchen & Dining > Kitchen Utensils & Gadgets > Fruit & Vegetable Tools > Potato Mashers & Ricers > Potato Mashers,US,14.99,4.2,1.2,4.89,0.15,216.0,25.0,4.6,0.55,10000,1.0,20.0,50,25.0,20.0,20.0,75,35,65.0,B,"observed:price,sales,reviews,rating,fba_fee; estimated:search_volume,cpc",estimated_default_costs,Imported from Sorftime; ASIN B0GRG25QD6; brand Twokylin
category:Potato Ricers,678505011,Potato Ricers,Home & Kitchen > Kitchen & Dining > Kitchen Utensils & Gadgets > Fruit & Vegetable Tools > Potato Mashers & Ricers > Potato Ricers,B09GG84HHW,,"Beast Canteen Stainless Steel Potato Ricer for Smooth Mashed Potatoes | Made of durable 18/8 stainless steel for fluffy mashed potatoes, riced cauliflower, root vegetables, and more",Home & Kitchen > Kitchen & Dining > Kitchen Utensils & Gadgets > Fruit & Vegetable Tools > Potato Mashers & Ricers > Potato Ricers,US,34.99,9.8,2.8,5.76,0.15,252.0,1290.0,4.5,0.55,10000,1.0,20.0,50,25.0,20.0,20.0,75,35,65.0,B,"observed:price,sales,reviews,rating,fba_fee; estimated:search_volume,cpc",estimated_default_costs,Imported from Sorftime; ASIN B09GG84HHW; brand Beast Canteen
category:Digital Scales,678508011,Digital Scales,Home & Kitchen > Kitchen & Dining > Kitchen Utensils & Gadgets > Measuring Tools & Scales > Kitchen Scales > Digital Scales,B0F3CZRT3C,,"Maestri House S3 Pour Over Coffee Scale with Timer, 3kg/0.1g",Home & Kitchen > Kitchen & Dining > Kitchen Utensils & Gadgets > Measuring Tools & Scales > Kitchen Scales > Digital Scales,US,28.79,8.06,2.3,5.76,0.15,1614.0,692.0,4.4,0.55,10000,1.0,20.0,50,25.0,20.0,20.0,75,35,65.0,B,"observed:price,sales,reviews,rating,fba_fee; estimated:search_volume,cpc",estimated_default_costs,Imported from Sorftime; ASIN B0F3CZRT3C; brand Maestri House
category:Cheese Slicers,289760,Cheese Slicers,"Home & Kitchen > Kitchen & Dining > Kitchen Utensils & Gadgets > Peeling, Grating & Slicing Tools > Mandolines & Slicers > Cheese Slicers",B000KJLQCC,,BOSKA Cheese Curler Amigo - The original Cheese Shaver For Tête de Moine,"Home & Kitchen > Kitchen & Dining > Kitchen Utensils & Gadgets > Peeling, Grating & Slicing Tools > Mandolines & Slicers > Cheese Slicers",US,39.99,11.2,3.2,6.34,0.15,347.0,1567.0,4.5,0.55,10000,1.0,20.0,50,25.0,20.0,20.0,75,35,65.0,B,"observed:price,sales,reviews,rating,fba_fee; estimated:search_volume,cpc",estimated_default_costs,Imported from Sorftime; ASIN B000KJLQCC; brand BOSKA
category:Egg Slicers,17548242011,Egg Slicers,"Home & Kitchen > Kitchen & Dining > Kitchen Utensils & Gadgets > Peeling, Grating & Slicing Tools > Mandolines & Slicers > Egg Slicers",B0DYTMKXLG,,"Hendiy Strawberry Slicer, Black, 1-Pack | Stainless Steel Blades, Egg & Fruit Slicer Cup, For Banana, Cucumber, Mushroom, ABS Detachable, Precision Berry Cutter Tool","Home & Kitchen > Kitchen & Dining > Kitchen Utensils & Gadgets > Peeling, Grating & Slicing Tools > Mandolines & Slicers > Egg Slicers",US,14.98,4.19,1.2,4.19,0.15,384.0,273.0,4.3,0.55,10000,1.0,20.0,50,25.0,20.0,20.0,75,35,65.0,B,"observed:price,sales,reviews,rating,fba_fee; estimated:search_volume,cpc",estimated_default_costs,Imported from Sorftime; ASIN B0DYTMKXLG; brand Hendiy
category:Mandolines,23616035011,Mandolines,"Home & Kitchen > Kitchen & Dining > Kitchen Utensils & Gadgets > Peeling, Grating & Slicing Tools > Mandolines & Slicers > Mandolines",B0DN1HZWX1,,"French Fry Cutter with 1 Blade Stainless Steel Manual Potato Chopper Gray | Vegetable Cutter Apple & Onion Dicer Sharp Steel Blades, Easy Prep & Clean","Home & Kitchen > Kitchen & Dining > Kitchen Utensils & Gadgets > Peeling, Grating & Slicing Tools > Mandolines & Slicers > Mandolines",US,13.29,3.72,1.06,5.35,0.15,849.0,348.0,4.1,0.55,10000,1.0,20.0,50,25.0,20.0,20.0,75,35,65.0,B,"observed:price,sales,reviews,rating,fba_fee; estimated:search_volume,cpc",estimated_default_costs,Imported from Sorftime; ASIN B0DN1HZWX1; brand ZHANG XIAO QUAN SINCE 1628
category:Choppers,678514011,Choppers,Home & Kitchen > Kitchen & Dining > Kitchen Utensils & Gadgets > Seasoning & Spice Tools > Choppers & Mincers > Choppers,B0C84G1C5C,,KELEYU Commercial Vegetable Replacement Chopper 1/4’’ Blade | Replacement Chopper Dicer Stainless Steel Blade and Pusher Block for Fruit Cutting Machine Tomato onion French Fries Cutter,Home & Kitchen > Kitchen & Dining > Kitchen Utensils & Gadgets > Seasoning & Spice Tools > Choppers & Mincers > Choppers,US,18.99,5.32,1.52,4.86,0.15,762.0,290.0,4.5,0.55,10000,1.0,20.0,50,25.0,20.0,20.0,75,35,65.0,B,"observed:price,sales,reviews,rating,fba_fee; estimated:search_volume,cpc",estimated_default_costs,Imported from Sorftime; ASIN B0C84G1C5C; brand KELEYU
category:Garlic Presses,678518011,Garlic Presses,Home & Kitchen > Kitchen & Dining > Kitchen Utensils & Gadgets > Seasoning & Spice Tools > Garlic Tools > Garlic Presses,B0BF5G17QS,,"Pamperεd Chεf Garlic Press, Garlic Mincer Easy-squeeze Ergonomic Handle, No Need To Peel, Rust Proof, Professional Ginger Press & Garlic Crusher with Handy Cleaning Brush- Dishwasher Safe",Home & Kitchen > Kitchen & Dining > Kitchen Utensils & Gadgets > Seasoning & Spice Tools > Garlic Tools > Garlic Presses,US,18.99,5.32,1.52,4.17,0.15,391.0,269.0,4.4,0.55,10000,1.0,20.0,50,25.0,20.0,20.0,75,35,65.0,B,"observed:price,sales,reviews,rating,fba_fee; estimated:search_volume,cpc",estimated_default_costs,Imported from Sorftime; ASIN B0BF5G17QS; brand Longmann
category:Pepper Mills,15850251,Pepper Mills,Home & Kitchen > Kitchen & Dining > Kitchen Utensils & Gadgets > Seasoning & Spice Tools > Salt & Pepper > Pepper Mills,B0BXFSJ3KY,,"Alexander Home Original Greek Pepper Mill, 9-Inch Brass - European Manual Pepper Grinder, Refillable",Home & Kitchen > Kitchen & Dining > Kitchen Utensils & Gadgets > Seasoning & Spice Tools > Salt & Pepper > Pepper Mills,US,67.0,18.76,5.36,5.72,0.15,541.0,117.0,4.1,0.55,10000,1.0,20.0,50,25.0,20.0,20.0,75,35,65.0,B,"observed:price,sales,reviews,rating,fba_fee; estimated:search_volume,cpc",estimated_default_costs,Imported from Sorftime; ASIN B0BXFSJ3KY; brand Alexander Home
category:Pepper Shakers,15850291,Pepper Shakers,Home & Kitchen > Kitchen & Dining > Kitchen Utensils & Gadgets > Seasoning & Spice Tools > Salt & Pepper > Pepper Shakers,B0CLH2YYC5,,OakMsOik Metal Ieak-proof Bottle (3nd Generation Upgrade Version) (Black Blue Gold）Portable Pepper Shaker (3 pack),Home & Kitchen > Kitchen & Dining > Kitchen Utensils & Gadgets > Seasoning & Spice Tools > Salt & Pepper > Pepper Shakers,US,16.99,4.76,1.36,3.93,0.15,337.0,203.0,4.3,0.55,10000,1.0,20.0,50,25.0,20.0,20.0,75,35,65.0,B,"observed:price,sales,reviews,rating,fba_fee; estimated:search_volume,cpc",estimated_default_costs,Imported from Sorftime; ASIN B0CLH2YYC5; brand OakMsOik
category:Salt & Pepper Mill Sets,15850261,Salt & Pepper Mill Sets,Home & Kitchen > Kitchen & Dining > Kitchen Utensils & Gadgets > Seasoning & Spice Tools > Salt & Pepper > Salt & Pepper Mill Sets,B07QQX4CBL,,"LHS Salt Shaker and Pepper Grinder Set, 2PCS Salt and Pepper Grinder, Clear | Manual Pepper Grinder with Adjustable Coarseness and Salt Shaker, Acrylic",Home & Kitchen > Kitchen & Dining > Kitchen Utensils & Gadgets > Seasoning & Spice Tools > Salt & Pepper > Salt & Pepper Mill Sets,US,12.99,3.64,1.04,4.47,0.15,439.0,394.0,3.8,0.55,10000,1.0,20.0,50,25.0,20.0,20.0,75,35,65.0,B,"observed:price,sales,reviews,rating,fba_fee; estimated:search_volume,cpc",estimated_default_costs,Imported from Sorftime; ASIN B07QQX4CBL; brand LHS
category:Salt & Pepper Shaker Sets,15850301,Salt & Pepper Shaker Sets,Home & Kitchen > Kitchen & Dining > Kitchen Utensils & Gadgets > Seasoning & Spice Tools > Salt & Pepper > Salt & Pepper Shaker Sets,B0BX7GDVZJ,,CUSINIUM 10oz Stainless Steel Salt Pepper Dredge Shakers - With Plastic Cap - With Handle - Pack of 4,Home & Kitchen > Kitchen & Dining > Kitchen Utensils & Gadgets > Seasoning & Spice Tools > Salt & Pepper > Salt & Pepper Shaker Sets,US,17.99,5.04,1.44,5.35,0.15,394.0,557.0,4.4,0.55,10000,1.0,20.0,50,25.0,20.0,20.0,75,35,65.0,B,"observed:price,sales,reviews,rating,fba_fee; estimated:search_volume,cpc",estimated_default_costs,Imported from Sorftime; ASIN B0BX7GDVZJ; brand CUSINIUM
category:Salt Mills,15850271,Salt Mills,Home & Kitchen > Kitchen & Dining > Kitchen Utensils & Gadgets > Seasoning & Spice Tools > Salt & Pepper > Salt Mills,B0BXFPJJC2,,"Alexander Home Original Greek Salt Mill, 8-Inch Brass– European Manual Salt Grinder Refillable",Home & Kitchen > Kitchen & Dining > Kitchen Utensils & Gadgets > Seasoning & Spice Tools > Salt & Pepper > Salt Mills,US,69.9,19.57,5.59,4.88,0.15,493.0,128.0,4.5,0.55,10000,1.0,20.0,50,25.0,20.0,20.0,75,35,65.0,B,"observed:price,sales,reviews,rating,fba_fee; estimated:search_volume,cpc",estimated_default_costs,Imported from Sorftime; ASIN B0BXFPJJC2; brand Alexander Home
category:Index Card Storage,12900921,Index Card Storage,Office Products > Office Supplies > Education & Crafts > Filing Products > Index Card Filing > Index Card Storage,B0D5LLC68G,,"Olivo Index Card Holder Box 3x5 Flash Note Card Organizer, Colored, 4 Pack",Office Products > Office Supplies > Education & Crafts > Filing Products > Index Card Filing > Index Card Storage,US,12.99,3.64,1.04,6.22,0.15,808.0,231.0,4.5,0.55,10000,1.0,20.0,50,25.0,20.0,20.0,75,35,65.0,B,"observed:price,sales,reviews,rating,fba_fee; estimated:search_volume,cpc",estimated_default_costs,Imported from Sorftime; ASIN B0D5LLC68G; brand Olivo
category:Open Fire Cookware,3400591,Open Fire Cookware,Sports & Outdoors > Outdoor Recreation > Camping & Hiking > Camp Kitchen > Camping Cookware > Open Fire Cookware,B0822KRNCW,,"Odoland 15pcs Camping Cookware Mess Kit, Lightweight Pot Pan Kettle Set",Sports & Outdoors > Outdoor Recreation > Camping & Hiking > Camp Kitchen > Camping Cookware > Open Fire Cookware,US,39.99,11.2,3.2,6.57,0.15,460.0,2152.0,4.4,0.55,10000,1.0,20.0,50,25.0,20.0,20.0,75,35,65.0,B,"observed:price,sales,reviews,rating,fba_fee; estimated:search_volume,cpc",estimated_default_costs,Imported from Sorftime; ASIN B0822KRNCW; brand Odoland
"category:Pots, Pans & Griddles",3258961011,"Pots, Pans & Griddles","Sports & Outdoors > Outdoor Recreation > Camping & Hiking > Camp Kitchen > Camping Cookware > Pots, Pans & Griddles",B0DCSB3M9B,,"Camping Cookware Kit Backpacking, 0.33Gal Pots and 0.17Gal Pans Set,0.08Gal SUS304 Cup, Forks Knives Spoons for Hiking,Camping,Outdoor Cooking,Picnic,Solo Camping cookware","Sports & Outdoors > Outdoor Recreation > Camping & Hiking > Camp Kitchen > Camping Cookware > Pots, Pans & Griddles",US,19.99,5.6,1.6,5.94,0.15,581.0,265.0,4.6,0.55,10000,1.0,20.0,50,25.0,20.0,20.0,75,35,65.0,B,"observed:price,sales,reviews,rating,fba_fee; estimated:search_volume,cpc",estimated_default_costs,Imported from Sorftime; ASIN B0DCSB3M9B; brand THTYBROS
category:Bowls,3400711,Bowls,Sports & Outdoors > Outdoor Recreation > Camping & Hiking > Camp Kitchen > Dishes & Utensils > Bowls,B07YHGXBXG,,"Fire-Maple Antarcti Camping Cook Pot Stainless Steel Camping Bowls, 1L",Sports & Outdoors > Outdoor Recreation > Camping & Hiking > Camp Kitchen > Dishes & Utensils > Bowls,US,34.95,9.79,2.8,5.87,0.15,399.0,104.0,4.4,0.55,10000,1.0,20.0,50,25.0,20.0,20.0,75,35,65.0,B,"observed:price,sales,reviews,rating,fba_fee; estimated:search_volume,cpc",estimated_default_costs,Imported from Sorftime; ASIN B07YHGXBXG; brand Fire-Maple
category:Cups & Mugs,3400731,Cups & Mugs,Sports & Outdoors > Outdoor Recreation > Camping & Hiking > Camp Kitchen > Dishes & Utensils > Cups & Mugs,B0G5Q7234W,,"Mimorou 4 Pack 16 oz Stainless Steel Cups Metal Cup, Black | Pint Tumblers, Unbreakable Drinking Cups, Reusable Party Cups Bulk, Camping Outdoor Travel Picnic",Sports & Outdoors > Outdoor Recreation > Camping & Hiking > Camp Kitchen > Dishes & Utensils > Cups & Mugs,US,16.99,4.76,1.36,4.88,0.15,683.0,223.0,4.6,0.55,10000,1.0,20.0,50,25.0,20.0,20.0,75,35,65.0,B,"observed:price,sales,reviews,rating,fba_fee; estimated:search_volume,cpc",estimated_default_costs,Imported from Sorftime; ASIN B0G5Q7234W; brand Mimorou
category:Flatware,3400741,Flatware,Sports & Outdoors > Outdoor Recreation > Camping & Hiking > Camp Kitchen > Dishes & Utensils > Flatware,B0FXXFBWN9,,"36 Piece Silverware Set for 12, Stainless Steel Forks Spoons and Knives Set",Sports & Outdoors > Outdoor Recreation > Camping & Hiking > Camp Kitchen > Dishes & Utensils > Flatware,US,29.99,8.4,2.4,8.71,0.15,528.0,75.0,4.5,0.55,10000,1.0,20.0,50,25.0,20.0,20.0,75,35,65.0,B,"observed:price,sales,reviews,rating,fba_fee; estimated:search_volume,cpc",estimated_default_costs,Imported from Sorftime; ASIN B0FXXFBWN9; brand Wellfey
category:Mess Kits,3400751,Mess Kits,Sports & Outdoors > Outdoor Recreation > Camping & Hiking > Camp Kitchen > Dishes & Utensils > Mess Kits,B0FLPSM7PP,,"12-Piece Lightweight Camping Cookware Set – Nonstick Pot, Pan & Utensils for Backpacking & Hiking – Portable Mess Kit for 1–2 People, Bonus 2 Emergency Blankets",Sports & Outdoors > Outdoor Recreation > Camping & Hiking > Camp Kitchen > Dishes & Utensils > Mess Kits,US,14.99,4.2,1.2,5.68,0.15,441.0,106.0,4.1,0.55,10000,1.0,20.0,50,25.0,20.0,20.0,75,35,65.0,B,"observed:price,sales,reviews,rating,fba_fee; estimated:search_volume,cpc",estimated_default_costs,Imported from Sorftime; ASIN B0FLPSM7PP; brand Generic
category:Plates,3400771,Plates,Sports & Outdoors > Outdoor Recreation > Camping & Hiking > Camp Kitchen > Dishes & Utensils > Plates,B0G4M2NK6S,,50Pcs Camping One Paper Plates Camper Themed 9“ Dessert Plates Disposable One Happy Birthday Camper Theme Party Decorations for Boys Adventure Camping Theme Party 1st Birthday Party Supplies,Sports & Outdoors > Outdoor Recreation > Camping & Hiking > Camp Kitchen > Dishes & Utensils > Plates,US,15.99,4.48,1.28,5.91,0.15,686.0,65.0,4.6,0.55,10000,1.0,20.0,50,25.0,20.0,20.0,75,35,65.0,B,"observed:price,sales,reviews,rating,fba_fee; estimated:search_volume,cpc",estimated_default_costs,Imported from Sorftime; ASIN B0G4M2NK6S; brand Greencian
category:Backpacking Stoves,19450135011,Backpacking Stoves,Sports & Outdoors > Outdoor Recreation > Camping & Hiking > Camp Kitchen > Stoves & Grills > Backpacking Stoves,B08NLVKHPP,,"Kuvik Titanium Wood Stove - Ultralight and Compact Stove for Backpacking | Packs Flat, Easy Setup, Ultralight Titanium, High Strength, Corrosion Resistant, Burns Natural Fuels, Carrying Case Included",Sports & Outdoors > Outdoor Recreation > Camping & Hiking > Camp Kitchen > Stoves & Grills > Backpacking Stoves,US,39.99,11.2,3.2,4.45,0.15,285.0,465.0,4.6,0.55,10000,1.0,20.0,50,25.0,20.0,20.0,75,35,65.0,B,"observed:price,sales,reviews,rating,fba_fee; estimated:search_volume,cpc",estimated_default_costs,Imported from Sorftime; ASIN B08NLVKHPP; brand Kuvik
category:Camping Grills,3401041,Camping Grills,Sports & Outdoors > Outdoor Recreation > Camping & Hiking > Camp Kitchen > Stoves & Grills > Camping Grills,B085NSNPWT,,"REDCAMP Folding Campfire Grill Heavy Duty Steel Grate, Portable Camp Fire Cooking Racks for Over Fire Pit",Sports & Outdoors > Outdoor Recreation > Camping & Hiking > Camp Kitchen > Stoves & Grills > Camping Grills,US,25.64,7.18,2.05,8.18,0.15,334.0,858.0,4.4,0.55,10000,1.0,20.0,50,25.0,20.0,20.0,75,35,65.0,B,"observed:price,sales,reviews,rating,fba_fee; estimated:search_volume,cpc",estimated_default_costs,Imported from Sorftime; ASIN B085NSNPWT; brand REDCAMP
category:Camping Stoves,19450136011,Camping Stoves,Sports & Outdoors > Outdoor Recreation > Camping & Hiking > Camp Kitchen > Stoves & Grills > Camping Stoves,B09RN22HDQ,,"GasOne 15,000 BTU Propane or Butane Stove Dual Fuel Stove Portable Camping Stove - Patented - with Carrying Case Great for Emergency Preparedness Kit",Sports & Outdoors > Outdoor Recreation > Camping & Hiking > Camp Kitchen > Stoves & Grills > Camping Stoves,US,59.99,16.8,4.8,8.92,0.15,1039.0,767.0,4.6,0.55,10000,1.0,20.0,50,25.0,20.0,20.0,75,35,65.0,B,"observed:price,sales,reviews,rating,fba_fee; estimated:search_volume,cpc",estimated_default_costs,Imported from Sorftime; ASIN B09RN22HDQ; brand Gas One
category:Storage,3397571,Storage,Sports & Outdoors > Sports > Boating & Sailing > Boating > Boat Cabin Products > Storage,B0CZXZK1BW,,"MISSION Boat Gear Heavy Duty Outddor CASSI Tote Boat Bag, Mesh Beach Bag | Multiple Colors, Waterproof Base, Boat Cabin Storage, Mesh, Boat, Beach, Grocery, Travel, Pool, Premium Marine Gear",Sports & Outdoors > Sports > Boating & Sailing > Boating > Boat Cabin Products > Storage,US,49.0,13.72,3.92,8.22,0.15,475.0,290.0,4.5,0.55,10000,1.0,20.0,50,25.0,20.0,20.0,75,35,65.0,B,"observed:price,sales,reviews,rating,fba_fee; estimated:search_volume,cpc",estimated_default_costs,Imported from Sorftime; ASIN B0CZXZK1BW; brand MISSION
category:Cleaning Tools,3398891,Cleaning Tools,Sports & Outdoors > Sports > Boating & Sailing > Boating > Maintenance Supplies > Cleaning Tools,B0000AZ5Q4,,"STAR BRITE All-Purpose Medium Red Scrubber Pad | Ergonomic scrubber pad for versatile cleaning of multiple surfaces; reduces hand strain; durable, washable, reusable.",Sports & Outdoors > Sports > Boating & Sailing > Boating > Maintenance Supplies > Cleaning Tools,US,13.86,3.88,1.11,4.47,0.15,335.0,1145.0,4.5,0.55,10000,1.0,20.0,50,25.0,20.0,20.0,75,35,65.0,B,"observed:price,sales,reviews,rating,fba_fee; estimated:search_volume,cpc",estimated_default_costs,Imported from Sorftime; ASIN B0000AZ5Q4; brand STAR BRITE
category:Tools,3398991,Tools,Sports & Outdoors > Sports > Boating & Sailing > Boating > Maintenance Supplies > Tools,B0CPJ8SVCD,,"Bolaxin Lower Unit Gear Oil Pump for Standard Quart Bottles, 3/8 inch Metal Swivel, 8mm and 10mm Adapters, for Most Marine Boat Outboard Motors (NOT for Volvo Penta)",Sports & Outdoors > Sports > Boating & Sailing > Boating > Maintenance Supplies > Tools,US,12.88,3.61,1.03,4.9,0.15,225.0,354.0,4.0,0.55,10000,1.0,20.0,50,25.0,20.0,20.0,75,35,65.0,B,"observed:price,sales,reviews,rating,fba_fee; estimated:search_volume,cpc",estimated_default_costs,Imported from Sorftime; ASIN B0CPJ8SVCD; brand Bolaxin
category:Raised Toilet Seats,3775401,Raised Toilet Seats,Tools & Home Improvement > Kitchen & Bath Fixtures > Bathroom Fixtures > Bathroom Safety & Accessibility > Toilets & Toilet Aids > Raised Toilet Seats,B0DN1KM42Y,,"soundfuse Heavy Duty Raised Toilet Seat with Handles for Senior, 400 lbs | Adjustable Height & Width, Aluminum Reinforced Frame, Padded Seat, Handicap Elevated Toilet Seat Riser, Fit Most Toilets",Tools & Home Improvement > Kitchen & Bath Fixtures > Bathroom Fixtures > Bathroom Safety & Accessibility > Toilets & Toilet Aids > Raised Toilet Seats,US,59.39,16.63,4.75,14.93,0.15,1603.0,902.0,4.5,0.55,10000,1.0,20.0,50,25.0,20.0,20.0,75,35,65.0,B,"observed:price,sales,reviews,rating,fba_fee; estimated:search_volume,cpc",estimated_default_costs,Imported from Sorftime; ASIN B0DN1KM42Y; brand soundfuse
category:Toilet Assistance Cushions,8624797011,Toilet Assistance Cushions,Tools & Home Improvement > Kitchen & Bath Fixtures > Bathroom Fixtures > Bathroom Safety & Accessibility > Toilets & Toilet Aids > Toilet Assistance Cushions,B0CTCL4TWP,,"Bedside Soft Commode seat Cushion, Thick Pad PU Cover with Fixing Straps for Commode Chair, Washable Toilet Seat Cushion Warmer for Elderly Adults",Tools & Home Improvement > Kitchen & Bath Fixtures > Bathroom Fixtures > Bathroom Safety & Accessibility > Toilets & Toilet Aids > Toilet Assistance Cushions,US,27.99,7.84,2.24,7.93,0.15,297.0,60.0,4.3,0.55,10000,1.0,20.0,50,25.0,20.0,20.0,75,35,65.0,B,"observed:price,sales,reviews,rating,fba_fee; estimated:search_volume,cpc",estimated_default_costs,Imported from Sorftime; ASIN B0CTCL4TWP; brand ZXMOBY
category:Toilet Assistance Steps,8624798011,Toilet Assistance Steps,Tools & Home Improvement > Kitchen & Bath Fixtures > Bathroom Fixtures > Bathroom Safety & Accessibility > Toilets & Toilet Aids > Toilet Assistance Steps,B0FD727TLZ,,"Foldable Toilet Stool Squat, 7 Inch Squatting Potty for Adults, Poop Stool | Lightweight Pooping Stool, Portable for Travel, Easy Storage Bathroom Toilet Step, Anti-Slip Feet, Space-Saving, Collapsible",Tools & Home Improvement > Kitchen & Bath Fixtures > Bathroom Fixtures > Bathroom Safety & Accessibility > Toilets & Toilet Aids > Toilet Assistance Steps,US,14.99,4.2,1.2,6.34,0.15,2620.0,391.0,4.6,0.55,10000,1.0,20.0,50,25.0,20.0,20.0,75,35,65.0,B,"observed:price,sales,reviews,rating,fba_fee; estimated:search_volume,cpc",estimated_default_costs,Imported from Sorftime; ASIN B0FD727TLZ; brand WBKATN
category:Toilet Safety Frames & Rails,3775391,Toilet Safety Frames & Rails,Tools & Home Improvement > Kitchen & Bath Fixtures > Bathroom Fixtures > Bathroom Safety & Accessibility > Toilets & Toilet Aids > Toilet Safety Frames & Rails,B0FD3SN31M,,"Loyoda Toilet Safety Frame for Seniors, Adjustable Toilet Safety Rail",Tools & Home Improvement > Kitchen & Bath Fixtures > Bathroom Fixtures > Bathroom Safety & Accessibility > Toilets & Toilet Aids > Toilet Safety Frames & Rails,US,44.99,12.6,3.6,14.07,0.15,1895.0,878.0,4.6,0.55,10000,1.0,20.0,50,25.0,20.0,20.0,75,35,65.0,B,"observed:price,sales,reviews,rating,fba_fee; estimated:search_volume,cpc",estimated_default_costs,Imported from Sorftime; ASIN B0FD3SN31M; brand Loyoda
category:Tool Holsters,553582,Tool Holsters,Tools & Home Improvement > Storage & Home Organization > Tool Organizers > Tool Holsters,B0D8YB5RHR,,"Topstache Leather Multitool Sheath with Belt Clip - Multi Tool Holster for Belt - EDC Belt Organizer Fits Multitool, Flashlight, Pen - Leather EDC Pouch, DarkBrown",Tools & Home Improvement > Storage & Home Organization > Tool Organizers > Tool Holsters,US,22.99,6.44,1.84,3.93,0.15,449.0,365.0,4.5,0.55,10000,1.0,20.0,50,25.0,20.0,20.0,75,35,65.0,B,"observed:price,sales,reviews,rating,fba_fee; estimated:search_volume,cpc",estimated_default_costs,Imported from Sorftime; ASIN B0D8YB5RHR; brand topstache
category:Tool Pouches,322568011,Tool Pouches,Tools & Home Improvement > Storage & Home Organization > Tool Organizers > Tool Pouches,B004TTEI9M,,"AWP Ballistic Nylon Mini Tool Pouch Multi-Pocket Organizer for Electricians, Professional Tool Box for Efficient Organization, Black/Gray | 1L-23021-2",Tools & Home Improvement > Storage & Home Organization > Tool Organizers > Tool Pouches,US,16.23,4.54,1.3,5.77,0.15,439.0,1097.0,4.5,0.55,10000,1.0,20.0,50,25.0,20.0,20.0,75,35,65.0,B,"observed:price,sales,reviews,rating,fba_fee; estimated:search_volume,cpc",estimated_default_costs,Imported from Sorftime; ASIN B004TTEI9M; brand AWP
category:Tool Trays,15709201,Tool Trays,Tools & Home Improvement > Storage & Home Organization > Tool Organizers > Tool Trays,B0C65B5VXC,,"WORKPRO 2-Pack Magnetic Wrench Organizer, 12-Piece Wrench Holder Set",Tools & Home Improvement > Storage & Home Organization > Tool Organizers > Tool Trays,US,16.99,4.76,1.36,5.73,0.15,1518.0,782.0,4.5,0.55,10000,1.0,20.0,50,25.0,20.0,20.0,75,35,65.0,B,"observed:price,sales,reviews,rating,fba_fee; estimated:search_volume,cpc",estimated_default_costs,Imported from Sorftime; ASIN B0C65B5VXC; brand WORKPRO
category:Dust Mops,23537023011,Dust Mops,Home & Kitchen > Cleaning Supplies > Household Cleaning > Cleaning Tools > Mopping > Wet & Dry Mops > Dust Mops,B0G4V5TW9N,,"Dust Mop for Floor Cleaning for Hardwood, Laminate, Tile & Marble Floors | 4-in-1 Washable Pad System, Wet & Dry Multi-Purpose Mop, 62“ Long Handle, 360° Swivel Head, Mop Pad Cleaning Scraper",Home & Kitchen > Cleaning Supplies > Household Cleaning > Cleaning Tools > Mopping > Wet & Dry Mops > Dust Mops,US,20.98,5.87,1.68,7.27,0.15,1569.0,183.0,4.4,0.55,10000,1.0,20.0,50,25.0,20.0,20.0,75,35,65.0,B,"observed:price,sales,reviews,rating,fba_fee; estimated:search_volume,cpc",estimated_default_costs,Imported from Sorftime; ASIN B0G4V5TW9N; brand GleamGaGa
category:Sponge Mops,23537024011,Sponge Mops,Home & Kitchen > Cleaning Supplies > Household Cleaning > Cleaning Tools > Mopping > Wet & Dry Mops > Sponge Mops,B0FS1GFM58,,"Sponge Mop for Floor Cleaning, 50“ Heavy Duty Roller Mop with 4 Cellulose Refill Heads, Easy Self-Squeeze for Hardwood Tile Concrete, Wall Ceiling",Home & Kitchen > Cleaning Supplies > Household Cleaning > Cleaning Tools > Mopping > Wet & Dry Mops > Sponge Mops,US,32.99,9.24,2.64,8.21,0.15,469.0,162.0,4.3,0.55,10000,1.0,20.0,50,25.0,20.0,20.0,75,35,65.0,B,"observed:price,sales,reviews,rating,fba_fee; estimated:search_volume,cpc",estimated_default_costs,Imported from Sorftime; ASIN B0FS1GFM58; brand TreeLen
category:String Mops,23537022011,String Mops,Home & Kitchen > Cleaning Supplies > Household Cleaning > Cleaning Tools > Mopping > Wet & Dry Mops > String Mops,B0DZPJ82BM,,"Libman Tornado Mop with 1 Refill, Self-Wringing Cotton Twist Mop",Home & Kitchen > Cleaning Supplies > Household Cleaning > Cleaning Tools > Mopping > Wet & Dry Mops > String Mops,US,19.99,5.6,1.6,3.6,0.15,269.0,66.0,4.3,0.55,10000,1.0,20.0,50,25.0,20.0,20.0,50,20,42.5,C,"observed:sales,reviews,rating; estimated:price,fba_fee,search_volume,cpc",estimated_default_costs,Imported from Sorftime; ASIN B0DZPJ82BM; brand LIBMAN COMMERCIAL
category:Angle Brooms,14253831,Angle Brooms,Home & Kitchen > Cleaning Supplies > Household Cleaning > Cleaning Tools > Sweeping > Brooms > Angle Brooms,B0GKLCLL5X,,"Corn Broom Outdoor, Household Indoor and Outdoor Broom Suitable for Sweeping Gravel, Fallen Leaves and Sand on Yard, Garage, Lawn, Stone Path and Concrete Floor",Home & Kitchen > Cleaning Supplies > Household Cleaning > Cleaning Tools > Sweeping > Brooms > Angle Brooms,US,21.99,6.16,1.76,7.74,0.15,677.0,198.0,3.8,0.55,10000,1.0,20.0,50,25.0,20.0,20.0,75,35,65.0,B,"observed:price,sales,reviews,rating,fba_fee; estimated:search_volume,cpc",estimated_default_costs,Imported from Sorftime; ASIN B0GKLCLL5X; brand TrueYee
category:Hand Brooms,14253841,Hand Brooms,Home & Kitchen > Cleaning Supplies > Household Cleaning > Cleaning Tools > Sweeping > Brooms > Hand Brooms,B0FJ1QXLLQ,,"Pink Broom and Dustpan Set for Home, 52-in Long Handle Broom with Dustpan Combo with Dustpan Teeth Easy to Scrape Off Pet Hair, Indoor&Outdoor Sweeping（Pink）",Home & Kitchen > Cleaning Supplies > Household Cleaning > Cleaning Tools > Sweeping > Brooms > Hand Brooms,US,19.99,5.6,1.6,8.13,0.15,625.0,361.0,4.4,0.55,10000,1.0,20.0,50,25.0,20.0,20.0,75,35,65.0,B,"observed:price,sales,reviews,rating,fba_fee; estimated:search_volume,cpc",estimated_default_costs,Imported from Sorftime; ASIN B0FJ1QXLLQ; brand BSKLIN
category:Push Brooms,14253851,Push Brooms,Home & Kitchen > Cleaning Supplies > Household Cleaning > Cleaning Tools > Sweeping > Brooms > Push Brooms,B0DFLKVWD8,,"Floor Scrubber Brush, 52‘‘ Long Handle Scrub Broom for Deck Cleaning | Stiff Bristle Scrub Brush for Shower, Bathroom, Concrete, Patio, Garage Cleaning",Home & Kitchen > Cleaning Supplies > Household Cleaning > Cleaning Tools > Sweeping > Brooms > Push Brooms,US,15.99,4.48,1.28,5.93,0.15,1513.0,552.0,4.3,0.55,10000,1.0,20.0,50,25.0,20.0,20.0,75,35,65.0,B,"observed:price,sales,reviews,rating,fba_fee; estimated:search_volume,cpc",estimated_default_costs,Imported from Sorftime; ASIN B0DFLKVWD8; brand KeFanta
category:Kitchen Brushes,203313515011,Kitchen Brushes,Home & Kitchen > Cleaning Supplies > Household Cleaning > Cleaning Tools > Brushes > Kitchen Brushes,B0DG5LNC46,,"Grout Cleaner Brush with Long Handle, Floor Scrub Brush for Shower Tile, Bathroom Crevice Cleaning Brushes with Heavy Duty Stiff Bristles",Home & Kitchen > Cleaning Supplies > Household Cleaning > Cleaning Tools > Brushes > Kitchen Brushes,US,12.99,3.64,1.04,4.57,0.15,1311.0,534.0,4.3,0.55,10000,1.0,20.0,50,25.0,20.0,20.0,75,35,65.0,B,"observed:price,sales,reviews,rating,fba_fee; estimated:search_volume,cpc",estimated_default_costs,Imported from Sorftime; ASIN B0DG5LNC46; brand KalTell
category:Toilet Brushes & Holders,85975011,Toilet Brushes & Holders,Home & Kitchen > Cleaning Supplies > Household Cleaning > Cleaning Tools > Brushes > Toilet Brushes & Holders,B0BZ83FQ2Y,,"MR.SIGA Toilet Plunger and Brush with Holder for Toilet Cleaning, White | Heavy duty toilet brush and plunger set, plunger toilet brush combo",Home & Kitchen > Cleaning Supplies > Household Cleaning > Cleaning Tools > Brushes > Toilet Brushes & Holders,US,23.99,6.72,1.92,8.03,0.15,1898.0,1657.0,4.5,0.55,10000,1.0,20.0,50,25.0,20.0,20.0,75,35,65.0,B,"observed:price,sales,reviews,rating,fba_fee; estimated:search_volume,cpc",estimated_default_costs,Imported from Sorftime; ASIN B0BZ83FQ2Y; brand MR.SIGA
category:Feather Dusters,2245498011,Feather Dusters,Home & Kitchen > Cleaning Supplies > Household Cleaning > Cleaning Tools > Dusting > Feather Dusters,B09MQCK49F,,"20 Feet High Reach Duster Kit with 5-12 Ft Extension Pole, Cobweb Duster with Telescoping Pole, Window Squeegee with Scrubber, Spider Web Brush, High Ceiling Fan Duster for High Window, Interior Roof",Home & Kitchen > Cleaning Supplies > Household Cleaning > Cleaning Tools > Dusting > Feather Dusters,US,39.99,11.2,3.2,12.39,0.15,2029.0,1532.0,4.5,0.55,10000,1.0,20.0,50,25.0,20.0,20.0,75,35,65.0,B,"observed:price,sales,reviews,rating,fba_fee; estimated:search_volume,cpc",estimated_default_costs,Imported from Sorftime; ASIN B09MQCK49F; brand VITEVER
category:Buckets,2245509011,Buckets,Home & Kitchen > Cleaning Supplies > Household Cleaning > Cleaning Tools > Mopping > Buckets,B0FDWDSRC3,,"Zonopy 16L Collapsible Mop Bucket with Handles - Space Saving Foldable Silicone Tub for Cleaning, Laundry, Storage - Portable Wash Basin for Home & Car - 4.2 Gallon Compact Utility Bucket",Home & Kitchen > Cleaning Supplies > Household Cleaning > Cleaning Tools > Mopping > Buckets,US,14.98,4.19,1.2,8.11,0.15,1155.0,382.0,4.5,0.55,10000,1.0,20.0,50,25.0,20.0,20.0,75,35,65.0,B,"observed:price,sales,reviews,rating,fba_fee; estimated:search_volume,cpc",estimated_default_costs,Imported from Sorftime; ASIN B0FDWDSRC3; brand Zonopy
category:Mops & Bucket Sets,23537016011,Mops & Bucket Sets,Home & Kitchen > Cleaning Supplies > Household Cleaning > Cleaning Tools > Mopping > Mops & Bucket Sets,B0DBV4J2D1,,"JOYMOOP Pink Mop and Bucket with Wringer Set for Home, with 3 Reusable Microfiber Mop Pads, Hands-Free Self-Cleaning System, Suitable for Floor Cleaning and Wall Cleaner",Home & Kitchen > Cleaning Supplies > Household Cleaning > Cleaning Tools > Mopping > Mops & Bucket Sets,US,37.99,10.64,3.04,9.55,0.15,1089.0,762.0,4.3,0.55,10000,1.0,20.0,50,25.0,20.0,20.0,75,35,65.0,B,"observed:price,sales,reviews,rating,fba_fee; estimated:search_volume,cpc",estimated_default_costs,Imported from Sorftime; ASIN B0DBV4J2D1; brand JOYMOOP
category:Edible Printer Paper & Frosting Sheets,8147491011,Edible Printer Paper & Frosting Sheets,Home & Kitchen > Kitchen & Dining > Bakeware > Decorating Tools > Edible Printer Ink & Paper > Edible Printer Paper & Frosting Sheets,B0BFFKCTLM,,CRANBOLY 25 pcs Edible Paper 11.7“ x 8.3“ A4 Frosting Sheets | Icing Sheets for Cakes Printable Sugar Sheets Edible Paper Cake Edible Sheets in Resealable Packaging for Cake Toppers,Home & Kitchen > Kitchen & Dining > Bakeware > Decorating Tools > Edible Printer Ink & Paper > Edible Printer Paper & Frosting Sheets,US,29.79,8.34,2.38,6.49,0.15,684.0,683.0,4.5,0.55,10000,1.0,20.0,50,25.0,20.0,20.0,75,35,65.0,B,"observed:price,sales,reviews,rating,fba_fee; estimated:search_volume,cpc",estimated_default_costs,Imported from Sorftime; ASIN B0BFFKCTLM; brand CRANBOLY
category:Bottle Openers,3109475011,Bottle Openers,Home & Kitchen > Kitchen & Dining > Kitchen Utensils & Gadgets > Bar & Wine Tools > Corkscrews & Openers > Bottle Openers,B0BVDT7BL7,,"Irenare 6 Pcs Retractable Bar Keys Bartender Bottle Openers, Marble | Stainless Steel Beer Bottle Opener,with Belt Clip and Round Badge Reel,Bartender Gifts for Women Men",Home & Kitchen > Kitchen & Dining > Kitchen Utensils & Gadgets > Bar & Wine Tools > Corkscrews & Openers > Bottle Openers,US,14.99,4.2,1.2,4.44,0.15,286.0,278.0,4.3,0.55,10000,1.0,20.0,50,25.0,20.0,20.0,75,35,65.0,B,"observed:price,sales,reviews,rating,fba_fee; estimated:search_volume,cpc",estimated_default_costs,Imported from Sorftime; ASIN B0BVDT7BL7; brand Irenare
category:Screwpull Levers,13825981,Screwpull Levers,Home & Kitchen > Kitchen & Dining > Kitchen Utensils & Gadgets > Bar & Wine Tools > Corkscrews & Openers > Screwpull Levers,B08DMMXY17,,"Wine Bottle Opener Corkscrew Set – Luxiluxy [2024 upgraded, does NOT break!] Including Foil Cutter, Bottle Stopper, Opener Stand and Extra Spiral - corkscrews wine opener set- wine opener kit",Home & Kitchen > Kitchen & Dining > Kitchen Utensils & Gadgets > Bar & Wine Tools > Corkscrews & Openers > Screwpull Levers,US,29.99,8.4,2.4,6.19,0.15,461.0,2484.0,4.2,0.55,10000,1.0,20.0,50,25.0,20.0,20.0,75,35,65.0,B,"observed:price,sales,reviews,rating,fba_fee; estimated:search_volume,cpc",estimated_default_costs,Imported from Sorftime; ASIN B08DMMXY17; brand Luxiluxy
category:Waiter Corkscrews,13826001,Waiter Corkscrews,Home & Kitchen > Kitchen & Dining > Kitchen Utensils & Gadgets > Bar & Wine Tools > Corkscrews & Openers > Waiter Corkscrews,B07416XXQH,,"Vintorio Professional Waiters Corkscrew - Wine Key with Ergonomic Rubber Grip, Beer Bottle Opener and Foil Cutter (1 Pack)",Home & Kitchen > Kitchen & Dining > Kitchen Utensils & Gadgets > Bar & Wine Tools > Corkscrews & Openers > Waiter Corkscrews,US,12.95,3.63,1.04,4.17,0.15,346.0,2003.0,4.6,0.55,10000,1.0,20.0,50,25.0,20.0,20.0,75,35,65.0,B,"observed:price,sales,reviews,rating,fba_fee; estimated:search_volume,cpc",estimated_default_costs,Imported from Sorftime; ASIN B07416XXQH; brand Vintorio
category:Ice Bucket Kits,21560397011,Ice Bucket Kits,Home & Kitchen > Kitchen & Dining > Kitchen Utensils & Gadgets > Bar & Wine Tools > Ice Buckets & Tongs > Ice Bucket Kits,B0CQ5G53ZV,,"S‘well Ice Bucket with Tongs, 68oz, Onyx",Home & Kitchen > Kitchen & Dining > Kitchen Utensils & Gadgets > Bar & Wine Tools > Ice Buckets & Tongs > Ice Bucket Kits,US,19.99,5.6,1.6,3.6,0.15,709.0,1530.0,4.5,0.55,10000,1.0,20.0,50,25.0,20.0,20.0,50,20,42.5,C,"observed:sales,reviews,rating; estimated:price,fba_fee,search_volume,cpc",estimated_default_costs,Imported from Sorftime; ASIN B0CQ5G53ZV; brand S‘well
category:Ice Buckets,678496011,Ice Buckets,Home & Kitchen > Kitchen & Dining > Kitchen Utensils & Gadgets > Bar & Wine Tools > Ice Buckets & Tongs > Ice Buckets,B0DZH5587Q,,2 Pack 4 Gallon Galvanized Tub Ice Buckets for Parties Portable Beverage Tub with Handles Champagne Bucket Metal Ice Buckets for Cocktail Bar with Ice Scoop,Home & Kitchen > Kitchen & Dining > Kitchen Utensils & Gadgets > Bar & Wine Tools > Ice Buckets & Tongs > Ice Buckets,US,29.99,8.4,2.4,9.65,0.15,1228.0,131.0,3.9,0.55,10000,1.0,20.0,50,25.0,20.0,20.0,75,35,65.0,B,"observed:price,sales,reviews,rating,fba_fee; estimated:search_volume,cpc",estimated_default_costs,Imported from Sorftime; ASIN B0DZH5587Q; brand JJXUANER
category:Wine Pourers,678498011,Wine Pourers,Home & Kitchen > Kitchen & Dining > Kitchen Utensils & Gadgets > Bar & Wine Tools > Wine Stoppers & Pourers > Wine Pourers,B07L18Q7NF,,"Measured Pourer - Liquor Bottle Pourers - Collared -(3pk) Made 100% In USA. Bar Spouts That Don’t Leak - No Cracks. A Perfect Pour Everytime. Great For Wine! (Clear, 1.5oz (45ml) - 3 Pack)",Home & Kitchen > Kitchen & Dining > Kitchen Utensils & Gadgets > Bar & Wine Tools > Wine Stoppers & Pourers > Wine Pourers,US,19.98,5.59,1.6,4.19,0.15,480.0,766.0,4.3,0.55,10000,1.0,20.0,50,25.0,20.0,20.0,75,35,65.0,B,"observed:price,sales,reviews,rating,fba_fee; estimated:search_volume,cpc",estimated_default_costs,Imported from Sorftime; ASIN B07L18Q7NF; brand AmeriPour
category:Wine Stoppers,678499011,Wine Stoppers,Home & Kitchen > Kitchen & Dining > Kitchen Utensils & Gadgets > Bar & Wine Tools > Wine Stoppers & Pourers > Wine Stoppers,B00IULFU4C,,Corkcicle Air Wine Chiller and Pour-Through Aerator for Red and White Wine,Home & Kitchen > Kitchen & Dining > Kitchen Utensils & Gadgets > Bar & Wine Tools > Wine Stoppers & Pourers > Wine Stoppers,US,19.46,5.45,1.56,4.19,0.15,381.0,1012.0,4.4,0.55,10000,1.0,20.0,50,25.0,20.0,20.0,75,35,65.0,B,"observed:price,sales,reviews,rating,fba_fee; estimated:search_volume,cpc",estimated_default_costs,Imported from Sorftime; ASIN B00IULFU4C; brand Corkcicle
