source_strategy,source_category_id,source_category_name,source_category_path,source_asin,source_parent_asin,product_name,category,marketplace,target_price,cost,shipping,fba_fee,referral_fee_rate,est_monthly_sales,avg_review_count,avg_rating,top10_review_share,keyword_search_volume,keyword_cpc,seasonality_score,differentiation_score,compliance_risk,fragile_risk,oversize_risk,market_data_completeness,profit_data_confidence,evidence_confidence,evidence_grade,data_source_summary,profit_estimate_status,notes
category:Tool Holsters,553582,Tool Holsters,Tools & Home Improvement > Storage & Home Organization > Tool Organizers > Tool Holsters,B0FXG8J58Q,,TOOLEAGUE 3Pcs Magnetic Tool Mat with 25Lb Telescoping Magnetic Pickup Pen,Tools & Home Improvement > Storage & Home Organization > Tool Organizers > Tool Holsters,US,46.99,13.16,3.76,7.77,0.15,981.0,153.0,4.6,0.55,10000,1.0,20.0,50,25.0,20.0,20.0,75,35,65.0,B,"observed:price,sales,reviews,rating,fba_fee; estimated:search_volume,cpc",estimated_default_costs,Imported from Sorftime; ASIN B0FXG8J58Q; brand TOOLEAGUE
category:Tool Holsters,553582,Tool Holsters,Tools & Home Improvement > Storage & Home Organization > Tool Organizers > Tool Holsters,B0CBD4HTHW,,"Spider Tool Holster, Self-Locking Pro Tool Holster, Includes 2 Drill Pins | Quick-Draw Multi Tool Holder, Clips to Any Tool Belt, Ambidextrous Lock, Compatible with Major Power Drill & Driver Brands",Tools & Home Improvement > Storage & Home Organization > Tool Organizers > Tool Holsters,US,34.99,9.8,2.8,3.93,0.15,815.0,390.0,4.2,0.55,10000,1.0,20.0,50,25.0,20.0,20.0,75,35,65.0,B,"observed:price,sales,reviews,rating,fba_fee; estimated:search_volume,cpc",estimated_default_costs,Imported from Sorftime; ASIN B0CBD4HTHW; brand Spider
category:Tool Holsters,553582,Tool Holsters,Tools & Home Improvement > Storage & Home Organization > Tool Organizers > Tool Holsters,B0D2JDXBNS,,"Quick Draw Shoulder Holster - Belly Band Holster for Everyday Comfortable Concealed Carry for Small, Compact and Other Similar Gear",Tools & Home Improvement > Storage & Home Organization > Tool Organizers > Tool Holsters,US,19.89,5.57,1.59,4.19,0.15,655.0,44.0,4.2,0.55,10000,1.0,20.0,50,25.0,20.0,20.0,75,35,65.0,B,"observed:price,sales,reviews,rating,fba_fee; estimated:search_volume,cpc",estimated_default_costs,Imported from Sorftime; ASIN B0D2JDXBNS; brand LIBOSHENG
category:Tool Holsters,553582,Tool Holsters,Tools & Home Improvement > Storage & Home Organization > Tool Organizers > Tool Holsters,B0D8YB5RHR,,"Topstache Leather Multitool Sheath with Belt Clip - Multi Tool Holster for Belt - EDC Belt Organizer Fits Multitool, Flashlight, Pen - Leather EDC Pouch, DarkBrown",Tools & Home Improvement > Storage & Home Organization > Tool Organizers > Tool Holsters,US,22.99,6.44,1.84,3.93,0.15,449.0,365.0,4.5,0.55,10000,1.0,20.0,50,25.0,20.0,20.0,75,35,65.0,B,"observed:price,sales,reviews,rating,fba_fee; estimated:search_volume,cpc",estimated_default_costs,Imported from Sorftime; ASIN B0D8YB5RHR; brand topstache
category:Tool Holsters,553582,Tool Holsters,Tools & Home Improvement > Storage & Home Organization > Tool Organizers > Tool Holsters,B0F1FNYW11,,"Topstache Leather Multitool Sheath for Leatherman Wave & Wave+ - Multitool Holster for Belt - Belt Loop Leather Multitool Pouch - Magnetic Closure Tool Pouch Case, Darkbrown",Tools & Home Improvement > Storage & Home Organization > Tool Organizers > Tool Holsters,US,17.99,5.04,1.44,3.93,0.15,435.0,285.0,4.2,0.55,10000,1.0,20.0,50,25.0,20.0,20.0,75,35,65.0,B,"observed:price,sales,reviews,rating,fba_fee; estimated:search_volume,cpc",estimated_default_costs,Imported from Sorftime; ASIN B0F1FNYW11; brand topstache
category:Tool Holsters,553582,Tool Holsters,Tools & Home Improvement > Storage & Home Organization > Tool Organizers > Tool Holsters,B0DJ3QBCR8,,"Holstery TapeMaster | Clip-On Tape Measure Holder - Low-Profile Measuring Tape Holster for Your Belt, Tool Bags, Pockets, or Pants",Tools & Home Improvement > Storage & Home Organization > Tool Organizers > Tool Holsters,US,19.99,5.6,1.6,3.93,0.15,416.0,113.0,4.6,0.55,10000,1.0,20.0,50,25.0,20.0,20.0,75,35,65.0,B,"observed:price,sales,reviews,rating,fba_fee; estimated:search_volume,cpc",estimated_default_costs,Imported from Sorftime; ASIN B0DJ3QBCR8; brand Holstery
category:Tool Holsters,553582,Tool Holsters,Tools & Home Improvement > Storage & Home Organization > Tool Organizers > Tool Holsters,B0DMV1VBN3,,"PinPal Pro | Universal Tool Holster - Gravity Locking Clip-On Tool Belt Holder for Drills, Impacts, and Other Tools",Tools & Home Improvement > Storage & Home Organization > Tool Organizers > Tool Holsters,US,34.99,9.8,2.8,4.18,0.15,385.0,77.0,4.5,0.55,10000,1.0,20.0,50,25.0,20.0,20.0,75,35,65.0,B,"observed:price,sales,reviews,rating,fba_fee; estimated:search_volume,cpc",estimated_default_costs,Imported from Sorftime; ASIN B0DMV1VBN3; brand Holstery
category:Tool Holsters,553582,Tool Holsters,Tools & Home Improvement > Storage & Home Organization > Tool Organizers > Tool Holsters,B0G42J9N26,,"SEESE Strong Magnetic Tool Holder: Magnetic Belt Clip for Power Tools & Hand Tools, Anti-Fall Secure Grip for Home Improvement, Workshop, Electrician",Tools & Home Improvement > Storage & Home Organization > Tool Organizers > Tool Holsters,US,15.99,4.48,1.28,4.18,0.15,349.0,70.0,4.6,0.55,10000,1.0,20.0,50,25.0,20.0,20.0,75,35,65.0,B,"observed:price,sales,reviews,rating,fba_fee; estimated:search_volume,cpc",estimated_default_costs,Imported from Sorftime; ASIN B0G42J9N26; brand Seese
category:Tool Holsters,553582,Tool Holsters,Tools & Home Improvement > Storage & Home Organization > Tool Organizers > Tool Holsters,B0FZX2DSFD,,"Galvanox Nylon Sheath for Multi-Tools with 21 Flat End Screwdriver Bits and Holder - Case Belt Holster Pouch with Pockets and Bit Set Included, Compatible with Leatherman",Tools & Home Improvement > Storage & Home Organization > Tool Organizers > Tool Holsters,US,29.99,8.4,2.4,4.08,0.15,320.0,190.0,4.2,0.55,10000,1.0,20.0,50,25.0,20.0,20.0,75,35,65.0,B,"observed:price,sales,reviews,rating,fba_fee; estimated:search_volume,cpc",estimated_default_costs,Imported from Sorftime; ASIN B0FZX2DSFD; brand GALVANOX
category:Tool Holsters,553582,Tool Holsters,Tools & Home Improvement > Storage & Home Organization > Tool Organizers > Tool Holsters,B09C43N5HC,,"Perilogics Magnetic Tool Sheath for Leatherman – Nylon Belt Pouch Fits Wave Plus, Wingman, Charge, Surge, Super Tool 300, Signal, Free P2 & P4 (4–4.5 in)",Tools & Home Improvement > Storage & Home Organization > Tool Organizers > Tool Holsters,US,14.99,4.2,1.2,4.48,0.15,317.0,1707.0,4.5,0.55,10000,1.0,20.0,50,25.0,20.0,20.0,75,35,65.0,B,"observed:price,sales,reviews,rating,fba_fee; estimated:search_volume,cpc",estimated_default_costs,Imported from Sorftime; ASIN B09C43N5HC; brand Perilogics
category:Tool Holsters,553582,Tool Holsters,Tools & Home Improvement > Storage & Home Organization > Tool Organizers > Tool Holsters,B0DJ2BX5F6,,"Holstery HammerMaster | Hammer Holder Loop - Clip-On Tool Belt Holster Holds Hammers, Hatchet, or Mallet",Tools & Home Improvement > Storage & Home Organization > Tool Organizers > Tool Holsters,US,19.99,5.6,1.6,4.47,0.15,307.0,56.0,4.6,0.55,10000,1.0,20.0,50,25.0,20.0,20.0,75,35,65.0,B,"observed:price,sales,reviews,rating,fba_fee; estimated:search_volume,cpc",estimated_default_costs,Imported from Sorftime; ASIN B0DJ2BX5F6; brand Holstery
category:Tool Holsters,553582,Tool Holsters,Tools & Home Improvement > Storage & Home Organization > Tool Organizers > Tool Holsters,B0F9PGQTKC,,"1 Pcs Holster Wedge，Comfortable Holster Pillow,Soft Foam Appendix Carry Wedge for IWB Holsters",Tools & Home Improvement > Storage & Home Organization > Tool Organizers > Tool Holsters,US,14.69,4.11,1.18,3.93,0.15,276.0,100.0,4.4,0.55,10000,1.0,20.0,50,25.0,20.0,20.0,75,35,65.0,B,"observed:price,sales,reviews,rating,fba_fee; estimated:search_volume,cpc",estimated_default_costs,Imported from Sorftime; ASIN B0F9PGQTKC; brand HOGIKUO
category:Tool Holsters,553582,Tool Holsters,Tools & Home Improvement > Storage & Home Organization > Tool Organizers > Tool Holsters,B0DNRL1TWB,,Nöhlster Locking Drill Clip – A Tool Holster Alternative for Cordless Drills and Impact Drivers – The Security of a Holster. The Simplicity of a Clip. No Holster Required. (2-Pack),Tools & Home Improvement > Storage & Home Organization > Tool Organizers > Tool Holsters,US,34.99,9.8,2.8,5.6,0.15,271.0,353.0,4.5,0.55,10000,1.0,20.0,50,25.0,20.0,20.0,75,35,65.0,B,"observed:price,sales,reviews,rating,fba_fee; estimated:search_volume,cpc",estimated_default_costs,Imported from Sorftime; ASIN B0DNRL1TWB; brand NÖHLSTER
category:Tool Holsters,553582,Tool Holsters,Tools & Home Improvement > Storage & Home Organization > Tool Organizers > Tool Holsters,B0042SVTBA,,"Klein Tools 5196 Tape Measure Holder, Leather, Large",Tools & Home Improvement > Storage & Home Organization > Tool Organizers > Tool Holsters,US,15.99,4.48,1.28,4.47,0.15,255.0,1355.0,4.4,0.55,10000,1.0,20.0,50,25.0,20.0,20.0,75,35,65.0,B,"observed:price,sales,reviews,rating,fba_fee; estimated:search_volume,cpc",estimated_default_costs,Imported from Sorftime; ASIN B0042SVTBA; brand KLEIN TOOLS
category:Tool Holsters,553582,Tool Holsters,Tools & Home Improvement > Storage & Home Organization > Tool Organizers > Tool Holsters,B0D79MBGLH,,"Drill Holder, Power Tool Organizer, Utility Storage Rack | Universal Wall Mount Cordless tools holder fits most drills like Milwaukee and Dewalt (2-PACK) (Black)",Tools & Home Improvement > Storage & Home Organization > Tool Organizers > Tool Holsters,US,24.99,7.0,2.0,5.36,0.15,234.0,254.0,4.3,0.55,10000,1.0,20.0,50,25.0,20.0,20.0,75,35,65.0,B,"observed:price,sales,reviews,rating,fba_fee; estimated:search_volume,cpc",estimated_default_costs,Imported from Sorftime; ASIN B0D79MBGLH; brand CADDY
category:Tool Holsters,553582,Tool Holsters,Tools & Home Improvement > Storage & Home Organization > Tool Organizers > Tool Holsters,B0GHH8VDQ1,,"XAVRIX Heavy Duty Glove & Hat Clip with Carabiner, All-Metal Spring Clamp Work Glove Holder for Tool Belt, Harness, Backpack",Tools & Home Improvement > Storage & Home Organization > Tool Organizers > Tool Holsters,US,18.8,5.26,1.5,4.18,0.15,230.0,5.0,3.6,0.55,10000,1.0,20.0,50,25.0,20.0,20.0,75,35,65.0,B,"observed:price,sales,reviews,rating,fba_fee; estimated:search_volume,cpc",estimated_default_costs,Imported from Sorftime; ASIN B0GHH8VDQ1; brand XAVRIX
category:Tool Holsters,553582,Tool Holsters,Tools & Home Improvement > Storage & Home Organization > Tool Organizers > Tool Holsters,B0DNH3K85Y,,Heavy Duty 2 Piece Non-Slip Magnetic Tool Belt Clip for Hammers and Drills,Tools & Home Improvement > Storage & Home Organization > Tool Organizers > Tool Holsters,US,12.99,3.64,1.04,4.44,0.15,229.0,131.0,4.2,0.55,10000,1.0,20.0,50,25.0,20.0,20.0,75,35,65.0,B,"observed:price,sales,reviews,rating,fba_fee; estimated:search_volume,cpc",estimated_default_costs,Imported from Sorftime; ASIN B0DNH3K85Y; brand Zihvfzu
category:Tool Holsters,553582,Tool Holsters,Tools & Home Improvement > Storage & Home Organization > Tool Organizers > Tool Holsters,B0G16724X5,,"FESA Spud Wrench Holder, Full Grain Leather, Holds 3 Wrenches",Tools & Home Improvement > Storage & Home Organization > Tool Organizers > Tool Holsters,US,35.99,10.08,2.88,6.48,0.15,218.0,30.0,4.2,0.55,10000,1.0,20.0,50,25.0,20.0,20.0,65,20,53.8,C,"observed:price,sales,reviews,rating; estimated:fba_fee,search_volume,cpc",estimated_default_costs,Imported from Sorftime; ASIN B0G16724X5; brand FESA
category:Tool Holsters,553582,Tool Holsters,Tools & Home Improvement > Storage & Home Organization > Tool Organizers > Tool Holsters,B0FLT5SMG5,,Window Cleaning Holster with Belt and Quick-Connect Leg Strap,Tools & Home Improvement > Storage & Home Organization > Tool Organizers > Tool Holsters,US,22.78,6.38,1.82,5.95,0.15,218.0,57.0,4.3,0.55,10000,1.0,20.0,50,25.0,20.0,20.0,75,35,65.0,B,"observed:price,sales,reviews,rating,fba_fee; estimated:search_volume,cpc",estimated_default_costs,Imported from Sorftime; ASIN B0FLT5SMG5; brand Generic
category:Tool Holsters,553582,Tool Holsters,Tools & Home Improvement > Storage & Home Organization > Tool Organizers > Tool Holsters,B0BV62H313,,"HolsterBuilder Discreet Carry Concept Clip, Tuckable Ambidextrous IWB Holster Belt Clip with Mounting Hardware and Pre-Drilled Holes for Secure Concealment",Tools & Home Improvement > Storage & Home Organization > Tool Organizers > Tool Holsters,US,19.99,5.6,1.6,3.25,0.15,209.0,67.0,4.3,0.55,10000,1.0,20.0,50,25.0,20.0,20.0,75,35,65.0,B,"observed:price,sales,reviews,rating,fba_fee; estimated:search_volume,cpc",estimated_default_costs,Imported from Sorftime; ASIN B0BV62H313; brand HolsterBuilder
category:Tool Holsters,553582,Tool Holsters,Tools & Home Improvement > Storage & Home Organization > Tool Organizers > Tool Holsters,B0F2M4Q9ZS,,"Monliful 60 pcs Magnetic Modular Wrench Organizer Wrench Holder - Wrenchs Tool Organizers for Tool Drawer Storage, Wrenchs Rack with Metric SAE Labels, Tool Storage Set Holder Festival for Mechanics",Tools & Home Improvement > Storage & Home Organization > Tool Organizers > Tool Holsters,US,23.69,6.63,1.9,5.74,0.15,200.0,50.0,4.5,0.55,10000,1.0,20.0,50,25.0,20.0,20.0,75,35,65.0,B,"observed:price,sales,reviews,rating,fba_fee; estimated:search_volume,cpc",estimated_default_costs,Imported from Sorftime; ASIN B0F2M4Q9ZS; brand Monliful
category:Tool Pouches,322568011,Tool Pouches,Tools & Home Improvement > Storage & Home Organization > Tool Organizers > Tool Pouches,B08WJHZKKS,,"AWP Tool Pouch, Electrician Tool Pouch, Premium, Professional Multi-Pocket Organizer",Tools & Home Improvement > Storage & Home Organization > Tool Organizers > Tool Pouches,US,13.99,3.92,1.12,4.89,0.15,1243.0,1757.0,4.5,0.55,10000,1.0,20.0,50,25.0,20.0,20.0,75,35,65.0,B,"observed:price,sales,reviews,rating,fba_fee; estimated:search_volume,cpc",estimated_default_costs,Imported from Sorftime; ASIN B08WJHZKKS; brand AWP
category:Tool Pouches,322568011,Tool Pouches,Tools & Home Improvement > Storage & Home Organization > Tool Organizers > Tool Pouches,B0CLYN2NWP,,"Klein Tools MODbox Tool Pouch, Electrician Bag, Quickly Attach and Release from Tool Belts and MODBox Rail System",Tools & Home Improvement > Storage & Home Organization > Tool Organizers > Tool Pouches,US,19.98,5.59,1.6,6.38,0.15,964.0,329.0,4.2,0.55,10000,1.0,20.0,50,25.0,20.0,20.0,75,35,65.0,B,"observed:price,sales,reviews,rating,fba_fee; estimated:search_volume,cpc",estimated_default_costs,Imported from Sorftime; ASIN B0CLYN2NWP; brand KLEIN TOOLS
category:Tool Pouches,322568011,Tool Pouches,Tools & Home Improvement > Storage & Home Organization > Tool Organizers > Tool Pouches,B0G24G9R88,,"MAXPEDITION Platy Pocket Organizer, Durable EDC Tool Pouch for Men, Neck Wallet with Paracord Lanyard, Holds Flashlight, Multitool, Pen, Notebook",Tools & Home Improvement > Storage & Home Organization > Tool Organizers > Tool Pouches,US,23.99,6.72,1.92,3.94,0.15,769.0,404.0,4.6,0.55,10000,1.0,20.0,50,25.0,20.0,20.0,75,35,65.0,B,"observed:price,sales,reviews,rating,fba_fee; estimated:search_volume,cpc",estimated_default_costs,Imported from Sorftime; ASIN B0G24G9R88; brand Maxpedition
category:Tool Pouches,322568011,Tool Pouches,Tools & Home Improvement > Storage & Home Organization > Tool Organizers > Tool Pouches,B004TTEI9M,,"AWP Ballistic Nylon Mini Tool Pouch Multi-Pocket Organizer for Electricians, Professional Tool Box for Efficient Organization, Black/Gray | 1L-23021-2",Tools & Home Improvement > Storage & Home Organization > Tool Organizers > Tool Pouches,US,16.23,4.54,1.3,5.77,0.15,439.0,1097.0,4.5,0.55,10000,1.0,20.0,50,25.0,20.0,20.0,75,35,65.0,B,"observed:price,sales,reviews,rating,fba_fee; estimated:search_volume,cpc",estimated_default_costs,Imported from Sorftime; ASIN B004TTEI9M; brand AWP
category:Tool Pouches,322568011,Tool Pouches,Tools & Home Improvement > Storage & Home Organization > Tool Organizers > Tool Pouches,B0F13C9HZB,,"2PCS Wrench Roll Up Pouch, Wrench Organizer Roll, Canvas Tool Roll Up Bag",Tools & Home Improvement > Storage & Home Organization > Tool Organizers > Tool Pouches,US,15.99,4.48,1.28,3.77,0.15,404.0,128.0,4.5,0.55,10000,1.0,20.0,50,25.0,20.0,20.0,75,35,65.0,B,"observed:price,sales,reviews,rating,fba_fee; estimated:search_volume,cpc",estimated_default_costs,Imported from Sorftime; ASIN B0F13C9HZB; brand zavcurp
category:Tool Pouches,322568011,Tool Pouches,Tools & Home Improvement > Storage & Home Organization > Tool Organizers > Tool Pouches,B0CLX1RT57,,Mini Sax X,Tools & Home Improvement > Storage & Home Organization > Tool Organizers > Tool Pouches,US,25.0,7.0,2.0,4.46,0.15,381.0,135.0,4.4,0.55,10000,1.0,20.0,50,25.0,20.0,20.0,75,35,65.0,B,"observed:price,sales,reviews,rating,fba_fee; estimated:search_volume,cpc",estimated_default_costs,Imported from Sorftime; ASIN B0CLX1RT57; brand Diamondback
category:Tool Pouches,322568011,Tool Pouches,Tools & Home Improvement > Storage & Home Organization > Tool Organizers > Tool Pouches,B0DN6QQFGB,,"MELOTOUGH Small Tool Pouch Electrican Clip on Tool Pouch,Tool Belt Pouch with Belt Holster Mini Electrican Tool Holder with Sanp Clip",Tools & Home Improvement > Storage & Home Organization > Tool Organizers > Tool Pouches,US,12.9,3.61,1.03,4.19,0.15,363.0,550.0,4.5,0.55,10000,1.0,20.0,50,25.0,20.0,20.0,75,35,65.0,B,"observed:price,sales,reviews,rating,fba_fee; estimated:search_volume,cpc",estimated_default_costs,Imported from Sorftime; ASIN B0DN6QQFGB; brand MELOTOUGH
category:Tool Pouches,322568011,Tool Pouches,Tools & Home Improvement > Storage & Home Organization > Tool Organizers > Tool Pouches,B0BVDPHHJM,,"Joey Pouch PRO | Clip-On Tool Belt Bag for Tools, Screws, and Nails - Great for an Electrician, HVAC Tech, Plumber, Carpenter, Contractor, Handy Man, and Any Tradesperson - Metal Clip",Tools & Home Improvement > Storage & Home Organization > Tool Organizers > Tool Pouches,US,39.99,11.2,3.2,6.58,0.15,362.0,224.0,4.6,0.55,10000,1.0,20.0,50,25.0,20.0,20.0,75,35,65.0,B,"observed:price,sales,reviews,rating,fba_fee; estimated:search_volume,cpc",estimated_default_costs,Imported from Sorftime; ASIN B0BVDPHHJM; brand Holstery
category:Tool Pouches,322568011,Tool Pouches,Tools & Home Improvement > Storage & Home Organization > Tool Organizers > Tool Pouches,B07HGW9PF1,,"Graintex 5 Pocket Suede Leather Tool Belt/Bag | Pink | Multipurpose Leather Tool Belt for Women and Men | Construction, Electrician, Handymen, Carpenter, Gardening Pouch and DIY Projects",Tools & Home Improvement > Storage & Home Organization > Tool Organizers > Tool Pouches,US,31.99,8.96,2.56,8.02,0.15,335.0,744.0,4.5,0.55,10000,1.0,20.0,50,25.0,20.0,20.0,75,35,65.0,B,"observed:price,sales,reviews,rating,fba_fee; estimated:search_volume,cpc",estimated_default_costs,Imported from Sorftime; ASIN B07HGW9PF1; brand Graintex
category:Tool Pouches,322568011,Tool Pouches,Tools & Home Improvement > Storage & Home Organization > Tool Organizers > Tool Pouches,B0F83T4D9C,,"MELOTOUGH Pocket Tool Belt Pouch-Small Tool Pouch with Quick Release Belt Clip,Clip on Larger Pockets & Loop, Clip on-Tool Holder Accessory",Tools & Home Improvement > Storage & Home Organization > Tool Organizers > Tool Pouches,US,24.98,6.99,2.0,6.22,0.15,323.0,82.0,4.4,0.55,10000,1.0,20.0,50,25.0,20.0,20.0,75,35,65.0,B,"observed:price,sales,reviews,rating,fba_fee; estimated:search_volume,cpc",estimated_default_costs,Imported from Sorftime; ASIN B0F83T4D9C; brand MELOTOUGH
category:Tool Pouches,322568011,Tool Pouches,Tools & Home Improvement > Storage & Home Organization > Tool Organizers > Tool Pouches,B00GBSCFVC,,"Dickies 8-Pocket Padded Tool Belt/Utility Pouch, Adjustable 3-Inch Belt, Durable Canvas Construction, Tan/Grey",Tools & Home Improvement > Storage & Home Organization > Tool Organizers > Tool Pouches,US,34.99,9.8,2.8,8.03,0.15,316.0,1700.0,4.6,0.55,10000,1.0,20.0,50,25.0,20.0,20.0,75,35,65.0,B,"observed:price,sales,reviews,rating,fba_fee; estimated:search_volume,cpc",estimated_default_costs,Imported from Sorftime; ASIN B00GBSCFVC; brand Dickies
category:Tool Pouches,322568011,Tool Pouches,Tools & Home Improvement > Storage & Home Organization > Tool Organizers > Tool Pouches,B000VAC3ZY,,"CLC Custom Leathercraft 700 Tool Pouch, Heavy Duty, 5-Pocket, Tan",Tools & Home Improvement > Storage & Home Organization > Tool Organizers > Tool Pouches,US,19.39,5.43,1.55,4.89,0.15,305.0,1430.0,4.6,0.55,10000,1.0,20.0,50,25.0,20.0,20.0,75,35,65.0,B,"observed:price,sales,reviews,rating,fba_fee; estimated:search_volume,cpc",estimated_default_costs,Imported from Sorftime; ASIN B000VAC3ZY; brand Custom Leathercraft
category:Tool Pouches,322568011,Tool Pouches,Tools & Home Improvement > Storage & Home Organization > Tool Organizers > Tool Pouches,B0CJTZ3M8R,,"SOGCASE Tool Pouch Nails Screws Bag with Belt Clip (XL, Black)",Tools & Home Improvement > Storage & Home Organization > Tool Organizers > Tool Pouches,US,13.99,3.92,1.12,4.19,0.15,293.0,282.0,4.5,0.55,10000,1.0,20.0,50,25.0,20.0,20.0,75,35,65.0,B,"observed:price,sales,reviews,rating,fba_fee; estimated:search_volume,cpc",estimated_default_costs,Imported from Sorftime; ASIN B0CJTZ3M8R; brand SOGCASE
category:Tool Pouches,322568011,Tool Pouches,Tools & Home Improvement > Storage & Home Organization > Tool Organizers > Tool Pouches,B0BZVWLJBK,,"MELOTOUGH Pocket Tool Pouch Tool Belt Pouches with Belt Clip Utility Mini Tool Organizer Pouch for Electrician,Carpenter,Construction,Technician",Tools & Home Improvement > Storage & Home Organization > Tool Organizers > Tool Pouches,US,17.99,5.04,1.44,5.36,0.15,276.0,550.0,4.6,0.55,10000,1.0,20.0,50,25.0,20.0,20.0,75,35,65.0,B,"observed:price,sales,reviews,rating,fba_fee; estimated:search_volume,cpc",estimated_default_costs,Imported from Sorftime; ASIN B0BZVWLJBK; brand MELOTOUGH
category:Tool Pouches,322568011,Tool Pouches,Tools & Home Improvement > Storage & Home Organization > Tool Organizers > Tool Pouches,B0FQHQHTQZ,,MELOTOUGH Professional Small Electrician Tool Pouch for Tool Belt Pockets with Belt Clip Attachment Pockets Tradesman Tool Bag Pouch with Tape Thong Tool Holster,Tools & Home Improvement > Storage & Home Organization > Tool Organizers > Tool Pouches,US,28.98,8.11,2.32,6.37,0.15,271.0,62.0,4.4,0.55,10000,1.0,20.0,50,25.0,20.0,20.0,75,35,65.0,B,"observed:price,sales,reviews,rating,fba_fee; estimated:search_volume,cpc",estimated_default_costs,Imported from Sorftime; ASIN B0FQHQHTQZ; brand MELOTOUGH
category:Tool Pouches,322568011,Tool Pouches,Tools & Home Improvement > Storage & Home Organization > Tool Organizers > Tool Pouches,B0DZ29V8WK,,"KUNN Electrician Tool Pouch with Belt Clip - 7-Pocket Lightweight Small Tool Belt Pouches for Carpenters, Technicians, HVAC - Heavy Duty Multi-Pocket Organizer for Construction, Maintenance, DIY Tools",Tools & Home Improvement > Storage & Home Organization > Tool Organizers > Tool Pouches,US,18.99,5.32,1.52,5.77,0.15,268.0,139.0,4.4,0.55,10000,1.0,20.0,50,25.0,20.0,20.0,75,35,65.0,B,"observed:price,sales,reviews,rating,fba_fee; estimated:search_volume,cpc",estimated_default_costs,Imported from Sorftime; ASIN B0DZ29V8WK; brand KUNN
category:Tool Pouches,322568011,Tool Pouches,Tools & Home Improvement > Storage & Home Organization > Tool Organizers > Tool Pouches,B0D1NBKQYR,,Zeluga Saddle Leather 3 Pocket Linesmen and Electricians Tool Holder,Tools & Home Improvement > Storage & Home Organization > Tool Organizers > Tool Pouches,US,20.95,5.87,1.68,5.77,0.15,267.0,132.0,4.6,0.55,10000,1.0,20.0,50,25.0,20.0,20.0,75,35,65.0,B,"observed:price,sales,reviews,rating,fba_fee; estimated:search_volume,cpc",estimated_default_costs,Imported from Sorftime; ASIN B0D1NBKQYR; brand Zeluga
category:Tool Pouches,322568011,Tool Pouches,Tools & Home Improvement > Storage & Home Organization > Tool Organizers > Tool Pouches,B0F183P94R,,"FESA Small Leather Tool Pouch - 5-in-1 Heavy Top Grain Leather Small Tool Pouch with a Steel Hammer Loop, 4 Pockets & Reinforced Heavy Duty Rivets - Fits Belts up to 3“ - Handcrafted",Tools & Home Improvement > Storage & Home Organization > Tool Organizers > Tool Pouches,US,35.99,10.08,2.88,5.37,0.15,251.0,215.0,4.5,0.55,10000,1.0,20.0,50,25.0,20.0,20.0,75,35,65.0,B,"observed:price,sales,reviews,rating,fba_fee; estimated:search_volume,cpc",estimated_default_costs,Imported from Sorftime; ASIN B0F183P94R; brand FESA
category:Tool Pouches,322568011,Tool Pouches,Tools & Home Improvement > Storage & Home Organization > Tool Organizers > Tool Pouches,B00GK4U0UA,,"Bucket Boss - Tool Pouch with FlapFit, Pouches - Original Series (54140), Brown",Tools & Home Improvement > Storage & Home Organization > Tool Organizers > Tool Pouches,US,16.19,4.53,1.3,6.22,0.15,234.0,967.0,4.5,0.55,10000,1.0,20.0,50,25.0,20.0,20.0,75,35,65.0,B,"observed:price,sales,reviews,rating,fba_fee; estimated:search_volume,cpc",estimated_default_costs,Imported from Sorftime; ASIN B00GK4U0UA; brand Bucket Boss
category:Tool Pouches,322568011,Tool Pouches,Tools & Home Improvement > Storage & Home Organization > Tool Organizers > Tool Pouches,B0F9WLW5WQ,,"Belt Tool Pouch,Tactical Utility Pouch, Heavy-Duty Nylon EDC Multitool Organizer,Cell Phone Holder, Multi-Pockets Tool Holster Sheath Bag for Electricians Handymen Work Maintenance Dailylife Hiking",Tools & Home Improvement > Storage & Home Organization > Tool Organizers > Tool Pouches,US,13.99,3.92,1.12,4.18,0.15,228.0,76.0,4.1,0.55,10000,1.0,20.0,50,25.0,20.0,20.0,75,35,65.0,B,"observed:price,sales,reviews,rating,fba_fee; estimated:search_volume,cpc",estimated_default_costs,Imported from Sorftime; ASIN B0F9WLW5WQ; brand FAUDRECRO
category:Tool Pouches,322568011,Tool Pouches,Tools & Home Improvement > Storage & Home Organization > Tool Organizers > Tool Pouches,B0002RI61G,,Klein Tools 5125 Canvas and Leather 5-Pocket Tool Pouch with Chain Tape Thong and Tunnel Belt Connection,Tools & Home Improvement > Storage & Home Organization > Tool Organizers > Tool Pouches,US,44.99,12.6,3.6,6.22,0.15,228.0,830.0,4.6,0.55,10000,1.0,20.0,50,25.0,20.0,20.0,75,35,65.0,B,"observed:price,sales,reviews,rating,fba_fee; estimated:search_volume,cpc",estimated_default_costs,Imported from Sorftime; ASIN B0002RI61G; brand KLEIN TOOLS
category:Tool Pouches,322568011,Tool Pouches,Tools & Home Improvement > Storage & Home Organization > Tool Organizers > Tool Pouches,B0DRFBSY9L,,"MELOTOUGH 7-Pocket Technician Pouch-Small Pocket Tool Belt Pouch with Belt Clip,Clip on Larger Pockets & Loop, Clip on-Tool Holder Accessory",Tools & Home Improvement > Storage & Home Organization > Tool Organizers > Tool Pouches,US,23.98,6.71,1.92,6.21,0.15,226.0,63.0,4.1,0.55,10000,1.0,20.0,50,25.0,20.0,20.0,75,35,65.0,B,"observed:price,sales,reviews,rating,fba_fee; estimated:search_volume,cpc",estimated_default_costs,Imported from Sorftime; ASIN B0DRFBSY9L; brand MELOTOUGH
category:Tool Pouches,322568011,Tool Pouches,Tools & Home Improvement > Storage & Home Organization > Tool Organizers > Tool Pouches,B0FWQ92XWB,,"WELKINLAND LayFlat Tool Pouch Organizer, 5-Pocket 13-Inch Small Tool Bag | Heavy-Duty Waxed Canvas Tool Pouch, Wide-Open Tool Pouch Bag,Quick-Access Tool Pouch Zipper, Easy-Organized Mechanic Tool Bag",Tools & Home Improvement > Storage & Home Organization > Tool Organizers > Tool Pouches,US,35.99,10.08,2.88,6.6,0.15,221.0,88.0,4.6,0.55,10000,1.0,20.0,50,25.0,20.0,20.0,75,35,65.0,B,"observed:price,sales,reviews,rating,fba_fee; estimated:search_volume,cpc",estimated_default_costs,Imported from Sorftime; ASIN B0FWQ92XWB; brand WELKINLAND
category:Tool Pouches,322568011,Tool Pouches,Tools & Home Improvement > Storage & Home Organization > Tool Organizers > Tool Pouches,B0DN16V72X,,"MELOTOUGH Electrician Tool Pouch Lightweight Belt Organizer with Tape Holder & Speed Square Slot for Wiring Construction & DIY​ Tool Holster with 13 Pockets,Utility Pouch for HVAC Technicians",Tools & Home Improvement > Storage & Home Organization > Tool Organizers > Tool Pouches,US,19.98,5.59,1.6,6.78,0.15,220.0,185.0,4.5,0.55,10000,1.0,20.0,50,25.0,20.0,20.0,75,35,65.0,B,"observed:price,sales,reviews,rating,fba_fee; estimated:search_volume,cpc",estimated_default_costs,Imported from Sorftime; ASIN B0DN16V72X; brand MELOTOUGH
category:Tool Pouches,322568011,Tool Pouches,Tools & Home Improvement > Storage & Home Organization > Tool Organizers > Tool Pouches,B0DD3H5FN8,,"Nail/Screw Work Pouch,Metal Clip-On Tool Pouch for Tools Screws and Nails,Ideal for Electrician Plumber Carpenter Contractor Handy Man and Any Tradesperson",Tools & Home Improvement > Storage & Home Organization > Tool Organizers > Tool Pouches,US,14.99,4.2,1.2,4.11,0.15,217.0,64.0,4.6,0.55,10000,1.0,20.0,50,25.0,20.0,20.0,75,35,65.0,B,"observed:price,sales,reviews,rating,fba_fee; estimated:search_volume,cpc",estimated_default_costs,Imported from Sorftime; ASIN B0DD3H5FN8; brand AJFHKJ
category:Tool Pouches,322568011,Tool Pouches,Tools & Home Improvement > Storage & Home Organization > Tool Organizers > Tool Pouches,B0FYRQFYL8,,"FESA Small Electrician‘s Tool Pouch - Leather 7-in-1 Small Tool Pouch with Steel Tape Measure or Drill Clip, Tape T-Chain & 5 Pockets - Clip On Any Belt - Handcrafted",Tools & Home Improvement > Storage & Home Organization > Tool Organizers > Tool Pouches,US,34.99,9.8,2.8,5.76,0.15,208.0,50.0,4.6,0.55,10000,1.0,20.0,50,25.0,20.0,20.0,75,35,65.0,B,"observed:price,sales,reviews,rating,fba_fee; estimated:search_volume,cpc",estimated_default_costs,Imported from Sorftime; ASIN B0FYRQFYL8; brand FESA
category:Tool Pouches,322568011,Tool Pouches,Tools & Home Improvement > Storage & Home Organization > Tool Organizers > Tool Pouches,B0DZ1XH55C,,"DuraTech Tool Pouch with Belt Clip, Electrician Tool Pouch with Tape Measure Holder & Hammer Loop, Quick Release Buckle, Expandable Support Frame, Ideal for Construction, Carpentry and Handyman Use",Tools & Home Improvement > Storage & Home Organization > Tool Organizers > Tool Pouches,US,17.99,5.04,1.44,6.38,0.15,205.0,64.0,4.4,0.55,10000,1.0,20.0,50,25.0,20.0,20.0,75,35,65.0,B,"observed:price,sales,reviews,rating,fba_fee; estimated:search_volume,cpc",estimated_default_costs,Imported from Sorftime; ASIN B0DZ1XH55C; brand DURATECH
category:Tool Pouches,322568011,Tool Pouches,Tools & Home Improvement > Storage & Home Organization > Tool Organizers > Tool Pouches,B0FYJPMPTN,,"FESA Leather Carpenter Tool Pouch - 10-Pocket Heavy Top Grain Leather Carpenter Pouch with 2 Hammer Loops, Large & Small Pockets - Fits Work Belts up to 3“ - Handcrafted - Country-Themed",Tools & Home Improvement > Storage & Home Organization > Tool Organizers > Tool Pouches,US,44.99,12.6,3.6,7.83,0.15,202.0,105.0,4.4,0.55,10000,1.0,20.0,50,25.0,20.0,20.0,75,35,65.0,B,"observed:price,sales,reviews,rating,fba_fee; estimated:search_volume,cpc",estimated_default_costs,Imported from Sorftime; ASIN B0FYJPMPTN; brand FESA
category:Tool Pouches,322568011,Tool Pouches,Tools & Home Improvement > Storage & Home Organization > Tool Organizers > Tool Pouches,B0B5DRGQXM,,Zeluga 6 Pocket Leather Electrician Tool Pouch,Tools & Home Improvement > Storage & Home Organization > Tool Organizers > Tool Pouches,US,27.95,7.83,2.24,8.02,0.15,200.0,365.0,4.4,0.55,10000,1.0,20.0,50,25.0,20.0,20.0,75,35,65.0,B,"observed:price,sales,reviews,rating,fba_fee; estimated:search_volume,cpc",estimated_default_costs,Imported from Sorftime; ASIN B0B5DRGQXM; brand Zeluga
category:Tool Trays,15709201,Tool Trays,Tools & Home Improvement > Storage & Home Organization > Tool Organizers > Tool Trays,B0CJJD5BZQ,,"Magnetic Socket Organizer Set, 6PCS Socket Holder, 1/4“, 3/8“, 1/2“ Sockets Holds 143 Pieces Magnetic Sockets Trays (Blue&red, 6 Pcs)",Tools & Home Improvement > Storage & Home Organization > Tool Organizers > Tool Trays,US,36.99,10.36,2.96,9.32,0.15,3273.0,689.0,4.5,0.55,10000,1.0,20.0,50,25.0,20.0,20.0,75,35,65.0,B,"observed:price,sales,reviews,rating,fba_fee; estimated:search_volume,cpc",estimated_default_costs,Imported from Sorftime; ASIN B0CJJD5BZQ; brand SWANLAKE GARDEN TOOLS
category:Tool Trays,15709201,Tool Trays,Tools & Home Improvement > Storage & Home Organization > Tool Organizers > Tool Trays,B0CZQJL89S,,"SWANLAKE Socket Organizer Set 18-Piece, 1/4-Inch x 96 Clips, 3/8-Inch x 90 Clips, 1/2-Inch x 72 Clips, Socket Organizer for Tool Box Drawer, Drive Socket Trays, Socket Holder Clip Rail",Tools & Home Improvement > Storage & Home Organization > Tool Organizers > Tool Trays,US,29.99,8.4,2.4,7.76,0.15,2610.0,742.0,4.5,0.55,10000,1.0,20.0,50,25.0,20.0,20.0,75,35,65.0,B,"observed:price,sales,reviews,rating,fba_fee; estimated:search_volume,cpc",estimated_default_costs,Imported from Sorftime; ASIN B0CZQJL89S; brand SWANLAKE GARDEN TOOLS
category:Tool Trays,15709201,Tool Trays,Tools & Home Improvement > Storage & Home Organization > Tool Organizers > Tool Trays,B0BFHRVW9W,,"AMM 9PCS Socket organizer, 1/4' 3/8' 1/2' Drive Heavy duty socket holder",Tools & Home Improvement > Storage & Home Organization > Tool Organizers > Tool Trays,US,16.86,4.72,1.35,6.3,0.15,2301.0,2081.0,4.5,0.55,10000,1.0,20.0,50,25.0,20.0,20.0,75,35,65.0,B,"observed:price,sales,reviews,rating,fba_fee; estimated:search_volume,cpc",estimated_default_costs,Imported from Sorftime; ASIN B0BFHRVW9W; brand AMM
category:Tool Trays,15709201,Tool Trays,Tools & Home Improvement > Storage & Home Organization > Tool Organizers > Tool Trays,B0C65B5VXC,,"WORKPRO 2-Pack Magnetic Wrench Organizer, 12-Piece Wrench Holder Set",Tools & Home Improvement > Storage & Home Organization > Tool Organizers > Tool Trays,US,16.99,4.76,1.36,5.73,0.15,1518.0,782.0,4.5,0.55,10000,1.0,20.0,50,25.0,20.0,20.0,75,35,65.0,B,"observed:price,sales,reviews,rating,fba_fee; estimated:search_volume,cpc",estimated_default_costs,Imported from Sorftime; ASIN B0C65B5VXC; brand WORKPRO
category:Tool Trays,15709201,Tool Trays,Tools & Home Improvement > Storage & Home Organization > Tool Organizers > Tool Trays,B0D3TCVJPK,,"Magnetic Socket Holder Organizer Set: 9-Piece Detachable 1/4, 3/8, 1/2 Socket Trays Socket Organizer for Tool Box Drawer Holds 120-Piece Standard Size Sockets for Automotive Garage(Blue Red Green)",Tools & Home Improvement > Storage & Home Organization > Tool Organizers > Tool Trays,US,39.99,11.2,3.2,8.25,0.15,1412.0,265.0,4.4,0.55,10000,1.0,20.0,50,25.0,20.0,20.0,75,35,65.0,B,"observed:price,sales,reviews,rating,fba_fee; estimated:search_volume,cpc",estimated_default_costs,Imported from Sorftime; ASIN B0D3TCVJPK; brand SEDY
category:Tool Trays,15709201,Tool Trays,Tools & Home Improvement > Storage & Home Organization > Tool Organizers > Tool Trays,B0DXKT2ZQ3,,3Pcs Collapsible Magnetic Parts Tray Set with 15Lb Magnetic Pickup Pen | 3 Different Size Silicone Foldable Tool for Organizing Screw Bolts Nuts Washers Pins and Other Small Metal Parts,Tools & Home Improvement > Storage & Home Organization > Tool Organizers > Tool Trays,US,19.99,5.6,1.6,6.24,0.15,773.0,375.0,4.5,0.55,10000,1.0,20.0,50,25.0,20.0,20.0,75,35,65.0,B,"observed:price,sales,reviews,rating,fba_fee; estimated:search_volume,cpc",estimated_default_costs,Imported from Sorftime; ASIN B0DXKT2ZQ3; brand TOOLEAGUE
category:Tool Trays,15709201,Tool Trays,Tools & Home Improvement > Storage & Home Organization > Tool Organizers > Tool Trays,B0CR6NSTZN,,"Tool Box Organizer Tray, 60 PCS & 5 Sizes, Blue and Green",Tools & Home Improvement > Storage & Home Organization > Tool Organizers > Tool Trays,US,26.99,7.56,2.16,8.78,0.15,631.0,813.0,4.5,0.55,10000,1.0,20.0,50,25.0,20.0,20.0,75,35,65.0,B,"observed:price,sales,reviews,rating,fba_fee; estimated:search_volume,cpc",estimated_default_costs,Imported from Sorftime; ASIN B0CR6NSTZN; brand FLYVOLE
category:Tool Trays,15709201,Tool Trays,Tools & Home Improvement > Storage & Home Organization > Tool Organizers > Tool Trays,B0FD3DG5LX,,"A-LuGei 【𝗙𝗶𝘁𝘀𝟭𝟬𝟬+ 𝗧𝗼𝗼𝗹𝘀】 Tool Box Organizer Garage Organization | 【𝟴𝟬𝗣cs-𝟲𝙎𝙄𝙕𝙀】 Garage Organization and Storage Tray Divider Set, Desk Drawer Organizer, Toolbox for Rolling Tool Chest",Tools & Home Improvement > Storage & Home Organization > Tool Organizers > Tool Trays,US,33.99,9.52,2.72,9.94,0.15,545.0,997.0,4.6,0.55,10000,1.0,20.0,50,25.0,20.0,20.0,75,35,65.0,B,"observed:price,sales,reviews,rating,fba_fee; estimated:search_volume,cpc",estimated_default_costs,Imported from Sorftime; ASIN B0FD3DG5LX; brand A-LuGei
category:Tool Trays,15709201,Tool Trays,Tools & Home Improvement > Storage & Home Organization > Tool Organizers > Tool Trays,B0CMZBL8CB,,"NOEAIKE 2-Pack 3/8 Inch Magnetic Socket Organizer Metric &SAE | Sockets Holder Set 3/8“ Drive Socket Trays, Holds 56 Pcs Standard and Deep Size Sockets(Socket not Included)",Tools & Home Improvement > Storage & Home Organization > Tool Organizers > Tool Trays,US,22.99,6.44,1.84,7.8,0.15,435.0,468.0,4.6,0.55,10000,1.0,20.0,50,25.0,20.0,20.0,75,35,65.0,B,"observed:price,sales,reviews,rating,fba_fee; estimated:search_volume,cpc",estimated_default_costs,Imported from Sorftime; ASIN B0CMZBL8CB; brand NOEAIKE
category:Tool Trays,15709201,Tool Trays,Tools & Home Improvement > Storage & Home Organization > Tool Organizers > Tool Trays,B0FD3D299R,,A-LuGei 【𝟲 𝗦𝗜𝗭𝗘】 Tool Box Organizer Tray Set Drawer Organizer Divider | 【Fits 100+ Tools】 Extra-Thick Plastic for Tool Chest Cart Desk Drawer Organizer Garage Organization Workbench Office Storage,Tools & Home Improvement > Storage & Home Organization > Tool Organizers > Tool Trays,US,39.99,11.2,3.2,10.42,0.15,428.0,346.0,4.4,0.55,10000,1.0,20.0,50,25.0,20.0,20.0,75,35,65.0,B,"observed:price,sales,reviews,rating,fba_fee; estimated:search_volume,cpc",estimated_default_costs,Imported from Sorftime; ASIN B0FD3D299R; brand A-LuGei
category:Tool Trays,15709201,Tool Trays,Tools & Home Improvement > Storage & Home Organization > Tool Organizers > Tool Trays,B0D3D7XQ6S,,"Magnetic Wrench Organizer 4-piece, Wrench Rack Tool Trays SAE (1/4“ to 1-1/16“), Metric (6mm to 24mm), 64-Slot Drawer Storage Tools, Wrench Set Holder",Tools & Home Improvement > Storage & Home Organization > Tool Organizers > Tool Trays,US,16.99,4.76,1.36,6.33,0.15,391.0,772.0,4.3,0.55,10000,1.0,20.0,50,25.0,20.0,20.0,75,35,65.0,B,"observed:price,sales,reviews,rating,fba_fee; estimated:search_volume,cpc",estimated_default_costs,Imported from Sorftime; ASIN B0D3D7XQ6S; brand SWANLAKE GARDEN TOOLS
category:Tool Trays,15709201,Tool Trays,Tools & Home Improvement > Storage & Home Organization > Tool Organizers > Tool Trays,B0DQXZDWG7,,"PINOZE 8PCS Magnetic Socket Holder Organizer Set - 1/4, 3/8, 1/2 - Aluminum Alloy Socket Rail Trays for Tool Box Drawer, Socket Rack Kit with 114Pcs Clips for Automotive Garage(Blue Red Black)",Tools & Home Improvement > Storage & Home Organization > Tool Organizers > Tool Trays,US,39.99,11.2,3.2,8.19,0.15,377.0,175.0,4.5,0.55,10000,1.0,20.0,50,25.0,20.0,20.0,75,35,65.0,B,"observed:price,sales,reviews,rating,fba_fee; estimated:search_volume,cpc",estimated_default_costs,Imported from Sorftime; ASIN B0DQXZDWG7; brand Pinoze
category:Tool Trays,15709201,Tool Trays,Tools & Home Improvement > Storage & Home Organization > Tool Organizers > Tool Trays,B0CN1PC564,,Magnetic Tool Mat Set Flexible Heavy Duty Non Slip Magnet Pad Auto Repair | Holds metallic parts & fasteners secure on curved surfaces. Anti-scratch rubberized backing protects mechanics work space.,Tools & Home Improvement > Storage & Home Organization > Tool Organizers > Tool Trays,US,23.99,6.72,1.92,3.35,0.15,357.0,164.0,4.6,0.55,10000,1.0,20.0,50,25.0,20.0,20.0,75,35,65.0,B,"observed:price,sales,reviews,rating,fba_fee; estimated:search_volume,cpc",estimated_default_costs,Imported from Sorftime; ASIN B0CN1PC564; brand Railer
category:Tool Trays,15709201,Tool Trays,Tools & Home Improvement > Storage & Home Organization > Tool Organizers > Tool Trays,B0GS5D72PR,,"TOOLEAGUE 5Pcs Magnetic Toolbox Shelf, Tray and Holder Set | 2 Trays, Can Caddy & Screwdriver Holder, Paper Towel, 4“ Diameter Round Magnetic Parts Bowl for Tool Organization and Storage",Tools & Home Improvement > Storage & Home Organization > Tool Organizers > Tool Trays,US,29.99,8.4,2.4,9.43,0.15,346.0,41.0,4.4,0.55,10000,1.0,20.0,50,25.0,20.0,20.0,75,35,65.0,B,"observed:price,sales,reviews,rating,fba_fee; estimated:search_volume,cpc",estimated_default_costs,Imported from Sorftime; ASIN B0GS5D72PR; brand TOOLEAGUE
category:Tool Trays,15709201,Tool Trays,Tools & Home Improvement > Storage & Home Organization > Tool Organizers > Tool Trays,B0CJTB2452,,Collapsible Magnetic Parts Tray Set - 3 Different Size Tool Trays - Blue,Tools & Home Improvement > Storage & Home Organization > Tool Organizers > Tool Trays,US,29.95,8.39,2.4,6.14,0.15,338.0,509.0,4.5,0.55,10000,1.0,20.0,50,25.0,20.0,20.0,75,35,65.0,B,"observed:price,sales,reviews,rating,fba_fee; estimated:search_volume,cpc",estimated_default_costs,Imported from Sorftime; ASIN B0CJTB2452; brand SANDOR
category:Tool Trays,15709201,Tool Trays,Tools & Home Improvement > Storage & Home Organization > Tool Organizers > Tool Trays,B0CNC74CVR,,"Magnetic Socket Organizer Holder Set For Tool Box Drawer, Toolbox Organization Including 1/4“, 3/8“ and 1/2“ Drive Metric SAE Socket Trays (Sockets are not Included)",Tools & Home Improvement > Storage & Home Organization > Tool Organizers > Tool Trays,US,32.99,9.24,2.64,9.33,0.15,334.0,396.0,4.6,0.55,10000,1.0,20.0,50,25.0,20.0,20.0,75,35,65.0,B,"observed:price,sales,reviews,rating,fba_fee; estimated:search_volume,cpc",estimated_default_costs,Imported from Sorftime; ASIN B0CNC74CVR; brand Onsski
category:Tool Trays,15709201,Tool Trays,Tools & Home Improvement > Storage & Home Organization > Tool Organizers > Tool Trays,B09P8RF3YY,,"OEMTOOLS 26052 4-Pc Collapsible Magnetic Tray Set 4-1/2“ for Small Parts | Magnetic Tray Holds up to 2 Lb., Made of High Tensile Silica, Multiple Tray Colors Help with Sorting Parts, Compact Storage",Tools & Home Improvement > Storage & Home Organization > Tool Organizers > Tool Trays,US,22.99,6.44,1.84,5.88,0.15,332.0,788.0,4.4,0.55,10000,1.0,20.0,50,25.0,20.0,20.0,75,35,65.0,B,"observed:price,sales,reviews,rating,fba_fee; estimated:search_volume,cpc",estimated_default_costs,Imported from Sorftime; ASIN B09P8RF3YY; brand OEMTOOLS
category:Tool Trays,15709201,Tool Trays,Tools & Home Improvement > Storage & Home Organization > Tool Organizers > Tool Trays,B08LCP5NSN,,"Mayouko 80-Piece Portable Socket Organizer Tray, 2 Pcs Set, Blue & Red, Tools Organizer 1/4-Inch, 3/8-Inch, 1/2-Inch, Heavy Duty Socket Holder, Black Rails, Blue & Red Clips",Tools & Home Improvement > Storage & Home Organization > Tool Organizers > Tool Trays,US,27.51,7.7,2.2,7.98,0.15,303.0,1351.0,4.4,0.55,10000,1.0,20.0,50,25.0,20.0,20.0,75,35,65.0,B,"observed:price,sales,reviews,rating,fba_fee; estimated:search_volume,cpc",estimated_default_costs,Imported from Sorftime; ASIN B08LCP5NSN; brand Mayouko
category:Tool Trays,15709201,Tool Trays,Tools & Home Improvement > Storage & Home Organization > Tool Organizers > Tool Trays,B0D7Z7BL1Z,,"GRENPRO Magnetic Socket Organizer Set, 6PCS 1/4 3/8 1/2 SAE & Metric | Holds 143 Standard & Deep Sockets, Magnetic Base, Clear Labels for Tool Box & Cart; Sockets Not Included",Tools & Home Improvement > Storage & Home Organization > Tool Organizers > Tool Trays,US,30.99,8.68,2.48,9.63,0.15,299.0,271.0,4.6,0.55,10000,1.0,20.0,50,25.0,20.0,20.0,75,35,65.0,B,"observed:price,sales,reviews,rating,fba_fee; estimated:search_volume,cpc",estimated_default_costs,Imported from Sorftime; ASIN B0D7Z7BL1Z; brand GRENPRO
category:Tool Trays,15709201,Tool Trays,Tools & Home Improvement > Storage & Home Organization > Tool Organizers > Tool Trays,B095JRBMXX,,"Rechabite 8 Pieces 3” Round Magnetic Bowl Trays Set Stainless Steel Magnet Tool Tray Parts Holder for Screws, Sockets, Bolts, Pins, Mechanic‘s and Automotive",Tools & Home Improvement > Storage & Home Organization > Tool Organizers > Tool Trays,US,19.99,5.6,1.6,5.32,0.15,282.0,576.0,4.5,0.55,10000,1.0,20.0,50,25.0,20.0,20.0,75,35,65.0,B,"observed:price,sales,reviews,rating,fba_fee; estimated:search_volume,cpc",estimated_default_costs,Imported from Sorftime; ASIN B095JRBMXX; brand Rechabite
category:Tool Trays,15709201,Tool Trays,Tools & Home Improvement > Storage & Home Organization > Tool Organizers > Tool Trays,B0D7C4KFB3,,"WORKPRO 8-Piece Magnetic Socket and Wrench Organizer Set | 6-Piece Socket Holders, 1/4“ 3/8“ 1/2“ DR Tool Trays, for Metric SAE Sockets, 2-Piece Wrench Holders, for Metric SAE Wrenches",Tools & Home Improvement > Storage & Home Organization > Tool Organizers > Tool Trays,US,55.19,15.45,4.42,9.72,0.15,245.0,359.0,4.6,0.55,10000,1.0,20.0,50,25.0,20.0,20.0,75,35,65.0,B,"observed:price,sales,reviews,rating,fba_fee; estimated:search_volume,cpc",estimated_default_costs,Imported from Sorftime; ASIN B0D7C4KFB3; brand WORKPRO
category:Tool Trays,15709201,Tool Trays,Tools & Home Improvement > Storage & Home Organization > Tool Organizers > Tool Trays,B0FLV7V8VV,,"PINOZE Collapsible Magnetic Parts Organizer Trays & 12“ Flexible Magnetic Pickup Tool, 3 Different Size Magnet Tool Trays & Pick-Up Sweeper for Screw, Bolts, Nuts, Washers, Pins and Metal Parts, Green",Tools & Home Improvement > Storage & Home Organization > Tool Organizers > Tool Trays,US,19.99,5.6,1.6,6.32,0.15,241.0,144.0,4.3,0.55,10000,1.0,20.0,50,25.0,20.0,20.0,75,35,65.0,B,"observed:price,sales,reviews,rating,fba_fee; estimated:search_volume,cpc",estimated_default_costs,Imported from Sorftime; ASIN B0FLV7V8VV; brand Pinoze
category:Tool Trays,15709201,Tool Trays,Tools & Home Improvement > Storage & Home Organization > Tool Organizers > Tool Trays,B0FWQJ981R,,"Vexercisehoop Toolbox Organizer Trays, Tool Chest Drawer Organizer with Non-Slip EVA Pads – 47pcs Red and Black Interlocking Trays for Workbench, Rolling Tool Cart, Garage",Tools & Home Improvement > Storage & Home Organization > Tool Organizers > Tool Trays,US,20.89,5.85,1.67,7.93,0.15,227.0,403.0,4.4,0.55,10000,1.0,20.0,50,25.0,20.0,20.0,75,35,65.0,B,"observed:price,sales,reviews,rating,fba_fee; estimated:search_volume,cpc",estimated_default_costs,Imported from Sorftime; ASIN B0FWQJ981R; brand Vexercisehoop
category:Tool Trays,15709201,Tool Trays,Tools & Home Improvement > Storage & Home Organization > Tool Organizers > Tool Trays,B0BL92VK8J,,"Reniteco Socket Organizer Set, 3-Pack, 1/2“ Drive x 36 Clips",Tools & Home Improvement > Storage & Home Organization > Tool Organizers > Tool Trays,US,13.99,3.92,1.12,4.88,0.15,227.0,442.0,4.6,0.55,10000,1.0,20.0,50,25.0,20.0,20.0,75,35,65.0,B,"observed:price,sales,reviews,rating,fba_fee; estimated:search_volume,cpc",estimated_default_costs,Imported from Sorftime; ASIN B0BL92VK8J; brand Reniteco
category:Tool Trays,15709201,Tool Trays,Tools & Home Improvement > Storage & Home Organization > Tool Organizers > Tool Trays,B0CQZY4GVN,,"8PCS Socket Organizer Set - Magnetic Holder for 171 Pieces (1/4“, 3/8“, 1/2“)",Tools & Home Improvement > Storage & Home Organization > Tool Organizers > Tool Trays,US,36.99,10.36,2.96,10.52,0.15,221.0,499.0,4.5,0.55,10000,1.0,20.0,50,25.0,20.0,20.0,75,35,65.0,B,"observed:price,sales,reviews,rating,fba_fee; estimated:search_volume,cpc",estimated_default_costs,Imported from Sorftime; ASIN B0CQZY4GVN; brand GURADESIGN
category:Tool Trays,15709201,Tool Trays,Tools & Home Improvement > Storage & Home Organization > Tool Organizers > Tool Trays,B0F312FMB1,,"Pinoze 4-Piece Magnetic Wrench Organizer, 48-Slot Wrench Rack Tool Trays, Durable ABS Wrench Holder for Tool Box Drawer Chest, SAE (1/4“ to 1-1/16“) & Metric (6 to 24mm), Red/Blue",Tools & Home Improvement > Storage & Home Organization > Tool Organizers > Tool Trays,US,16.99,4.76,1.36,6.53,0.15,219.0,151.0,4.2,0.55,10000,1.0,20.0,50,25.0,20.0,20.0,75,35,65.0,B,"observed:price,sales,reviews,rating,fba_fee; estimated:search_volume,cpc",estimated_default_costs,Imported from Sorftime; ASIN B0F312FMB1; brand Pinoze
category:Tool Trays,15709201,Tool Trays,Tools & Home Improvement > Storage & Home Organization > Tool Organizers > Tool Trays,B0C2GJLVLV,,"DURATECH 3-Pack Magnetic Foldable Parts Tray Set, Silicone Tool Tray Set | Collapsible Tool Set with Double-Sided Magnetic Base for Organizing Screw Bolts Nuts Washers Pins and Other Small Metal Parts",Tools & Home Improvement > Storage & Home Organization > Tool Organizers > Tool Trays,US,15.29,4.28,1.22,5.87,0.15,217.0,168.0,4.6,0.55,10000,1.0,20.0,50,25.0,20.0,20.0,75,35,65.0,B,"observed:price,sales,reviews,rating,fba_fee; estimated:search_volume,cpc",estimated_default_costs,Imported from Sorftime; ASIN B0C2GJLVLV; brand DURATECH
category:Tool Trays,15709201,Tool Trays,Tools & Home Improvement > Storage & Home Organization > Tool Organizers > Tool Trays,B0GXG9L8N7,,"Flexible Magnetic Tool Mat: Features 83 Powerful Magnets for Holding Tools & Metal Parts - Perfect for Car Repair, Mechanics, Automotive Shops and DIYers",Tools & Home Improvement > Storage & Home Organization > Tool Organizers > Tool Trays,US,35.99,10.08,2.88,7.59,0.15,215.0,30.0,4.4,0.55,10000,1.0,20.0,50,25.0,20.0,20.0,75,35,65.0,B,"observed:price,sales,reviews,rating,fba_fee; estimated:search_volume,cpc",estimated_default_costs,Imported from Sorftime; ASIN B0GXG9L8N7; brand Seese
category:Tool Trays,15709201,Tool Trays,Tools & Home Improvement > Storage & Home Organization > Tool Organizers > Tool Trays,B0G51ZLR35,,"ZOLOTI Collapsible Magnetic Parts Tray Set, 3 Sizes, Red | Foldable Silicone Magnet Trays for Screws, Bolts, Nuts, Washers, Pins, and Other Small Metal Parts, for Workshop Tasks",Tools & Home Improvement > Storage & Home Organization > Tool Organizers > Tool Trays,US,19.99,5.6,1.6,6.31,0.15,211.0,62.0,3.7,0.55,10000,1.0,20.0,50,25.0,20.0,20.0,75,35,65.0,B,"observed:price,sales,reviews,rating,fba_fee; estimated:search_volume,cpc",estimated_default_costs,Imported from Sorftime; ASIN B0G51ZLR35; brand ZOLOTI
category:Tool Trays,15709201,Tool Trays,Tools & Home Improvement > Storage & Home Organization > Tool Organizers > Tool Trays,B0FJF9MPGN,,"VALUEMAX 2-Pack Wrench Organizer, 32-Slot | Strong Magnetic Backing, Fits SAE 1/4“-1-1/16“ & Metric 6-28mm, for Toolbox Drawer & Wall Mount",Tools & Home Improvement > Storage & Home Organization > Tool Organizers > Tool Trays,US,12.9,3.61,1.03,5.76,0.15,206.0,65.0,3.8,0.55,10000,1.0,20.0,50,25.0,20.0,20.0,75,35,65.0,B,"observed:price,sales,reviews,rating,fba_fee; estimated:search_volume,cpc",estimated_default_costs,Imported from Sorftime; ASIN B0FJF9MPGN; brand ValueMax
category:Decorative Garden Stools,3563985011,Decorative Garden Stools,"Patio, Lawn & Garden > Outdoor Décor > Decorative Garden Stools",B0H49HFY43,,"zaowofires Solid Wooden Stool,Plant Stand,Step Stool,Light Walnut,10“ H","Patio, Lawn & Garden > Outdoor Décor > Decorative Garden Stools",US,32.99,9.24,2.64,8.26,0.15,1151.0,229.0,4.6,0.55,10000,1.0,20.0,50,25.0,20.0,20.0,75,35,65.0,B,"observed:price,sales,reviews,rating,fba_fee; estimated:search_volume,cpc",estimated_default_costs,Imported from Sorftime; ASIN B0H49HFY43; brand zaowofires
category:Dust Mops,23537023011,Dust Mops,Home & Kitchen > Cleaning Supplies > Household Cleaning > Cleaning Tools > Mopping > Wet & Dry Mops > Dust Mops,B0DRVCNPTG,,"RONSUNG Wall Cleaner Mop, 82-Inch Handle, Baseboard Cleaner Tool, 4 Pads | Wall scrubber with long handle, triangle head, squeegee, and 4 pads for walls, ceilings, windows, baseboards, and floors",Home & Kitchen > Cleaning Supplies > Household Cleaning > Cleaning Tools > Mopping > Wet & Dry Mops > Dust Mops,US,19.99,5.6,1.6,7.21,0.15,3196.0,833.0,4.4,0.55,10000,1.0,20.0,50,25.0,20.0,20.0,75,35,65.0,B,"observed:price,sales,reviews,rating,fba_fee; estimated:search_volume,cpc",estimated_default_costs,Imported from Sorftime; ASIN B0DRVCNPTG; brand RONSUNG
category:Dust Mops,23537023011,Dust Mops,Home & Kitchen > Cleaning Supplies > Household Cleaning > Cleaning Tools > Mopping > Wet & Dry Mops > Dust Mops,B0G7G9BGXH,,"ZHAYAO Sweeper Mop System with 3 Reusable Microfiber Mop Pads | Dry and Wet Multi Surface Floor Cleaner, Includes 1 Mop + 3 Washable Refills for Hardwood, Tile, and Laminate Floor Cleaning",Home & Kitchen > Cleaning Supplies > Household Cleaning > Cleaning Tools > Mopping > Wet & Dry Mops > Dust Mops,US,16.99,4.76,1.36,5.77,0.15,2591.0,333.0,4.3,0.55,10000,1.0,20.0,50,25.0,20.0,20.0,75,35,65.0,B,"observed:price,sales,reviews,rating,fba_fee; estimated:search_volume,cpc",estimated_default_costs,Imported from Sorftime; ASIN B0G7G9BGXH; brand ZHAYAO
category:Dust Mops,23537023011,Dust Mops,Home & Kitchen > Cleaning Supplies > Household Cleaning > Cleaning Tools > Mopping > Wet & Dry Mops > Dust Mops,B0CXXN14R9,,"Eyliden Sweeper Mop with 36 Refills - 3 Types of Disposable Dry & Wet Cloths | Lock-Tight Design No Lost Pads, Universal Refills, Multi-Surface Sweeping Starter Kit for Pet Hair, Dust, Floor Cleaning",Home & Kitchen > Cleaning Supplies > Household Cleaning > Cleaning Tools > Mopping > Wet & Dry Mops > Dust Mops,US,19.58,5.48,1.57,7.72,0.15,2573.0,1470.0,4.6,0.55,10000,1.0,20.0,50,25.0,20.0,20.0,75,35,65.0,B,"observed:price,sales,reviews,rating,fba_fee; estimated:search_volume,cpc",estimated_default_costs,Imported from Sorftime; ASIN B0CXXN14R9; brand Eyliden
category:Dust Mops,23537023011,Dust Mops,Home & Kitchen > Cleaning Supplies > Household Cleaning > Cleaning Tools > Mopping > Wet & Dry Mops > Dust Mops,B0G4V5TW9N,,"Dust Mop for Floor Cleaning for Hardwood, Laminate, Tile & Marble Floors | 4-in-1 Washable Pad System, Wet & Dry Multi-Purpose Mop, 62“ Long Handle, 360° Swivel Head, Mop Pad Cleaning Scraper",Home & Kitchen > Cleaning Supplies > Household Cleaning > Cleaning Tools > Mopping > Wet & Dry Mops > Dust Mops,US,20.98,5.87,1.68,7.27,0.15,1569.0,183.0,4.4,0.55,10000,1.0,20.0,50,25.0,20.0,20.0,75,35,65.0,B,"observed:price,sales,reviews,rating,fba_fee; estimated:search_volume,cpc",estimated_default_costs,Imported from Sorftime; ASIN B0G4V5TW9N; brand GleamGaGa
category:Dust Mops,23537023011,Dust Mops,Home & Kitchen > Cleaning Supplies > Household Cleaning > Cleaning Tools > Mopping > Wet & Dry Mops > Dust Mops,B091F3HHMD,,"JOYMOOP Flat Mop with Microfiber Pad, 50“ Handle and Flexible 13“ Head for Floor Cleaning, White",Home & Kitchen > Cleaning Supplies > Household Cleaning > Cleaning Tools > Mopping > Wet & Dry Mops > Dust Mops,US,19.99,5.6,1.6,5.77,0.15,1384.0,1073.0,4.4,0.55,10000,1.0,20.0,50,25.0,20.0,20.0,75,35,65.0,B,"observed:price,sales,reviews,rating,fba_fee; estimated:search_volume,cpc",estimated_default_costs,Imported from Sorftime; ASIN B091F3HHMD; brand JOYMOOP
category:Dust Mops,23537023011,Dust Mops,Home & Kitchen > Cleaning Supplies > Household Cleaning > Cleaning Tools > Mopping > Wet & Dry Mops > Dust Mops,B0DQQ99ND6,,"Baseboard Cleaner Tool with Handle, Extendable Long Handle Baseboard Cleaning Duster with Reusable Pads for Floorboard, Ceiling Fan Blade Cleaner Duster (Gray)",Home & Kitchen > Cleaning Supplies > Household Cleaning > Cleaning Tools > Mopping > Wet & Dry Mops > Dust Mops,US,23.89,6.69,1.91,6.33,0.15,1377.0,626.0,4.4,0.55,10000,1.0,20.0,50,25.0,20.0,20.0,75,35,65.0,B,"observed:price,sales,reviews,rating,fba_fee; estimated:search_volume,cpc",estimated_default_costs,Imported from Sorftime; ASIN B0DQQ99ND6; brand Qaestfy
category:Dust Mops,23537023011,Dust Mops,Home & Kitchen > Cleaning Supplies > Household Cleaning > Cleaning Tools > Mopping > Wet & Dry Mops > Dust Mops,B0BXJ52RGN,,"Baseboard Cleaner Tool with Handle, Wall Cleaner with Extendable Long Handle ,Door Frame Cleaning Tool Including 4 Reusable Cleaning Pads. Quick Clean Baseboard Cleaning, Ceiling and Wall.",Home & Kitchen > Cleaning Supplies > Household Cleaning > Cleaning Tools > Mopping > Wet & Dry Mops > Dust Mops,US,19.99,5.6,1.6,6.21,0.15,1359.0,751.0,4.3,0.55,10000,1.0,20.0,50,25.0,20.0,20.0,75,35,65.0,B,"observed:price,sales,reviews,rating,fba_fee; estimated:search_volume,cpc",estimated_default_costs,Imported from Sorftime; ASIN B0BXJ52RGN; brand LIYFUHY
category:Dust Mops,23537023011,Dust Mops,Home & Kitchen > Cleaning Supplies > Household Cleaning > Cleaning Tools > Mopping > Wet & Dry Mops > Dust Mops,B001F0RCKU,,"Swiffer 360 Dusters Extender Kit, 3 Unscented Dusters With Extendable handle (Packaging May Vary)",Home & Kitchen > Cleaning Supplies > Household Cleaning > Cleaning Tools > Mopping > Wet & Dry Mops > Dust Mops,US,18.47,5.17,1.48,3.5,0.15,1313.0,1799.0,4.6,0.55,10000,1.0,20.0,50,25.0,20.0,20.0,65,20,53.8,C,"observed:price,sales,reviews,rating; estimated:fba_fee,search_volume,cpc",estimated_default_costs,Imported from Sorftime; ASIN B001F0RCKU; brand Swiffer
category:Dust Mops,23537023011,Dust Mops,Home & Kitchen > Cleaning Supplies > Household Cleaning > Cleaning Tools > Mopping > Wet & Dry Mops > Dust Mops,B0CL96LTMF,,"Keyloland Wall Mop, Primium 68” Wall Cleaner, High-Quality Baseboard Cleaner, Professional-Grade Baseboard Cleaner Tool with Handle, Superior Quality Dust Mop, Efficient cleaning tools",Home & Kitchen > Cleaning Supplies > Household Cleaning > Cleaning Tools > Mopping > Wet & Dry Mops > Dust Mops,US,21.86,6.12,1.75,6.78,0.15,1274.0,750.0,4.4,0.55,10000,1.0,20.0,50,25.0,20.0,20.0,75,35,65.0,B,"observed:price,sales,reviews,rating,fba_fee; estimated:search_volume,cpc",estimated_default_costs,Imported from Sorftime; ASIN B0CL96LTMF; brand Keyloland
category:Dust Mops,23537023011,Dust Mops,Home & Kitchen > Cleaning Supplies > Household Cleaning > Cleaning Tools > Mopping > Wet & Dry Mops > Dust Mops,B0C6Y5Y3VS,,"MR.SIGA Lint Free Microfiber Duster, Washable Duster for Household Cleaning | Microfiber hand duster, machine washable feather duster, dusters for cleaning, bamboo handle, replaceable head",Home & Kitchen > Cleaning Supplies > Household Cleaning > Cleaning Tools > Mopping > Wet & Dry Mops > Dust Mops,US,14.99,4.2,1.2,4.19,0.15,1189.0,1257.0,4.6,0.55,10000,1.0,20.0,50,25.0,20.0,20.0,75,35,65.0,B,"observed:price,sales,reviews,rating,fba_fee; estimated:search_volume,cpc",estimated_default_costs,Imported from Sorftime; ASIN B0C6Y5Y3VS; brand MR.SIGA
category:Dust Mops,23537023011,Dust Mops,Home & Kitchen > Cleaning Supplies > Household Cleaning > Cleaning Tools > Mopping > Wet & Dry Mops > Dust Mops,B0DG4LV7SJ,,19“ Wall Cleaner Mop with Long Handle for Wall Ceilings Floor Cleaning | Large Wall Duster Mop/ Microfiber Chenille Reusable Pads/Dry Wet Use for Painted Walls/Floor/ Baseboard/ Ceiling,Home & Kitchen > Cleaning Supplies > Household Cleaning > Cleaning Tools > Mopping > Wet & Dry Mops > Dust Mops,US,19.98,5.59,1.6,7.74,0.15,1139.0,356.0,4.4,0.55,10000,1.0,20.0,50,25.0,20.0,20.0,75,35,65.0,B,"observed:price,sales,reviews,rating,fba_fee; estimated:search_volume,cpc",estimated_default_costs,Imported from Sorftime; ASIN B0DG4LV7SJ; brand VOUBIEN
category:Dust Mops,23537023011,Dust Mops,Home & Kitchen > Cleaning Supplies > Household Cleaning > Cleaning Tools > Mopping > Wet & Dry Mops > Dust Mops,B0G644T7XG,,"Indoor Mop for Floor Cleaning, Lightweight Cotton Mop with 2 Washable Heads",Home & Kitchen > Cleaning Supplies > Household Cleaning > Cleaning Tools > Mopping > Wet & Dry Mops > Dust Mops,US,14.99,4.2,1.2,6.21,0.15,1014.0,197.0,4.2,0.55,10000,1.0,20.0,50,25.0,20.0,20.0,75,35,65.0,B,"observed:price,sales,reviews,rating,fba_fee; estimated:search_volume,cpc",estimated_default_costs,Imported from Sorftime; ASIN B0G644T7XG; brand TrueYee
category:Dust Mops,23537023011,Dust Mops,Home & Kitchen > Cleaning Supplies > Household Cleaning > Cleaning Tools > Mopping > Wet & Dry Mops > Dust Mops,B0CM8Z8Y2P,,"TrueYee Dust Mop for Hardwood Floors with 57“ Long Handle Wet & Dry Mops for Catching Pet Hair and Dust Bunny Microfiber Dust Mops for Vinyl, Wood, Tile, Laminate Flooring",Home & Kitchen > Cleaning Supplies > Household Cleaning > Cleaning Tools > Mopping > Wet & Dry Mops > Dust Mops,US,14.99,4.2,1.2,5.94,0.15,1009.0,1483.0,4.4,0.55,10000,1.0,20.0,50,25.0,20.0,20.0,75,35,65.0,B,"observed:price,sales,reviews,rating,fba_fee; estimated:search_volume,cpc",estimated_default_costs,Imported from Sorftime; ASIN B0CM8Z8Y2P; brand TrueYee
category:Dust Mops,23537023011,Dust Mops,Home & Kitchen > Cleaning Supplies > Household Cleaning > Cleaning Tools > Mopping > Wet & Dry Mops > Dust Mops,B0H4T77T72,,"13“ Wide Flat Mop with Snap-Grip Cloth Lock, Disposable Clamp Mop | Sweeper & Mop Kit with Dry and Wet Multi-Surface Floor Cleaner, Includes 2 Reusable Cloths, Ideal for Hardwood, Tile Floor",Home & Kitchen > Cleaning Supplies > Household Cleaning > Cleaning Tools > Mopping > Wet & Dry Mops > Dust Mops,US,27.99,7.84,2.24,5.94,0.15,999.0,351.0,4.3,0.55,10000,1.0,20.0,50,25.0,20.0,20.0,75,35,65.0,B,"observed:price,sales,reviews,rating,fba_fee; estimated:search_volume,cpc",estimated_default_costs,Imported from Sorftime; ASIN B0H4T77T72; brand JOVZEOLA
category:Dust Mops,23537023011,Dust Mops,Home & Kitchen > Cleaning Supplies > Household Cleaning > Cleaning Tools > Mopping > Wet & Dry Mops > Dust Mops,B0CMCGMC6H,,"Wall & Baseboard Cleaner Mop Tool with 82‘‘ Long Handle, 360 Degree Rotating 3-in-1 Ceiling Cleaning Tool Duster for Cleaning Painted Walls, Window, Floor, 6 Replacement Microfiber Chenille Pads",Home & Kitchen > Cleaning Supplies > Household Cleaning > Cleaning Tools > Mopping > Wet & Dry Mops > Dust Mops,US,18.99,5.32,1.52,7.73,0.15,860.0,627.0,4.4,0.55,10000,1.0,20.0,50,25.0,20.0,20.0,75,35,65.0,B,"observed:price,sales,reviews,rating,fba_fee; estimated:search_volume,cpc",estimated_default_costs,Imported from Sorftime; ASIN B0CMCGMC6H; brand Bokton
category:Dust Mops,23537023011,Dust Mops,Home & Kitchen > Cleaning Supplies > Household Cleaning > Cleaning Tools > Mopping > Wet & Dry Mops > Dust Mops,B0GR84DBB9,,"O-Cedar Pet Pro Microfiber Hair & Dust Mop | 3X Pet Hair Removal* | Electrostatic Dry Dust Mop for Dog & Cat Homes | Hardwood, Tile & Hard Floor Cleaning",Home & Kitchen > Cleaning Supplies > Household Cleaning > Cleaning Tools > Mopping > Wet & Dry Mops > Dust Mops,US,17.99,5.04,1.44,11.94,0.15,847.0,58.0,4.3,0.55,10000,1.0,20.0,50,25.0,20.0,20.0,75,35,65.0,B,"observed:price,sales,reviews,rating,fba_fee; estimated:search_volume,cpc",estimated_default_costs,Imported from Sorftime; ASIN B0GR84DBB9; brand O-Cedar
category:Dust Mops,23537023011,Dust Mops,Home & Kitchen > Cleaning Supplies > Household Cleaning > Cleaning Tools > Mopping > Wet & Dry Mops > Dust Mops,B0HD6VS4R2,,"Pawnexa Mop,Clamp Mop,Hands Free Multi Purpose Flat Mops with Squeegee,Snap Grip Mini Mops Use Any Cloth,Zero Touch Dirty Cloth Release,for Whole House Cleaning(31”Handle,6 Cloths)",Home & Kitchen > Cleaning Supplies > Household Cleaning > Cleaning Tools > Mopping > Wet & Dry Mops > Dust Mops,US,23.99,6.72,1.92,5.37,0.15,785.0,21.0,4.6,0.55,10000,1.0,20.0,50,25.0,20.0,20.0,75,35,65.0,B,"observed:price,sales,reviews,rating,fba_fee; estimated:search_volume,cpc",estimated_default_costs,Imported from Sorftime; ASIN B0HD6VS4R2; brand Yogkuse
category:Dust Mops,23537023011,Dust Mops,Home & Kitchen > Cleaning Supplies > Household Cleaning > Cleaning Tools > Mopping > Wet & Dry Mops > Dust Mops,B0CN2D6FLV,,"Qaestfy Ceiling Fan Blade Cleaner Duster with Extension Pole | 62.5“ Extendable Long Handle for Dusting High Ceiling Fans Without A Ladder, with Reusable Chenille & Microfiber Mop Heads",Home & Kitchen > Cleaning Supplies > Household Cleaning > Cleaning Tools > Mopping > Wet & Dry Mops > Dust Mops,US,20.99,5.88,1.68,6.38,0.15,676.0,1277.0,4.4,0.55,10000,1.0,20.0,50,25.0,20.0,20.0,75,35,65.0,B,"observed:price,sales,reviews,rating,fba_fee; estimated:search_volume,cpc",estimated_default_costs,Imported from Sorftime; ASIN B0CN2D6FLV; brand Qaestfy
category:Dust Mops,23537023011,Dust Mops,Home & Kitchen > Cleaning Supplies > Household Cleaning > Cleaning Tools > Mopping > Wet & Dry Mops > Dust Mops,B0DFP9BY77,,"Self-Wringing Twist Floor Mops – 55” Long Handle Microfiber Mops for Hardwood Floor Cleaning, Heavy Duty Easy Squeeze Wet Mop for Tile Marble Wood Laminate",Home & Kitchen > Cleaning Supplies > Household Cleaning > Cleaning Tools > Mopping > Wet & Dry Mops > Dust Mops,US,13.99,3.92,1.12,6.23,0.15,672.0,484.0,4.1,0.55,10000,1.0,20.0,50,25.0,20.0,20.0,75,35,65.0,B,"observed:price,sales,reviews,rating,fba_fee; estimated:search_volume,cpc",estimated_default_costs,Imported from Sorftime; ASIN B0DFP9BY77; brand KalTell
category:Dust Mops,23537023011,Dust Mops,Home & Kitchen > Cleaning Supplies > Household Cleaning > Cleaning Tools > Mopping > Wet & Dry Mops > Dust Mops,B0B5Z3KXHW,,EaseYourDay Microfiber String Mop with 2 Reusable Heads & 5.2 ft. Long Pole,Home & Kitchen > Cleaning Supplies > Household Cleaning > Cleaning Tools > Mopping > Wet & Dry Mops > Dust Mops,US,15.99,4.48,1.28,7.83,0.15,648.0,747.0,4.5,0.55,10000,1.0,20.0,50,25.0,20.0,20.0,75,35,65.0,B,"observed:price,sales,reviews,rating,fba_fee; estimated:search_volume,cpc",estimated_default_costs,Imported from Sorftime; ASIN B0B5Z3KXHW; brand EaseYourDay
category:Dust Mops,23537023011,Dust Mops,Home & Kitchen > Cleaning Supplies > Household Cleaning > Cleaning Tools > Mopping > Wet & Dry Mops > Dust Mops,B0FND8B6K1,,"Microfiber Flat Mops for Floor Cleaning Ocedar Hardwood Floor ‘N More Mop, Large Surface Dust Flat Mop with 2 Reusable Pads & 1 Extendable Handle, Washable Hardwood Floors Mopping to Dry and Wet Clean",Home & Kitchen > Cleaning Supplies > Household Cleaning > Cleaning Tools > Mopping > Wet & Dry Mops > Dust Mops,US,17.99,5.04,1.44,7.21,0.15,619.0,129.0,4.3,0.55,10000,1.0,20.0,50,25.0,20.0,20.0,75,35,65.0,B,"observed:price,sales,reviews,rating,fba_fee; estimated:search_volume,cpc",estimated_default_costs,Imported from Sorftime; ASIN B0FND8B6K1; brand GFRED
category:Dust Mops,23537023011,Dust Mops,Home & Kitchen > Cleaning Supplies > Household Cleaning > Cleaning Tools > Mopping > Wet & Dry Mops > Dust Mops,B0GKTZFNYN,,"JOYMOOP Hands Free Multi Purpose Flat Mop, Dust Mop for Pet Hair and Floor, 36 Dry + 6 Wet Refills, Turquoise-Cyan & Muted Grey",Home & Kitchen > Cleaning Supplies > Household Cleaning > Cleaning Tools > Mopping > Wet & Dry Mops > Dust Mops,US,15.99,4.48,1.28,6.34,0.15,497.0,32.0,4.5,0.55,10000,1.0,20.0,50,25.0,20.0,20.0,75,35,65.0,B,"observed:price,sales,reviews,rating,fba_fee; estimated:search_volume,cpc",estimated_default_costs,Imported from Sorftime; ASIN B0GKTZFNYN; brand JOYMOOP
category:Dust Mops,23537023011,Dust Mops,Home & Kitchen > Cleaning Supplies > Household Cleaning > Cleaning Tools > Mopping > Wet & Dry Mops > Dust Mops,B0GVHL4VRQ,,"ZHAYAO Sweeper Mop System with 3 Reusable Microfiber Mop Pads | Dry and Wet Multi Surface Floor Cleaner, Includes 1 Mop + 3 Washable Refills for Hardwood, Tile, and Laminate Floor Cleaning",Home & Kitchen > Cleaning Supplies > Household Cleaning > Cleaning Tools > Mopping > Wet & Dry Mops > Dust Mops,US,16.99,4.76,1.36,5.77,0.15,439.0,62.0,4.2,0.55,10000,1.0,20.0,50,25.0,20.0,20.0,75,35,65.0,B,"observed:price,sales,reviews,rating,fba_fee; estimated:search_volume,cpc",estimated_default_costs,Imported from Sorftime; ASIN B0GVHL4VRQ; brand ZHAYAO
category:Dust Mops,23537023011,Dust Mops,Home & Kitchen > Cleaning Supplies > Household Cleaning > Cleaning Tools > Mopping > Wet & Dry Mops > Dust Mops,B0G8YDCMN5,,"Snap Grip Flat Mop, Clamp Mop Any Cloth, Telescopic Wet Dry Hardwood Tile | Hands-Free Clamp Mop Fits Any Cloth: telescopic handle, wet/dry dust mop hardwood tile laminate, walls; 12 reusable pads.",Home & Kitchen > Cleaning Supplies > Household Cleaning > Cleaning Tools > Mopping > Wet & Dry Mops > Dust Mops,US,20.53,5.75,1.64,11.51,0.15,387.0,477.0,4.5,0.55,10000,1.0,20.0,50,25.0,20.0,20.0,75,35,65.0,B,"observed:price,sales,reviews,rating,fba_fee; estimated:search_volume,cpc",estimated_default_costs,Imported from Sorftime; ASIN B0G8YDCMN5; brand QuazarPyon
category:Dust Mops,23537023011,Dust Mops,Home & Kitchen > Cleaning Supplies > Household Cleaning > Cleaning Tools > Mopping > Wet & Dry Mops > Dust Mops,B0GY2V96L1,,"Long Handle Wall Mop & Baseboard Cleaner, 3-in-1 Wall Cleaner Mop with Extension Pole & Squeegee, Ceiling Cleaning Tool Duster with 3 Microfiber and 3 Chenille Pads for Windows, Floors, Cabinet",Home & Kitchen > Cleaning Supplies > Household Cleaning > Cleaning Tools > Mopping > Wet & Dry Mops > Dust Mops,US,14.99,4.2,1.2,8.22,0.15,375.0,46.0,4.3,0.55,10000,1.0,20.0,50,25.0,20.0,20.0,75,35,65.0,B,"observed:price,sales,reviews,rating,fba_fee; estimated:search_volume,cpc",estimated_default_costs,Imported from Sorftime; ASIN B0GY2V96L1; brand LumiHom
category:Dust Mops,23537023011,Dust Mops,Home & Kitchen > Cleaning Supplies > Household Cleaning > Cleaning Tools > Mopping > Wet & Dry Mops > Dust Mops,B0GFN1TQ8W,,"TidyBliss Baseboard Cleaner Tool with Handle, 55.9” Long Wall and Base Board Cleaning Mop, 4 Reusable Pads, 1 Stiff Bristle Scrubber Brush for Floorboard Ceiling Cabinet Window Bathroom (Yellow)",Home & Kitchen > Cleaning Supplies > Household Cleaning > Cleaning Tools > Mopping > Wet & Dry Mops > Dust Mops,US,20.89,5.85,1.67,6.37,0.15,309.0,78.0,4.0,0.55,10000,1.0,20.0,50,25.0,20.0,20.0,75,35,65.0,B,"observed:price,sales,reviews,rating,fba_fee; estimated:search_volume,cpc",estimated_default_costs,Imported from Sorftime; ASIN B0GFN1TQ8W; brand TidyBliss
category:Sponge Mops,23537024011,Sponge Mops,Home & Kitchen > Cleaning Supplies > Household Cleaning > Cleaning Tools > Mopping > Wet & Dry Mops > Sponge Mops,B0FMDXCL36,,"LOLA Squeezematic Butterfly Automatic Sponge Mop, 4 Mop Heads - 2 Foam w/ Cellulose Layer & 2 All Foam, 9“ Head w/ Scuff Remover",Home & Kitchen > Cleaning Supplies > Household Cleaning > Cleaning Tools > Mopping > Wet & Dry Mops > Sponge Mops,US,41.88,11.73,3.35,8.7,0.15,1422.0,136.0,3.7,0.55,10000,1.0,20.0,50,25.0,20.0,20.0,75,35,65.0,B,"observed:price,sales,reviews,rating,fba_fee; estimated:search_volume,cpc",estimated_default_costs,Imported from Sorftime; ASIN B0FMDXCL36; brand LOLA
category:Sponge Mops,23537024011,Sponge Mops,Home & Kitchen > Cleaning Supplies > Household Cleaning > Cleaning Tools > Mopping > Wet & Dry Mops > Sponge Mops,B0DPL522HG,,"Magic Sponge Eraser Mop, 60“ Adjustable Handle with Flexible 13“ Flat Head | Melamine Sponge Pads,Washable Microfiber Pad,Multi-Surface Scrubbing",Home & Kitchen > Cleaning Supplies > Household Cleaning > Cleaning Tools > Mopping > Wet & Dry Mops > Sponge Mops,US,22.98,6.43,1.84,6.59,0.15,1345.0,309.0,4.2,0.55,10000,1.0,20.0,50,25.0,20.0,20.0,75,35,65.0,B,"observed:price,sales,reviews,rating,fba_fee; estimated:search_volume,cpc",estimated_default_costs,Imported from Sorftime; ASIN B0DPL522HG; brand BAISENJIE
category:Sponge Mops,23537024011,Sponge Mops,Home & Kitchen > Cleaning Supplies > Household Cleaning > Cleaning Tools > Mopping > Wet & Dry Mops > Sponge Mops,B09S3BY7HM,,"Masthome PVA Sponge Mops for Floor Cleaning with 3 Squeeze Mop Heads | Sectional Stainless Steel Handle, Absorbent Roller Mop for Floors,Tile ,Wood,Wall,Ceiling",Home & Kitchen > Cleaning Supplies > Household Cleaning > Cleaning Tools > Mopping > Wet & Dry Mops > Sponge Mops,US,19.99,5.6,1.6,7.73,0.15,485.0,1925.0,3.7,0.55,10000,1.0,20.0,50,25.0,20.0,20.0,75,35,65.0,B,"observed:price,sales,reviews,rating,fba_fee; estimated:search_volume,cpc",estimated_default_costs,Imported from Sorftime; ASIN B09S3BY7HM; brand Masthome
category:Sponge Mops,23537024011,Sponge Mops,Home & Kitchen > Cleaning Supplies > Household Cleaning > Cleaning Tools > Mopping > Wet & Dry Mops > Sponge Mops,B0FS1GFM58,,"Sponge Mop for Floor Cleaning, 50“ Heavy Duty Roller Mop with 4 Cellulose Refill Heads, Easy Self-Squeeze for Hardwood Tile Concrete, Wall Ceiling",Home & Kitchen > Cleaning Supplies > Household Cleaning > Cleaning Tools > Mopping > Wet & Dry Mops > Sponge Mops,US,32.99,9.24,2.64,8.21,0.15,469.0,162.0,4.3,0.55,10000,1.0,20.0,50,25.0,20.0,20.0,75,35,65.0,B,"observed:price,sales,reviews,rating,fba_fee; estimated:search_volume,cpc",estimated_default_costs,Imported from Sorftime; ASIN B0FS1GFM58; brand TreeLen
category:Sponge Mops,23537024011,Sponge Mops,Home & Kitchen > Cleaning Supplies > Household Cleaning > Cleaning Tools > Mopping > Wet & Dry Mops > Sponge Mops,B0D6P3VTC2,,HOMEMAID® Cellulose Metal Hinge Squeeze Sponge Mop - $19.98 Each / Made in USA,Home & Kitchen > Cleaning Supplies > Household Cleaning > Cleaning Tools > Mopping > Wet & Dry Mops > Sponge Mops,US,19.98,5.59,1.6,3.6,0.15,301.0,229.0,4.3,0.55,10000,1.0,20.0,50,25.0,20.0,20.0,65,20,53.8,C,"observed:price,sales,reviews,rating; estimated:fba_fee,search_volume,cpc",estimated_default_costs,Imported from Sorftime; ASIN B0D6P3VTC2; brand HOMEMAID CLEANING PRODUCTS
category:Sponge Mops,23537024011,Sponge Mops,Home & Kitchen > Cleaning Supplies > Household Cleaning > Cleaning Tools > Mopping > Wet & Dry Mops > Sponge Mops,B0012H14LE,,Mr. Clean Magic Eraser Squeeze Mop,Home & Kitchen > Cleaning Supplies > Household Cleaning > Cleaning Tools > Mopping > Wet & Dry Mops > Sponge Mops,US,31.7,8.88,2.54,5.71,0.15,237.0,1080.0,4.1,0.55,10000,1.0,20.0,50,25.0,20.0,20.0,65,20,53.8,C,"observed:price,sales,reviews,rating; estimated:fba_fee,search_volume,cpc",estimated_default_costs,Imported from Sorftime; ASIN B0012H14LE; brand Mr. Clean
category:Sponge Mops,23537024011,Sponge Mops,Home & Kitchen > Cleaning Supplies > Household Cleaning > Cleaning Tools > Mopping > Wet & Dry Mops > Sponge Mops,B0GJ5SDR3Q,,"Sponge Mop with Built-in Scrub Brush, Heavy-Duty for Deep Cleaning, Durable Handle, Ideal for Tile/Marble/Wood Floors",Home & Kitchen > Cleaning Supplies > Household Cleaning > Cleaning Tools > Mopping > Wet & Dry Mops > Sponge Mops,US,19.99,5.6,1.6,3.6,0.15,226.0,20.0,4.4,0.55,10000,1.0,20.0,50,25.0,20.0,20.0,65,20,53.8,C,"observed:price,sales,reviews,rating; estimated:fba_fee,search_volume,cpc",estimated_default_costs,Imported from Sorftime; ASIN B0GJ5SDR3Q; brand Generic
category:String Mops,23537022011,String Mops,Home & Kitchen > Cleaning Supplies > Household Cleaning > Cleaning Tools > Mopping > Wet & Dry Mops > String Mops,B0CQRM2KRF,,EaseYourDay Cotton String Mop with 2 Washable Heads & Stainless Steel Pole,Home & Kitchen > Cleaning Supplies > Household Cleaning > Cleaning Tools > Mopping > Wet & Dry Mops > String Mops,US,16.99,4.76,1.36,6.77,0.15,1150.0,48.0,4.4,0.55,10000,1.0,20.0,50,25.0,20.0,20.0,75,35,65.0,B,"observed:price,sales,reviews,rating,fba_fee; estimated:search_volume,cpc",estimated_default_costs,Imported from Sorftime; ASIN B0CQRM2KRF; brand EaseYourDay
category:String Mops,23537022011,String Mops,Home & Kitchen > Cleaning Supplies > Household Cleaning > Cleaning Tools > Mopping > Wet & Dry Mops > String Mops,B002ZYCBAG,,"Mr. Clean Magic Eraser Roller Floor Mop, White/Blue",Home & Kitchen > Cleaning Supplies > Household Cleaning > Cleaning Tools > Mopping > Wet & Dry Mops > String Mops,US,54.99,15.4,4.4,9.9,0.15,357.0,1605.0,4.2,0.55,10000,1.0,20.0,50,25.0,20.0,20.0,65,20,53.8,C,"observed:price,sales,reviews,rating; estimated:fba_fee,search_volume,cpc",estimated_default_costs,Imported from Sorftime; ASIN B002ZYCBAG; brand Mr. Clean
category:String Mops,23537022011,String Mops,Home & Kitchen > Cleaning Supplies > Household Cleaning > Cleaning Tools > Mopping > Wet & Dry Mops > String Mops,B0GT84XZ7T,,Aegishome Self Wringing Twist Mop for Floor Cleaning,Home & Kitchen > Cleaning Supplies > Household Cleaning > Cleaning Tools > Mopping > Wet & Dry Mops > String Mops,US,19.99,5.6,1.6,5.95,0.15,270.0,45.0,4.2,0.55,10000,1.0,20.0,50,25.0,20.0,20.0,75,35,65.0,B,"observed:price,sales,reviews,rating,fba_fee; estimated:search_volume,cpc",estimated_default_costs,Imported from Sorftime; ASIN B0GT84XZ7T; brand AegisHome
category:String Mops,23537022011,String Mops,Home & Kitchen > Cleaning Supplies > Household Cleaning > Cleaning Tools > Mopping > Wet & Dry Mops > String Mops,B0DZPJ82BM,,"Libman Tornado Mop with 1 Refill, Self-Wringing Cotton Twist Mop",Home & Kitchen > Cleaning Supplies > Household Cleaning > Cleaning Tools > Mopping > Wet & Dry Mops > String Mops,US,19.99,5.6,1.6,3.6,0.15,269.0,66.0,4.3,0.55,10000,1.0,20.0,50,25.0,20.0,20.0,50,20,42.5,C,"observed:sales,reviews,rating; estimated:price,fba_fee,search_volume,cpc",estimated_default_costs,Imported from Sorftime; ASIN B0DZPJ82BM; brand LIBMAN COMMERCIAL
category:String Mops,23537022011,String Mops,Home & Kitchen > Cleaning Supplies > Household Cleaning > Cleaning Tools > Mopping > Wet & Dry Mops > String Mops,B0FTG1DWVJ,,"EaseYourDay Self-Wringing Twist Mop, Microfiber Floor Mop with 2 Heads",Home & Kitchen > Cleaning Supplies > Household Cleaning > Cleaning Tools > Mopping > Wet & Dry Mops > String Mops,US,16.99,4.76,1.36,8.03,0.15,244.0,38.0,4.2,0.55,10000,1.0,20.0,50,25.0,20.0,20.0,75,35,65.0,B,"observed:price,sales,reviews,rating,fba_fee; estimated:search_volume,cpc",estimated_default_costs,Imported from Sorftime; ASIN B0FTG1DWVJ; brand EaseYourDay
category:String Mops,23537022011,String Mops,Home & Kitchen > Cleaning Supplies > Household Cleaning > Cleaning Tools > Mopping > Wet & Dry Mops > String Mops,B0DHVDDTBD,,Silkyhose Self-Wringing Twist Cotton Mop with 2 Reusable Heads,Home & Kitchen > Cleaning Supplies > Household Cleaning > Cleaning Tools > Mopping > Wet & Dry Mops > String Mops,US,19.99,5.6,1.6,6.77,0.15,215.0,249.0,3.9,0.55,10000,1.0,20.0,50,25.0,20.0,20.0,75,35,65.0,B,"observed:price,sales,reviews,rating,fba_fee; estimated:search_volume,cpc",estimated_default_costs,Imported from Sorftime; ASIN B0DHVDDTBD; brand Silkyhose
category:String Mops,23537022011,String Mops,Home & Kitchen > Cleaning Supplies > Household Cleaning > Cleaning Tools > Mopping > Wet & Dry Mops > String Mops,B06VXV3VPX,,"Tidy Tools Large Wet Deck Cotton Mop with Solid Wood Handle, 17 oz Mop Head",Home & Kitchen > Cleaning Supplies > Household Cleaning > Cleaning Tools > Mopping > Wet & Dry Mops > String Mops,US,27.99,7.84,2.24,13.31,0.15,200.0,1097.0,4.2,0.55,10000,1.0,20.0,50,25.0,20.0,20.0,75,35,65.0,B,"observed:price,sales,reviews,rating,fba_fee; estimated:search_volume,cpc",estimated_default_costs,Imported from Sorftime; ASIN B06VXV3VPX; brand Tidy Tools
category:Angle Brooms,14253831,Angle Brooms,Home & Kitchen > Cleaning Supplies > Household Cleaning > Cleaning Tools > Sweeping > Brooms > Angle Brooms,B0FZ9DH13Q,,"Stand Up Dustpan and Broom Set 50” Long Handle Broom with Dust Pan, with Self Cleaning Combe for Ergonomic Home Office Classroom Indoor Sweeping",Home & Kitchen > Cleaning Supplies > Household Cleaning > Cleaning Tools > Sweeping > Brooms > Angle Brooms,US,16.99,4.76,1.36,6.59,0.15,1200.0,949.0,3.9,0.55,10000,1.0,20.0,50,25.0,20.0,20.0,75,35,65.0,B,"observed:price,sales,reviews,rating,fba_fee; estimated:search_volume,cpc",estimated_default_costs,Imported from Sorftime; ASIN B0FZ9DH13Q; brand KalTell
category:Angle Brooms,14253831,Angle Brooms,Home & Kitchen > Cleaning Supplies > Household Cleaning > Cleaning Tools > Sweeping > Brooms > Angle Brooms,B0FNMQJDMN,,"REEWII Pink Broom and Dustpan Set,58” Long Adjustable Handle Small Broom with Stand up Dustpan Combo Set with Dust Pan Teeth,for Indoor Home Office Floor Cleaning",Home & Kitchen > Cleaning Supplies > Household Cleaning > Cleaning Tools > Sweeping > Brooms > Angle Brooms,US,15.29,4.28,1.22,6.6,0.15,1053.0,868.0,4.2,0.55,10000,1.0,20.0,50,25.0,20.0,20.0,75,35,65.0,B,"observed:price,sales,reviews,rating,fba_fee; estimated:search_volume,cpc",estimated_default_costs,Imported from Sorftime; ASIN B0FNMQJDMN; brand REEWII
category:Angle Brooms,14253831,Angle Brooms,Home & Kitchen > Cleaning Supplies > Household Cleaning > Cleaning Tools > Sweeping > Brooms > Angle Brooms,B075T3DD13,,Xifando Three-Section Telescopic Aluminum Alloy Rod Long-Handled Broom,Home & Kitchen > Cleaning Supplies > Household Cleaning > Cleaning Tools > Sweeping > Brooms > Angle Brooms,US,19.99,5.6,1.6,7.82,0.15,770.0,1277.0,4.3,0.55,10000,1.0,20.0,50,25.0,20.0,20.0,75,35,65.0,B,"observed:price,sales,reviews,rating,fba_fee; estimated:search_volume,cpc",estimated_default_costs,Imported from Sorftime; ASIN B075T3DD13; brand Xifando
category:Angle Brooms,14253831,Angle Brooms,Home & Kitchen > Cleaning Supplies > Household Cleaning > Cleaning Tools > Sweeping > Brooms > Angle Brooms,B0GKLCLL5X,,"Corn Broom Outdoor, Household Indoor and Outdoor Broom Suitable for Sweeping Gravel, Fallen Leaves and Sand on Yard, Garage, Lawn, Stone Path and Concrete Floor",Home & Kitchen > Cleaning Supplies > Household Cleaning > Cleaning Tools > Sweeping > Brooms > Angle Brooms,US,21.99,6.16,1.76,7.74,0.15,677.0,198.0,3.8,0.55,10000,1.0,20.0,50,25.0,20.0,20.0,75,35,65.0,B,"observed:price,sales,reviews,rating,fba_fee; estimated:search_volume,cpc",estimated_default_costs,Imported from Sorftime; ASIN B0GKLCLL5X; brand TrueYee
category:Angle Brooms,14253831,Angle Brooms,Home & Kitchen > Cleaning Supplies > Household Cleaning > Cleaning Tools > Sweeping > Brooms > Angle Brooms,B0CPFXCNF1,,"Pine-Sol Indoor Jumbo Broom with Long, Stainless Steel Collapsible Handle for Easy Storage, Heavy Duty Angle Bristles for Wood, Tile, Linoleum, and More - Sweeps Wet or Dry Debris",Home & Kitchen > Cleaning Supplies > Household Cleaning > Cleaning Tools > Sweeping > Brooms > Angle Brooms,US,17.99,5.04,1.44,12.34,0.15,625.0,246.0,4.4,0.55,10000,1.0,20.0,50,25.0,20.0,20.0,75,35,65.0,B,"observed:price,sales,reviews,rating,fba_fee; estimated:search_volume,cpc",estimated_default_costs,Imported from Sorftime; ASIN B0CPFXCNF1; brand Pine-Sol
category:Angle Brooms,14253831,Angle Brooms,Home & Kitchen > Cleaning Supplies > Household Cleaning > Cleaning Tools > Sweeping > Brooms > Angle Brooms,B09PZP6LG4,,"Gloffer Indoor Broom, Soft Bristles for Hardwood Floors, 55-Inch Handle | Soft bristles, 12-inch angled head and adjustable 55-inch handle for easy indoor sweeping on hardwood, laminate and tile.",Home & Kitchen > Cleaning Supplies > Household Cleaning > Cleaning Tools > Sweeping > Brooms > Angle Brooms,US,16.99,4.76,1.36,6.21,0.15,534.0,653.0,4.2,0.55,10000,1.0,20.0,50,25.0,20.0,20.0,75,35,65.0,B,"observed:price,sales,reviews,rating,fba_fee; estimated:search_volume,cpc",estimated_default_costs,Imported from Sorftime; ASIN B09PZP6LG4; brand Gloffer
category:Angle Brooms,14253831,Angle Brooms,Home & Kitchen > Cleaning Supplies > Household Cleaning > Cleaning Tools > Sweeping > Brooms > Angle Brooms,B0FH4NS8H4,,"GLOHOO Indoor Soft Bristle Broom, 13-Inch Angle Head, Adjustable Handle",Home & Kitchen > Cleaning Supplies > Household Cleaning > Cleaning Tools > Sweeping > Brooms > Angle Brooms,US,16.99,4.76,1.36,5.77,0.15,459.0,149.0,4.2,0.55,10000,1.0,20.0,50,25.0,20.0,20.0,75,35,65.0,B,"observed:price,sales,reviews,rating,fba_fee; estimated:search_volume,cpc",estimated_default_costs,Imported from Sorftime; ASIN B0FH4NS8H4; brand GLOHOO
category:Angle Brooms,14253831,Angle Brooms,Home & Kitchen > Cleaning Supplies > Household Cleaning > Cleaning Tools > Sweeping > Brooms > Angle Brooms,B0BS2JJZTG,,Cinnamon Broom - Cinnamon Broomstick Scented 6in (2 Pack) - Decorative Mini Broomsticks - Cinnamon Scented Brooms - Door Protection,Home & Kitchen > Cleaning Supplies > Household Cleaning > Cleaning Tools > Sweeping > Brooms > Angle Brooms,US,13.97,3.91,1.12,4.18,0.15,399.0,380.0,3.9,0.55,10000,1.0,20.0,50,25.0,20.0,20.0,75,35,65.0,B,"observed:price,sales,reviews,rating,fba_fee; estimated:search_volume,cpc",estimated_default_costs,Imported from Sorftime; ASIN B0BS2JJZTG; brand Nautical Crush Trading
category:Angle Brooms,14253831,Angle Brooms,Home & Kitchen > Cleaning Supplies > Household Cleaning > Cleaning Tools > Sweeping > Brooms > Angle Brooms,B0D8LFB5M5,,"Libman FlexTech Broom with Dustpan, 3 Piece Handle, 55“ Angle Broom",Home & Kitchen > Cleaning Supplies > Household Cleaning > Cleaning Tools > Sweeping > Brooms > Angle Brooms,US,19.99,5.6,1.6,3.6,0.15,398.0,1042.0,4.5,0.55,10000,1.0,20.0,50,25.0,20.0,20.0,50,20,42.5,C,"observed:sales,reviews,rating; estimated:price,fba_fee,search_volume,cpc",estimated_default_costs,Imported from Sorftime; ASIN B0D8LFB5M5; brand LIBMAN COMMERCIAL
category:Angle Brooms,14253831,Angle Brooms,Home & Kitchen > Cleaning Supplies > Household Cleaning > Cleaning Tools > Sweeping > Brooms > Angle Brooms,B071RRQSMJ,,"Libman Commercial 205 Large Precision Angle Broom, Steel Handle, 13“ Wide, Green and White (Pack of 6)",Home & Kitchen > Cleaning Supplies > Household Cleaning > Cleaning Tools > Sweeping > Brooms > Angle Brooms,US,71.49,20.02,5.72,12.87,0.15,328.0,53.0,4.4,0.55,10000,1.0,20.0,50,25.0,20.0,20.0,65,20,53.8,C,"observed:price,sales,reviews,rating; estimated:fba_fee,search_volume,cpc",estimated_default_costs,Imported from Sorftime; ASIN B071RRQSMJ; brand LIBMAN COMMERCIAL
category:Angle Brooms,14253831,Angle Brooms,Home & Kitchen > Cleaning Supplies > Household Cleaning > Cleaning Tools > Sweeping > Brooms > Angle Brooms,B001AKT7V2,,Libman 201 Precision Angle Broom with Recycled Broom Fibers,Home & Kitchen > Cleaning Supplies > Household Cleaning > Cleaning Tools > Sweeping > Brooms > Angle Brooms,US,19.56,5.48,1.56,3.52,0.15,273.0,520.0,4.3,0.55,10000,1.0,20.0,50,25.0,20.0,20.0,65,20,53.8,C,"observed:price,sales,reviews,rating; estimated:fba_fee,search_volume,cpc",estimated_default_costs,Imported from Sorftime; ASIN B001AKT7V2; brand LIBMAN COMMERCIAL
category:Angle Brooms,14253831,Angle Brooms,Home & Kitchen > Cleaning Supplies > Household Cleaning > Cleaning Tools > Sweeping > Brooms > Angle Brooms,B0D2CNSJ89,,"Masthome Heavy Duty Angled Broom,Sectional Stainless Steel Handle",Home & Kitchen > Cleaning Supplies > Household Cleaning > Cleaning Tools > Sweeping > Brooms > Angle Brooms,US,19.45,5.45,1.56,7.21,0.15,271.0,139.0,4.3,0.55,10000,1.0,20.0,50,25.0,20.0,20.0,75,35,65.0,B,"observed:price,sales,reviews,rating,fba_fee; estimated:search_volume,cpc",estimated_default_costs,Imported from Sorftime; ASIN B0D2CNSJ89; brand Masthome
category:Angle Brooms,14253831,Angle Brooms,Home & Kitchen > Cleaning Supplies > Household Cleaning > Cleaning Tools > Sweeping > Brooms > Angle Brooms,B0F3XKD5WD,,"CTIME Broom and Dustpan Set, Adjustable with Dust Pan Teeth",Home & Kitchen > Cleaning Supplies > Household Cleaning > Cleaning Tools > Sweeping > Brooms > Angle Brooms,US,17.99,5.04,1.44,8.6,0.15,270.0,330.0,4.0,0.55,10000,1.0,20.0,50,25.0,20.0,20.0,75,35,65.0,B,"observed:price,sales,reviews,rating,fba_fee; estimated:search_volume,cpc",estimated_default_costs,Imported from Sorftime; ASIN B0F3XKD5WD; brand CTIME
category:Angle Brooms,14253831,Angle Brooms,Home & Kitchen > Cleaning Supplies > Household Cleaning > Cleaning Tools > Sweeping > Brooms > Angle Brooms,B071939BVS,,"Libman Commercial 206 Precision Angle Broom with Dust Pan, Steel Handle, 11“ Wide, Green and White (Pack of 4)",Home & Kitchen > Cleaning Supplies > Household Cleaning > Cleaning Tools > Sweeping > Brooms > Angle Brooms,US,59.54,16.67,4.76,10.72,0.15,270.0,58.0,4.3,0.55,10000,1.0,20.0,50,25.0,20.0,20.0,65,20,53.8,C,"observed:price,sales,reviews,rating; estimated:fba_fee,search_volume,cpc",estimated_default_costs,Imported from Sorftime; ASIN B071939BVS; brand LIBMAN COMMERCIAL
category:Angle Brooms,14253831,Angle Brooms,Home & Kitchen > Cleaning Supplies > Household Cleaning > Cleaning Tools > Sweeping > Brooms > Angle Brooms,B09XDNBNHD,,Yocada Double-Sided Floor Scrub Brush Triangle Brush Heavy Duty 65.5“,Home & Kitchen > Cleaning Supplies > Household Cleaning > Cleaning Tools > Sweeping > Brooms > Angle Brooms,US,22.79,6.38,1.82,7.74,0.15,252.0,223.0,4.4,0.55,10000,1.0,20.0,50,25.0,20.0,20.0,75,35,65.0,B,"observed:price,sales,reviews,rating,fba_fee; estimated:search_volume,cpc",estimated_default_costs,Imported from Sorftime; ASIN B09XDNBNHD; brand Yocada
category:Angle Brooms,14253831,Angle Brooms,Home & Kitchen > Cleaning Supplies > Household Cleaning > Cleaning Tools > Sweeping > Brooms > Angle Brooms,B0CZ3666LP,,"MuLing 15.7“ Heavy Duty Outdoor Broom, Adjustable Handle for Patio Garage",Home & Kitchen > Cleaning Supplies > Household Cleaning > Cleaning Tools > Sweeping > Brooms > Angle Brooms,US,17.99,5.04,1.44,6.37,0.15,231.0,178.0,4.3,0.55,10000,1.0,20.0,50,25.0,20.0,20.0,75,35,65.0,B,"observed:price,sales,reviews,rating,fba_fee; estimated:search_volume,cpc",estimated_default_costs,Imported from Sorftime; ASIN B0CZ3666LP; brand MuLing
category:Angle Brooms,14253831,Angle Brooms,Home & Kitchen > Cleaning Supplies > Household Cleaning > Cleaning Tools > Sweeping > Brooms > Angle Brooms,B0FGXMLPGP,,Outdoor Broom for Cleaning Floor,Home & Kitchen > Cleaning Supplies > Household Cleaning > Cleaning Tools > Sweeping > Brooms > Angle Brooms,US,12.99,3.64,1.04,7.2,0.15,217.0,80.0,4.5,0.55,10000,1.0,20.0,50,25.0,20.0,20.0,75,35,65.0,B,"observed:price,sales,reviews,rating,fba_fee; estimated:search_volume,cpc",estimated_default_costs,Imported from Sorftime; ASIN B0FGXMLPGP; brand Zthluyc
category:Hand Brooms,14253841,Hand Brooms,Home & Kitchen > Cleaning Supplies > Household Cleaning > Cleaning Tools > Sweeping > Brooms > Hand Brooms,B0FW4GRRMF,,"Four-Section Rod Long-Handled Broom,Heavy-Duty Broom, Angle Broom for Outdoor/Indoor（Black）",Home & Kitchen > Cleaning Supplies > Household Cleaning > Cleaning Tools > Sweeping > Brooms > Hand Brooms,US,18.98,5.31,1.52,3.5,0.15,770.0,1278.0,4.3,0.55,10000,1.0,20.0,50,25.0,20.0,20.0,65,20,53.8,C,"observed:price,sales,reviews,rating; estimated:fba_fee,search_volume,cpc",estimated_default_costs,Imported from Sorftime; ASIN B0FW4GRRMF; brand Xifando
category:Hand Brooms,14253841,Hand Brooms,Home & Kitchen > Cleaning Supplies > Household Cleaning > Cleaning Tools > Sweeping > Brooms > Hand Brooms,B0H7RGWB94,,"MOPALL Broom with Dustpan Combo Set with 53“ Long Handle Inc 2 Broom Heads | Self-Cleaning Dustpan Teeth, 180° Swivel Brooms Head, Angled Bristle, Standing Dustpan for Sweeping Indoor Dog Cat Pets Hair",Home & Kitchen > Cleaning Supplies > Household Cleaning > Cleaning Tools > Sweeping > Brooms > Hand Brooms,US,21.97,6.15,1.76,8.4,0.15,632.0,28.0,3.9,0.55,10000,1.0,20.0,50,25.0,20.0,20.0,75,35,65.0,B,"observed:price,sales,reviews,rating,fba_fee; estimated:search_volume,cpc",estimated_default_costs,Imported from Sorftime; ASIN B0H7RGWB94; brand MOPALL
category:Hand Brooms,14253841,Hand Brooms,Home & Kitchen > Cleaning Supplies > Household Cleaning > Cleaning Tools > Sweeping > Brooms > Hand Brooms,B0FGXPBVVC,,"Indoor Broom Soft Bristle Brooms - Brooms for Sweeping Indoor Pet Hair, House Broom for Cleaning Hardwood, Tile, and Decking Surfaces Across.（Green）",Home & Kitchen > Cleaning Supplies > Household Cleaning > Cleaning Tools > Sweeping > Brooms > Hand Brooms,US,13.38,3.75,1.07,5.75,0.15,631.0,250.0,4.4,0.55,10000,1.0,20.0,50,25.0,20.0,20.0,75,35,65.0,B,"observed:price,sales,reviews,rating,fba_fee; estimated:search_volume,cpc",estimated_default_costs,Imported from Sorftime; ASIN B0FGXPBVVC; brand Zthluyc
category:Hand Brooms,14253841,Hand Brooms,Home & Kitchen > Cleaning Supplies > Household Cleaning > Cleaning Tools > Sweeping > Brooms > Hand Brooms,B0FJ1QXLLQ,,"Pink Broom and Dustpan Set for Home, 52-in Long Handle Broom with Dustpan Combo with Dustpan Teeth Easy to Scrape Off Pet Hair, Indoor&Outdoor Sweeping（Pink）",Home & Kitchen > Cleaning Supplies > Household Cleaning > Cleaning Tools > Sweeping > Brooms > Hand Brooms,US,19.99,5.6,1.6,8.13,0.15,625.0,361.0,4.4,0.55,10000,1.0,20.0,50,25.0,20.0,20.0,75,35,65.0,B,"observed:price,sales,reviews,rating,fba_fee; estimated:search_volume,cpc",estimated_default_costs,Imported from Sorftime; ASIN B0FJ1QXLLQ; brand BSKLIN
category:Hand Brooms,14253841,Hand Brooms,Home & Kitchen > Cleaning Supplies > Household Cleaning > Cleaning Tools > Sweeping > Brooms > Hand Brooms,B09LRZXJQF,,"SOUJOY 6 Pack Small Dustpan and Brush Set, Whisk Broom and Dust Pan with Handle, Nesting Tiny Cleaning Broom, Mini Hand Broom and Dustpan Set for Table, Desk, Keyboard, Cars and Pet Nest",Home & Kitchen > Cleaning Supplies > Household Cleaning > Cleaning Tools > Sweeping > Brooms > Hand Brooms,US,20.99,5.88,1.68,6.6,0.15,576.0,213.0,4.3,0.55,10000,1.0,20.0,50,25.0,20.0,20.0,75,35,65.0,B,"observed:price,sales,reviews,rating,fba_fee; estimated:search_volume,cpc",estimated_default_costs,Imported from Sorftime; ASIN B09LRZXJQF; brand SOUJOY
category:Hand Brooms,14253841,Hand Brooms,Home & Kitchen > Cleaning Supplies > Household Cleaning > Cleaning Tools > Sweeping > Brooms > Hand Brooms,B0CBP3XR66,,15“ Soft Brist. Hand Broom Brush 3 PackBed Sofa Counter Hair Clear,Home & Kitchen > Cleaning Supplies > Household Cleaning > Cleaning Tools > Sweeping > Brooms > Hand Brooms,US,13.99,3.92,1.12,6.21,0.15,549.0,329.0,4.6,0.55,10000,1.0,20.0,50,25.0,20.0,20.0,75,35,65.0,B,"observed:price,sales,reviews,rating,fba_fee; estimated:search_volume,cpc",estimated_default_costs,Imported from Sorftime; ASIN B0CBP3XR66; brand kagyuan
category:Hand Brooms,14253841,Hand Brooms,Home & Kitchen > Cleaning Supplies > Household Cleaning > Cleaning Tools > Sweeping > Brooms > Hand Brooms,B09J5BP75J,,"Natural Whisk Sweeping Brownn Handle Broom - Vietnamese Straw Soft Broom for Cleaning Dustpan Indoor-Outdoor, Sofa, Car Hood, Decoration Items - 9.84‘‘ Width, 27.55“ Length",Home & Kitchen > Cleaning Supplies > Household Cleaning > Cleaning Tools > Sweeping > Brooms > Hand Brooms,US,24.99,7.0,2.0,6.22,0.15,373.0,502.0,4.1,0.55,10000,1.0,20.0,50,25.0,20.0,20.0,75,35,65.0,B,"observed:price,sales,reviews,rating,fba_fee; estimated:search_volume,cpc",estimated_default_costs,Imported from Sorftime; ASIN B09J5BP75J; brand BMart Home
category:Hand Brooms,14253841,Hand Brooms,Home & Kitchen > Cleaning Supplies > Household Cleaning > Cleaning Tools > Sweeping > Brooms > Hand Brooms,B0GMGNH3LT,,MOPALL Broom with Dustpan Combo Set Collapsible Standing Inc 2 Broom Heads,Home & Kitchen > Cleaning Supplies > Household Cleaning > Cleaning Tools > Sweeping > Brooms > Hand Brooms,US,24.99,7.0,2.0,8.03,0.15,365.0,56.0,3.8,0.55,10000,1.0,20.0,50,25.0,20.0,20.0,75,35,65.0,B,"observed:price,sales,reviews,rating,fba_fee; estimated:search_volume,cpc",estimated_default_costs,Imported from Sorftime; ASIN B0GMGNH3LT; brand MOPALL
category:Hand Brooms,14253841,Hand Brooms,Home & Kitchen > Cleaning Supplies > Household Cleaning > Cleaning Tools > Sweeping > Brooms > Hand Brooms,B0D9BVF267,,Tioncy 8 Pieces Wooden Dust Brush Bulk Hand Broom Bench Brush,Home & Kitchen > Cleaning Supplies > Household Cleaning > Cleaning Tools > Sweeping > Brooms > Hand Brooms,US,27.99,7.84,2.24,6.25,0.15,350.0,47.0,4.3,0.55,10000,1.0,20.0,50,25.0,20.0,20.0,75,35,65.0,B,"observed:price,sales,reviews,rating,fba_fee; estimated:search_volume,cpc",estimated_default_costs,Imported from Sorftime; ASIN B0D9BVF267; brand Tioncy
category:Hand Brooms,14253841,Hand Brooms,Home & Kitchen > Cleaning Supplies > Household Cleaning > Cleaning Tools > Sweeping > Brooms > Hand Brooms,B0BF35JMJ2,,"LOLA Dish Brush w/Soap Dispenser Wand, 1 Brush w/Head & 6 Refills, Absorbent Sponge Scrubber, No Leaking. Clean Dishes, Sinks and Cookware",Home & Kitchen > Cleaning Supplies > Household Cleaning > Cleaning Tools > Sweeping > Brooms > Hand Brooms,US,14.88,4.17,1.19,5.36,0.15,331.0,247.0,4.2,0.55,10000,1.0,20.0,50,25.0,20.0,20.0,75,35,65.0,B,"observed:price,sales,reviews,rating,fba_fee; estimated:search_volume,cpc",estimated_default_costs,Imported from Sorftime; ASIN B0BF35JMJ2; brand LOLA
category:Hand Brooms,14253841,Hand Brooms,Home & Kitchen > Cleaning Supplies > Household Cleaning > Cleaning Tools > Sweeping > Brooms > Hand Brooms,B08CTRB4L9,,"Coastwide Professional 10 Inch Standard Corn Broom, Natural, Wood Handle",Home & Kitchen > Cleaning Supplies > Household Cleaning > Cleaning Tools > Sweeping > Brooms > Hand Brooms,US,19.99,5.6,1.6,3.6,0.15,306.0,431.0,4.4,0.55,10000,1.0,20.0,50,25.0,20.0,20.0,50,20,42.5,C,"observed:sales,reviews,rating; estimated:price,fba_fee,search_volume,cpc",estimated_default_costs,Imported from Sorftime; ASIN B08CTRB4L9; brand COASTWIDE
category:Hand Brooms,14253841,Hand Brooms,Home & Kitchen > Cleaning Supplies > Household Cleaning > Cleaning Tools > Sweeping > Brooms > Hand Brooms,B0H25SWJP3,,"Broom with Dustpan Combo Set, 53“ Long Handle, Includes 2 Broom Heads",Home & Kitchen > Cleaning Supplies > Household Cleaning > Cleaning Tools > Sweeping > Brooms > Hand Brooms,US,24.99,7.0,2.0,8.11,0.15,253.0,39.0,4.0,0.55,10000,1.0,20.0,50,25.0,20.0,20.0,75,35,65.0,B,"observed:price,sales,reviews,rating,fba_fee; estimated:search_volume,cpc",estimated_default_costs,Imported from Sorftime; ASIN B0H25SWJP3; brand JUDRDO
category:Hand Brooms,14253841,Hand Brooms,Home & Kitchen > Cleaning Supplies > Household Cleaning > Cleaning Tools > Sweeping > Brooms > Hand Brooms,B0FDVRPFPC,,Handmade 12 Inch Mini Corn Broom Whisk Made of Natural Corn Broom Straw with a Solid Metal Hang Design for Indoor & Outdoor Use Car Porch Debris Halloween Dust Dirt Driveways Sidewalks,Home & Kitchen > Cleaning Supplies > Household Cleaning > Cleaning Tools > Sweeping > Brooms > Hand Brooms,US,12.68,3.55,1.01,4.89,0.15,253.0,101.0,4.5,0.55,10000,1.0,70,50,25.0,20.0,20.0,75,35,65.0,B,"observed:price,sales,reviews,rating,fba_fee; estimated:search_volume,cpc",estimated_default_costs,Imported from Sorftime; ASIN B0FDVRPFPC; brand Generic
category:Hand Brooms,14253841,Hand Brooms,Home & Kitchen > Cleaning Supplies > Household Cleaning > Cleaning Tools > Sweeping > Brooms > Hand Brooms,B00ZZ5KJTW,,"Choi Bong Co Vietnam Hand Made Straw Soft Broom with Colored Handle 12“ Head Width, 40“ Overall Length -1pc",Home & Kitchen > Cleaning Supplies > Household Cleaning > Cleaning Tools > Sweeping > Brooms > Hand Brooms,US,19.75,5.53,1.58,3.55,0.15,250.0,2339.0,3.9,0.55,10000,1.0,20.0,50,25.0,20.0,20.0,65,20,53.8,C,"observed:price,sales,reviews,rating; estimated:fba_fee,search_volume,cpc",estimated_default_costs,Imported from Sorftime; ASIN B00ZZ5KJTW; brand T TABAKH
category:Push Brooms,14253851,Push Brooms,Home & Kitchen > Cleaning Supplies > Household Cleaning > Cleaning Tools > Sweeping > Brooms > Push Brooms,B0FDXDL4F5,,"PBHEPJ 18 Inchs Push Broom Outdoor Heavy Duty, Shop Broom with 60“ Long Handle for Cleaning Outdoor or Indoor Tile, Garage, Shop, Deck, Concrete, Wood, Stone, Patio Floor",Home & Kitchen > Cleaning Supplies > Household Cleaning > Cleaning Tools > Sweeping > Brooms > Push Brooms,US,12.99,3.64,1.04,7.18,0.15,2931.0,693.0,3.9,0.55,10000,1.0,20.0,50,25.0,20.0,20.0,75,35,65.0,B,"observed:price,sales,reviews,rating,fba_fee; estimated:search_volume,cpc",estimated_default_costs,Imported from Sorftime; ASIN B0FDXDL4F5; brand PBHEPJ
category:Push Brooms,14253851,Push Brooms,Home & Kitchen > Cleaning Supplies > Household Cleaning > Cleaning Tools > Sweeping > Brooms > Push Brooms,B0G6Y9SBK2,,"MOPALL Shower Bathtub Scrubber Brush for Cleaning with 55“ Long Handle | Dual Sided Stiff Bristle, 180° Rotatable V Shape Head, Heavy Duty Stainless Steel Handle, for Tile, Patio/Deck/Garage/Corner",Home & Kitchen > Cleaning Supplies > Household Cleaning > Cleaning Tools > Sweeping > Brooms > Push Brooms,US,18.99,5.32,1.52,5.94,0.15,1785.0,107.0,4.3,0.55,10000,1.0,20.0,50,25.0,20.0,20.0,75,35,65.0,B,"observed:price,sales,reviews,rating,fba_fee; estimated:search_volume,cpc",estimated_default_costs,Imported from Sorftime; ASIN B0G6Y9SBK2; brand MOPALL
category:Push Brooms,14253851,Push Brooms,Home & Kitchen > Cleaning Supplies > Household Cleaning > Cleaning Tools > Sweeping > Brooms > Push Brooms,B0FQ4RFQ71,,"3 in 1 Floor Scrub Brush,Floor Scrubber with Squeegee and Tweezer, Push Broom with Long Handle,Heavy-Duty Stiff 90° Bristle Broom for Patio,Shower, Garage,Deck,Tile, Concrete & Wood Surface",Home & Kitchen > Cleaning Supplies > Household Cleaning > Cleaning Tools > Sweeping > Brooms > Push Brooms,US,19.99,5.6,1.6,6.38,0.15,1603.0,247.0,4.3,0.55,10000,1.0,20.0,50,25.0,20.0,20.0,75,35,65.0,B,"observed:price,sales,reviews,rating,fba_fee; estimated:search_volume,cpc",estimated_default_costs,Imported from Sorftime; ASIN B0FQ4RFQ71; brand Bestbuy8
category:Push Brooms,14253851,Push Brooms,Home & Kitchen > Cleaning Supplies > Household Cleaning > Cleaning Tools > Sweeping > Brooms > Push Brooms,B0DFLKVWD8,,"Floor Scrubber Brush, 52‘‘ Long Handle Scrub Broom for Deck Cleaning | Stiff Bristle Scrub Brush for Shower, Bathroom, Concrete, Patio, Garage Cleaning",Home & Kitchen > Cleaning Supplies > Household Cleaning > Cleaning Tools > Sweeping > Brooms > Push Brooms,US,15.99,4.48,1.28,5.93,0.15,1513.0,552.0,4.3,0.55,10000,1.0,20.0,50,25.0,20.0,20.0,75,35,65.0,B,"observed:price,sales,reviews,rating,fba_fee; estimated:search_volume,cpc",estimated_default_costs,Imported from Sorftime; ASIN B0DFLKVWD8; brand KeFanta
category:Push Brooms,14253851,Push Brooms,Home & Kitchen > Cleaning Supplies > Household Cleaning > Cleaning Tools > Sweeping > Brooms > Push Brooms,B0GY82143R,,3 in 1 Adjustable Small Floor Scrub Brush with Long Handle,Home & Kitchen > Cleaning Supplies > Household Cleaning > Cleaning Tools > Sweeping > Brooms > Push Brooms,US,17.99,5.04,1.44,5.77,0.15,1249.0,27.0,4.4,0.55,10000,1.0,20.0,50,25.0,20.0,20.0,75,35,65.0,B,"observed:price,sales,reviews,rating,fba_fee; estimated:search_volume,cpc",estimated_default_costs,Imported from Sorftime; ASIN B0GY82143R; brand HelpX
category:Push Brooms,14253851,Push Brooms,Home & Kitchen > Cleaning Supplies > Household Cleaning > Cleaning Tools > Sweeping > Brooms > Push Brooms,B0FL2B8Z9W,,Floor Scrub Brush with Long Handle & Squeegee for Bathroom,Home & Kitchen > Cleaning Supplies > Household Cleaning > Cleaning Tools > Sweeping > Brooms > Push Brooms,US,13.99,3.92,1.12,6.59,0.15,1218.0,437.0,4.4,0.55,10000,1.0,20.0,50,25.0,20.0,20.0,75,35,65.0,B,"observed:price,sales,reviews,rating,fba_fee; estimated:search_volume,cpc",estimated_default_costs,Imported from Sorftime; ASIN B0FL2B8Z9W; brand EHADOO
category:Push Brooms,14253851,Push Brooms,Home & Kitchen > Cleaning Supplies > Household Cleaning > Cleaning Tools > Sweeping > Brooms > Push Brooms,B0FDXF4WSW,,"2 Pack 24“ Push Broom Heavy Duty Outdoor, Shop Broom with 60“ Long Handle | Stiff Bristles for Cleaning Outdoor or Indoor Tile, Garage, Shop, Deck, Concrete, Wood, Stone, Patio Floor",Home & Kitchen > Cleaning Supplies > Household Cleaning > Cleaning Tools > Sweeping > Brooms > Push Brooms,US,39.99,11.2,3.2,13.24,0.15,1156.0,253.0,4.1,0.55,10000,1.0,20.0,50,25.0,20.0,20.0,75,35,65.0,B,"observed:price,sales,reviews,rating,fba_fee; estimated:search_volume,cpc",estimated_default_costs,Imported from Sorftime; ASIN B0FDXF4WSW; brand PBHEPJ
category:Push Brooms,14253851,Push Brooms,Home & Kitchen > Cleaning Supplies > Household Cleaning > Cleaning Tools > Sweeping > Brooms > Push Brooms,B0H35LT94R,,"Floor Scrub Brush with Squeegee Long Handle 3 in 1 tub Brush 52‘‘ 2026 Upgraded Multi-Functional Stiff Bristle Cleaning Scrub Brush Rotating Tile Brush for Cleaning Bathroom Patio, Pool, Garage",Home & Kitchen > Cleaning Supplies > Household Cleaning > Cleaning Tools > Sweeping > Brooms > Push Brooms,US,21.59,6.05,1.73,6.38,0.15,908.0,131.0,4.3,0.55,10000,1.0,20.0,50,25.0,20.0,20.0,75,35,65.0,B,"observed:price,sales,reviews,rating,fba_fee; estimated:search_volume,cpc",estimated_default_costs,Imported from Sorftime; ASIN B0H35LT94R; brand ARAINY
category:Push Brooms,14253851,Push Brooms,Home & Kitchen > Cleaning Supplies > Household Cleaning > Cleaning Tools > Sweeping > Brooms > Push Brooms,B0DLB5LZFP,,"Walensee Carpet Rake, 2-in-1 Nylon Carpet Brush & Pet Hair Rake | 2-in-1 nylon carpet rake with rubber brush for shag and high-pile carpets, rugs, and gathering loose pet hair",Home & Kitchen > Cleaning Supplies > Household Cleaning > Cleaning Tools > Sweeping > Brooms > Push Brooms,US,22.49,6.3,1.8,5.93,0.15,841.0,438.0,4.1,0.55,10000,1.0,20.0,50,25.0,20.0,20.0,75,35,65.0,B,"observed:price,sales,reviews,rating,fba_fee; estimated:search_volume,cpc",estimated_default_costs,Imported from Sorftime; ASIN B0DLB5LZFP; brand Walensee
category:Push Brooms,14253851,Push Brooms,Home & Kitchen > Cleaning Supplies > Household Cleaning > Cleaning Tools > Sweeping > Brooms > Push Brooms,B0FHJYGK8X,,"18” Indoor Shop and Garage Push Boom with Soft Bristles, Heavy Duty Brush Broom with 59” Long Handle for Commercial & Residental Floor Cleaning Sweeping",Home & Kitchen > Cleaning Supplies > Household Cleaning > Cleaning Tools > Sweeping > Brooms > Push Brooms,US,23.99,6.72,1.92,6.74,0.15,777.0,135.0,4.5,0.55,10000,1.0,20.0,50,25.0,20.0,20.0,75,35,65.0,B,"observed:price,sales,reviews,rating,fba_fee; estimated:search_volume,cpc",estimated_default_costs,Imported from Sorftime; ASIN B0FHJYGK8X; brand KalTell
category:Push Brooms,14253851,Push Brooms,Home & Kitchen > Cleaning Supplies > Household Cleaning > Cleaning Tools > Sweeping > Brooms > Push Brooms,B0GCM16WVW,,"MAVRIZ Stainless Steel Concrete Brush with Long Handle - Heavy Duty Deck Brush for Concrete Cleaning, Outdoor Broom for Moss Removal, Wire Brushes for Scrubbing Patios, Driveways & Pools",Home & Kitchen > Cleaning Supplies > Household Cleaning > Cleaning Tools > Sweeping > Brooms > Push Brooms,US,19.99,5.6,1.6,6.58,0.15,761.0,225.0,4.2,0.55,10000,1.0,20.0,50,25.0,20.0,20.0,75,35,65.0,B,"observed:price,sales,reviews,rating,fba_fee; estimated:search_volume,cpc",estimated_default_costs,Imported from Sorftime; ASIN B0GCM16WVW; brand MAVRIZ
category:Push Brooms,14253851,Push Brooms,Home & Kitchen > Cleaning Supplies > Household Cleaning > Cleaning Tools > Sweeping > Brooms > Push Brooms,B0DZ5T1CHX,,"24“ Push Broom with 63“ Long Handle, Heavy Duty Broom for Floor Sweeping, Stiff Bristles Broom Brush for Workshop, Garage, Concrete, Patio and Deck",Home & Kitchen > Cleaning Supplies > Household Cleaning > Cleaning Tools > Sweeping > Brooms > Push Brooms,US,25.99,7.28,2.08,8.21,0.15,690.0,180.0,4.4,0.55,10000,1.0,20.0,50,25.0,20.0,20.0,75,35,65.0,B,"observed:price,sales,reviews,rating,fba_fee; estimated:search_volume,cpc",estimated_default_costs,Imported from Sorftime; ASIN B0DZ5T1CHX; brand TrueYee
category:Push Brooms,14253851,Push Brooms,Home & Kitchen > Cleaning Supplies > Household Cleaning > Cleaning Tools > Sweeping > Brooms > Push Brooms,B0D1Y2KJJD,,"3-in-1 Detachable Broom and Mop Set Combo, Grey | Collapsible Design, Extension Pole, Window Squeegee, For House, RV Camping, Home, Dorm",Home & Kitchen > Cleaning Supplies > Household Cleaning > Cleaning Tools > Sweeping > Brooms > Push Brooms,US,22.59,6.33,1.81,6.59,0.15,676.0,148.0,4.2,0.55,10000,1.0,20.0,50,25.0,20.0,20.0,75,35,65.0,B,"observed:price,sales,reviews,rating,fba_fee; estimated:search_volume,cpc",estimated_default_costs,Imported from Sorftime; ASIN B0D1Y2KJJD; brand LANNIU
category:Push Brooms,14253851,Push Brooms,Home & Kitchen > Cleaning Supplies > Household Cleaning > Cleaning Tools > Sweeping > Brooms > Push Brooms,B0GJDZCCDL,,SOBONNE Heavy-Duty Outdoor Broom with Stiff Bristles,Home & Kitchen > Cleaning Supplies > Household Cleaning > Cleaning Tools > Sweeping > Brooms > Push Brooms,US,24.99,7.0,2.0,6.78,0.15,633.0,92.0,4.2,0.55,10000,1.0,20.0,50,25.0,20.0,20.0,75,35,65.0,B,"observed:price,sales,reviews,rating,fba_fee; estimated:search_volume,cpc",estimated_default_costs,Imported from Sorftime; ASIN B0GJDZCCDL; brand SOBONNE
category:Push Brooms,14253851,Push Brooms,Home & Kitchen > Cleaning Supplies > Household Cleaning > Cleaning Tools > Sweeping > Brooms > Push Brooms,B0CWJ76HQL,,"LOLA Deck Scrub Brush Outdoor Broom, Durable Bristles Remove Dirt, Grime, Grout, Leaves, Snow on Patios, Decks, Wet or Dry, 1 Count",Home & Kitchen > Cleaning Supplies > Household Cleaning > Cleaning Tools > Sweeping > Brooms > Push Brooms,US,25.98,7.27,2.08,7.74,0.15,608.0,358.0,4.1,0.55,10000,1.0,20.0,50,25.0,20.0,20.0,75,35,65.0,B,"observed:price,sales,reviews,rating,fba_fee; estimated:search_volume,cpc",estimated_default_costs,Imported from Sorftime; ASIN B0CWJ76HQL; brand LOLA
category:Push Brooms,14253851,Push Brooms,Home & Kitchen > Cleaning Supplies > Household Cleaning > Cleaning Tools > Sweeping > Brooms > Push Brooms,B0H1RHX966,,18”Push Broom with 70” Long Handle Heavy Duty Outdoor Broom for Cleaning Shop Garage Driveway Patio Deck Concrete Floor Sweeping,Home & Kitchen > Cleaning Supplies > Household Cleaning > Cleaning Tools > Sweeping > Brooms > Push Brooms,US,15.99,4.48,1.28,6.76,0.15,578.0,31.0,4.4,0.55,10000,1.0,20.0,50,25.0,20.0,20.0,75,35,65.0,B,"observed:price,sales,reviews,rating,fba_fee; estimated:search_volume,cpc",estimated_default_costs,Imported from Sorftime; ASIN B0H1RHX966; brand Honclea
category:Push Brooms,14253851,Push Brooms,Home & Kitchen > Cleaning Supplies > Household Cleaning > Cleaning Tools > Sweeping > Brooms > Push Brooms,B0GV45B11F,,"Stainless Steel Deck Scrub Brush, Outdoor Broom for Concrete, Deck, Cement Floor Cleaning, 56“ Long Handled Heavy Duty Floor Scrubber",Home & Kitchen > Cleaning Supplies > Household Cleaning > Cleaning Tools > Sweeping > Brooms > Push Brooms,US,18.99,5.32,1.52,6.21,0.15,555.0,14.0,4.4,0.55,10000,1.0,20.0,50,25.0,20.0,20.0,75,35,65.0,B,"observed:price,sales,reviews,rating,fba_fee; estimated:search_volume,cpc",estimated_default_costs,Imported from Sorftime; ASIN B0GV45B11F; brand TrueYee
category:Push Brooms,14253851,Push Brooms,Home & Kitchen > Cleaning Supplies > Household Cleaning > Cleaning Tools > Sweeping > Brooms > Push Brooms,B0H4R3KP4Y,,"AIR U+ Floor Scrub Brush with Long Handle, 4 in 1 Floor Scrubber & Squeegee",Home & Kitchen > Cleaning Supplies > Household Cleaning > Cleaning Tools > Sweeping > Brooms > Push Brooms,US,17.99,5.04,1.44,5.94,0.15,434.0,28.0,4.4,0.55,10000,1.0,20.0,50,25.0,20.0,20.0,75,35,65.0,B,"observed:price,sales,reviews,rating,fba_fee; estimated:search_volume,cpc",estimated_default_costs,Imported from Sorftime; ASIN B0H4R3KP4Y; brand AIR U+
category:Push Brooms,14253851,Push Brooms,Home & Kitchen > Cleaning Supplies > Household Cleaning > Cleaning Tools > Sweeping > Brooms > Push Brooms,B0CNXJ5D11,,"Mitclear Wire Broom with 57‘‘ Long Handle Remove Moss on Patio Concrete | Heavy Duty Outdoor Scrub Brush, Metal Stiff Bristle, Large Wire Scrubber, Weeds Removal in Garage Deck Garden Roof Balcony",Home & Kitchen > Cleaning Supplies > Household Cleaning > Cleaning Tools > Sweeping > Brooms > Push Brooms,US,15.89,4.45,1.27,6.36,0.15,373.0,2034.0,4.0,0.55,10000,1.0,20.0,50,25.0,20.0,20.0,75,35,65.0,B,"observed:price,sales,reviews,rating,fba_fee; estimated:search_volume,cpc",estimated_default_costs,Imported from Sorftime; ASIN B0CNXJ5D11; brand Mitclear
category:Push Brooms,14253851,Push Brooms,Home & Kitchen > Cleaning Supplies > Household Cleaning > Cleaning Tools > Sweeping > Brooms > Push Brooms,B0FLJ67F8D,,"3 PK 24“ Push Broom Outdoor, Heavy Duty Broom with 63“ Long Handle, Shop Garage Broom with Stiff Bristle for Indoor Outdoor Floor Cleaning, Garden Patio Deck Warehouse Lawn Driveway Scrubbing",Home & Kitchen > Cleaning Supplies > Household Cleaning > Cleaning Tools > Sweeping > Brooms > Push Brooms,US,68.39,19.15,5.47,10.71,0.15,357.0,113.0,4.6,0.55,10000,1.0,20.0,50,25.0,20.0,20.0,75,35,65.0,B,"observed:price,sales,reviews,rating,fba_fee; estimated:search_volume,cpc",estimated_default_costs,Imported from Sorftime; ASIN B0FLJ67F8D; brand KalTell
category:Push Brooms,14253851,Push Brooms,Home & Kitchen > Cleaning Supplies > Household Cleaning > Cleaning Tools > Sweeping > Brooms > Push Brooms,B0G393HR2H,,CLEANHOME Rubber Broom for Pet Hair on Carpet & Hardwood,Home & Kitchen > Cleaning Supplies > Household Cleaning > Cleaning Tools > Sweeping > Brooms > Push Brooms,US,15.99,4.48,1.28,6.38,0.15,356.0,62.0,4.1,0.55,10000,1.0,20.0,50,25.0,20.0,20.0,75,35,65.0,B,"observed:price,sales,reviews,rating,fba_fee; estimated:search_volume,cpc",estimated_default_costs,Imported from Sorftime; ASIN B0G393HR2H; brand Cleanhome
category:Push Brooms,14253851,Push Brooms,Home & Kitchen > Cleaning Supplies > Household Cleaning > Cleaning Tools > Sweeping > Brooms > Push Brooms,B0DPMDR2Q3,,"16-Inch Push Broom Outdoor with Rubber Squeegee and 58“ Long Handle, 2 in 1 Commercial Broom Brush with Stiff Bristles for Deck Patio Garage Warehouse Driveway Concrete Floor Cleaning Scrubbing",Home & Kitchen > Cleaning Supplies > Household Cleaning > Cleaning Tools > Sweeping > Brooms > Push Brooms,US,19.99,5.6,1.6,6.59,0.15,335.0,534.0,4.3,0.55,10000,1.0,20.0,50,25.0,20.0,20.0,75,35,65.0,B,"observed:price,sales,reviews,rating,fba_fee; estimated:search_volume,cpc",estimated_default_costs,Imported from Sorftime; ASIN B0DPMDR2Q3; brand KalTell
category:Push Brooms,14253851,Push Brooms,Home & Kitchen > Cleaning Supplies > Household Cleaning > Cleaning Tools > Sweeping > Brooms > Push Brooms,B0DYDJSFBD,,"24-Inch Push Broom Outdoor with Stiff Bristle, Heavy Duty Broom Brush with 63” Long Handle for Deck Patio Driveway Garage Warehouse Shop Floor Sweeping & Scrubbing",Home & Kitchen > Cleaning Supplies > Household Cleaning > Cleaning Tools > Sweeping > Brooms > Push Brooms,US,25.19,7.05,2.02,8.21,0.15,303.0,149.0,4.4,0.55,10000,1.0,20.0,50,25.0,20.0,20.0,75,35,65.0,B,"observed:price,sales,reviews,rating,fba_fee; estimated:search_volume,cpc",estimated_default_costs,Imported from Sorftime; ASIN B0DYDJSFBD; brand KalTell
category:Push Brooms,14253851,Push Brooms,Home & Kitchen > Cleaning Supplies > Household Cleaning > Cleaning Tools > Sweeping > Brooms > Push Brooms,B0FSCFBJ56,,2 in 1 Stainless Steel Wire Brush Heavy Duty Floor Deck Scrub,Home & Kitchen > Cleaning Supplies > Household Cleaning > Cleaning Tools > Sweeping > Brooms > Push Brooms,US,19.98,5.59,1.6,6.59,0.15,284.0,114.0,4.3,0.55,10000,1.0,20.0,50,25.0,20.0,20.0,75,35,65.0,B,"observed:price,sales,reviews,rating,fba_fee; estimated:search_volume,cpc",estimated_default_costs,Imported from Sorftime; ASIN B0FSCFBJ56; brand JIURAIN
category:Push Brooms,14253851,Push Brooms,Home & Kitchen > Cleaning Supplies > Household Cleaning > Cleaning Tools > Sweeping > Brooms > Push Brooms,B0FVXDKZTL,,"REEWII Large Broom and Dustpan Set，Long Handle Upright Dust Pan Outdoor Indoor for Courtyards, Garages, Lobbies, Shopping Malls, Market Floors, Sidewalks, Classroom Floor Cleaning",Home & Kitchen > Cleaning Supplies > Household Cleaning > Cleaning Tools > Sweeping > Brooms > Push Brooms,US,33.99,9.52,2.72,8.79,0.15,278.0,406.0,4.3,0.55,10000,1.0,20.0,50,25.0,20.0,20.0,75,35,65.0,B,"observed:price,sales,reviews,rating,fba_fee; estimated:search_volume,cpc",estimated_default_costs,Imported from Sorftime; ASIN B0FVXDKZTL; brand REEWII
category:Push Brooms,14253851,Push Brooms,Home & Kitchen > Cleaning Supplies > Household Cleaning > Cleaning Tools > Sweeping > Brooms > Push Brooms,B0GRLR7Q46,,"3PK 24“ Push Broom Outdoor, Stiff Bristle Push Broom Brush for Workshop, Garage, Concrete, Patio and Deck Floor Sweeping(63“ Long Handle)",Home & Kitchen > Cleaning Supplies > Household Cleaning > Cleaning Tools > Sweeping > Brooms > Push Brooms,US,65.99,18.48,5.28,11.18,0.15,267.0,9.0,4.5,0.55,10000,1.0,20.0,50,25.0,20.0,20.0,75,35,65.0,B,"observed:price,sales,reviews,rating,fba_fee; estimated:search_volume,cpc",estimated_default_costs,Imported from Sorftime; ASIN B0GRLR7Q46; brand TrueYee
category:Push Brooms,14253851,Push Brooms,Home & Kitchen > Cleaning Supplies > Household Cleaning > Cleaning Tools > Sweeping > Brooms > Push Brooms,B0CNRG66LQ,,"Eyliden 18“ Push Broom for Deck Driveway Patio Garage, Black",Home & Kitchen > Cleaning Supplies > Household Cleaning > Cleaning Tools > Sweeping > Brooms > Push Brooms,US,22.49,6.3,1.8,7.73,0.15,240.0,1054.0,4.5,0.55,10000,1.0,20.0,50,25.0,20.0,20.0,75,35,65.0,B,"observed:price,sales,reviews,rating,fba_fee; estimated:search_volume,cpc",estimated_default_costs,Imported from Sorftime; ASIN B0CNRG66LQ; brand Eyliden
category:Push Brooms,14253851,Push Brooms,Home & Kitchen > Cleaning Supplies > Household Cleaning > Cleaning Tools > Sweeping > Brooms > Push Brooms,B0DRNRG34X,,Yocada Artificial Turf Rake Grass Brush Broom Carpet Lawn Leaf Rake 56.69“,Home & Kitchen > Cleaning Supplies > Household Cleaning > Cleaning Tools > Sweeping > Brooms > Push Brooms,US,24.99,7.0,2.0,8.02,0.15,239.0,161.0,3.6,0.55,10000,1.0,20.0,50,25.0,20.0,20.0,75,35,65.0,B,"observed:price,sales,reviews,rating,fba_fee; estimated:search_volume,cpc",estimated_default_costs,Imported from Sorftime; ASIN B0DRNRG34X; brand Yocada
category:Push Brooms,14253851,Push Brooms,Home & Kitchen > Cleaning Supplies > Household Cleaning > Cleaning Tools > Sweeping > Brooms > Push Brooms,B0014X8TQY,,Kleen #1810 10lb Kleen Sweep Plus,Home & Kitchen > Cleaning Supplies > Household Cleaning > Cleaning Tools > Sweeping > Brooms > Push Brooms,US,16.61,4.65,1.33,10.35,0.15,232.0,415.0,4.4,0.55,10000,1.0,20.0,50,25.0,20.0,20.0,75,35,65.0,B,"observed:price,sales,reviews,rating,fba_fee; estimated:search_volume,cpc",estimated_default_costs,Imported from Sorftime; ASIN B0014X8TQY; brand KLEEN PRODUCTS LLC
category:Kitchen Brushes,203313515011,Kitchen Brushes,Home & Kitchen > Cleaning Supplies > Household Cleaning > Cleaning Tools > Brushes > Kitchen Brushes,B0DLWHGGCS,,DEBETOOL 6-Piece Bamboo Dish Brush Set with Coconut Sponge,Home & Kitchen > Cleaning Supplies > Household Cleaning > Cleaning Tools > Brushes > Kitchen Brushes,US,14.99,4.2,1.2,5.35,0.15,2368.0,512.0,4.5,0.55,10000,1.0,20.0,50,25.0,20.0,20.0,75,35,65.0,B,"observed:price,sales,reviews,rating,fba_fee; estimated:search_volume,cpc",estimated_default_costs,Imported from Sorftime; ASIN B0DLWHGGCS; brand DEBETOOL
category:Kitchen Brushes,203313515011,Kitchen Brushes,Home & Kitchen > Cleaning Supplies > Household Cleaning > Cleaning Tools > Brushes > Kitchen Brushes,B0FMJYTQLT,,5 Pack Bamboo Dish Brush Set with 14’’ Bottle Brush,Home & Kitchen > Cleaning Supplies > Household Cleaning > Cleaning Tools > Brushes > Kitchen Brushes,US,16.99,4.76,1.36,5.36,0.15,2019.0,219.0,4.3,0.55,10000,1.0,20.0,50,25.0,20.0,20.0,75,35,65.0,B,"observed:price,sales,reviews,rating,fba_fee; estimated:search_volume,cpc",estimated_default_costs,Imported from Sorftime; ASIN B0FMJYTQLT; brand BONUMVITA
category:Kitchen Brushes,203313515011,Kitchen Brushes,Home & Kitchen > Cleaning Supplies > Household Cleaning > Cleaning Tools > Brushes > Kitchen Brushes,B08133PFCB,,"ELDR Supply Bottle Brush, 14in Extra Long German Beechwood Handle, Strong Hemp Bristles, Zero Waste, Cleans and Scrubs Hard to Reach Wide Mouth Jars, Glasses, and Tumblers",Home & Kitchen > Cleaning Supplies > Household Cleaning > Cleaning Tools > Brushes > Kitchen Brushes,US,12.98,3.63,1.04,5.94,0.15,1586.0,1453.0,4.4,0.55,10000,1.0,20.0,50,25.0,20.0,20.0,75,35,65.0,B,"observed:price,sales,reviews,rating,fba_fee; estimated:search_volume,cpc",estimated_default_costs,Imported from Sorftime; ASIN B08133PFCB; brand ELDR Supply
category:Kitchen Brushes,203313515011,Kitchen Brushes,Home & Kitchen > Cleaning Supplies > Household Cleaning > Cleaning Tools > Brushes > Kitchen Brushes,B0DG5LNC46,,"Grout Cleaner Brush with Long Handle, Floor Scrub Brush for Shower Tile, Bathroom Crevice Cleaning Brushes with Heavy Duty Stiff Bristles",Home & Kitchen > Cleaning Supplies > Household Cleaning > Cleaning Tools > Brushes > Kitchen Brushes,US,12.99,3.64,1.04,4.57,0.15,1311.0,534.0,4.3,0.55,10000,1.0,20.0,50,25.0,20.0,20.0,75,35,65.0,B,"observed:price,sales,reviews,rating,fba_fee; estimated:search_volume,cpc",estimated_default_costs,Imported from Sorftime; ASIN B0DG5LNC46; brand KalTell
category:Kitchen Brushes,203313515011,Kitchen Brushes,Home & Kitchen > Cleaning Supplies > Household Cleaning > Cleaning Tools > Brushes > Kitchen Brushes,B0FDXBHYMR,,"Earth & Mango Magnetic Dish Brush & Scraper, Snaps to Sink, Warm Sand Beige",Home & Kitchen > Cleaning Supplies > Household Cleaning > Cleaning Tools > Brushes > Kitchen Brushes,US,15.0,4.2,1.2,4.19,0.15,1196.0,145.0,4.6,0.55,10000,1.0,20.0,50,25.0,20.0,20.0,75,35,65.0,B,"observed:price,sales,reviews,rating,fba_fee; estimated:search_volume,cpc",estimated_default_costs,Imported from Sorftime; ASIN B0FDXBHYMR; brand Earth & Mango
category:Kitchen Brushes,203313515011,Kitchen Brushes,Home & Kitchen > Cleaning Supplies > Household Cleaning > Cleaning Tools > Brushes > Kitchen Brushes,B00CWDO2KM,,Küchenprofi 2-Pack Replacement Brush Refill for Classic Dish Washing Brush,Home & Kitchen > Cleaning Supplies > Household Cleaning > Cleaning Tools > Brushes > Kitchen Brushes,US,14.2,3.98,1.14,4.18,0.15,495.0,1124.0,4.6,0.55,10000,1.0,20.0,50,25.0,20.0,20.0,75,35,65.0,B,"observed:price,sales,reviews,rating,fba_fee; estimated:search_volume,cpc",estimated_default_costs,Imported from Sorftime; ASIN B00CWDO2KM; brand Küchenprofi
category:Toilet Brushes & Holders,85975011,Toilet Brushes & Holders,Home & Kitchen > Cleaning Supplies > Household Cleaning > Cleaning Tools > Brushes > Toilet Brushes & Holders,B0FHBB78FD,,"LFBEAR Disposable Toilet Cleaning System - Toilet Brush Kit with 36 High-Performance Refills, Wall Mounted Toilet Brush and Holder for Deep Cleaning Bathroom (Toilet Brush+18 Refills)",Home & Kitchen > Cleaning Supplies > Household Cleaning > Cleaning Tools > Brushes > Toilet Brushes & Holders,US,13.98,3.91,1.12,6.22,0.15,3151.0,673.0,4.5,0.55,10000,1.0,20.0,50,25.0,20.0,20.0,75,35,65.0,B,"observed:price,sales,reviews,rating,fba_fee; estimated:search_volume,cpc",estimated_default_costs,Imported from Sorftime; ASIN B0FHBB78FD; brand LFBEAR
category:Toilet Brushes & Holders,85975011,Toilet Brushes & Holders,Home & Kitchen > Cleaning Supplies > Household Cleaning > Cleaning Tools > Brushes > Toilet Brushes & Holders,B0G42ZFWLJ,,"Toilet Bowl Brush and Holder Set 2 Pack with 4 Extra Brush Heads (Black) | Extra Long Handle with Splash Guard Cover, Tool-Free Installation, Bathroom Space-Saving, Cleaner Sets for Apartments, RV",Home & Kitchen > Cleaning Supplies > Household Cleaning > Cleaning Tools > Brushes > Toilet Brushes & Holders,US,15.99,4.48,1.28,6.78,0.15,3015.0,210.0,4.3,0.55,10000,1.0,20.0,50,25.0,20.0,20.0,75,35,65.0,B,"observed:price,sales,reviews,rating,fba_fee; estimated:search_volume,cpc",estimated_default_costs,Imported from Sorftime; ASIN B0G42ZFWLJ; brand Bathway
category:Toilet Brushes & Holders,85975011,Toilet Brushes & Holders,Home & Kitchen > Cleaning Supplies > Household Cleaning > Cleaning Tools > Brushes > Toilet Brushes & Holders,B0FPVS8NGD,,"Disposable Toilet Bowl Brush with 36 Count Refills, Toilet Cleaning Stick,Toilet Bowl Cleaner Holder and Set, Toilet Cleaning System Starter Kit",Home & Kitchen > Cleaning Supplies > Household Cleaning > Cleaning Tools > Brushes > Toilet Brushes & Holders,US,24.99,7.0,2.0,6.78,0.15,2068.0,161.0,4.5,0.55,10000,1.0,20.0,50,25.0,20.0,20.0,75,35,65.0,B,"observed:price,sales,reviews,rating,fba_fee; estimated:search_volume,cpc",estimated_default_costs,Imported from Sorftime; ASIN B0FPVS8NGD; brand MNWHUC
category:Toilet Brushes & Holders,85975011,Toilet Brushes & Holders,Home & Kitchen > Cleaning Supplies > Household Cleaning > Cleaning Tools > Brushes > Toilet Brushes & Holders,B0BZ83FQ2Y,,"MR.SIGA Toilet Plunger and Brush with Holder for Toilet Cleaning, White | Heavy duty toilet brush and plunger set, plunger toilet brush combo",Home & Kitchen > Cleaning Supplies > Household Cleaning > Cleaning Tools > Brushes > Toilet Brushes & Holders,US,23.99,6.72,1.92,8.03,0.15,1898.0,1657.0,4.5,0.55,10000,1.0,20.0,50,25.0,20.0,20.0,75,35,65.0,B,"observed:price,sales,reviews,rating,fba_fee; estimated:search_volume,cpc",estimated_default_costs,Imported from Sorftime; ASIN B0BZ83FQ2Y; brand MR.SIGA
category:Toilet Brushes & Holders,85975011,Toilet Brushes & Holders,Home & Kitchen > Cleaning Supplies > Household Cleaning > Cleaning Tools > Brushes > Toilet Brushes & Holders,B07YFPMDWC,,"Stainless Steel Toilet Brush and Holder Set, Splash Guard (Brushed Gold)",Home & Kitchen > Cleaning Supplies > Household Cleaning > Cleaning Tools > Brushes > Toilet Brushes & Holders,US,28.88,8.09,2.31,6.51,0.15,1882.0,1045.0,4.6,0.55,10000,1.0,20.0,50,25.0,20.0,20.0,75,35,65.0,B,"observed:price,sales,reviews,rating,fba_fee; estimated:search_volume,cpc",estimated_default_costs,Imported from Sorftime; ASIN B07YFPMDWC; brand Novsix
category:Toilet Brushes & Holders,85975011,Toilet Brushes & Holders,Home & Kitchen > Cleaning Supplies > Household Cleaning > Cleaning Tools > Brushes > Toilet Brushes & Holders,B0DY9SNVYT,,"CiLoN Disposable Toilet Brush, Toilet Wand Cleaning System, Bowl Scrubber | Flip-Top Hands-Free Wall-Mounted Toilet Bowl Brush & Holder with 30 Disposable Cleaning-Fluid Scrubbing Pads for Hygienic Use",Home & Kitchen > Cleaning Supplies > Household Cleaning > Cleaning Tools > Brushes > Toilet Brushes & Holders,US,16.99,4.76,1.36,6.58,0.15,1749.0,437.0,4.4,0.55,10000,1.0,20.0,50,25.0,20.0,20.0,75,35,65.0,B,"observed:price,sales,reviews,rating,fba_fee; estimated:search_volume,cpc",estimated_default_costs,Imported from Sorftime; ASIN B0DY9SNVYT; brand CiLoN
category:Toilet Brushes & Holders,85975011,Toilet Brushes & Holders,Home & Kitchen > Cleaning Supplies > Household Cleaning > Cleaning Tools > Brushes > Toilet Brushes & Holders,B0GT8FVMZ4,,"LEGUO Disposable Toilet Brush System, Toilet Bowl Cleaning Wand with Lift-to-Open Refill Case, Blue Refill Heads and Freestanding Holder, 1 Wand and Holder Set with 35 Blue Refills",Home & Kitchen > Cleaning Supplies > Household Cleaning > Cleaning Tools > Brushes > Toilet Brushes & Holders,US,22.99,6.44,1.84,6.59,0.15,1679.0,148.0,4.3,0.55,10000,1.0,20.0,50,25.0,20.0,20.0,75,35,65.0,B,"observed:price,sales,reviews,rating,fba_fee; estimated:search_volume,cpc",estimated_default_costs,Imported from Sorftime; ASIN B0GT8FVMZ4; brand LEGUO
category:Toilet Brushes & Holders,85975011,Toilet Brushes & Holders,Home & Kitchen > Cleaning Supplies > Household Cleaning > Cleaning Tools > Brushes > Toilet Brushes & Holders,B0CTJWG98Y,,"BGL Standing Toilet Brush and Holder Brushed Gold Aluminium Toilet Bowl Cleaner Brush and Holder for Bathroom Storage and Organization, Square Design Sturdy and Space Saving",Home & Kitchen > Cleaning Supplies > Household Cleaning > Cleaning Tools > Brushes > Toilet Brushes & Holders,US,23.98,6.71,1.92,5.75,0.15,1639.0,1060.0,4.4,0.55,10000,1.0,20.0,50,25.0,20.0,20.0,75,35,65.0,B,"observed:price,sales,reviews,rating,fba_fee; estimated:search_volume,cpc",estimated_default_costs,Imported from Sorftime; ASIN B0CTJWG98Y; brand BGL
category:Toilet Brushes & Holders,85975011,Toilet Brushes & Holders,Home & Kitchen > Cleaning Supplies > Household Cleaning > Cleaning Tools > Brushes > Toilet Brushes & Holders,B0FGV9BBFH,,"Disposable Toilet Brush with 48 Refills,Toilet Cleaning Supplies,Toilet Wand Brush Starter Kit,Wall Mounted Toilet Bowl Cleaner Brush with Holder for Bathroom Deep Cleaning & Hygiene (White)",Home & Kitchen > Cleaning Supplies > Household Cleaning > Cleaning Tools > Brushes > Toilet Brushes & Holders,US,19.99,5.6,1.6,6.77,0.15,1637.0,629.0,4.5,0.55,10000,1.0,20.0,50,25.0,20.0,20.0,75,35,65.0,B,"observed:price,sales,reviews,rating,fba_fee; estimated:search_volume,cpc",estimated_default_costs,Imported from Sorftime; ASIN B0FGV9BBFH; brand clowand
category:Toilet Brushes & Holders,85975011,Toilet Brushes & Holders,Home & Kitchen > Cleaning Supplies > Household Cleaning > Cleaning Tools > Brushes > Toilet Brushes & Holders,B07DG2Y181,,"Libman Designer Bowl Brush and Caddy, Hygenic with Drying Slits, 2 Pack | Non-scratch toilet brush and holder set; hygienic caddy with drying slits.",Home & Kitchen > Cleaning Supplies > Household Cleaning > Cleaning Tools > Brushes > Toilet Brushes & Holders,US,13.9,3.89,1.11,8.21,0.15,1513.0,1474.0,4.6,0.55,10000,1.0,20.0,50,25.0,20.0,20.0,75,35,65.0,B,"observed:price,sales,reviews,rating,fba_fee; estimated:search_volume,cpc",estimated_default_costs,Imported from Sorftime; ASIN B07DG2Y181; brand LIBMAN COMMERCIAL
category:Toilet Brushes & Holders,85975011,Toilet Brushes & Holders,Home & Kitchen > Cleaning Supplies > Household Cleaning > Cleaning Tools > Brushes > Toilet Brushes & Holders,B0DPVHHQ6S,,"Stainless Steel Toilet Brush and Holder Set,Toilet Bowl Brush and Holder | Heavy Duty Silver Toilet Brush for Bathroom,Toilet Cleaner Brush,Deep Cleaning,Space Saving, Covered Brush(Stain Nickel)",Home & Kitchen > Cleaning Supplies > Household Cleaning > Cleaning Tools > Brushes > Toilet Brushes & Holders,US,23.99,6.72,1.92,6.58,0.15,1471.0,394.0,4.4,0.55,10000,1.0,20.0,50,25.0,20.0,20.0,75,35,65.0,B,"observed:price,sales,reviews,rating,fba_fee; estimated:search_volume,cpc",estimated_default_costs,Imported from Sorftime; ASIN B0DPVHHQ6S; brand Hioflyme
category:Toilet Brushes & Holders,85975011,Toilet Brushes & Holders,Home & Kitchen > Cleaning Supplies > Household Cleaning > Cleaning Tools > Brushes > Toilet Brushes & Holders,B0861MCFNS,,"Toilet Brush and Holder, Toilet Brush 304 Stainless Steel, Toilet Bowl Brush for Bathroom Toilet-Ergonomic, Elegant,Durable",Home & Kitchen > Cleaning Supplies > Household Cleaning > Cleaning Tools > Brushes > Toilet Brushes & Holders,US,19.99,5.6,1.6,5.77,0.15,1430.0,1795.0,4.5,0.55,10000,1.0,20.0,50,25.0,20.0,20.0,75,35,65.0,B,"observed:price,sales,reviews,rating,fba_fee; estimated:search_volume,cpc",estimated_default_costs,Imported from Sorftime; ASIN B0861MCFNS; brand Wsedor
category:Toilet Brushes & Holders,85975011,Toilet Brushes & Holders,Home & Kitchen > Cleaning Supplies > Household Cleaning > Cleaning Tools > Brushes > Toilet Brushes & Holders,B0CRYHFGXM,,BVL Toilet Brush and Hoder Set Brushed Gold Freestanding for Bathroom,Home & Kitchen > Cleaning Supplies > Household Cleaning > Cleaning Tools > Brushes > Toilet Brushes & Holders,US,23.99,6.72,1.92,5.91,0.15,1299.0,687.0,4.5,0.55,10000,1.0,20.0,50,25.0,20.0,20.0,75,35,65.0,B,"observed:price,sales,reviews,rating,fba_fee; estimated:search_volume,cpc",estimated_default_costs,Imported from Sorftime; ASIN B0CRYHFGXM; brand BVL
category:Toilet Brushes & Holders,85975011,Toilet Brushes & Holders,Home & Kitchen > Cleaning Supplies > Household Cleaning > Cleaning Tools > Brushes > Toilet Brushes & Holders,B0GHCMZ92D,,"Disposable Toilet Brush and Holder Set, with 30 PCS Brush Head for Clorox. | Compatible with Clorox Toilet Cleaning System ,Upgrade Fiber",Home & Kitchen > Cleaning Supplies > Household Cleaning > Cleaning Tools > Brushes > Toilet Brushes & Holders,US,23.74,6.65,1.9,6.38,0.15,1290.0,128.0,4.4,0.55,10000,1.0,20.0,50,25.0,20.0,20.0,75,35,65.0,B,"observed:price,sales,reviews,rating,fba_fee; estimated:search_volume,cpc",estimated_default_costs,Imported from Sorftime; ASIN B0GHCMZ92D; brand Choneight
category:Toilet Brushes & Holders,85975011,Toilet Brushes & Holders,Home & Kitchen > Cleaning Supplies > Household Cleaning > Cleaning Tools > Brushes > Toilet Brushes & Holders,B0G3X55H54,,"JUDRDO Disposable Toilet Brush, Toilet Bowl Cleaning Kit, Toilet Bowl Brush | 36 Refills for Deep Toilet Cleaning,Toilet Brush and Holder Set for Hygienic Bathroom Maintenance",Home & Kitchen > Cleaning Supplies > Household Cleaning > Cleaning Tools > Brushes > Toilet Brushes & Holders,US,21.99,6.16,1.76,6.77,0.15,1244.0,207.0,4.4,0.55,10000,1.0,20.0,50,25.0,20.0,20.0,75,35,65.0,B,"observed:price,sales,reviews,rating,fba_fee; estimated:search_volume,cpc",estimated_default_costs,Imported from Sorftime; ASIN B0G3X55H54; brand JUDRDO
category:Toilet Brushes & Holders,85975011,Toilet Brushes & Holders,Home & Kitchen > Cleaning Supplies > Household Cleaning > Cleaning Tools > Brushes > Toilet Brushes & Holders,B0G7ZH4JRW,,"FORASTO 3IN1 Toilet Brush and Plunger Set with Holder Compact Cleaning Kit | White, Long Grip, Suction Cup, Firm Bristles, Crevice Cleaner, Bathroom Essentials For Apartment, Daily Supplies",Home & Kitchen > Cleaning Supplies > Household Cleaning > Cleaning Tools > Brushes > Toilet Brushes & Holders,US,12.99,3.64,1.04,5.95,0.15,1240.0,206.0,4.4,0.55,10000,1.0,20.0,50,25.0,20.0,20.0,75,35,65.0,B,"observed:price,sales,reviews,rating,fba_fee; estimated:search_volume,cpc",estimated_default_costs,Imported from Sorftime; ASIN B0G7ZH4JRW; brand FORASTO
category:Toilet Brushes & Holders,85975011,Toilet Brushes & Holders,Home & Kitchen > Cleaning Supplies > Household Cleaning > Cleaning Tools > Brushes > Toilet Brushes & Holders,B0GSZBZDRN,,"LEGUO Wall Mounted Disposable Toilet Brush System with Holder, Toilet Bowl Cleaning Wand with Green Refills and One-Button Release, 1 Wand and Holder with 24 Green Refills",Home & Kitchen > Cleaning Supplies > Household Cleaning > Cleaning Tools > Brushes > Toilet Brushes & Holders,US,15.99,4.48,1.28,6.21,0.15,1239.0,144.0,4.5,0.55,10000,1.0,20.0,50,25.0,20.0,20.0,75,35,65.0,B,"observed:price,sales,reviews,rating,fba_fee; estimated:search_volume,cpc",estimated_default_costs,Imported from Sorftime; ASIN B0GSZBZDRN; brand LEGUO
category:Toilet Brushes & Holders,85975011,Toilet Brushes & Holders,Home & Kitchen > Cleaning Supplies > Household Cleaning > Cleaning Tools > Brushes > Toilet Brushes & Holders,B0CFVGPRHS,,"Toilet Bowl Brush and Holder, OSCIOSS Toilet Brush Set with Ergonomic Design, Compact Size, Durable Bristles, RV Toilet Brushes & Holders for Dead Corner Clean (White, 1pack)",Home & Kitchen > Cleaning Supplies > Household Cleaning > Cleaning Tools > Brushes > Toilet Brushes & Holders,US,16.99,4.76,1.36,5.76,0.15,1220.0,1448.0,4.5,0.55,10000,1.0,20.0,50,25.0,20.0,20.0,75,35,65.0,B,"observed:price,sales,reviews,rating,fba_fee; estimated:search_volume,cpc",estimated_default_costs,Imported from Sorftime; ASIN B0CFVGPRHS; brand OSCIOSS
category:Toilet Brushes & Holders,85975011,Toilet Brushes & Holders,Home & Kitchen > Cleaning Supplies > Household Cleaning > Cleaning Tools > Brushes > Toilet Brushes & Holders,B0D7ZYWQ89,,"HAMITOR Toilet Plunger Brush Set: Curved Bristles Design for Deep Cleaning | Deep Cleaning Under Rim, Heavy Duty Rubber for Unclog- Compact Bathroom Cleaning Tools for New Homet Essentials - White",Home & Kitchen > Cleaning Supplies > Household Cleaning > Cleaning Tools > Brushes > Toilet Brushes & Holders,US,26.99,7.56,2.16,6.78,0.15,1213.0,1286.0,4.4,0.55,10000,1.0,20.0,50,25.0,20.0,20.0,75,35,65.0,B,"observed:price,sales,reviews,rating,fba_fee; estimated:search_volume,cpc",estimated_default_costs,Imported from Sorftime; ASIN B0D7ZYWQ89; brand HAMITOR
category:Toilet Brushes & Holders,85975011,Toilet Brushes & Holders,Home & Kitchen > Cleaning Supplies > Household Cleaning > Cleaning Tools > Brushes > Toilet Brushes & Holders,B0BLZKM1MV,,"LOLA Classic Toilet Brush, Durable Fiber Stiff Bristles, Non-Scratch - 2 PK",Home & Kitchen > Cleaning Supplies > Household Cleaning > Cleaning Tools > Brushes > Toilet Brushes & Holders,US,17.88,5.01,1.43,5.94,0.15,1164.0,276.0,4.6,0.55,10000,1.0,20.0,50,25.0,20.0,20.0,75,35,65.0,B,"observed:price,sales,reviews,rating,fba_fee; estimated:search_volume,cpc",estimated_default_costs,Imported from Sorftime; ASIN B0BLZKM1MV; brand LOLA
category:Toilet Brushes & Holders,85975011,Toilet Brushes & Holders,Home & Kitchen > Cleaning Supplies > Household Cleaning > Cleaning Tools > Brushes > Toilet Brushes & Holders,B08257N9H4,,"Toilet Brush and Holder, 2 Pack Toilet Brush Stainless Steel, Toilet Bowl Brush for Bathroom Toilet-Ergonomic, Elegant,Durable (Silver)",Home & Kitchen > Cleaning Supplies > Household Cleaning > Cleaning Tools > Brushes > Toilet Brushes & Holders,US,26.99,7.56,2.16,9.27,0.15,1155.0,2346.0,4.5,0.55,10000,1.0,20.0,50,25.0,20.0,20.0,75,35,65.0,B,"observed:price,sales,reviews,rating,fba_fee; estimated:search_volume,cpc",estimated_default_costs,Imported from Sorftime; ASIN B08257N9H4; brand Wsedor
category:Toilet Brushes & Holders,85975011,Toilet Brushes & Holders,Home & Kitchen > Cleaning Supplies > Household Cleaning > Cleaning Tools > Brushes > Toilet Brushes & Holders,B0CPXMRPSZ,,"48 Count Disposable Toilet Brush Heads, Toilet Bowl Wand Refills for Toilet and Bathroom Cleaning, Not Suitable for Electric Toilet Brushes",Home & Kitchen > Cleaning Supplies > Household Cleaning > Cleaning Tools > Brushes > Toilet Brushes & Holders,US,20.0,5.6,1.6,5.94,0.15,1152.0,164.0,4.6,0.55,10000,1.0,20.0,50,25.0,20.0,20.0,75,35,65.0,B,"observed:price,sales,reviews,rating,fba_fee; estimated:search_volume,cpc",estimated_default_costs,Imported from Sorftime; ASIN B0CPXMRPSZ; brand AIR U+
category:Toilet Brushes & Holders,85975011,Toilet Brushes & Holders,Home & Kitchen > Cleaning Supplies > Household Cleaning > Cleaning Tools > Brushes > Toilet Brushes & Holders,B08T1FVT7M,,"BGL Stainless Steel Toilet Brush with Holder, 2 Black Bristle Heads | Splash-proof design protects hands. Two replaceable heads extend lifespan. 360° bristles deep-clean. Compact holder for tight",Home & Kitchen > Cleaning Supplies > Household Cleaning > Cleaning Tools > Brushes > Toilet Brushes & Holders,US,29.69,8.31,2.38,6.17,0.15,1033.0,582.0,4.2,0.55,10000,1.0,20.0,50,25.0,20.0,20.0,75,35,65.0,B,"observed:price,sales,reviews,rating,fba_fee; estimated:search_volume,cpc",estimated_default_costs,Imported from Sorftime; ASIN B08T1FVT7M; brand BGL
category:Toilet Brushes & Holders,85975011,Toilet Brushes & Holders,Home & Kitchen > Cleaning Supplies > Household Cleaning > Cleaning Tools > Brushes > Toilet Brushes & Holders,B0FGXMSQ1F,,Toilet Brush Holder Set Toilet Bowl Brush Stainless Steel Automatic Open lid Toilet Bowl Cleaner Brush with Durable Bristle Head Toilet Cleaning Brush for Bathroom,Home & Kitchen > Cleaning Supplies > Household Cleaning > Cleaning Tools > Brushes > Toilet Brushes & Holders,US,13.49,3.78,1.08,5.36,0.15,970.0,121.0,4.4,0.55,10000,1.0,20.0,50,25.0,20.0,20.0,75,35,65.0,B,"observed:price,sales,reviews,rating,fba_fee; estimated:search_volume,cpc",estimated_default_costs,Imported from Sorftime; ASIN B0FGXMSQ1F; brand Sineng
category:Toilet Brushes & Holders,85975011,Toilet Brushes & Holders,Home & Kitchen > Cleaning Supplies > Household Cleaning > Cleaning Tools > Brushes > Toilet Brushes & Holders,B0CBWVC6J7,,"SUBEKYU Toilet Brush, Toilet Bowl Brush and Holder Set, Bathroom Toilet Bowl Cleaner Scrub Brush Set Scrubber for Deep Cleaning, White",Home & Kitchen > Cleaning Supplies > Household Cleaning > Cleaning Tools > Brushes > Toilet Brushes & Holders,US,12.99,3.64,1.04,5.36,0.15,916.0,473.0,4.2,0.55,10000,1.0,20.0,50,25.0,20.0,20.0,75,35,65.0,B,"observed:price,sales,reviews,rating,fba_fee; estimated:search_volume,cpc",estimated_default_costs,Imported from Sorftime; ASIN B0CBWVC6J7; brand SUBEKYU
category:Toilet Brushes & Holders,85975011,Toilet Brushes & Holders,Home & Kitchen > Cleaning Supplies > Household Cleaning > Cleaning Tools > Brushes > Toilet Brushes & Holders,B0CSZBBQ3X,,"Deep & Sturdy Toilet Bowl Brush with Holder - Durable Scrubbing - Toilet Cleaners - Household Essentials - Silicone Brush - Bathroom Cleaner - Cleaning Supplies - Household Supplies, Matte Black",Home & Kitchen > Cleaning Supplies > Household Cleaning > Cleaning Tools > Brushes > Toilet Brushes & Holders,US,16.99,4.76,1.36,6.77,0.15,853.0,814.0,4.4,0.55,10000,1.0,20.0,50,25.0,20.0,20.0,75,35,65.0,B,"observed:price,sales,reviews,rating,fba_fee; estimated:search_volume,cpc",estimated_default_costs,Imported from Sorftime; ASIN B0CSZBBQ3X; brand Zahari Home
category:Toilet Brushes & Holders,85975011,Toilet Brushes & Holders,Home & Kitchen > Cleaning Supplies > Household Cleaning > Cleaning Tools > Brushes > Toilet Brushes & Holders,B0H4ZFDB91,,2-in-1 Toilet Bowl Brush and Plunger Set with Caddy – Gold | All-in-one toilet bowl brush and plunger combo with a compact plastic caddy & steel handles in gold,Home & Kitchen > Cleaning Supplies > Household Cleaning > Cleaning Tools > Brushes > Toilet Brushes & Holders,US,24.99,7.0,2.0,7.93,0.15,849.0,46.0,4.0,0.55,10000,1.0,20.0,50,25.0,20.0,20.0,75,35,65.0,B,"observed:price,sales,reviews,rating,fba_fee; estimated:search_volume,cpc",estimated_default_costs,Imported from Sorftime; ASIN B0H4ZFDB91; brand SAVEGA
category:Toilet Brushes & Holders,85975011,Toilet Brushes & Holders,Home & Kitchen > Cleaning Supplies > Household Cleaning > Cleaning Tools > Brushes > Toilet Brushes & Holders,B0FYNPF764,,"Disposable Toilet Brush & Holder Set with 50 Toilet Bowl Refills for Clorox | Wall Mounted Disposable Toilet Bowl Kit, for Bathroom, Sink & Bathtub, Touchless Toilet Cleaning System",Home & Kitchen > Cleaning Supplies > Household Cleaning > Cleaning Tools > Brushes > Toilet Brushes & Holders,US,26.99,7.56,2.16,7.83,0.15,695.0,126.0,4.4,0.55,10000,1.0,20.0,50,25.0,20.0,20.0,75,35,65.0,B,"observed:price,sales,reviews,rating,fba_fee; estimated:search_volume,cpc",estimated_default_costs,Imported from Sorftime; ASIN B0FYNPF764; brand Liminfeit
category:Toilet Brushes & Holders,85975011,Toilet Brushes & Holders,Home & Kitchen > Cleaning Supplies > Household Cleaning > Cleaning Tools > Brushes > Toilet Brushes & Holders,B0GGHDPZ9Y,,"Bronze Toilet Brush and Holder Set，Stainless Steel Heavy Duty Toilet Bowl Brush，Extra Long Handled Modern Toilet Cleaner Brush with Replaceable Head, Removable Inner Bowl, and Splash Protection",Home & Kitchen > Cleaning Supplies > Household Cleaning > Cleaning Tools > Brushes > Toilet Brushes & Holders,US,32.99,9.24,2.64,6.7,0.15,616.0,53.0,4.6,0.55,10000,1.0,20.0,50,25.0,20.0,20.0,75,35,65.0,B,"observed:price,sales,reviews,rating,fba_fee; estimated:search_volume,cpc",estimated_default_costs,Imported from Sorftime; ASIN B0GGHDPZ9Y; brand Pucscsrg
category:Toilet Brushes & Holders,85975011,Toilet Brushes & Holders,Home & Kitchen > Cleaning Supplies > Household Cleaning > Cleaning Tools > Brushes > Toilet Brushes & Holders,B0DSVLV7YX,,"Stain Nickel Toilet Brush and Holder，Extra Long Handled Toilet Brush for Bathroom，Stainless Steel Heavy Duty Toilet Bowl Brush,Deep Cleaning Modern Toilet Cleaner Brush -Space Saving, Covered Brush",Home & Kitchen > Cleaning Supplies > Household Cleaning > Cleaning Tools > Brushes > Toilet Brushes & Holders,US,23.99,6.72,1.92,6.37,0.15,554.0,340.0,4.4,0.55,10000,1.0,20.0,50,25.0,20.0,20.0,75,35,65.0,B,"observed:price,sales,reviews,rating,fba_fee; estimated:search_volume,cpc",estimated_default_costs,Imported from Sorftime; ASIN B0DSVLV7YX; brand UNCONSIL
category:Toilet Brushes & Holders,85975011,Toilet Brushes & Holders,Home & Kitchen > Cleaning Supplies > Household Cleaning > Cleaning Tools > Brushes > Toilet Brushes & Holders,B0FLJKXCRR,,"Sellemer Toilet Brush and Plunger Set, Curved Head Deep Clean, White 2 Pack",Home & Kitchen > Cleaning Supplies > Household Cleaning > Cleaning Tools > Brushes > Toilet Brushes & Holders,US,24.54,6.87,1.96,7.22,0.15,504.0,318.0,4.0,0.55,10000,1.0,20.0,50,25.0,20.0,20.0,75,35,65.0,B,"observed:price,sales,reviews,rating,fba_fee; estimated:search_volume,cpc",estimated_default_costs,Imported from Sorftime; ASIN B0FLJKXCRR; brand Sellemer
category:Toilet Brushes & Holders,85975011,Toilet Brushes & Holders,Home & Kitchen > Cleaning Supplies > Household Cleaning > Cleaning Tools > Brushes > Toilet Brushes & Holders,B0GX547N1D,,"Holaloha Toilet Brush and Holder Set, Compact Design, 4 Pack, White",Home & Kitchen > Cleaning Supplies > Household Cleaning > Cleaning Tools > Brushes > Toilet Brushes & Holders,US,13.99,3.92,1.12,6.21,0.15,465.0,32.0,4.6,0.55,10000,1.0,20.0,50,25.0,20.0,20.0,75,35,65.0,B,"observed:price,sales,reviews,rating,fba_fee; estimated:search_volume,cpc",estimated_default_costs,Imported from Sorftime; ASIN B0GX547N1D; brand Holaloha
category:Feather Dusters,2245498011,Feather Dusters,Home & Kitchen > Cleaning Supplies > Household Cleaning > Cleaning Tools > Dusting > Feather Dusters,B0DFGRZC2V,,AIR U+ 6ft Extendable Duster with 20 Refills for Swiffer Dusters,Home & Kitchen > Cleaning Supplies > Household Cleaning > Cleaning Tools > Dusting > Feather Dusters,US,23.99,6.72,1.92,5.2,0.15,4542.0,1093.0,4.1,0.55,10000,1.0,20.0,50,25.0,20.0,20.0,75,35,65.0,B,"observed:price,sales,reviews,rating,fba_fee; estimated:search_volume,cpc",estimated_default_costs,Imported from Sorftime; ASIN B0DFGRZC2V; brand AIR U+
category:Feather Dusters,2245498011,Feather Dusters,Home & Kitchen > Cleaning Supplies > Household Cleaning > Cleaning Tools > Dusting > Feather Dusters,B0F17JYBJ3,,"Cobweb Duster with Extension Pole, Washable Cleaning Duster Set with 2 Duster Heads, Corner Brush, 15-110-Inch Telescoping Pole for high Ceiling Fans, Long Duster for high Ceilings，Spider Web Brush",Home & Kitchen > Cleaning Supplies > Household Cleaning > Cleaning Tools > Dusting > Feather Dusters,US,13.98,3.91,1.12,5.75,0.15,3340.0,487.0,4.5,0.55,10000,1.0,20.0,50,25.0,20.0,20.0,75,35,65.0,B,"observed:price,sales,reviews,rating,fba_fee; estimated:search_volume,cpc",estimated_default_costs,Imported from Sorftime; ASIN B0F17JYBJ3; brand FAMYLI
category:Feather Dusters,2245498011,Feather Dusters,Home & Kitchen > Cleaning Supplies > Household Cleaning > Cleaning Tools > Dusting > Feather Dusters,B07Z7TXPLQ,,"Cobweb Duster with Extension Pole - 6 FT Lightweight Stainless Steel Extendable Duster Ceiling Fan Duster for High Ceilings, Medium Stiff PET Bristle Spider Web Brush for Indoor/Outdoor Cleaning",Home & Kitchen > Cleaning Supplies > Household Cleaning > Cleaning Tools > Dusting > Feather Dusters,US,21.99,6.16,1.76,6.37,0.15,3303.0,1779.0,4.5,0.55,10000,1.0,20.0,50,25.0,20.0,20.0,75,35,65.0,B,"observed:price,sales,reviews,rating,fba_fee; estimated:search_volume,cpc",estimated_default_costs,Imported from Sorftime; ASIN B07Z7TXPLQ; brand COCONUT
category:Feather Dusters,2245498011,Feather Dusters,Home & Kitchen > Cleaning Supplies > Household Cleaning > Cleaning Tools > Dusting > Feather Dusters,B09MQCK49F,,"20 Feet High Reach Duster Kit with 5-12 Ft Extension Pole, Cobweb Duster with Telescoping Pole, Window Squeegee with Scrubber, Spider Web Brush, High Ceiling Fan Duster for High Window, Interior Roof",Home & Kitchen > Cleaning Supplies > Household Cleaning > Cleaning Tools > Dusting > Feather Dusters,US,39.99,11.2,3.2,12.39,0.15,2029.0,1532.0,4.5,0.55,10000,1.0,20.0,50,25.0,20.0,20.0,75,35,65.0,B,"observed:price,sales,reviews,rating,fba_fee; estimated:search_volume,cpc",estimated_default_costs,Imported from Sorftime; ASIN B09MQCK49F; brand VITEVER
category:Feather Dusters,2245498011,Feather Dusters,Home & Kitchen > Cleaning Supplies > Household Cleaning > Cleaning Tools > Dusting > Feather Dusters,B0BGR1DQF8,,"Hicavar 20 Foot High Ceiling Fan, Cobweb Duster with 5-12ft Extension Pole | Extendable, Reusable Feather, Window Cleaning Squeegee Kit",Home & Kitchen > Cleaning Supplies > Household Cleaning > Cleaning Tools > Dusting > Feather Dusters,US,45.99,12.88,3.68,12.8,0.15,1629.0,1007.0,4.5,0.55,10000,1.0,20.0,50,25.0,20.0,20.0,75,35,65.0,B,"observed:price,sales,reviews,rating,fba_fee; estimated:search_volume,cpc",estimated_default_costs,Imported from Sorftime; ASIN B0BGR1DQF8; brand Hicavar
category:Feather Dusters,2245498011,Feather Dusters,Home & Kitchen > Cleaning Supplies > Household Cleaning > Cleaning Tools > Dusting > Feather Dusters,B0CSCSSKPY,,"TelesPro 20 Feet High Reach Cobweb Duster with 5-12Ft Extension Pole, Webster Cobweb Duster with 3-Stage Telescopic Aluminum Pole, Spider Web Brush for Outdoor & Indoor Cleaning - Soft Bristles.",Home & Kitchen > Cleaning Supplies > Household Cleaning > Cleaning Tools > Dusting > Feather Dusters,US,39.99,11.2,3.2,3.44,0.15,1606.0,1220.0,4.5,0.55,10000,1.0,20.0,50,25.0,20.0,20.0,75,35,65.0,B,"observed:price,sales,reviews,rating,fba_fee; estimated:search_volume,cpc",estimated_default_costs,Imported from Sorftime; ASIN B0CSCSSKPY; brand TelesPro
category:Feather Dusters,2245498011,Feather Dusters,Home & Kitchen > Cleaning Supplies > Household Cleaning > Cleaning Tools > Dusting > Feather Dusters,B0DZ22TD18,,12 PCS Microfiber Reusable Duster Refills for Swiffer Duster,Home & Kitchen > Cleaning Supplies > Household Cleaning > Cleaning Tools > Dusting > Feather Dusters,US,17.09,4.79,1.37,5.36,0.15,1570.0,283.0,4.4,0.55,10000,1.0,20.0,50,25.0,20.0,20.0,75,35,65.0,B,"observed:price,sales,reviews,rating,fba_fee; estimated:search_volume,cpc",estimated_default_costs,Imported from Sorftime; ASIN B0DZ22TD18; brand Nicemiya
category:Feather Dusters,2245498011,Feather Dusters,Home & Kitchen > Cleaning Supplies > Household Cleaning > Cleaning Tools > Dusting > Feather Dusters,B0F53JFJHZ,,"Ceiling Fan Cleaner Duster with 72‘’ Extendable Long Handle Cleaning Duster Kit, Reusable Chenille & Microfiber Mop Head for High Ceiling Fan Blade Wall Blinds Cobweb",Home & Kitchen > Cleaning Supplies > Household Cleaning > Cleaning Tools > Dusting > Feather Dusters,US,24.98,6.99,2.0,6.58,0.15,1569.0,535.0,4.3,0.55,10000,1.0,20.0,50,25.0,20.0,20.0,75,35,65.0,B,"observed:price,sales,reviews,rating,fba_fee; estimated:search_volume,cpc",estimated_default_costs,Imported from Sorftime; ASIN B0F53JFJHZ; brand MNWHUC
category:Feather Dusters,2245498011,Feather Dusters,Home & Kitchen > Cleaning Supplies > Household Cleaning > Cleaning Tools > Dusting > Feather Dusters,B0DYNKW8FJ,,"REKOPI Heavy Duty Duster Refills Compatible with Swiffer Duster, 20 Count | 3 ft Extension Pole, 4X Microfibers Multisurface Dusters, For Cleaning Home, Celling Fan, Blinds, Vent & Shelves",Home & Kitchen > Cleaning Supplies > Household Cleaning > Cleaning Tools > Dusting > Feather Dusters,US,16.99,4.76,1.36,5.93,0.15,1567.0,1024.0,4.3,0.55,10000,1.0,20.0,50,25.0,20.0,20.0,75,35,65.0,B,"observed:price,sales,reviews,rating,fba_fee; estimated:search_volume,cpc",estimated_default_costs,Imported from Sorftime; ASIN B0DYNKW8FJ; brand REKOPI
category:Feather Dusters,2245498011,Feather Dusters,Home & Kitchen > Cleaning Supplies > Household Cleaning > Cleaning Tools > Dusting > Feather Dusters,B0DJGGF365,,"Cobweb Duster with Extension Pole,Cleaner Outdoor 110“ Telescoping Extended Sspider Brush, Dusting Kit,Long Handle Reach for High Ceilings and Fans,Microfiber Webster Remover Tools Feather Dusters",Home & Kitchen > Cleaning Supplies > Household Cleaning > Cleaning Tools > Dusting > Feather Dusters,US,21.99,6.16,1.76,6.13,0.15,1556.0,606.0,4.5,0.55,10000,1.0,20.0,50,25.0,20.0,20.0,75,35,65.0,B,"observed:price,sales,reviews,rating,fba_fee; estimated:search_volume,cpc",estimated_default_costs,Imported from Sorftime; ASIN B0DJGGF365; brand Hohoky
category:Feather Dusters,2245498011,Feather Dusters,Home & Kitchen > Cleaning Supplies > Household Cleaning > Cleaning Tools > Dusting > Feather Dusters,B0GS19CNKF,,"Screw on Webster Cobweb Duster Head for Pole,Spider Web Remover Brush, Cobweb Duster Head Attachment,Fits Standard 3/4 inch Threaded Poles(Big, Blue)",Home & Kitchen > Cleaning Supplies > Household Cleaning > Cleaning Tools > Dusting > Feather Dusters,US,14.99,4.2,1.2,4.48,0.15,1553.0,120.0,4.5,0.55,10000,1.0,20.0,50,25.0,20.0,20.0,75,35,65.0,B,"observed:price,sales,reviews,rating,fba_fee; estimated:search_volume,cpc",estimated_default_costs,Imported from Sorftime; ASIN B0GS19CNKF; brand ShouRong
category:Feather Dusters,2245498011,Feather Dusters,Home & Kitchen > Cleaning Supplies > Household Cleaning > Cleaning Tools > Dusting > Feather Dusters,B01G5WNQ70,,"Unger Cobweb & Corner Duster – Dusters for Cleaning, Compatible with Telescopic Poles, Dusting Tools, Great for Ceilings, Moldings, HVAC & Floor Vents, and Corners, White/Black",Home & Kitchen > Cleaning Supplies > Household Cleaning > Cleaning Tools > Dusting > Feather Dusters,US,12.97,3.63,1.04,7.21,0.15,1419.0,1597.0,4.5,0.55,10000,1.0,20.0,50,25.0,20.0,20.0,75,35,65.0,B,"observed:price,sales,reviews,rating,fba_fee; estimated:search_volume,cpc",estimated_default_costs,Imported from Sorftime; ASIN B01G5WNQ70; brand UNGER
category:Feather Dusters,2245498011,Feather Dusters,Home & Kitchen > Cleaning Supplies > Household Cleaning > Cleaning Tools > Dusting > Feather Dusters,B09FXLBGV2,,"20 Foot High Ceiling Duster Kits with 5-12ft Heavy Duty Extension Pole | High Reach Duster for Cleaning,Microfiber Feather Duster,Cobweb Duster,Ceiling Fan Duster,Window Squeegee & Cleaner",Home & Kitchen > Cleaning Supplies > Household Cleaning > Cleaning Tools > Dusting > Feather Dusters,US,61.99,17.36,4.96,13.22,0.15,1412.0,1545.0,4.6,0.55,10000,1.0,20.0,50,25.0,20.0,20.0,75,35,65.0,B,"observed:price,sales,reviews,rating,fba_fee; estimated:search_volume,cpc",estimated_default_costs,Imported from Sorftime; ASIN B09FXLBGV2; brand Opow
category:Feather Dusters,2245498011,Feather Dusters,Home & Kitchen > Cleaning Supplies > Household Cleaning > Cleaning Tools > Dusting > Feather Dusters,B0G34LYYWP,,"80 Count Duster Refills Compatible with Swiffer Duster, 180° Disposable Multi-Surface Microfiber Cleaning Dusters, Unscented",Home & Kitchen > Cleaning Supplies > Household Cleaning > Cleaning Tools > Dusting > Feather Dusters,US,26.99,7.56,2.16,8.6,0.15,1376.0,89.0,4.4,0.55,10000,1.0,20.0,50,25.0,20.0,20.0,75,35,65.0,B,"observed:price,sales,reviews,rating,fba_fee; estimated:search_volume,cpc",estimated_default_costs,Imported from Sorftime; ASIN B0G34LYYWP; brand Swilsweep
category:Feather Dusters,2245498011,Feather Dusters,Home & Kitchen > Cleaning Supplies > Household Cleaning > Cleaning Tools > Dusting > Feather Dusters,B0D2J2GTMK,,"Diatomaceous Earth Powder Duster, 8OZ Garden Powder Applicator Dispenser with Long Metal Tube, Bulb Duster Sprayer for Home Organic Gardening Agricultural Supply (Black,1 Pack)",Home & Kitchen > Cleaning Supplies > Household Cleaning > Cleaning Tools > Dusting > Feather Dusters,US,16.99,4.76,1.36,4.48,0.15,1151.0,728.0,4.5,0.55,10000,1.0,20.0,50,25.0,20.0,20.0,75,35,65.0,B,"observed:price,sales,reviews,rating,fba_fee; estimated:search_volume,cpc",estimated_default_costs,Imported from Sorftime; ASIN B0D2J2GTMK; brand Qualirey
category:Feather Dusters,2245498011,Feather Dusters,Home & Kitchen > Cleaning Supplies > Household Cleaning > Cleaning Tools > Dusting > Feather Dusters,B0FXSK2YFQ,,"6 ft Extendable Duster Handle with 20 Pcs, 360° Heavy Duty Duster Refills Kit for Swiffer, 4X Electrostatic Microfiber for Cleaning Home, Effortlessly Reach Ceilings, Fans & Hard-to-Reach Areas",Home & Kitchen > Cleaning Supplies > Household Cleaning > Cleaning Tools > Dusting > Feather Dusters,US,20.39,5.71,1.63,6.21,0.15,1024.0,358.0,4.3,0.55,10000,1.0,20.0,50,25.0,20.0,20.0,75,35,65.0,B,"observed:price,sales,reviews,rating,fba_fee; estimated:search_volume,cpc",estimated_default_costs,Imported from Sorftime; ASIN B0FXSK2YFQ; brand GTSSGTR
category:Feather Dusters,2245498011,Feather Dusters,Home & Kitchen > Cleaning Supplies > Household Cleaning > Cleaning Tools > Dusting > Feather Dusters,B0CWSDT82B,,Bona High Performance Dusting System with Extendable Handle,Home & Kitchen > Cleaning Supplies > Household Cleaning > Cleaning Tools > Dusting > Feather Dusters,US,16.97,4.75,1.36,5.36,0.15,916.0,752.0,4.4,0.55,10000,1.0,20.0,50,25.0,20.0,20.0,75,35,65.0,B,"observed:price,sales,reviews,rating,fba_fee; estimated:search_volume,cpc",estimated_default_costs,Imported from Sorftime; ASIN B0CWSDT82B; brand Bona
category:Feather Dusters,2245498011,Feather Dusters,Home & Kitchen > Cleaning Supplies > Household Cleaning > Cleaning Tools > Dusting > Feather Dusters,B0GDFP7HF9,,"Ceiling Fan Cleaner Duster with 6 Ft/77‘‘ Extension Pole, Multi-Functional | Fan Cleaner Duster Brush Kit for Clean Fan Blade, Baseboard, Blind, Cobweb, High Ceiling Walls - Reusable & Machine Washable",Home & Kitchen > Cleaning Supplies > Household Cleaning > Cleaning Tools > Dusting > Feather Dusters,US,24.99,7.0,2.0,6.38,0.15,876.0,107.0,4.5,0.55,10000,1.0,20.0,50,25.0,20.0,20.0,75,35,65.0,B,"observed:price,sales,reviews,rating,fba_fee; estimated:search_volume,cpc",estimated_default_costs,Imported from Sorftime; ASIN B0GDFP7HF9; brand LOVECO
category:Feather Dusters,2245498011,Feather Dusters,Home & Kitchen > Cleaning Supplies > Household Cleaning > Cleaning Tools > Dusting > Feather Dusters,B0G4CSFKHD,,"80 Count Duster Refills with 1 Short Handle & 3 ft Extendable Handle, Compatible with Swiffer Duster, 180° Disposable Microfiber Cleaning Dusters, Unscented",Home & Kitchen > Cleaning Supplies > Household Cleaning > Cleaning Tools > Dusting > Feather Dusters,US,29.99,8.4,2.4,8.11,0.15,850.0,97.0,4.1,0.55,10000,1.0,20.0,50,25.0,20.0,20.0,75,35,65.0,B,"observed:price,sales,reviews,rating,fba_fee; estimated:search_volume,cpc",estimated_default_costs,Imported from Sorftime; ASIN B0G4CSFKHD; brand Swilsweep
category:Feather Dusters,2245498011,Feather Dusters,Home & Kitchen > Cleaning Supplies > Household Cleaning > Cleaning Tools > Dusting > Feather Dusters,B0D6VHXRB7,,"Zavrski Ceiling Fan Cleaner Duster with 6 Ft/72‘‘ Extension Pole High Ceiling Fan Blade Cleaning Tool Microfiber Duster Reusable Pads for Cleaning Ceiling Fan, Baseboard, Blind, Cobweb, Molding",Home & Kitchen > Cleaning Supplies > Household Cleaning > Cleaning Tools > Dusting > Feather Dusters,US,22.98,6.43,1.84,7.2,0.15,763.0,1118.0,4.3,0.55,10000,1.0,20.0,50,25.0,20.0,20.0,75,35,65.0,B,"observed:price,sales,reviews,rating,fba_fee; estimated:search_volume,cpc",estimated_default_costs,Imported from Sorftime; ASIN B0D6VHXRB7; brand Zavrski
category:Feather Dusters,2245498011,Feather Dusters,Home & Kitchen > Cleaning Supplies > Household Cleaning > Cleaning Tools > Dusting > Feather Dusters,B0F9KRB3QH,,"26 FT Cobweb Duster with Extension Pole,Spider Web Brush | Spiderweb Cleaner with Pole Extend 5-20FT,4-Stage Telescopic Aluminum Pole,Spider Brush Cobweb for Outdoor & Indoor",Home & Kitchen > Cleaning Supplies > Household Cleaning > Cleaning Tools > Dusting > Feather Dusters,US,47.69,13.35,3.82,12.77,0.15,734.0,144.0,4.2,0.55,10000,1.0,20.0,50,25.0,20.0,20.0,75,35,65.0,B,"observed:price,sales,reviews,rating,fba_fee; estimated:search_volume,cpc",estimated_default_costs,Imported from Sorftime; ASIN B0F9KRB3QH; brand ACTREY
category:Feather Dusters,2245498011,Feather Dusters,Home & Kitchen > Cleaning Supplies > Household Cleaning > Cleaning Tools > Dusting > Feather Dusters,B0DK19TQSG,,"Senowi 60 Count Electrostatic Duster Refills Compatible with Swiffer Duster,Multi-Surface Dusting Refills,Microfibre Dusters for Cleaning with 1Pcs Retractable Handle,Unscented",Home & Kitchen > Cleaning Supplies > Household Cleaning > Cleaning Tools > Dusting > Feather Dusters,US,23.39,6.55,1.87,8.02,0.15,555.0,133.0,4.4,0.55,10000,1.0,20.0,50,25.0,20.0,20.0,75,35,65.0,B,"observed:price,sales,reviews,rating,fba_fee; estimated:search_volume,cpc",estimated_default_costs,Imported from Sorftime; ASIN B0DK19TQSG; brand Senowi
category:Feather Dusters,2245498011,Feather Dusters,Home & Kitchen > Cleaning Supplies > Household Cleaning > Cleaning Tools > Dusting > Feather Dusters,B0FPLTZLZL,,"26FT High Reach Duster Cleaning Kit with 5-20 FT Extension Pole | High Ceiling Dust and Window Clean Kit with Microfiber Feather Duster,Cobweb Duster,Ceiling Fan Duster,Window Squeegee Clean",Home & Kitchen > Cleaning Supplies > Household Cleaning > Cleaning Tools > Dusting > Feather Dusters,US,51.83,14.51,4.15,12.78,0.15,472.0,67.0,4.6,0.55,10000,1.0,20.0,50,25.0,20.0,20.0,75,35,65.0,B,"observed:price,sales,reviews,rating,fba_fee; estimated:search_volume,cpc",estimated_default_costs,Imported from Sorftime; ASIN B0FPLTZLZL; brand ACTREY
category:Buckets,2245509011,Buckets,Home & Kitchen > Cleaning Supplies > Household Cleaning > Cleaning Tools > Mopping > Buckets,B0BV7Z4ZDB,,"Unger Professional 3 Gallon Bucket – Compact Cleaning Bucket, Comfort-Grip Handle, 2 Pour Spouts, Portable Cleaning Supplies, Plastic Mop Bucket for Floor, Window & Household Cleaning",Home & Kitchen > Cleaning Supplies > Household Cleaning > Cleaning Tools > Mopping > Buckets,US,21.99,6.16,1.76,9.85,0.15,2012.0,1380.0,4.6,0.55,10000,1.0,20.0,50,25.0,20.0,20.0,75,35,65.0,B,"observed:price,sales,reviews,rating,fba_fee; estimated:search_volume,cpc",estimated_default_costs,Imported from Sorftime; ASIN B0BV7Z4ZDB; brand UNGER
category:Buckets,2245509011,Buckets,Home & Kitchen > Cleaning Supplies > Household Cleaning > Cleaning Tools > Mopping > Buckets,B097XXH83J,,Craftend Collapsible Bucket 10L 2.6 Gallon Cleaning Bucket Mop Bucket Folding Foldable Portable Small Plastic Water Supplies for Outdoor Garden Camping Fishing Car Wash Space Saving Grey Square,Home & Kitchen > Cleaning Supplies > Household Cleaning > Cleaning Tools > Mopping > Buckets,US,13.99,3.92,1.12,8.21,0.15,1457.0,2092.0,4.6,0.55,10000,1.0,20.0,50,25.0,20.0,20.0,75,35,65.0,B,"observed:price,sales,reviews,rating,fba_fee; estimated:search_volume,cpc",estimated_default_costs,Imported from Sorftime; ASIN B097XXH83J; brand Craftend
category:Buckets,2245509011,Buckets,Home & Kitchen > Cleaning Supplies > Household Cleaning > Cleaning Tools > Mopping > Buckets,B0D6BF1STR,,"DqOasd Quick Wring Bucket, 2.5 Gallon Mop Bucket with Wringer, Red",Home & Kitchen > Cleaning Supplies > Household Cleaning > Cleaning Tools > Mopping > Buckets,US,19.3,5.4,1.54,3.5,0.15,1311.0,364.0,4.3,0.55,10000,1.0,20.0,50,25.0,20.0,20.0,65,20,53.8,C,"observed:price,sales,reviews,rating; estimated:fba_fee,search_volume,cpc",estimated_default_costs,Imported from Sorftime; ASIN B0D6BF1STR; brand Arikit
category:Buckets,2245509011,Buckets,Home & Kitchen > Cleaning Supplies > Household Cleaning > Cleaning Tools > Mopping > Buckets,B0FDWDSRC3,,"Zonopy 16L Collapsible Mop Bucket with Handles - Space Saving Foldable Silicone Tub for Cleaning, Laundry, Storage - Portable Wash Basin for Home & Car - 4.2 Gallon Compact Utility Bucket",Home & Kitchen > Cleaning Supplies > Household Cleaning > Cleaning Tools > Mopping > Buckets,US,14.98,4.19,1.2,8.11,0.15,1155.0,382.0,4.5,0.55,10000,1.0,20.0,50,25.0,20.0,20.0,75,35,65.0,B,"observed:price,sales,reviews,rating,fba_fee; estimated:search_volume,cpc",estimated_default_costs,Imported from Sorftime; ASIN B0FDWDSRC3; brand Zonopy
category:Buckets,2245509011,Buckets,Home & Kitchen > Cleaning Supplies > Household Cleaning > Cleaning Tools > Mopping > Buckets,B0FJDHYTYD,,"DecorRack 2 Plastic Wash Basins, Large 10 Quart Graduated Bucket, Portable Washbasin for Washing, Cleaning, Foot Bath, Dishes, Face Cleansing Bowl, Black (2 Pack)",Home & Kitchen > Cleaning Supplies > Household Cleaning > Cleaning Tools > Mopping > Buckets,US,24.99,7.0,2.0,9.17,0.15,813.0,102.0,4.3,0.55,10000,1.0,20.0,50,25.0,20.0,20.0,75,35,65.0,B,"observed:price,sales,reviews,rating,fba_fee; estimated:search_volume,cpc",estimated_default_costs,Imported from Sorftime; ASIN B0FJDHYTYD; brand DecorRack
category:Buckets,2245509011,Buckets,Home & Kitchen > Cleaning Supplies > Household Cleaning > Cleaning Tools > Mopping > Buckets,B0F4QZ2RH8,,"Cleaning Caddy with Handle, Cleaning Products Organiser, 17L Foldable Storage Basket, Cleaning Caddy Organiser, Portable Multi Cleaning Bucket Bag for Home, Garden (Black)",Home & Kitchen > Cleaning Supplies > Household Cleaning > Cleaning Tools > Mopping > Buckets,US,19.99,5.6,1.6,6.13,0.15,754.0,262.0,4.6,0.55,10000,1.0,20.0,50,25.0,20.0,20.0,75,35,65.0,B,"observed:price,sales,reviews,rating,fba_fee; estimated:search_volume,cpc",estimated_default_costs,Imported from Sorftime; ASIN B0F4QZ2RH8; brand Bototack
category:Buckets,2245509011,Buckets,Home & Kitchen > Cleaning Supplies > Household Cleaning > Cleaning Tools > Mopping > Buckets,B0CKT56KHF,,"Unger Professional 3-Gallon Collapsible Bucket, Portable Household Cleaning Supplies, Small Washing Buckets with Handles, Essential Water Container and Storage Organizer Tool",Home & Kitchen > Cleaning Supplies > Household Cleaning > Cleaning Tools > Mopping > Buckets,US,17.97,5.03,1.44,12.38,0.15,710.0,355.0,4.6,0.55,10000,1.0,20.0,50,25.0,20.0,20.0,75,35,65.0,B,"observed:price,sales,reviews,rating,fba_fee; estimated:search_volume,cpc",estimated_default_costs,Imported from Sorftime; ASIN B0CKT56KHF; brand UNGER
category:Buckets,2245509011,Buckets,Home & Kitchen > Cleaning Supplies > Household Cleaning > Cleaning Tools > Mopping > Buckets,B0BMVHZ191,,"Goderewild Large Collapsible Bucket 4.2 Gallon (16L) for House Cleaning, Camping, and More - Space Saving, Multiuse Water Bucket for Cleaning Mop - Lightweight and Portable (Grey-1)",Home & Kitchen > Cleaning Supplies > Household Cleaning > Cleaning Tools > Mopping > Buckets,US,17.99,5.04,1.44,8.12,0.15,685.0,1347.0,4.5,0.55,10000,1.0,20.0,50,25.0,20.0,20.0,75,35,65.0,B,"observed:price,sales,reviews,rating,fba_fee; estimated:search_volume,cpc",estimated_default_costs,Imported from Sorftime; ASIN B0BMVHZ191; brand Goderewild
category:Buckets,2245509011,Buckets,Home & Kitchen > Cleaning Supplies > Household Cleaning > Cleaning Tools > Mopping > Buckets,B097GYYCLG,,Craftend Collapsible Bucket 10L 2.6 Gallon Cleaning Bucket Mop Bucket Folding Foldable Portable Small Plastic Water Supplies for Outdoor Garden Camping Fishing Car Wash Space Saving,Home & Kitchen > Cleaning Supplies > Household Cleaning > Cleaning Tools > Mopping > Buckets,US,13.99,3.92,1.12,7.92,0.15,679.0,2387.0,4.5,0.55,10000,1.0,20.0,50,25.0,20.0,20.0,75,35,65.0,B,"observed:price,sales,reviews,rating,fba_fee; estimated:search_volume,cpc",estimated_default_costs,Imported from Sorftime; ASIN B097GYYCLG; brand Craftend
category:Buckets,2245509011,Buckets,Home & Kitchen > Cleaning Supplies > Household Cleaning > Cleaning Tools > Mopping > Buckets,B0BMTMY74J,,"Goderewild Collapsible Plastic Bucket with Wheels 12L (3.17 Gallon) for House Cleaning, Camping, and RV - Multi-Purpose Rectangular Handy Basket for Cleaning Mop - Lightweight and Portable (Grey)",Home & Kitchen > Cleaning Supplies > Household Cleaning > Cleaning Tools > Mopping > Buckets,US,18.99,5.32,1.52,8.12,0.15,672.0,711.0,4.5,0.55,10000,1.0,20.0,50,25.0,20.0,20.0,75,35,65.0,B,"observed:price,sales,reviews,rating,fba_fee; estimated:search_volume,cpc",estimated_default_costs,Imported from Sorftime; ASIN B0BMTMY74J; brand Goderewild
category:Buckets,2245509011,Buckets,Home & Kitchen > Cleaning Supplies > Household Cleaning > Cleaning Tools > Mopping > Buckets,B0GPVV5Y4K,,"Bucket for Household Cleaning, 3 Gallon Plastic Rectangle Water Bucket with Handle for Car and Window Washing, Blue",Home & Kitchen > Cleaning Supplies > Household Cleaning > Cleaning Tools > Mopping > Buckets,US,21.99,6.16,1.76,10.12,0.15,606.0,63.0,4.4,0.55,10000,1.0,20.0,50,25.0,20.0,20.0,75,35,65.0,B,"observed:price,sales,reviews,rating,fba_fee; estimated:search_volume,cpc",estimated_default_costs,Imported from Sorftime; ASIN B0GPVV5Y4K; brand KeFanta
category:Buckets,2245509011,Buckets,Home & Kitchen > Cleaning Supplies > Household Cleaning > Cleaning Tools > Mopping > Buckets,B0BD5BVDV1,,"Tessco for you 3 Pcs 5 Gallon Collapsible Bucket with Handle,Blue",Home & Kitchen > Cleaning Supplies > Household Cleaning > Cleaning Tools > Mopping > Buckets,US,26.99,7.56,2.16,6.2,0.15,596.0,197.0,4.6,0.55,10000,1.0,20.0,50,25.0,20.0,20.0,75,35,65.0,B,"observed:price,sales,reviews,rating,fba_fee; estimated:search_volume,cpc",estimated_default_costs,Imported from Sorftime; ASIN B0BD5BVDV1; brand Tessco for you
category:Buckets,2245509011,Buckets,Home & Kitchen > Cleaning Supplies > Household Cleaning > Cleaning Tools > Mopping > Buckets,B0H3WTZG2Y,,"10QT (9.5L) Cleaning Bucket with Handle and Spout - Charcoal Grey | Heavy Duty Mop Bucket for Household Use, Utility Pail for Car Wash - Plastic Buckets, Plastic Buckets with Handles",Home & Kitchen > Cleaning Supplies > Household Cleaning > Cleaning Tools > Mopping > Buckets,US,15.99,4.48,1.28,3.5,0.15,587.0,1583.0,4.0,0.55,10000,1.0,20.0,50,25.0,20.0,20.0,65,20,53.8,C,"observed:price,sales,reviews,rating; estimated:fba_fee,search_volume,cpc",estimated_default_costs,Imported from Sorftime; ASIN B0H3WTZG2Y; brand JOEY’Z
category:Buckets,2245509011,Buckets,Home & Kitchen > Cleaning Supplies > Household Cleaning > Cleaning Tools > Mopping > Buckets,B09KZKH3D8,,"61“ Spin Mop and Bucket Set,Wringer System for Cleaning,with 5 Refill Heads | Hands-Free Wringing with1 Brush,Stainless Steel Handle,Suitable for Tile Hardwood Laminate Floors,Easy Dirt Removal",Home & Kitchen > Cleaning Supplies > Household Cleaning > Cleaning Tools > Mopping > Buckets,US,45.99,12.88,3.68,16.62,0.15,587.0,715.0,4.2,0.55,10000,1.0,20.0,50,25.0,20.0,20.0,75,35,65.0,B,"observed:price,sales,reviews,rating,fba_fee; estimated:search_volume,cpc",estimated_default_costs,Imported from Sorftime; ASIN B09KZKH3D8; brand YOUSHANGJIA
category:Buckets,2245509011,Buckets,Home & Kitchen > Cleaning Supplies > Household Cleaning > Cleaning Tools > Mopping > Buckets,B0B9G2Q2ZQ,,"Goderewild Multi-Purpose Plastic Cleaning Caddy with Handle, Shower Caddy Organizer/Storage Basket/Totes Portable for Bathroom Supplies, Cleaning Products, Under Sink Tool, Housekeepers (White)",Home & Kitchen > Cleaning Supplies > Household Cleaning > Cleaning Tools > Mopping > Buckets,US,16.99,4.76,1.36,9.47,0.15,496.0,469.0,4.6,0.55,10000,1.0,20.0,50,25.0,20.0,20.0,75,35,65.0,B,"observed:price,sales,reviews,rating,fba_fee; estimated:search_volume,cpc",estimated_default_costs,Imported from Sorftime; ASIN B0B9G2Q2ZQ; brand Goderewild
category:Buckets,2245509011,Buckets,Home & Kitchen > Cleaning Supplies > Household Cleaning > Cleaning Tools > Mopping > Buckets,B08KD93R6C,,"Eyliden Collapsible Bucket, for Cleaning Mop, Camping, Tailgating, 10L | Multiuse Foldable Water Pail, Portable Handy Basket, Space-Save, Fishing, Picnics, Outdoor Adventures, Laundry, Car Cleaning",Home & Kitchen > Cleaning Supplies > Household Cleaning > Cleaning Tools > Mopping > Buckets,US,19.99,5.6,1.6,8.03,0.15,483.0,1225.0,4.6,0.55,10000,1.0,20.0,50,25.0,20.0,20.0,75,35,65.0,B,"observed:price,sales,reviews,rating,fba_fee; estimated:search_volume,cpc",estimated_default_costs,Imported from Sorftime; ASIN B08KD93R6C; brand Eyliden
category:Buckets,2245509011,Buckets,Home & Kitchen > Cleaning Supplies > Household Cleaning > Cleaning Tools > Mopping > Buckets,B0DQ8QMXR4,,"Masthome Compact Spin Mop Bucket System with Pedal Wringer Set | 3 Microfiber Mop Pads,Adjustable Stainless Handle,Hands-Free 360°Spinning Mop for Hardwood, Tile & Laminate Apartment Dorm",Home & Kitchen > Cleaning Supplies > Household Cleaning > Cleaning Tools > Mopping > Buckets,US,39.99,11.2,3.2,10.13,0.15,462.0,933.0,3.9,0.55,10000,1.0,20.0,50,25.0,20.0,20.0,75,35,65.0,B,"observed:price,sales,reviews,rating,fba_fee; estimated:search_volume,cpc",estimated_default_costs,Imported from Sorftime; ASIN B0DQ8QMXR4; brand Masthome
category:Buckets,2245509011,Buckets,Home & Kitchen > Cleaning Supplies > Household Cleaning > Cleaning Tools > Mopping > Buckets,B0GKQK629K,,"Hachiman Micro Bucket, 0.18 Gallon Heavy Duty Bucket with Lid & Handle",Home & Kitchen > Cleaning Supplies > Household Cleaning > Cleaning Tools > Mopping > Buckets,US,20.0,5.6,1.6,8.3,0.15,429.0,80.0,4.1,0.55,10000,1.0,20.0,50,25.0,20.0,20.0,75,35,65.0,B,"observed:price,sales,reviews,rating,fba_fee; estimated:search_volume,cpc",estimated_default_costs,Imported from Sorftime; ASIN B0GKQK629K; brand Hachiman
category:Buckets,2245509011,Buckets,Home & Kitchen > Cleaning Supplies > Household Cleaning > Cleaning Tools > Mopping > Buckets,B07LFMLQ3H,,"Small Red Sanitizing Bucket - 3 Quart Cleaning Pail - Set of 3 Square Containers, Plastic",Home & Kitchen > Cleaning Supplies > Household Cleaning > Cleaning Tools > Mopping > Buckets,US,24.98,6.99,2.0,4.5,0.15,370.0,1244.0,4.5,0.55,10000,1.0,20.0,50,25.0,20.0,20.0,65,20,53.8,C,"observed:price,sales,reviews,rating; estimated:fba_fee,search_volume,cpc",estimated_default_costs,Imported from Sorftime; ASIN B07LFMLQ3H; brand Noble Products
category:Buckets,2245509011,Buckets,Home & Kitchen > Cleaning Supplies > Household Cleaning > Cleaning Tools > Mopping > Buckets,B0DPQGPZ9B,,"Collapsible Water Bucket (10L / 2.6 Gal) – Portable, Easy to Carry & Store, Ideal for Car Wash, Cleaning, Camping, Fishing and Outdoor Activities with Collapsible Handle Design",Home & Kitchen > Cleaning Supplies > Household Cleaning > Cleaning Tools > Mopping > Buckets,US,19.99,5.6,1.6,8.12,0.15,360.0,246.0,4.6,0.55,10000,1.0,20.0,50,25.0,20.0,20.0,75,35,65.0,B,"observed:price,sales,reviews,rating,fba_fee; estimated:search_volume,cpc",estimated_default_costs,Imported from Sorftime; ASIN B0DPQGPZ9B; brand Moodyin
category:Buckets,2245509011,Buckets,Home & Kitchen > Cleaning Supplies > Household Cleaning > Cleaning Tools > Mopping > Buckets,B0G24F8SRT,,"Folding Bucket, Water Bucket, 5L, 10L, Thick, Multi-Functional, Convenient, Foot Bath, Square, Stylish, Camping, Laundry, car wash, Foot Bath, Fishing (Beige-5L)",Home & Kitchen > Cleaning Supplies > Household Cleaning > Cleaning Tools > Mopping > Buckets,US,12.59,3.53,1.01,5.95,0.15,343.0,16.0,4.0,0.55,10000,1.0,20.0,50,25.0,20.0,20.0,75,35,65.0,B,"observed:price,sales,reviews,rating,fba_fee; estimated:search_volume,cpc",estimated_default_costs,Imported from Sorftime; ASIN B0G24F8SRT; brand Gorocking
category:Buckets,2245509011,Buckets,Home & Kitchen > Cleaning Supplies > Household Cleaning > Cleaning Tools > Mopping > Buckets,B0FN32RJQ8,,"abcmilz 17L Cleaning Caddy with Handle, Cleaning Supplies Organizer, Foldable Storage Basket, Cleaning Supply Caddy, Portable Multi Cleaning Bucket Bag for Home, Garden (Pink)",Home & Kitchen > Cleaning Supplies > Household Cleaning > Cleaning Tools > Mopping > Buckets,US,19.99,5.6,1.6,6.22,0.15,287.0,139.0,4.6,0.55,10000,1.0,20.0,50,25.0,20.0,20.0,75,35,65.0,B,"observed:price,sales,reviews,rating,fba_fee; estimated:search_volume,cpc",estimated_default_costs,Imported from Sorftime; ASIN B0FN32RJQ8; brand abcmilz
category:Buckets,2245509011,Buckets,Home & Kitchen > Cleaning Supplies > Household Cleaning > Cleaning Tools > Mopping > Buckets,B07NC1WCJ5,,"KP97RDNBL/KP97GNNBL Square Pail for Cleaning, Detergent and Sanitizing, 3quart, Small, Red and Green, Set of 2",Home & Kitchen > Cleaning Supplies > Household Cleaning > Cleaning Tools > Mopping > Buckets,US,16.98,4.75,1.36,3.5,0.15,286.0,1068.0,4.6,0.55,10000,1.0,20.0,50,25.0,20.0,20.0,65,20,53.8,C,"observed:price,sales,reviews,rating; estimated:fba_fee,search_volume,cpc",estimated_default_costs,Imported from Sorftime; ASIN B07NC1WCJ5; brand Noble Products
category:Buckets,2245509011,Buckets,Home & Kitchen > Cleaning Supplies > Household Cleaning > Cleaning Tools > Mopping > Buckets,B0FNQQDH3W,,"Refillable Replacement Bottle for Swiffer® Wet Jet™ Mop, 1250ml/42 oz,Empty",Home & Kitchen > Cleaning Supplies > Household Cleaning > Cleaning Tools > Mopping > Buckets,US,20.99,5.88,1.68,5.29,0.15,275.0,147.0,4.4,0.55,10000,1.0,20.0,50,25.0,20.0,20.0,75,35,65.0,B,"observed:price,sales,reviews,rating,fba_fee; estimated:search_volume,cpc",estimated_default_costs,Imported from Sorftime; ASIN B0FNQQDH3W; brand KTNAid
category:Buckets,2245509011,Buckets,Home & Kitchen > Cleaning Supplies > Household Cleaning > Cleaning Tools > Mopping > Buckets,B0BMF6GPTZ,,"Peohud 4 Pack Sanitizing Buckets, 3 Quart Small Cleaning Pail, Square Detergent Bucket with Spout and Handle for Home, Offices, School, Commercial Use",Home & Kitchen > Cleaning Supplies > Household Cleaning > Cleaning Tools > Mopping > Buckets,US,20.99,5.88,1.68,7.92,0.15,242.0,164.0,4.5,0.55,10000,1.0,20.0,50,25.0,20.0,20.0,75,35,65.0,B,"observed:price,sales,reviews,rating,fba_fee; estimated:search_volume,cpc",estimated_default_costs,Imported from Sorftime; ASIN B0BMF6GPTZ; brand Peohud
category:Buckets,2245509011,Buckets,Home & Kitchen > Cleaning Supplies > Household Cleaning > Cleaning Tools > Mopping > Buckets,B09LM1DG2F,,"Haundry Compact Mop Bucket with Handle, Rectangular Cleaning Bucket and Caddy for Cleaning Supplies, 10L, White",Home & Kitchen > Cleaning Supplies > Household Cleaning > Cleaning Tools > Mopping > Buckets,US,24.99,7.0,2.0,10.22,0.15,223.0,553.0,4.5,0.55,10000,1.0,20.0,50,25.0,20.0,20.0,75,35,65.0,B,"observed:price,sales,reviews,rating,fba_fee; estimated:search_volume,cpc",estimated_default_costs,Imported from Sorftime; ASIN B09LM1DG2F; brand Haundry
category:Buckets,2245509011,Buckets,Home & Kitchen > Cleaning Supplies > Household Cleaning > Cleaning Tools > Mopping > Buckets,B001B308KC,,Behrens Hot-Dipped Galvanized Steel Utility Pail 4-1/4 Gallon,Home & Kitchen > Cleaning Supplies > Household Cleaning > Cleaning Tools > Mopping > Buckets,US,29.2,8.18,2.34,5.26,0.15,207.0,498.0,4.5,0.55,10000,1.0,20.0,50,25.0,20.0,20.0,65,20,53.8,C,"observed:price,sales,reviews,rating; estimated:fba_fee,search_volume,cpc",estimated_default_costs,Imported from Sorftime; ASIN B001B308KC; brand Behrens
category:Buckets,2245509011,Buckets,Home & Kitchen > Cleaning Supplies > Household Cleaning > Cleaning Tools > Mopping > Buckets,B0DQDQ5KPM,,"JOYMOOP Flat Mop System, Mop and Bucket Set, White, Commercial & Household Floor Cleaning Mop with Freesia Scent Cleaning Pods, Includes 3 Reusable Microfiber Pads and 15 Detergent Pods",Home & Kitchen > Cleaning Supplies > Household Cleaning > Cleaning Tools > Mopping > Buckets,US,39.99,11.2,3.2,9.56,0.15,207.0,146.0,4.5,0.55,10000,1.0,20.0,50,25.0,20.0,20.0,75,35,65.0,B,"observed:price,sales,reviews,rating,fba_fee; estimated:search_volume,cpc",estimated_default_costs,Imported from Sorftime; ASIN B0DQDQ5KPM; brand JOYMOOP
category:Buckets,2245509011,Buckets,Home & Kitchen > Cleaning Supplies > Household Cleaning > Cleaning Tools > Mopping > Buckets,B0BHWTRFFQ,,Yocada Commercial Mop Bucket with Wringer Portable Collapsible | Plastic Mop Bucket Cleaning Washing Bucket for Cotton Mop,Home & Kitchen > Cleaning Supplies > Household Cleaning > Cleaning Tools > Mopping > Buckets,US,29.99,8.4,2.4,11.28,0.15,203.0,316.0,4.1,0.55,10000,1.0,20.0,50,25.0,20.0,20.0,75,35,65.0,B,"observed:price,sales,reviews,rating,fba_fee; estimated:search_volume,cpc",estimated_default_costs,Imported from Sorftime; ASIN B0BHWTRFFQ; brand Yocada
category:Buckets,2245509011,Buckets,Home & Kitchen > Cleaning Supplies > Household Cleaning > Cleaning Tools > Mopping > Buckets,B09MYTD2L2,,"Cleaning Caddy Organizer with Handle, Gray Plastic Bucket for Cleaning Supplies Products, Cleaning Tool Storage Tote, 2 Pack",Home & Kitchen > Cleaning Supplies > Household Cleaning > Cleaning Tools > Mopping > Buckets,US,22.99,6.44,1.84,9.93,0.15,201.0,2235.0,4.6,0.55,10000,1.0,20.0,50,25.0,20.0,20.0,75,35,65.0,B,"observed:price,sales,reviews,rating,fba_fee; estimated:search_volume,cpc",estimated_default_costs,Imported from Sorftime; ASIN B09MYTD2L2; brand KeFanta
category:Mops & Bucket Sets,23537016011,Mops & Bucket Sets,Home & Kitchen > Cleaning Supplies > Household Cleaning > Cleaning Tools > Mopping > Mops & Bucket Sets,B0H3ZVWCJ1,,"SONGMICS Spin Mop and Bucket Set with Pedal Wringer, 1 Microfiber Pad",Home & Kitchen > Cleaning Supplies > Household Cleaning > Cleaning Tools > Mopping > Mops & Bucket Sets,US,29.99,8.4,2.4,18.34,0.15,3781.0,160.0,4.1,0.55,10000,1.0,20.0,50,25.0,20.0,20.0,75,35,65.0,B,"observed:price,sales,reviews,rating,fba_fee; estimated:search_volume,cpc",estimated_default_costs,Imported from Sorftime; ASIN B0H3ZVWCJ1; brand SONGMICS
category:Mops & Bucket Sets,23537016011,Mops & Bucket Sets,Home & Kitchen > Cleaning Supplies > Household Cleaning > Cleaning Tools > Mopping > Mops & Bucket Sets,B0D1DQ43RM,,"Libman Tornado Spin Mop System with Bucket & Wringer, 3 Refill Heads | Microfiber spin mop with bucket & wringer; for hardwood, laminate, tile floor cleaning.",Home & Kitchen > Cleaning Supplies > Household Cleaning > Cleaning Tools > Mopping > Mops & Bucket Sets,US,61.99,17.36,4.96,19.58,0.15,2982.0,236.0,4.1,0.55,10000,1.0,20.0,50,25.0,20.0,20.0,75,35,65.0,B,"observed:price,sales,reviews,rating,fba_fee; estimated:search_volume,cpc",estimated_default_costs,Imported from Sorftime; ASIN B0D1DQ43RM; brand LIBMAN COMMERCIAL
category:Mops & Bucket Sets,23537016011,Mops & Bucket Sets,Home & Kitchen > Cleaning Supplies > Household Cleaning > Cleaning Tools > Mopping > Mops & Bucket Sets,B0D1DPJ552,,"Mind Reader Mop and Bucket Set with Wringer, Mop Included, 5.5 Gallon Cleaning System with Wheels, Upward Press Wringer, Small Mop Compatible",Home & Kitchen > Cleaning Supplies > Household Cleaning > Cleaning Tools > Mopping > Mops & Bucket Sets,US,59.49,16.66,4.76,17.5,0.15,2774.0,602.0,3.7,0.55,10000,1.0,20.0,50,25.0,20.0,20.0,75,35,65.0,B,"observed:price,sales,reviews,rating,fba_fee; estimated:search_volume,cpc",estimated_default_costs,Imported from Sorftime; ASIN B0D1DPJ552; brand Mind Reader
category:Mops & Bucket Sets,23537016011,Mops & Bucket Sets,Home & Kitchen > Cleaning Supplies > Household Cleaning > Cleaning Tools > Mopping > Mops & Bucket Sets,B0DBV4J2D1,,"JOYMOOP Pink Mop and Bucket with Wringer Set for Home, with 3 Reusable Microfiber Mop Pads, Hands-Free Self-Cleaning System, Suitable for Floor Cleaning and Wall Cleaner",Home & Kitchen > Cleaning Supplies > Household Cleaning > Cleaning Tools > Mopping > Mops & Bucket Sets,US,37.99,10.64,3.04,9.55,0.15,1089.0,762.0,4.3,0.55,10000,1.0,20.0,50,25.0,20.0,20.0,75,35,65.0,B,"observed:price,sales,reviews,rating,fba_fee; estimated:search_volume,cpc",estimated_default_costs,Imported from Sorftime; ASIN B0DBV4J2D1; brand JOYMOOP
category:Mops & Bucket Sets,23537016011,Mops & Bucket Sets,Home & Kitchen > Cleaning Supplies > Household Cleaning > Cleaning Tools > Mopping > Mops & Bucket Sets,B0H7JDLJKQ,,"Mop and Bucket Set, Flat Mop and Bucket System for Floor Cleaning",Home & Kitchen > Cleaning Supplies > Household Cleaning > Cleaning Tools > Mopping > Mops & Bucket Sets,US,55.97,15.67,4.48,10.89,0.15,1069.0,72.0,4.5,0.55,10000,1.0,20.0,50,25.0,20.0,20.0,75,35,65.0,B,"observed:price,sales,reviews,rating,fba_fee; estimated:search_volume,cpc",estimated_default_costs,Imported from Sorftime; ASIN B0H7JDLJKQ; brand Veshiny
category:Mops & Bucket Sets,23537016011,Mops & Bucket Sets,Home & Kitchen > Cleaning Supplies > Household Cleaning > Cleaning Tools > Mopping > Mops & Bucket Sets,B0C5JT5KC9,,"Libman Rinse ‘n Wring Mop and Bucket System, 2 Microfiber Pads Included | Wet & dry mop with dual-chamber bucket design; for hardwood, laminate, tile cleaning.",Home & Kitchen > Cleaning Supplies > Household Cleaning > Cleaning Tools > Mopping > Mops & Bucket Sets,US,31.49,8.82,2.52,14.09,0.15,995.0,1349.0,4.2,0.55,10000,1.0,20.0,50,25.0,20.0,20.0,75,35,65.0,B,"observed:price,sales,reviews,rating,fba_fee; estimated:search_volume,cpc",estimated_default_costs,Imported from Sorftime; ASIN B0C5JT5KC9; brand LIBMAN COMMERCIAL
category:Mops & Bucket Sets,23537016011,Mops & Bucket Sets,Home & Kitchen > Cleaning Supplies > Household Cleaning > Cleaning Tools > Mopping > Mops & Bucket Sets,B0G2BPC6HH,,"HoMettler Mop and Bucket Set, 3-Tank Flat Mop and Bucket System for Separate Dirty & Clean Water, 65“ Mops for Floor Cleaning with 8 Washable Pads, Safe for Hardwood, Vinyl, Tile, Baseboards, Walls",Home & Kitchen > Cleaning Supplies > Household Cleaning > Cleaning Tools > Mopping > Mops & Bucket Sets,US,44.99,12.6,3.6,10.22,0.15,867.0,5.0,3.6,0.55,10000,1.0,20.0,50,25.0,20.0,20.0,75,35,65.0,B,"observed:price,sales,reviews,rating,fba_fee; estimated:search_volume,cpc",estimated_default_costs,Imported from Sorftime; ASIN B0G2BPC6HH; brand HoMettler
category:Mops & Bucket Sets,23537016011,Mops & Bucket Sets,Home & Kitchen > Cleaning Supplies > Household Cleaning > Cleaning Tools > Mopping > Mops & Bucket Sets,B0D7HCH1KS,,"Collapsible Mop and Bucket Set with Scrub Mop and Brush, Tile Laminate Hardwood Floor Brush and Flat Mops for Floor Cleaning, Foldable Bucket with Washable Microfiber Mop(Blue)",Home & Kitchen > Cleaning Supplies > Household Cleaning > Cleaning Tools > Mopping > Mops & Bucket Sets,US,29.99,8.4,2.4,8.03,0.15,786.0,450.0,4.2,0.55,10000,1.0,20.0,50,25.0,20.0,20.0,75,35,65.0,B,"observed:price,sales,reviews,rating,fba_fee; estimated:search_volume,cpc",estimated_default_costs,Imported from Sorftime; ASIN B0D7HCH1KS; brand TrueYee
category:Mops & Bucket Sets,23537016011,Mops & Bucket Sets,Home & Kitchen > Cleaning Supplies > Household Cleaning > Cleaning Tools > Mopping > Mops & Bucket Sets,B0F8B3TF8V,,"JOYMOOP Mop and Bucket Set, Mops for Floor Cleaning, Wall Mop Cleaner with Long Handle, with 4 Reusable Microfiber Mop Pads - Grey+Cyan Blue",Home & Kitchen > Cleaning Supplies > Household Cleaning > Cleaning Tools > Mopping > Mops & Bucket Sets,US,39.99,11.2,3.2,9.84,0.15,784.0,392.0,4.3,0.55,10000,1.0,20.0,50,25.0,20.0,20.0,75,35,65.0,B,"observed:price,sales,reviews,rating,fba_fee; estimated:search_volume,cpc",estimated_default_costs,Imported from Sorftime; ASIN B0F8B3TF8V; brand JOYMOOP
category:Mops & Bucket Sets,23537016011,Mops & Bucket Sets,Home & Kitchen > Cleaning Supplies > Household Cleaning > Cleaning Tools > Mopping > Mops & Bucket Sets,B0H25MJYNQ,,Mop and Bucket Set | Auto-Spray Cleaning | Dirty Water Separation,Home & Kitchen > Cleaning Supplies > Household Cleaning > Cleaning Tools > Mopping > Mops & Bucket Sets,US,47.49,13.3,3.8,10.99,0.15,706.0,100.0,4.4,0.55,10000,1.0,20.0,50,25.0,20.0,20.0,75,35,65.0,B,"observed:price,sales,reviews,rating,fba_fee; estimated:search_volume,cpc",estimated_default_costs,Imported from Sorftime; ASIN B0H25MJYNQ; brand ADICOM
category:Mops & Bucket Sets,23537016011,Mops & Bucket Sets,Home & Kitchen > Cleaning Supplies > Household Cleaning > Cleaning Tools > Mopping > Mops & Bucket Sets,B0B562MSV5,,"Outdoor Mop and Bucket Set with Scrub Brush for Concrete, Patio, Deck | Collapsible bucket saves space. Heavy duty scrub mop. Adjustable handle. Indoor or outdoor. Hardwood, Tile, Garage, RV",Home & Kitchen > Cleaning Supplies > Household Cleaning > Cleaning Tools > Mopping > Mops & Bucket Sets,US,35.99,10.08,2.88,7.95,0.15,600.0,416.0,4.4,0.55,10000,1.0,20.0,50,25.0,20.0,20.0,75,35,65.0,B,"observed:price,sales,reviews,rating,fba_fee; estimated:search_volume,cpc",estimated_default_costs,Imported from Sorftime; ASIN B0B562MSV5; brand Bettaclean
category:Mops & Bucket Sets,23537016011,Mops & Bucket Sets,Home & Kitchen > Cleaning Supplies > Household Cleaning > Cleaning Tools > Mopping > Mops & Bucket Sets,B0H9JB6MYH,,"Spin Mop and Bucket Set with Wringer, Floor Mop System | Clean & Dirty Water Separation, Hands-Free Wringing, Detachable Bucket, 360° Spin Mop Head",Home & Kitchen > Cleaning Supplies > Household Cleaning > Cleaning Tools > Mopping > Mops & Bucket Sets,US,41.99,11.76,3.36,15.35,0.15,557.0,14.0,3.6,0.55,10000,1.0,20.0,50,25.0,20.0,20.0,75,35,65.0,B,"observed:price,sales,reviews,rating,fba_fee; estimated:search_volume,cpc",estimated_default_costs,Imported from Sorftime; ASIN B0H9JB6MYH; brand OSTBA
category:Mops & Bucket Sets,23537016011,Mops & Bucket Sets,Home & Kitchen > Cleaning Supplies > Household Cleaning > Cleaning Tools > Mopping > Mops & Bucket Sets,B0CGJ9T11P,,"RinseWise Large Gen 1 Mop Bucket Set, Clean/Dirty Water Separation, Blue | 2 Gal Clean-Water Capacity, 4 Swivel Wheels, 61-Inch Handle, 6 Reusable Heads, For Pet Homes,Hardwood,Laminate & Tile Floors",Home & Kitchen > Cleaning Supplies > Household Cleaning > Cleaning Tools > Mopping > Mops & Bucket Sets,US,62.89,17.61,5.03,18.35,0.15,490.0,1661.0,4.2,0.55,10000,1.0,20.0,50,25.0,20.0,20.0,75,35,65.0,B,"observed:price,sales,reviews,rating,fba_fee; estimated:search_volume,cpc",estimated_default_costs,Imported from Sorftime; ASIN B0CGJ9T11P; brand RinseWise
category:Mops & Bucket Sets,23537016011,Mops & Bucket Sets,Home & Kitchen > Cleaning Supplies > Household Cleaning > Cleaning Tools > Mopping > Mops & Bucket Sets,B0C2QT9YG1,,O-Cedar EasyWring RinseClean Microfiber Spin Mop & Bucket Floor Cleaning System with 1 Extra Refill with Citrus Pac (Variety Pack),Home & Kitchen > Cleaning Supplies > Household Cleaning > Cleaning Tools > Mopping > Mops & Bucket Sets,US,68.99,19.32,5.52,12.42,0.15,470.0,125.0,4.3,0.55,10000,1.0,20.0,50,25.0,20.0,20.0,65,20,53.8,C,"observed:price,sales,reviews,rating; estimated:fba_fee,search_volume,cpc",estimated_default_costs,Imported from Sorftime; ASIN B0C2QT9YG1; brand O-Cedar
category:Mops & Bucket Sets,23537016011,Mops & Bucket Sets,Home & Kitchen > Cleaning Supplies > Household Cleaning > Cleaning Tools > Mopping > Mops & Bucket Sets,B0GGGPMRS5,,"HoMettler 3-Tank Transparent Mop and Bucket Set with Separate Dirty & Clean Water, 65' Flat Mop for Floor Cleaning, 4 Machine Washable Microfiber Pads for Wood Tile - Black",Home & Kitchen > Cleaning Supplies > Household Cleaning > Cleaning Tools > Mopping > Mops & Bucket Sets,US,46.79,13.1,3.74,8.98,0.15,420.0,28.0,4.6,0.55,10000,1.0,20.0,50,25.0,20.0,20.0,75,35,65.0,B,"observed:price,sales,reviews,rating,fba_fee; estimated:search_volume,cpc",estimated_default_costs,Imported from Sorftime; ASIN B0GGGPMRS5; brand HoMettler
category:Mops & Bucket Sets,23537016011,Mops & Bucket Sets,Home & Kitchen > Cleaning Supplies > Household Cleaning > Cleaning Tools > Mopping > Mops & Bucket Sets,B0GWQS11CV,,"RinseWise Easy-Use Gen 2 Mop Bucket, Clean/Dirty Water Separation, Blue | 1.5 Gal Clean-Water Capacity, 6 Reusable Heads, 4 Swivel Wheels, 61-Inch Handle, For Apartments, Hardwood & Tile Floors",Home & Kitchen > Cleaning Supplies > Household Cleaning > Cleaning Tools > Mopping > Mops & Bucket Sets,US,59.99,16.8,4.8,17.05,0.15,345.0,44.0,4.2,0.55,10000,1.0,20.0,50,25.0,20.0,20.0,75,35,65.0,B,"observed:price,sales,reviews,rating,fba_fee; estimated:search_volume,cpc",estimated_default_costs,Imported from Sorftime; ASIN B0GWQS11CV; brand RinseWise
category:Mops & Bucket Sets,23537016011,Mops & Bucket Sets,Home & Kitchen > Cleaning Supplies > Household Cleaning > Cleaning Tools > Mopping > Mops & Bucket Sets,B0FZRKBKV8,,"Collapsible Mop and Bucket Set, Spin Mop with Separate Dirty and Clean Water, 6 Replaceable Mopping Pads with Foldable Handle, Deep Cleaning Mops and Buckets for Household Use Floor Cleaning",Home & Kitchen > Cleaning Supplies > Household Cleaning > Cleaning Tools > Mopping > Mops & Bucket Sets,US,32.99,9.24,2.64,9.08,0.15,342.0,150.0,3.8,0.55,10000,1.0,20.0,50,25.0,20.0,20.0,75,35,65.0,B,"observed:price,sales,reviews,rating,fba_fee; estimated:search_volume,cpc",estimated_default_costs,Imported from Sorftime; ASIN B0FZRKBKV8; brand BOWEITI
category:Mops & Bucket Sets,23537016011,Mops & Bucket Sets,Home & Kitchen > Cleaning Supplies > Household Cleaning > Cleaning Tools > Mopping > Mops & Bucket Sets,B0CSJQHK58,,"FunClean Large Spin Mop Bucket Set with Wringer, 2 Gal Capacity, Blue | 2 Rolling Wheels, Pull Handle, 61-Inch Handle, 6 Mop Heads, Easy Wringing, For Family Homes, Hardwood, Laminate & Tile Floors",Home & Kitchen > Cleaning Supplies > Household Cleaning > Cleaning Tools > Mopping > Mops & Bucket Sets,US,57.89,16.21,4.63,13.97,0.15,342.0,977.0,4.5,0.55,10000,1.0,20.0,50,25.0,20.0,20.0,75,35,65.0,B,"observed:price,sales,reviews,rating,fba_fee; estimated:search_volume,cpc",estimated_default_costs,Imported from Sorftime; ASIN B0CSJQHK58; brand RinseWise
category:Mops & Bucket Sets,23537016011,Mops & Bucket Sets,Home & Kitchen > Cleaning Supplies > Household Cleaning > Cleaning Tools > Mopping > Mops & Bucket Sets,B0FH9ZC98R,,"Wodemom Easy-Rinse Mop Bucket Gen 2, Clean/Dirty Water Separation,Grey/Blue | 1.5 Gal Clean-Water Tank, 6 Reusable Heads, 4 Swivel Wheels, 61-Inch Handle, For Apartments, Hardwood, Laminate & Tile Floors",Home & Kitchen > Cleaning Supplies > Household Cleaning > Cleaning Tools > Mopping > Mops & Bucket Sets,US,59.99,16.8,4.8,16.65,0.15,340.0,348.0,3.8,0.55,10000,1.0,20.0,50,25.0,20.0,20.0,75,35,65.0,B,"observed:price,sales,reviews,rating,fba_fee; estimated:search_volume,cpc",estimated_default_costs,Imported from Sorftime; ASIN B0FH9ZC98R; brand Wodemom
category:Mops & Bucket Sets,23537016011,Mops & Bucket Sets,Home & Kitchen > Cleaning Supplies > Household Cleaning > Cleaning Tools > Mopping > Mops & Bucket Sets,B0DK11S92M,,"HoMettler Spin Mop and Bucket Set, Mop Bucket with Separate Dirty Water System, Deep-Cleaning Mops for Floors/Wall, Versatile Mops with 4 Microfiber Mop Pads",Home & Kitchen > Cleaning Supplies > Household Cleaning > Cleaning Tools > Mopping > Mops & Bucket Sets,US,35.99,10.08,2.88,10.89,0.15,325.0,209.0,4.2,0.55,10000,1.0,20.0,50,25.0,20.0,20.0,75,35,65.0,B,"observed:price,sales,reviews,rating,fba_fee; estimated:search_volume,cpc",estimated_default_costs,Imported from Sorftime; ASIN B0DK11S92M; brand HoMettler
category:Mops & Bucket Sets,23537016011,Mops & Bucket Sets,Home & Kitchen > Cleaning Supplies > Household Cleaning > Cleaning Tools > Mopping > Mops & Bucket Sets,B0GWR2NZVS,,"Wodemom Easy-Rinse Mop Bucket Gen 2, Clean/Dirty Water Separation,Gray | Shower-Style Rinse, 1.5 Gal Capacity, 4 Wheels, 61-inch Handle, 6 Heads, for Apartments, Hardwood, Laminate & Tile Floors",Home & Kitchen > Cleaning Supplies > Household Cleaning > Cleaning Tools > Mopping > Mops & Bucket Sets,US,59.99,16.8,4.8,17.04,0.15,320.0,37.0,4.2,0.55,10000,1.0,20.0,50,25.0,20.0,20.0,75,35,65.0,B,"observed:price,sales,reviews,rating,fba_fee; estimated:search_volume,cpc",estimated_default_costs,Imported from Sorftime; ASIN B0GWR2NZVS; brand Wodemom
category:Mops & Bucket Sets,23537016011,Mops & Bucket Sets,Home & Kitchen > Cleaning Supplies > Household Cleaning > Cleaning Tools > Mopping > Mops & Bucket Sets,B0CWP1CMCH,,"BOSHENG Mop and Bucket Set, Flat Mops for Floor Cleaning, Wall Mop with 60“ Extensible Handle, Hardwood Floor Mop with 2 Microfiber Pads",Home & Kitchen > Cleaning Supplies > Household Cleaning > Cleaning Tools > Mopping > Mops & Bucket Sets,US,27.99,7.84,2.24,9.27,0.15,317.0,947.0,4.3,0.55,10000,1.0,20.0,50,25.0,20.0,20.0,75,35,65.0,B,"observed:price,sales,reviews,rating,fba_fee; estimated:search_volume,cpc",estimated_default_costs,Imported from Sorftime; ASIN B0CWP1CMCH; brand BOSHENG
category:Mops & Bucket Sets,23537016011,Mops & Bucket Sets,Home & Kitchen > Cleaning Supplies > Household Cleaning > Cleaning Tools > Mopping > Mops & Bucket Sets,B08637ZFQN,,"O-Cedar Microfiber Cloth Mop & QuickWring Bucket with Extra Refill, 2 Piece Set",Home & Kitchen > Cleaning Supplies > Household Cleaning > Cleaning Tools > Mopping > Mops & Bucket Sets,US,55.99,15.68,4.48,10.08,0.15,291.0,403.0,4.1,0.55,10000,1.0,20.0,50,25.0,20.0,20.0,65,20,53.8,C,"observed:price,sales,reviews,rating; estimated:fba_fee,search_volume,cpc",estimated_default_costs,Imported from Sorftime; ASIN B08637ZFQN; brand O-Cedar
category:Mops & Bucket Sets,23537016011,Mops & Bucket Sets,Home & Kitchen > Cleaning Supplies > Household Cleaning > Cleaning Tools > Mopping > Mops & Bucket Sets,B0DH8LKK1B,,"Casabella Spin Mop System with Extra Mop Head Refill - Two-Bucket Design with Splash Guard Built-in Measuring Cup and Scraper Tool with Easy Wring Pedal Spinner, 1.25-Gallon, Blue",Home & Kitchen > Cleaning Supplies > Household Cleaning > Cleaning Tools > Mopping > Mops & Bucket Sets,US,34.99,9.8,2.8,16.62,0.15,287.0,559.0,3.7,0.55,10000,1.0,20.0,50,25.0,20.0,20.0,75,35,65.0,B,"observed:price,sales,reviews,rating,fba_fee; estimated:search_volume,cpc",estimated_default_costs,Imported from Sorftime; ASIN B0DH8LKK1B; brand Casabella
category:Mops & Bucket Sets,23537016011,Mops & Bucket Sets,Home & Kitchen > Cleaning Supplies > Household Cleaning > Cleaning Tools > Mopping > Mops & Bucket Sets,B0D9N364XP,,"X3 Mop, Separates Dirty and Clean Water, 3-Chamber Design, Flat Mop and Bucket Set, Hands Free Home Floor Cleaning, 3 Reusable Microfiber Mop Pads Included (Original X3 Mop)",Home & Kitchen > Cleaning Supplies > Household Cleaning > Cleaning Tools > Mopping > Mops & Bucket Sets,US,59.95,16.79,4.8,12.61,0.15,265.0,644.0,4.3,0.55,10000,1.0,20.0,50,25.0,20.0,20.0,75,35,65.0,B,"observed:price,sales,reviews,rating,fba_fee; estimated:search_volume,cpc",estimated_default_costs,Imported from Sorftime; ASIN B0D9N364XP; brand TopTier Products
category:Mops & Bucket Sets,23537016011,Mops & Bucket Sets,Home & Kitchen > Cleaning Supplies > Household Cleaning > Cleaning Tools > Mopping > Mops & Bucket Sets,B0FF1KCKRN,,"MENSHINE 360° Spin Mop and Bucket Set Cleaning System,Mop and Bucket with Wringer Set for Home,Wet Dust Mop for Floor Cleaning with 4 Mop Heads",Home & Kitchen > Cleaning Supplies > Household Cleaning > Cleaning Tools > Mopping > Mops & Bucket Sets,US,44.99,12.6,3.6,15.33,0.15,209.0,108.0,4.2,0.55,10000,1.0,20.0,50,25.0,20.0,20.0,75,35,65.0,B,"observed:price,sales,reviews,rating,fba_fee; estimated:search_volume,cpc",estimated_default_costs,Imported from Sorftime; ASIN B0FF1KCKRN; brand MENSHINE
category:Edible Printer Paper & Frosting Sheets,8147491011,Edible Printer Paper & Frosting Sheets,Home & Kitchen > Kitchen & Dining > Bakeware > Decorating Tools > Edible Printer Ink & Paper > Edible Printer Paper & Frosting Sheets,B01HA5E5LW,,paper2eat edible Wafer Paper Sheets Standard - 0.30 mm - 25 sheets,Home & Kitchen > Kitchen & Dining > Bakeware > Decorating Tools > Edible Printer Ink & Paper > Edible Printer Paper & Frosting Sheets,US,16.99,4.76,1.36,5.77,0.15,1624.0,508.0,4.6,0.55,10000,1.0,20.0,50,25.0,20.0,20.0,75,35,65.0,B,"observed:price,sales,reviews,rating,fba_fee; estimated:search_volume,cpc",estimated_default_costs,Imported from Sorftime; ASIN B01HA5E5LW; brand paper2eat
category:Edible Printer Paper & Frosting Sheets,8147491011,Edible Printer Paper & Frosting Sheets,Home & Kitchen > Kitchen & Dining > Bakeware > Decorating Tools > Edible Printer Ink & Paper > Edible Printer Paper & Frosting Sheets,B0DYNKSLX3,,"Edible Paper A4 Size, 25 Counts Icing sheets, 11.7“ x 8.3“ Frosting Sheets, Edible Image Paper for Cupcake Decoration, Sugar Sheet for Cake Printer",Home & Kitchen > Kitchen & Dining > Bakeware > Decorating Tools > Edible Printer Ink & Paper > Edible Printer Paper & Frosting Sheets,US,19.99,5.6,1.6,6.49,0.15,1341.0,179.0,4.6,0.55,10000,1.0,20.0,50,25.0,20.0,20.0,75,35,65.0,B,"observed:price,sales,reviews,rating,fba_fee; estimated:search_volume,cpc",estimated_default_costs,Imported from Sorftime; ASIN B0DYNKSLX3; brand FUTEBO
category:Edible Printer Paper & Frosting Sheets,8147491011,Edible Printer Paper & Frosting Sheets,Home & Kitchen > Kitchen & Dining > Bakeware > Decorating Tools > Edible Printer Ink & Paper > Edible Printer Paper & Frosting Sheets,B0CDDBBM72,,"Derzio 25 pcs Edible Paper A4 11.7“ x 8.3“ Frosting Sheets, Icing Sheets | Sugar Sheets for Cakes Printable, Cake Edible Sheets, Edible image Paper for Cake Toppers, Cakes, Cookies & Decor",Home & Kitchen > Kitchen & Dining > Bakeware > Decorating Tools > Edible Printer Ink & Paper > Edible Printer Paper & Frosting Sheets,US,29.99,8.4,2.4,6.66,0.15,701.0,452.0,3.9,0.55,10000,1.0,20.0,50,25.0,20.0,20.0,75,35,65.0,B,"observed:price,sales,reviews,rating,fba_fee; estimated:search_volume,cpc",estimated_default_costs,Imported from Sorftime; ASIN B0CDDBBM72; brand Derzio
category:Edible Printer Paper & Frosting Sheets,8147491011,Edible Printer Paper & Frosting Sheets,Home & Kitchen > Kitchen & Dining > Bakeware > Decorating Tools > Edible Printer Ink & Paper > Edible Printer Paper & Frosting Sheets,B0BFFKCTLM,,CRANBOLY 25 pcs Edible Paper 11.7“ x 8.3“ A4 Frosting Sheets | Icing Sheets for Cakes Printable Sugar Sheets Edible Paper Cake Edible Sheets in Resealable Packaging for Cake Toppers,Home & Kitchen > Kitchen & Dining > Bakeware > Decorating Tools > Edible Printer Ink & Paper > Edible Printer Paper & Frosting Sheets,US,29.79,8.34,2.38,6.49,0.15,684.0,683.0,4.5,0.55,10000,1.0,20.0,50,25.0,20.0,20.0,75,35,65.0,B,"observed:price,sales,reviews,rating,fba_fee; estimated:search_volume,cpc",estimated_default_costs,Imported from Sorftime; ASIN B0BFFKCTLM; brand CRANBOLY
category:Edible Printer Paper & Frosting Sheets,8147491011,Edible Printer Paper & Frosting Sheets,Home & Kitchen > Kitchen & Dining > Bakeware > Decorating Tools > Edible Printer Ink & Paper > Edible Printer Paper & Frosting Sheets,B0GGHGXJ9K,,"Edible Wafer Paper 8.5“ x 11“ A4 Size, White Edible Printer Sheets for Cake Topper Decoration Edible Rice Paper 25pcs (0.3mm)",Home & Kitchen > Kitchen & Dining > Bakeware > Decorating Tools > Edible Printer Ink & Paper > Edible Printer Paper & Frosting Sheets,US,19.99,5.6,1.6,3.6,0.15,508.0,38.0,4.5,0.55,10000,1.0,20.0,50,25.0,20.0,20.0,50,20,42.5,C,"observed:sales,reviews,rating; estimated:price,fba_fee,search_volume,cpc",estimated_default_costs,Imported from Sorftime; ASIN B0GGHGXJ9K; brand SIMEKKO
category:Edible Printer Paper & Frosting Sheets,8147491011,Edible Printer Paper & Frosting Sheets,Home & Kitchen > Kitchen & Dining > Bakeware > Decorating Tools > Edible Printer Ink & Paper > Edible Printer Paper & Frosting Sheets,B0FX2CGNR7,,KYUNSEN Edible Paper 25pcs A4 11.7“ x 8.3“ Edible Frosting Sheets,Home & Kitchen > Kitchen & Dining > Bakeware > Decorating Tools > Edible Printer Ink & Paper > Edible Printer Paper & Frosting Sheets,US,19.99,5.6,1.6,7.08,0.15,434.0,107.0,3.7,0.55,10000,1.0,20.0,50,25.0,20.0,20.0,75,35,65.0,B,"observed:price,sales,reviews,rating,fba_fee; estimated:search_volume,cpc",estimated_default_costs,Imported from Sorftime; ASIN B0FX2CGNR7; brand KYUNSEN
category:Edible Printer Paper & Frosting Sheets,8147491011,Edible Printer Paper & Frosting Sheets,Home & Kitchen > Kitchen & Dining > Bakeware > Decorating Tools > Edible Printer Ink & Paper > Edible Printer Paper & Frosting Sheets,B0F3Y5L9N1,,"PatiFrussa 25 Count Edible Paper A4 11.7“ x 8.3“ Printable Frosting Sheets | Icing Sheets for Cakes, Cupcakes, and Cookies, Professional Edible Image Paper",Home & Kitchen > Kitchen & Dining > Bakeware > Decorating Tools > Edible Printer Ink & Paper > Edible Printer Paper & Frosting Sheets,US,19.99,5.6,1.6,6.66,0.15,380.0,166.0,4.2,0.55,10000,1.0,20.0,50,25.0,20.0,20.0,75,35,65.0,B,"observed:price,sales,reviews,rating,fba_fee; estimated:search_volume,cpc",estimated_default_costs,Imported from Sorftime; ASIN B0F3Y5L9N1; brand PatiFrussa
category:Edible Printer Paper & Frosting Sheets,8147491011,Edible Printer Paper & Frosting Sheets,Home & Kitchen > Kitchen & Dining > Bakeware > Decorating Tools > Edible Printer Ink & Paper > Edible Printer Paper & Frosting Sheets,B0GSYCR81J,,"Wafer Paper 25pcs 8.5“ x 11“, Edible Wafer Sheets for Edible Printer",Home & Kitchen > Kitchen & Dining > Bakeware > Decorating Tools > Edible Printer Ink & Paper > Edible Printer Paper & Frosting Sheets,US,13.99,3.92,1.12,3.56,0.15,369.0,35.0,4.6,0.55,10000,1.0,20.0,50,25.0,20.0,20.0,75,35,65.0,B,"observed:price,sales,reviews,rating,fba_fee; estimated:search_volume,cpc",estimated_default_costs,Imported from Sorftime; ASIN B0GSYCR81J; brand AmeriMade
category:Edible Printer Paper & Frosting Sheets,8147491011,Edible Printer Paper & Frosting Sheets,Home & Kitchen > Kitchen & Dining > Bakeware > Decorating Tools > Edible Printer Ink & Paper > Edible Printer Paper & Frosting Sheets,B00GGLHXPM,,"Oasis Supply 25 Piece O-Grade Wafer Paper Pack, 8“ by 11“",Home & Kitchen > Kitchen & Dining > Bakeware > Decorating Tools > Edible Printer Ink & Paper > Edible Printer Paper & Frosting Sheets,US,17.05,4.77,1.36,3.47,0.15,256.0,1458.0,4.6,0.55,10000,1.0,20.0,50,25.0,20.0,20.0,75,35,65.0,B,"observed:price,sales,reviews,rating,fba_fee; estimated:search_volume,cpc",estimated_default_costs,Imported from Sorftime; ASIN B00GGLHXPM; brand Oasis Supply
category:Edible Printer Paper & Frosting Sheets,8147491011,Edible Printer Paper & Frosting Sheets,Home & Kitchen > Kitchen & Dining > Bakeware > Decorating Tools > Edible Printer Ink & Paper > Edible Printer Paper & Frosting Sheets,B0DMP8DV7V,,"Printable Edible Wafer Paper Sheets by Watson & Webb (0.35 mm, 25 Sheets) Vegan, ISO‑Certified, Tasteless",Home & Kitchen > Kitchen & Dining > Bakeware > Decorating Tools > Edible Printer Ink & Paper > Edible Printer Paper & Frosting Sheets,US,12.41,3.47,0.99,3.47,0.15,247.0,142.0,4.3,0.55,10000,1.0,20.0,50,25.0,20.0,20.0,75,35,65.0,B,"observed:price,sales,reviews,rating,fba_fee; estimated:search_volume,cpc",estimated_default_costs,Imported from Sorftime; ASIN B0DMP8DV7V; brand Watson & Webb
category:Bottle Openers,3109475011,Bottle Openers,Home & Kitchen > Kitchen & Dining > Kitchen Utensils & Gadgets > Bar & Wine Tools > Corkscrews & Openers > Bottle Openers,B0BRK7R9W5,,QTLCOHD 20 Pack Flat Bottle Opener - 7 Inch Stainless Steel Bottle Openers,Home & Kitchen > Kitchen & Dining > Kitchen Utensils & Gadgets > Bar & Wine Tools > Corkscrews & Openers > Bottle Openers,US,24.99,7.0,2.0,7.65,0.15,490.0,153.0,4.6,0.55,10000,1.0,20.0,50,25.0,20.0,20.0,75,35,65.0,B,"observed:price,sales,reviews,rating,fba_fee; estimated:search_volume,cpc",estimated_default_costs,Imported from Sorftime; ASIN B0BRK7R9W5; brand QTLCOHD
category:Bottle Openers,3109475011,Bottle Openers,Home & Kitchen > Kitchen & Dining > Kitchen Utensils & Gadgets > Bar & Wine Tools > Corkscrews & Openers > Bottle Openers,B0002WZR4K,,"Westmark Ah-So Wine Opener – 2 Prong Wine Bottle Opener for Vintage Bottles, German Manual Cork Remover, Chrome Finish, Superfine Polished Steel",Home & Kitchen > Kitchen & Dining > Kitchen Utensils & Gadgets > Bar & Wine Tools > Corkscrews & Openers > Bottle Openers,US,19.99,5.6,1.6,3.34,0.15,465.0,1684.0,4.5,0.55,10000,1.0,20.0,50,25.0,20.0,20.0,75,35,65.0,B,"observed:price,sales,reviews,rating,fba_fee; estimated:search_volume,cpc",estimated_default_costs,Imported from Sorftime; ASIN B0002WZR4K; brand MONOPOL Germany
category:Bottle Openers,3109475011,Bottle Openers,Home & Kitchen > Kitchen & Dining > Kitchen Utensils & Gadgets > Bar & Wine Tools > Corkscrews & Openers > Bottle Openers,B0G1XKKSVD,,"Gobetter Wine Foil Cutter Tool, Foil Remover for Wine Bottles, 2 Count",Home & Kitchen > Kitchen & Dining > Kitchen Utensils & Gadgets > Bar & Wine Tools > Corkscrews & Openers > Bottle Openers,US,12.99,3.64,1.04,3.25,0.15,292.0,69.0,4.5,0.55,10000,1.0,20.0,50,25.0,20.0,20.0,75,35,65.0,B,"observed:price,sales,reviews,rating,fba_fee; estimated:search_volume,cpc",estimated_default_costs,Imported from Sorftime; ASIN B0G1XKKSVD; brand GOBETTER
category:Bottle Openers,3109475011,Bottle Openers,Home & Kitchen > Kitchen & Dining > Kitchen Utensils & Gadgets > Bar & Wine Tools > Corkscrews & Openers > Bottle Openers,B0BVDT7BL7,,"Irenare 6 Pcs Retractable Bar Keys Bartender Bottle Openers, Marble | Stainless Steel Beer Bottle Opener,with Belt Clip and Round Badge Reel,Bartender Gifts for Women Men",Home & Kitchen > Kitchen & Dining > Kitchen Utensils & Gadgets > Bar & Wine Tools > Corkscrews & Openers > Bottle Openers,US,14.99,4.2,1.2,4.44,0.15,286.0,278.0,4.3,0.55,10000,1.0,20.0,50,25.0,20.0,20.0,75,35,65.0,B,"observed:price,sales,reviews,rating,fba_fee; estimated:search_volume,cpc",estimated_default_costs,Imported from Sorftime; ASIN B0BVDT7BL7; brand Irenare
category:Screwpull Levers,13825981,Screwpull Levers,Home & Kitchen > Kitchen & Dining > Kitchen Utensils & Gadgets > Bar & Wine Tools > Corkscrews & Openers > Screwpull Levers,B08MJ7FMV1,,Forge Quality Compact Vertical Lever Corkscrew Wine Opener with Foil Cutter. 3 Seconds to Open a Bottle of Wine. Metallic Bronze,Home & Kitchen > Kitchen & Dining > Kitchen Utensils & Gadgets > Bar & Wine Tools > Corkscrews & Openers > Screwpull Levers,US,27.95,7.83,2.24,4.87,0.15,2473.0,421.0,4.4,0.55,10000,1.0,20.0,50,25.0,20.0,20.0,75,35,65.0,B,"observed:price,sales,reviews,rating,fba_fee; estimated:search_volume,cpc",estimated_default_costs,Imported from Sorftime; ASIN B08MJ7FMV1; brand Forge
category:Screwpull Levers,13825981,Screwpull Levers,Home & Kitchen > Kitchen & Dining > Kitchen Utensils & Gadgets > Bar & Wine Tools > Corkscrews & Openers > Screwpull Levers,B07MYDZMTY,,Stainless Steel Wine Opener Compact Vertical Corkscrew Wine Bottle Opener with Foil Cutter,Home & Kitchen > Kitchen & Dining > Kitchen Utensils & Gadgets > Bar & Wine Tools > Corkscrews & Openers > Screwpull Levers,US,45.99,12.88,3.68,6.35,0.15,684.0,2110.0,4.6,0.55,10000,1.0,20.0,50,25.0,20.0,20.0,75,35,65.0,B,"observed:price,sales,reviews,rating,fba_fee; estimated:search_volume,cpc",estimated_default_costs,Imported from Sorftime; ASIN B07MYDZMTY; brand KEISSCO
category:Screwpull Levers,13825981,Screwpull Levers,Home & Kitchen > Kitchen & Dining > Kitchen Utensils & Gadgets > Bar & Wine Tools > Corkscrews & Openers > Screwpull Levers,B0CNBPWC4V,,"Rabbit Vertical Corkscrew Wine Opener with One-Pull Design, Foil Cutter Included, Easy to Use Manual Lever, Durable Stainless Steel Spiral, Merlot",Home & Kitchen > Kitchen & Dining > Kitchen Utensils & Gadgets > Bar & Wine Tools > Corkscrews & Openers > Screwpull Levers,US,19.99,5.6,1.6,3.6,0.15,593.0,598.0,4.0,0.55,10000,1.0,20.0,50,25.0,20.0,20.0,50,20,42.5,C,"observed:sales,reviews,rating; estimated:price,fba_fee,search_volume,cpc",estimated_default_costs,Imported from Sorftime; ASIN B0CNBPWC4V; brand Rabbit
category:Screwpull Levers,13825981,Screwpull Levers,Home & Kitchen > Kitchen & Dining > Kitchen Utensils & Gadgets > Bar & Wine Tools > Corkscrews & Openers > Screwpull Levers,B08DMMXY17,,"Wine Bottle Opener Corkscrew Set – Luxiluxy [2024 upgraded, does NOT break!] Including Foil Cutter, Bottle Stopper, Opener Stand and Extra Spiral - corkscrews wine opener set- wine opener kit",Home & Kitchen > Kitchen & Dining > Kitchen Utensils & Gadgets > Bar & Wine Tools > Corkscrews & Openers > Screwpull Levers,US,29.99,8.4,2.4,6.19,0.15,461.0,2484.0,4.2,0.55,10000,1.0,20.0,50,25.0,20.0,20.0,75,35,65.0,B,"observed:price,sales,reviews,rating,fba_fee; estimated:search_volume,cpc",estimated_default_costs,Imported from Sorftime; ASIN B08DMMXY17; brand Luxiluxy
category:Screwpull Levers,13825981,Screwpull Levers,Home & Kitchen > Kitchen & Dining > Kitchen Utensils & Gadgets > Bar & Wine Tools > Corkscrews & Openers > Screwpull Levers,B0DK1VQZYC,,"Wine Bottle Opener, Vertical Lever Corkscrew with Built in Foil Cutter Design, Manual Handheld Corkscrew with Ergonomic Lever Pump",Home & Kitchen > Kitchen & Dining > Kitchen Utensils & Gadgets > Bar & Wine Tools > Corkscrews & Openers > Screwpull Levers,US,16.9,4.73,1.35,5.35,0.15,219.0,208.0,4.5,0.55,10000,1.0,20.0,50,25.0,20.0,20.0,75,35,65.0,B,"observed:price,sales,reviews,rating,fba_fee; estimated:search_volume,cpc",estimated_default_costs,Imported from Sorftime; ASIN B0DK1VQZYC; brand Drincarier
category:Waiter Corkscrews,13826001,Waiter Corkscrews,Home & Kitchen > Kitchen & Dining > Kitchen Utensils & Gadgets > Bar & Wine Tools > Corkscrews & Openers > Waiter Corkscrews,B0C7TLXMS5,,"Professional Waiter Corkscrew Wine Key for Bartenders Set of 3,With Long Rosewood Handle Stainless Steel Handle Wine Opener for Bar Restaurant Waiters, Sommelier, Bartend (Rose Wood 3 Packs)",Home & Kitchen > Kitchen & Dining > Kitchen Utensils & Gadgets > Bar & Wine Tools > Corkscrews & Openers > Waiter Corkscrews,US,21.59,6.05,1.73,3.75,0.15,933.0,1003.0,4.6,0.55,10000,1.0,20.0,50,25.0,20.0,20.0,75,35,65.0,B,"observed:price,sales,reviews,rating,fba_fee; estimated:search_volume,cpc",estimated_default_costs,Imported from Sorftime; ASIN B0C7TLXMS5; brand Kit-Home
category:Waiter Corkscrews,13826001,Waiter Corkscrews,Home & Kitchen > Kitchen & Dining > Kitchen Utensils & Gadgets > Bar & Wine Tools > Corkscrews & Openers > Waiter Corkscrews,B09VG81642,,"RECUTMS 12 Pack Wine Opener,Waiter Corkscrew Wine Key for Servers（Black） | Heavy Duty Stainless Steel Fold Beer or Bottle Opener Serrated Foil Cutter,Perfect for Bars,Restaurants,Family,Company Party",Home & Kitchen > Kitchen & Dining > Kitchen Utensils & Gadgets > Bar & Wine Tools > Corkscrews & Openers > Waiter Corkscrews,US,19.99,5.6,1.6,5.72,0.15,593.0,659.0,4.1,0.55,10000,1.0,20.0,50,25.0,20.0,20.0,75,35,65.0,B,"observed:price,sales,reviews,rating,fba_fee; estimated:search_volume,cpc",estimated_default_costs,Imported from Sorftime; ASIN B09VG81642; brand RECUTMS
category:Waiter Corkscrews,13826001,Waiter Corkscrews,Home & Kitchen > Kitchen & Dining > Kitchen Utensils & Gadgets > Bar & Wine Tools > Corkscrews & Openers > Waiter Corkscrews,B004BMN44M,,Pulltap’s Professional Double‑Hinged Waiter’s Corkscrew (Classic 500) – Luxury Sommelier‑Grade Wine Opener with Signature Pulltap’s Logo & Precision Foil Cutter,Home & Kitchen > Kitchen & Dining > Kitchen Utensils & Gadgets > Bar & Wine Tools > Corkscrews & Openers > Waiter Corkscrews,US,13.99,3.92,1.12,3.92,0.15,350.0,290.0,4.5,0.55,10000,1.0,20.0,50,25.0,20.0,20.0,75,35,65.0,B,"observed:price,sales,reviews,rating,fba_fee; estimated:search_volume,cpc",estimated_default_costs,Imported from Sorftime; ASIN B004BMN44M; brand Pulltap‘s
category:Waiter Corkscrews,13826001,Waiter Corkscrews,Home & Kitchen > Kitchen & Dining > Kitchen Utensils & Gadgets > Bar & Wine Tools > Corkscrews & Openers > Waiter Corkscrews,B07416XXQH,,"Vintorio Professional Waiters Corkscrew - Wine Key with Ergonomic Rubber Grip, Beer Bottle Opener and Foil Cutter (1 Pack)",Home & Kitchen > Kitchen & Dining > Kitchen Utensils & Gadgets > Bar & Wine Tools > Corkscrews & Openers > Waiter Corkscrews,US,12.95,3.63,1.04,4.17,0.15,346.0,2003.0,4.6,0.55,10000,1.0,20.0,50,25.0,20.0,20.0,75,35,65.0,B,"observed:price,sales,reviews,rating,fba_fee; estimated:search_volume,cpc",estimated_default_costs,Imported from Sorftime; ASIN B07416XXQH; brand Vintorio
category:Waiter Corkscrews,13826001,Waiter Corkscrews,Home & Kitchen > Kitchen & Dining > Kitchen Utensils & Gadgets > Bar & Wine Tools > Corkscrews & Openers > Waiter Corkscrews,B07GHXBLQX,,"Peugeot Clavelin Corkscrew, 5.5 in, Black | Manual wine bottle opener with foil cutter, stainless steel and ABS, sommelier style, 14 cm. Compact and pocket-sized",Home & Kitchen > Kitchen & Dining > Kitchen Utensils & Gadgets > Bar & Wine Tools > Corkscrews & Openers > Waiter Corkscrews,US,24.76,6.93,1.98,3.93,0.15,331.0,922.0,4.5,0.55,10000,1.0,20.0,50,25.0,20.0,20.0,75,35,65.0,B,"observed:price,sales,reviews,rating,fba_fee; estimated:search_volume,cpc",estimated_default_costs,Imported from Sorftime; ASIN B07GHXBLQX; brand Peugeot
category:Waiter Corkscrews,13826001,Waiter Corkscrews,Home & Kitchen > Kitchen & Dining > Kitchen Utensils & Gadgets > Bar & Wine Tools > Corkscrews & Openers > Waiter Corkscrews,B0CS2L1WZS,,LUSCIOUZ Zero Resistance THE HELIX Elite Corkscrew Silent Wine Bottle Opener Waiters Corkscrew Wine Key (5 Coil_Black),Home & Kitchen > Kitchen & Dining > Kitchen Utensils & Gadgets > Bar & Wine Tools > Corkscrews & Openers > Waiter Corkscrews,US,59.99,16.8,4.8,4.17,0.15,266.0,435.0,4.0,0.55,10000,1.0,20.0,50,25.0,20.0,20.0,75,35,65.0,B,"observed:price,sales,reviews,rating,fba_fee; estimated:search_volume,cpc",estimated_default_costs,Imported from Sorftime; ASIN B0CS2L1WZS; brand Lusciouz
category:Waiter Corkscrews,13826001,Waiter Corkscrews,Home & Kitchen > Kitchen & Dining > Kitchen Utensils & Gadgets > Bar & Wine Tools > Corkscrews & Openers > Waiter Corkscrews,B07G2DBHMV,,Pulltap‘s Genuine Classic 500 Waiter‘s Corkscrew – Double-Hinged Wine Key with Hinged Foil Cutter – Patented Design – Made in Spain – (Black – Black),Home & Kitchen > Kitchen & Dining > Kitchen Utensils & Gadgets > Bar & Wine Tools > Corkscrews & Openers > Waiter Corkscrews,US,27.99,7.84,2.24,3.92,0.15,237.0,84.0,4.6,0.55,10000,1.0,20.0,50,25.0,20.0,20.0,75,35,65.0,B,"observed:price,sales,reviews,rating,fba_fee; estimated:search_volume,cpc",estimated_default_costs,Imported from Sorftime; ASIN B07G2DBHMV; brand Pulltap‘s
category:Waiter Corkscrews,13826001,Waiter Corkscrews,Home & Kitchen > Kitchen & Dining > Kitchen Utensils & Gadgets > Bar & Wine Tools > Corkscrews & Openers > Waiter Corkscrews,B0C5JKVZM5,,"HYZ Wine Openers Bulk 20-Pack for Bartender, Waiter Corkscrew-Black | Wine Keys for Servers, Commercial Grade Stainless Steel Double-Hinged Corkscrews with Foil Cutter",Home & Kitchen > Kitchen & Dining > Kitchen Utensils & Gadgets > Bar & Wine Tools > Corkscrews & Openers > Waiter Corkscrews,US,43.99,12.32,3.52,7.73,0.15,233.0,97.0,4.6,0.55,10000,1.0,20.0,50,25.0,20.0,20.0,75,35,65.0,B,"observed:price,sales,reviews,rating,fba_fee; estimated:search_volume,cpc",estimated_default_costs,Imported from Sorftime; ASIN B0C5JKVZM5; brand HYZ
category:Waiter Corkscrews,13826001,Waiter Corkscrews,Home & Kitchen > Kitchen & Dining > Kitchen Utensils & Gadgets > Bar & Wine Tools > Corkscrews & Openers > Waiter Corkscrews,B0017HWIKK,,Winco 15' Stainless Steel 5-Compartment Condiment Holder,Home & Kitchen > Kitchen & Dining > Kitchen Utensils & Gadgets > Bar & Wine Tools > Corkscrews & Openers > Waiter Corkscrews,US,28.32,7.93,2.27,7.26,0.15,218.0,340.0,4.1,0.55,10000,1.0,20.0,50,25.0,20.0,20.0,75,35,65.0,B,"observed:price,sales,reviews,rating,fba_fee; estimated:search_volume,cpc",estimated_default_costs,Imported from Sorftime; ASIN B0017HWIKK; brand Winco
category:Wing Corkscrews,13826011,Wing Corkscrews,Home & Kitchen > Kitchen & Dining > Kitchen Utensils & Gadgets > Bar & Wine Tools > Corkscrews & Openers > Wing Corkscrews,B073XHPWN9,,"Viski Winged Corkscrew Wine Bottle Opener, Gold Plated Finish, Non-stick Coated Worm, 9.25“",Home & Kitchen > Kitchen & Dining > Kitchen Utensils & Gadgets > Bar & Wine Tools > Corkscrews & Openers > Wing Corkscrews,US,19.99,5.6,1.6,3.6,0.15,337.0,1231.0,4.6,0.55,10000,1.0,20.0,50,25.0,20.0,20.0,50,20,42.5,C,"observed:sales,reviews,rating; estimated:price,fba_fee,search_volume,cpc",estimated_default_costs,Imported from Sorftime; ASIN B073XHPWN9; brand Viski
category:Ice Bucket Kits,21560397011,Ice Bucket Kits,Home & Kitchen > Kitchen & Dining > Kitchen Utensils & Gadgets > Bar & Wine Tools > Ice Buckets & Tongs > Ice Bucket Kits,B0FY2VBL5K,,"Havawish Clear Ice Bucket for Freezer Scoop Set Freezer Ice Bin Storage | Clear Plastic Storage for Freezer with Pull Handle, Ice Scoop Included, Keeps Cubes Organized, Easy Access Design",Home & Kitchen > Kitchen & Dining > Kitchen Utensils & Gadgets > Bar & Wine Tools > Ice Buckets & Tongs > Ice Bucket Kits,US,22.32,6.25,1.79,7.2,0.15,1159.0,78.0,4.4,0.55,10000,1.0,20.0,50,25.0,20.0,20.0,75,35,65.0,B,"observed:price,sales,reviews,rating,fba_fee; estimated:search_volume,cpc",estimated_default_costs,Imported from Sorftime; ASIN B0FY2VBL5K; brand Havawish
category:Ice Bucket Kits,21560397011,Ice Bucket Kits,Home & Kitchen > Kitchen & Dining > Kitchen Utensils & Gadgets > Bar & Wine Tools > Ice Buckets & Tongs > Ice Bucket Kits,B0CTC7B95X,,Havawish Ice Storage Bin and Flexible Scoop Set Plastic Freezer Bin,Home & Kitchen > Kitchen & Dining > Kitchen Utensils & Gadgets > Bar & Wine Tools > Ice Buckets & Tongs > Ice Bucket Kits,US,25.49,7.14,2.04,8.5,0.15,1132.0,262.0,4.5,0.55,10000,1.0,20.0,50,25.0,20.0,20.0,75,35,65.0,B,"observed:price,sales,reviews,rating,fba_fee; estimated:search_volume,cpc",estimated_default_costs,Imported from Sorftime; ASIN B0CTC7B95X; brand Havawish
category:Ice Bucket Kits,21560397011,Ice Bucket Kits,Home & Kitchen > Kitchen & Dining > Kitchen Utensils & Gadgets > Bar & Wine Tools > Ice Buckets & Tongs > Ice Bucket Kits,B0D5NR8LPD,,"GORILLA GRIP Space Saving Ice Cube Tray and Bin Set, Make 56 Cubes, Black | Makes 56 Cubes, Kit Includes 2 Stackable Leakproof Trays with Lid, Scooper, Soft Handle Grips, For Iced Coffee, Cocktails",Home & Kitchen > Kitchen & Dining > Kitchen Utensils & Gadgets > Bar & Wine Tools > Ice Buckets & Tongs > Ice Bucket Kits,US,17.99,5.04,1.44,6.77,0.15,865.0,1131.0,4.5,0.55,10000,1.0,20.0,50,25.0,20.0,20.0,75,35,65.0,B,"observed:price,sales,reviews,rating,fba_fee; estimated:search_volume,cpc",estimated_default_costs,Imported from Sorftime; ASIN B0D5NR8LPD; brand GORILLA GRIP
category:Ice Bucket Kits,21560397011,Ice Bucket Kits,Home & Kitchen > Kitchen & Dining > Kitchen Utensils & Gadgets > Bar & Wine Tools > Ice Buckets & Tongs > Ice Bucket Kits,B0CQ5G53ZV,,"S‘well Ice Bucket with Tongs, 68oz, Onyx",Home & Kitchen > Kitchen & Dining > Kitchen Utensils & Gadgets > Bar & Wine Tools > Ice Buckets & Tongs > Ice Bucket Kits,US,19.99,5.6,1.6,3.6,0.15,709.0,1530.0,4.5,0.55,10000,1.0,20.0,50,25.0,20.0,20.0,50,20,42.5,C,"observed:sales,reviews,rating; estimated:price,fba_fee,search_volume,cpc",estimated_default_costs,Imported from Sorftime; ASIN B0CQ5G53ZV; brand S‘well
category:Ice Bucket Kits,21560397011,Ice Bucket Kits,Home & Kitchen > Kitchen & Dining > Kitchen Utensils & Gadgets > Bar & Wine Tools > Ice Buckets & Tongs > Ice Bucket Kits,B0D342RNQQ,,"Gusto Nostro 4.1L Insulated Ice Bucket with Lid and Tongs, Double Wall Stainless Steel Ice Bucket Large, BPA Free Ice Bucket for Cocktail Bar, Keeps Champagne, Wine, Beer Chill for Parties",Home & Kitchen > Kitchen & Dining > Kitchen Utensils & Gadgets > Bar & Wine Tools > Ice Buckets & Tongs > Ice Bucket Kits,US,42.74,11.97,3.42,8.6,0.15,538.0,321.0,4.3,0.55,10000,1.0,20.0,50,25.0,20.0,20.0,75,35,65.0,B,"observed:price,sales,reviews,rating,fba_fee; estimated:search_volume,cpc",estimated_default_costs,Imported from Sorftime; ASIN B0D342RNQQ; brand Gusto Nostro
category:Ice Bucket Kits,21560397011,Ice Bucket Kits,Home & Kitchen > Kitchen & Dining > Kitchen Utensils & Gadgets > Bar & Wine Tools > Ice Buckets & Tongs > Ice Bucket Kits,B0F3DB51H4,,"Zopeal 24 Pcs Galvanized Beer Buckets with Scoops Tongs, Matte Black | 16 Metal Pails Bulk, 4 Ice Scoops, 4 Tongs, 5qt Beer Buckets for 6 Beers, for Wedding, Birthday Parties, Holiday Centerpieces",Home & Kitchen > Kitchen & Dining > Kitchen Utensils & Gadgets > Bar & Wine Tools > Ice Buckets & Tongs > Ice Bucket Kits,US,70.99,19.88,5.68,15.69,0.15,204.0,64.0,4.0,0.55,10000,1.0,20.0,50,25.0,20.0,20.0,75,35,65.0,B,"observed:price,sales,reviews,rating,fba_fee; estimated:search_volume,cpc",estimated_default_costs,Imported from Sorftime; ASIN B0F3DB51H4; brand Zopeal
category:Ice Buckets,678496011,Ice Buckets,Home & Kitchen > Kitchen & Dining > Kitchen Utensils & Gadgets > Bar & Wine Tools > Ice Buckets & Tongs > Ice Buckets,B0F4P2WM5B,,"Lifewit 6.5L Plastic Ice Bucket for Parties with Handle & Scoop, 2 Pcs",Home & Kitchen > Kitchen & Dining > Kitchen Utensils & Gadgets > Bar & Wine Tools > Ice Buckets & Tongs > Ice Buckets,US,29.99,8.4,2.4,9.37,0.15,3140.0,543.0,4.6,0.55,10000,1.0,20.0,50,25.0,20.0,20.0,75,35,65.0,B,"observed:price,sales,reviews,rating,fba_fee; estimated:search_volume,cpc",estimated_default_costs,Imported from Sorftime; ASIN B0F4P2WM5B; brand Lifewit
category:Ice Buckets,678496011,Ice Buckets,Home & Kitchen > Kitchen & Dining > Kitchen Utensils & Gadgets > Bar & Wine Tools > Ice Buckets & Tongs > Ice Buckets,B0G42ZHRG8,,"ChefBee 3L Double-Wall Stainless Steel Ice Bucket with Lid & Tongs | Long Lasting Insulation, Keeps Ice Chilled, For Champagne Wine Cocktails, Ideal for Parties Home Bar & Freezer Use",Home & Kitchen > Kitchen & Dining > Kitchen Utensils & Gadgets > Bar & Wine Tools > Ice Buckets & Tongs > Ice Buckets,US,20.74,5.81,1.66,7.84,0.15,2119.0,235.0,4.4,0.55,10000,1.0,20.0,50,25.0,20.0,20.0,75,35,65.0,B,"observed:price,sales,reviews,rating,fba_fee; estimated:search_volume,cpc",estimated_default_costs,Imported from Sorftime; ASIN B0G42ZHRG8; brand CHEFBEE
category:Ice Buckets,678496011,Ice Buckets,Home & Kitchen > Kitchen & Dining > Kitchen Utensils & Gadgets > Bar & Wine Tools > Ice Buckets & Tongs > Ice Buckets,B0FLXLY3DV,,OBTANIM 4 Pack 4 Gallon Galvanized Ice Buckets Metal Champagne Drink Cooler Ice Tub with Carry Handles for Beer Cocktails Wine Beverage Home Parties Bar Cooling Supplies (Silvery),Home & Kitchen > Kitchen & Dining > Kitchen Utensils & Gadgets > Bar & Wine Tools > Ice Buckets & Tongs > Ice Buckets,US,36.99,10.36,2.96,9.76,0.15,1304.0,134.0,4.0,0.55,10000,1.0,20.0,50,25.0,20.0,20.0,75,35,65.0,B,"observed:price,sales,reviews,rating,fba_fee; estimated:search_volume,cpc",estimated_default_costs,Imported from Sorftime; ASIN B0FLXLY3DV; brand OBTANIM
category:Ice Buckets,678496011,Ice Buckets,Home & Kitchen > Kitchen & Dining > Kitchen Utensils & Gadgets > Bar & Wine Tools > Ice Buckets & Tongs > Ice Buckets,B0DZH5587Q,,2 Pack 4 Gallon Galvanized Tub Ice Buckets for Parties Portable Beverage Tub with Handles Champagne Bucket Metal Ice Buckets for Cocktail Bar with Ice Scoop,Home & Kitchen > Kitchen & Dining > Kitchen Utensils & Gadgets > Bar & Wine Tools > Ice Buckets & Tongs > Ice Buckets,US,29.99,8.4,2.4,9.65,0.15,1228.0,131.0,3.9,0.55,10000,1.0,20.0,50,25.0,20.0,20.0,75,35,65.0,B,"observed:price,sales,reviews,rating,fba_fee; estimated:search_volume,cpc",estimated_default_costs,Imported from Sorftime; ASIN B0DZH5587Q; brand JJXUANER
category:Ice Buckets,678496011,Ice Buckets,Home & Kitchen > Kitchen & Dining > Kitchen Utensils & Gadgets > Bar & Wine Tools > Ice Buckets & Tongs > Ice Buckets,B0CNQNGRNJ,,"Colorlaza Metal Buckets with Handle 6 Pcs – Galvanized Bucket Leak Proof & Rust Resistant 48 fl oz Capacity - Best for Party Décor, Organizing & Decorating Classrooms Easter Bucket 6.3“",Home & Kitchen > Kitchen & Dining > Kitchen Utensils & Gadgets > Bar & Wine Tools > Ice Buckets & Tongs > Ice Buckets,US,27.99,7.84,2.24,8.02,0.15,1126.0,389.0,4.6,0.55,10000,1.0,70,50,25.0,20.0,20.0,75,35,65.0,B,"observed:price,sales,reviews,rating,fba_fee; estimated:search_volume,cpc",estimated_default_costs,Imported from Sorftime; ASIN B0CNQNGRNJ; brand colorlaza
category:Ice Buckets,678496011,Ice Buckets,Home & Kitchen > Kitchen & Dining > Kitchen Utensils & Gadgets > Bar & Wine Tools > Ice Buckets & Tongs > Ice Buckets,B0G81BFG8B,,OBTANIM Clear Acrylic Ice Buckets Large Champagne Drink Cooler Storage Ice Tub with Scoops for Beer Cocktails Wine Beverage Home Parties Bar Cooling Supplies,Home & Kitchen > Kitchen & Dining > Kitchen Utensils & Gadgets > Bar & Wine Tools > Ice Buckets & Tongs > Ice Buckets,US,19.99,5.6,1.6,9.56,0.15,1072.0,92.0,4.1,0.55,10000,1.0,20.0,50,25.0,20.0,20.0,75,35,65.0,B,"observed:price,sales,reviews,rating,fba_fee; estimated:search_volume,cpc",estimated_default_costs,Imported from Sorftime; ASIN B0G81BFG8B; brand OBTANIM
category:Ice Buckets,678496011,Ice Buckets,Home & Kitchen > Kitchen & Dining > Kitchen Utensils & Gadgets > Bar & Wine Tools > Ice Buckets & Tongs > Ice Buckets,B018R7P27I,,"BREKX Insulated Hammered Stainless Steel Beverage Tub & Ice Bucket, 12QT | Double-wall insulated tub keeps beer, wine and champagne chilled. Double-hinged handles make carrying easier.",Home & Kitchen > Kitchen & Dining > Kitchen Utensils & Gadgets > Bar & Wine Tools > Ice Buckets & Tongs > Ice Buckets,US,77.99,21.84,6.24,14.95,0.15,995.0,826.0,4.6,0.55,10000,1.0,20.0,50,25.0,20.0,20.0,75,35,65.0,B,"observed:price,sales,reviews,rating,fba_fee; estimated:search_volume,cpc",estimated_default_costs,Imported from Sorftime; ASIN B018R7P27I; brand BREKX
category:Ice Buckets,678496011,Ice Buckets,Home & Kitchen > Kitchen & Dining > Kitchen Utensils & Gadgets > Bar & Wine Tools > Ice Buckets & Tongs > Ice Buckets,B0C2CQVKCF,,"BARsics Large 6-Gallon Galvanized Tin Beverage Tub, 20 x14x10 inches (Pack of 2)",Home & Kitchen > Kitchen & Dining > Kitchen Utensils & Gadgets > Bar & Wine Tools > Ice Buckets & Tongs > Ice Buckets,US,59.0,16.52,4.72,18.77,0.15,990.0,193.0,4.6,0.55,10000,1.0,20.0,50,25.0,20.0,20.0,75,35,65.0,B,"observed:price,sales,reviews,rating,fba_fee; estimated:search_volume,cpc",estimated_default_costs,Imported from Sorftime; ASIN B0C2CQVKCF; brand BARsics
category:Ice Buckets,678496011,Ice Buckets,Home & Kitchen > Kitchen & Dining > Kitchen Utensils & Gadgets > Bar & Wine Tools > Ice Buckets & Tongs > Ice Buckets,B0DGGCXHV1,,"OBTANIM 8 Pack Galvanized Metal Buckets with Handle Ice Pails for Plants, Succulents, Party Favors Organizing, Rustic Home Decor or Classrooms Pencil Storage (7 x 5.1 inch)",Home & Kitchen > Kitchen & Dining > Kitchen Utensils & Gadgets > Bar & Wine Tools > Ice Buckets & Tongs > Ice Buckets,US,29.99,8.4,2.4,8.3,0.15,902.0,256.0,4.6,0.55,10000,1.0,20.0,50,25.0,20.0,20.0,75,35,65.0,B,"observed:price,sales,reviews,rating,fba_fee; estimated:search_volume,cpc",estimated_default_costs,Imported from Sorftime; ASIN B0DGGCXHV1; brand OBTANIM
category:Ice Buckets,678496011,Ice Buckets,Home & Kitchen > Kitchen & Dining > Kitchen Utensils & Gadgets > Bar & Wine Tools > Ice Buckets & Tongs > Ice Buckets,B0H33S6T2Q,,"MISKIS 3L Stainless Steel Ice Bucket with Lid & Tongs for Parties | Double-wall Design with Silicone-ring Lid and Carry Handle; Includes Tongs for Home Bars, Patios, Parties, and Picnics",Home & Kitchen > Kitchen & Dining > Kitchen Utensils & Gadgets > Bar & Wine Tools > Ice Buckets & Tongs > Ice Buckets,US,16.99,4.76,1.36,7.83,0.15,874.0,52.0,4.1,0.55,10000,1.0,20.0,50,25.0,20.0,20.0,75,35,65.0,B,"observed:price,sales,reviews,rating,fba_fee; estimated:search_volume,cpc",estimated_default_costs,Imported from Sorftime; ASIN B0H33S6T2Q; brand Miskis
category:Ice Buckets,678496011,Ice Buckets,Home & Kitchen > Kitchen & Dining > Kitchen Utensils & Gadgets > Bar & Wine Tools > Ice Buckets & Tongs > Ice Buckets,B0DZ67CP76,,"Portable Ice Buckets for Parties,3L Ice Bucket with Lid,Scoop,Tongs,Handle | Double Wall Stainless steel Ice Container to Keep Ice Frozen Longer- Ideal for Cocktail Bar,Camping,Chilling Beer/Wine",Home & Kitchen > Kitchen & Dining > Kitchen Utensils & Gadgets > Bar & Wine Tools > Ice Buckets & Tongs > Ice Buckets,US,21.84,6.12,1.75,7.84,0.15,839.0,256.0,4.4,0.55,10000,1.0,20.0,50,25.0,20.0,20.0,75,35,65.0,B,"observed:price,sales,reviews,rating,fba_fee; estimated:search_volume,cpc",estimated_default_costs,Imported from Sorftime; ASIN B0DZ67CP76; brand Berverra
category:Ice Buckets,678496011,Ice Buckets,Home & Kitchen > Kitchen & Dining > Kitchen Utensils & Gadgets > Bar & Wine Tools > Ice Buckets & Tongs > Ice Buckets,B0CP3B2CPD,,"3 Qt White Galvanized Ice Bucket with Lid, Scoop and Handles, Insulated | Double-layer insulated ice bucket with galvanized inner layer for wine, champagne, cocktails, parties, BBQs and outdoor use.",Home & Kitchen > Kitchen & Dining > Kitchen Utensils & Gadgets > Bar & Wine Tools > Ice Buckets & Tongs > Ice Buckets,US,25.99,7.28,2.08,8.4,0.15,813.0,295.0,4.6,0.55,10000,1.0,20.0,50,25.0,20.0,20.0,75,35,65.0,B,"observed:price,sales,reviews,rating,fba_fee; estimated:search_volume,cpc",estimated_default_costs,Imported from Sorftime; ASIN B0CP3B2CPD; brand vensovo
category:Ice Buckets,678496011,Ice Buckets,Home & Kitchen > Kitchen & Dining > Kitchen Utensils & Gadgets > Bar & Wine Tools > Ice Buckets & Tongs > Ice Buckets,B0CYPC9WR3,,2 Pack Galvanized Tub Ice Bucket Large Metal Drink Buckets for Parties Beer Beverage Tub with Carry Handles for Champagne Cocktails Wine Cooling for Mimosa Bar Supplies 3 Gallon,Home & Kitchen > Kitchen & Dining > Kitchen Utensils & Gadgets > Bar & Wine Tools > Ice Buckets & Tongs > Ice Buckets,US,24.98,6.99,2.0,9.17,0.15,724.0,309.0,4.3,0.55,10000,1.0,20.0,50,25.0,20.0,20.0,75,35,65.0,B,"observed:price,sales,reviews,rating,fba_fee; estimated:search_volume,cpc",estimated_default_costs,Imported from Sorftime; ASIN B0CYPC9WR3; brand PORPOR BOOYA
category:Ice Buckets,678496011,Ice Buckets,Home & Kitchen > Kitchen & Dining > Kitchen Utensils & Gadgets > Bar & Wine Tools > Ice Buckets & Tongs > Ice Buckets,B09GY2N8N4,,5-Quart Galvanized Pail Beer Bucket 9x9x7 inches (Pack of 1),Home & Kitchen > Kitchen & Dining > Kitchen Utensils & Gadgets > Bar & Wine Tools > Ice Buckets & Tongs > Ice Buckets,US,16.8,4.7,1.34,8.22,0.15,699.0,920.0,4.6,0.55,10000,1.0,20.0,50,25.0,20.0,20.0,75,35,65.0,B,"observed:price,sales,reviews,rating,fba_fee; estimated:search_volume,cpc",estimated_default_costs,Imported from Sorftime; ASIN B09GY2N8N4; brand BARsics
category:Ice Buckets,678496011,Ice Buckets,Home & Kitchen > Kitchen & Dining > Kitchen Utensils & Gadgets > Bar & Wine Tools > Ice Buckets & Tongs > Ice Buckets,B0FKBFXS49,,2 Pack 4 Gallon Galvanized Tub Ice Buckets for Parties Portable Beverage Tub Champagne Bucket Metal Ice Buckets for Cocktail Bar with Ice Scoop,Home & Kitchen > Kitchen & Dining > Kitchen Utensils & Gadgets > Bar & Wine Tools > Ice Buckets & Tongs > Ice Buckets,US,29.99,8.4,2.4,9.65,0.15,670.0,64.0,3.9,0.55,10000,1.0,20.0,50,25.0,20.0,20.0,75,35,65.0,B,"observed:price,sales,reviews,rating,fba_fee; estimated:search_volume,cpc",estimated_default_costs,Imported from Sorftime; ASIN B0FKBFXS49; brand BCUEIDO
category:Ice Buckets,678496011,Ice Buckets,Home & Kitchen > Kitchen & Dining > Kitchen Utensils & Gadgets > Bar & Wine Tools > Ice Buckets & Tongs > Ice Buckets,B0G2Y34MLQ,,"Havawish Ice Container for Freezer with Scoop, PET, Medium | Clear Ice Storage Bin with Lid, Pull out Freezer Bin Organizer for Refrigerator, Stackable Holder",Home & Kitchen > Kitchen & Dining > Kitchen Utensils & Gadgets > Bar & Wine Tools > Ice Buckets & Tongs > Ice Buckets,US,26.99,7.56,2.16,7.36,0.15,636.0,38.0,4.4,0.55,10000,1.0,20.0,50,25.0,20.0,20.0,75,35,65.0,B,"observed:price,sales,reviews,rating,fba_fee; estimated:search_volume,cpc",estimated_default_costs,Imported from Sorftime; ASIN B0G2Y34MLQ; brand Havawish
category:Ice Buckets,678496011,Ice Buckets,Home & Kitchen > Kitchen & Dining > Kitchen Utensils & Gadgets > Bar & Wine Tools > Ice Buckets & Tongs > Ice Buckets,B0H4F875VW,,"13.5L Ice Bucket 2 Pack Ice Buckets for Parties, Large Beverage Tub for Cocktail Bar with Handle, Drink Cooler for Wine Beer Champagne, Drink Bucket with Scoop for Mimosa Bar",Home & Kitchen > Kitchen & Dining > Kitchen Utensils & Gadgets > Bar & Wine Tools > Ice Buckets & Tongs > Ice Buckets,US,35.99,10.08,2.88,10.6,0.15,633.0,25.0,4.6,0.55,10000,1.0,20.0,50,25.0,20.0,20.0,75,35,65.0,B,"observed:price,sales,reviews,rating,fba_fee; estimated:search_volume,cpc",estimated_default_costs,Imported from Sorftime; ASIN B0H4F875VW; brand Gifhomfix
category:Ice Buckets,678496011,Ice Buckets,Home & Kitchen > Kitchen & Dining > Kitchen Utensils & Gadgets > Bar & Wine Tools > Ice Buckets & Tongs > Ice Buckets,B0B2MV4DJG,,"Rae Dunn Ice Bucket with Scoop - Stainless Steel Bucket with Handle, Lid and Ice Scooper - 4 Qt. Storage Bin for Ice Cubes for Bars, Parties, Backyard Barbeques, Picnics, and Camping (White)",Home & Kitchen > Kitchen & Dining > Kitchen Utensils & Gadgets > Bar & Wine Tools > Ice Buckets & Tongs > Ice Buckets,US,31.99,8.96,2.56,8.4,0.15,621.0,776.0,4.5,0.55,10000,1.0,20.0,50,25.0,20.0,20.0,75,35,65.0,B,"observed:price,sales,reviews,rating,fba_fee; estimated:search_volume,cpc",estimated_default_costs,Imported from Sorftime; ASIN B0B2MV4DJG; brand Rae Dunn
category:Ice Buckets,678496011,Ice Buckets,Home & Kitchen > Kitchen & Dining > Kitchen Utensils & Gadgets > Bar & Wine Tools > Ice Buckets & Tongs > Ice Buckets,B01CD91ATK,,"Ice Bucket, San Jamar Light Duty, 6 Gallon, Dual-Grip Handles, Blue",Home & Kitchen > Kitchen & Dining > Kitchen Utensils & Gadgets > Bar & Wine Tools > Ice Buckets & Tongs > Ice Buckets,US,42.69,11.95,3.42,20.46,0.15,585.0,212.0,4.6,0.55,10000,1.0,20.0,50,25.0,20.0,20.0,75,35,65.0,B,"observed:price,sales,reviews,rating,fba_fee; estimated:search_volume,cpc",estimated_default_costs,Imported from Sorftime; ASIN B01CD91ATK; brand San Jamar
category:Ice Buckets,678496011,Ice Buckets,Home & Kitchen > Kitchen & Dining > Kitchen Utensils & Gadgets > Bar & Wine Tools > Ice Buckets & Tongs > Ice Buckets,B0G4VWGJ1R,,OBTANIM 3 Pack 4 Gallon Galvanized Ice Buckets Metal Champagne Drink Cooler Ice Tub with Carry Handles for Beer Cocktails Wine Beverage Home Parties Bar Cooling Supplies (Silvery),Home & Kitchen > Kitchen & Dining > Kitchen Utensils & Gadgets > Bar & Wine Tools > Ice Buckets & Tongs > Ice Buckets,US,29.99,8.4,2.4,9.93,0.15,569.0,63.0,4.0,0.55,10000,1.0,20.0,50,25.0,20.0,20.0,75,35,65.0,B,"observed:price,sales,reviews,rating,fba_fee; estimated:search_volume,cpc",estimated_default_costs,Imported from Sorftime; ASIN B0G4VWGJ1R; brand OBTANIM
category:Ice Buckets,678496011,Ice Buckets,Home & Kitchen > Kitchen & Dining > Kitchen Utensils & Gadgets > Bar & Wine Tools > Ice Buckets & Tongs > Ice Buckets,B0F7HQLSLH,,"3L Double-Wall Stainless Steel Ice Bucket with Lid,Scoop,Tongs,Handle | Long Lasting Insulation, Keeps Ice Chilled, For Champagne Wine Cocktails, Ideal for Parties Home Bar & Freezer Use",Home & Kitchen > Kitchen & Dining > Kitchen Utensils & Gadgets > Bar & Wine Tools > Ice Buckets & Tongs > Ice Buckets,US,21.99,6.16,1.76,7.84,0.15,545.0,164.0,4.5,0.55,10000,1.0,20.0,50,25.0,20.0,20.0,75,35,65.0,B,"observed:price,sales,reviews,rating,fba_fee; estimated:search_volume,cpc",estimated_default_costs,Imported from Sorftime; ASIN B0F7HQLSLH; brand yeatruojeet
category:Ice Buckets,678496011,Ice Buckets,Home & Kitchen > Kitchen & Dining > Kitchen Utensils & Gadgets > Bar & Wine Tools > Ice Buckets & Tongs > Ice Buckets,B0H86RKXNR,,"Mawisek Ice Bucket 3L Stainless Steel Insulated Ice Buckets for Parties | Double-Wall Ice Bucket with Lid, Tongs & Strainer, 101oz Ice Container for Wine & Champagne, Cocktail Home Bar & Outdoor Use",Home & Kitchen > Kitchen & Dining > Kitchen Utensils & Gadgets > Bar & Wine Tools > Ice Buckets & Tongs > Ice Buckets,US,18.99,5.32,1.52,7.83,0.15,525.0,201.0,4.1,0.55,10000,1.0,20.0,50,25.0,20.0,20.0,75,35,65.0,B,"observed:price,sales,reviews,rating,fba_fee; estimated:search_volume,cpc",estimated_default_costs,Imported from Sorftime; ASIN B0H86RKXNR; brand Mawisek
category:Ice Buckets,678496011,Ice Buckets,Home & Kitchen > Kitchen & Dining > Kitchen Utensils & Gadgets > Bar & Wine Tools > Ice Buckets & Tongs > Ice Buckets,B0GTQ4CXX3,,"3L Double-Wall Stainless Steel Ice Bucket with Lid, Scoop, Tongs & Handle – Insulated Ice Container for Parties, Bar, and Camping – Keeps Ice Frozen Longer",Home & Kitchen > Kitchen & Dining > Kitchen Utensils & Gadgets > Bar & Wine Tools > Ice Buckets & Tongs > Ice Buckets,US,20.39,5.71,1.63,7.84,0.15,494.0,38.0,4.2,0.55,10000,1.0,20.0,50,25.0,20.0,20.0,75,35,65.0,B,"observed:price,sales,reviews,rating,fba_fee; estimated:search_volume,cpc",estimated_default_costs,Imported from Sorftime; ASIN B0GTQ4CXX3; brand Saiveina
category:Ice Buckets,678496011,Ice Buckets,Home & Kitchen > Kitchen & Dining > Kitchen Utensils & Gadgets > Bar & Wine Tools > Ice Buckets & Tongs > Ice Buckets,B0GQV24B7D,,"7.5L Ice Buckets for Parties 2 Pcs, Upgraded Thickened Acrylic Ice Bucket Set with 2 Scoops,Large Clear Beverage Tub, Champagne Bucket and Drink Bucket for Wine,Beer,Cocktails and Mimosa Bar Supplies",Home & Kitchen > Kitchen & Dining > Kitchen Utensils & Gadgets > Bar & Wine Tools > Ice Buckets & Tongs > Ice Buckets,US,29.99,8.4,2.4,10.31,0.15,453.0,40.0,4.5,0.55,10000,1.0,20.0,50,25.0,20.0,20.0,75,35,65.0,B,"observed:price,sales,reviews,rating,fba_fee; estimated:search_volume,cpc",estimated_default_costs,Imported from Sorftime; ASIN B0GQV24B7D; brand Enioupet
category:Ice Buckets,678496011,Ice Buckets,Home & Kitchen > Kitchen & Dining > Kitchen Utensils & Gadgets > Bar & Wine Tools > Ice Buckets & Tongs > Ice Buckets,B0DZWTFQ7B,,"24 Pcs Plastic Ice Buckets for Parties 3 Liters Wine Bucket, Gold",Home & Kitchen > Kitchen & Dining > Kitchen Utensils & Gadgets > Bar & Wine Tools > Ice Buckets & Tongs > Ice Buckets,US,41.99,11.76,3.36,8.99,0.15,411.0,115.0,4.2,0.55,10000,1.0,20.0,50,25.0,20.0,20.0,75,35,65.0,B,"observed:price,sales,reviews,rating,fba_fee; estimated:search_volume,cpc",estimated_default_costs,Imported from Sorftime; ASIN B0DZWTFQ7B; brand Layhit
category:Ice Buckets,678496011,Ice Buckets,Home & Kitchen > Kitchen & Dining > Kitchen Utensils & Gadgets > Bar & Wine Tools > Ice Buckets & Tongs > Ice Buckets,B0FNW6RT7K,,"6.8L/7QT Large Insulated Ice Bucket with Lid & Scoop, Keeps Frozen Longer | Double-Wall, For Parties & Cocktail Bar, Champagne, Beer, Grey",Home & Kitchen > Kitchen & Dining > Kitchen Utensils & Gadgets > Bar & Wine Tools > Ice Buckets & Tongs > Ice Buckets,US,46.54,13.03,3.72,14.48,0.15,398.0,82.0,4.4,0.55,10000,1.0,20.0,50,25.0,20.0,20.0,75,35,65.0,B,"observed:price,sales,reviews,rating,fba_fee; estimated:search_volume,cpc",estimated_default_costs,Imported from Sorftime; ASIN B0FNW6RT7K; brand I·CODE
category:Ice Buckets,678496011,Ice Buckets,Home & Kitchen > Kitchen & Dining > Kitchen Utensils & Gadgets > Bar & Wine Tools > Ice Buckets & Tongs > Ice Buckets,B07VV1LSYS,,"Yesland Ice Bucket, Clear Acrylic 3.5 Liter Storage Tub, Beer Bucket Beverage Chiller Bin for 2 Wine, Champagne Bottles, Beer Bottles",Home & Kitchen > Kitchen & Dining > Kitchen Utensils & Gadgets > Bar & Wine Tools > Ice Buckets & Tongs > Ice Buckets,US,16.12,4.51,1.29,8.41,0.15,391.0,798.0,4.5,0.55,10000,1.0,20.0,50,25.0,20.0,20.0,75,35,65.0,B,"observed:price,sales,reviews,rating,fba_fee; estimated:search_volume,cpc",estimated_default_costs,Imported from Sorftime; ASIN B07VV1LSYS; brand Yesland
category:Ice Buckets,678496011,Ice Buckets,Home & Kitchen > Kitchen & Dining > Kitchen Utensils & Gadgets > Bar & Wine Tools > Ice Buckets & Tongs > Ice Buckets,B0BX6HMQKK,,4 Pack Galvanized Tub 3.1 Gallon Ice Bucket Large Metal Drink Buckets for Parties Beer Beverage Tub with Carry Handles for Champagne Cocktails Wine Cooling for Mimosa Bar Supplies,Home & Kitchen > Kitchen & Dining > Kitchen Utensils & Gadgets > Bar & Wine Tools > Ice Buckets & Tongs > Ice Buckets,US,28.59,8.01,2.29,9.27,0.15,385.0,240.0,4.4,0.55,10000,1.0,20.0,50,25.0,20.0,20.0,75,35,65.0,B,"observed:price,sales,reviews,rating,fba_fee; estimated:search_volume,cpc",estimated_default_costs,Imported from Sorftime; ASIN B0BX6HMQKK; brand PORPOR BOOYA
category:Ice Buckets,678496011,Ice Buckets,Home & Kitchen > Kitchen & Dining > Kitchen Utensils & Gadgets > Bar & Wine Tools > Ice Buckets & Tongs > Ice Buckets,B016OU4BXG,,"Hutzler Popcorn Bucket, Plastic Bowl, Red Large",Home & Kitchen > Kitchen & Dining > Kitchen Utensils & Gadgets > Bar & Wine Tools > Ice Buckets & Tongs > Ice Buckets,US,19.31,5.41,1.54,13.63,0.15,385.0,748.0,4.4,0.55,10000,1.0,20.0,50,25.0,20.0,20.0,75,35,65.0,B,"observed:price,sales,reviews,rating,fba_fee; estimated:search_volume,cpc",estimated_default_costs,Imported from Sorftime; ASIN B016OU4BXG; brand Hutzler
category:Ice Buckets,678496011,Ice Buckets,Home & Kitchen > Kitchen & Dining > Kitchen Utensils & Gadgets > Bar & Wine Tools > Ice Buckets & Tongs > Ice Buckets,B005O0NA8A,,"Fun Express Plastic Bucket Assortment, 9 1/2“ x 8 1/2“, 4 Pc.",Home & Kitchen > Kitchen & Dining > Kitchen Utensils & Gadgets > Bar & Wine Tools > Ice Buckets & Tongs > Ice Buckets,US,20.99,5.88,1.68,3.78,0.15,374.0,193.0,4.6,0.55,10000,1.0,20.0,50,25.0,20.0,20.0,65,20,53.8,C,"observed:price,sales,reviews,rating; estimated:fba_fee,search_volume,cpc",estimated_default_costs,Imported from Sorftime; ASIN B005O0NA8A; brand Fun Express
category:Ice Buckets,678496011,Ice Buckets,Home & Kitchen > Kitchen & Dining > Kitchen Utensils & Gadgets > Bar & Wine Tools > Ice Buckets & Tongs > Ice Buckets,B09N8T63RK,,"ZENFUN 2 Pack 3 Quart Ice Bucket with Handles, Beverage Tub with Handles, Galvanized Metal Ice Bucket, Drink and Wine Chiller for Bar, Party, BBQ, Great for Indoor and Outdoor Use",Home & Kitchen > Kitchen & Dining > Kitchen Utensils & Gadgets > Bar & Wine Tools > Ice Buckets & Tongs > Ice Buckets,US,22.99,6.44,1.84,8.31,0.15,354.0,224.0,4.4,0.55,10000,1.0,20.0,50,25.0,20.0,20.0,75,35,65.0,B,"observed:price,sales,reviews,rating,fba_fee; estimated:search_volume,cpc",estimated_default_costs,Imported from Sorftime; ASIN B09N8T63RK; brand ZENFUN
category:Ice Buckets,678496011,Ice Buckets,Home & Kitchen > Kitchen & Dining > Kitchen Utensils & Gadgets > Bar & Wine Tools > Ice Buckets & Tongs > Ice Buckets,B07GH6C9LJ,,"BREKX Stainless Steel Beverage Tub for Parties, Medium (4 Gal), Oval | Stainless steel ice bucket holds beer, wine and champagne. A 4-gallon metal drink bucket for parties and entertaining.",Home & Kitchen > Kitchen & Dining > Kitchen Utensils & Gadgets > Bar & Wine Tools > Ice Buckets & Tongs > Ice Buckets,US,49.99,14.0,4.0,16.61,0.15,329.0,352.0,4.0,0.55,10000,1.0,20.0,50,25.0,20.0,20.0,75,35,65.0,B,"observed:price,sales,reviews,rating,fba_fee; estimated:search_volume,cpc",estimated_default_costs,Imported from Sorftime; ASIN B07GH6C9LJ; brand BREKX
category:Ice Buckets,678496011,Ice Buckets,Home & Kitchen > Kitchen & Dining > Kitchen Utensils & Gadgets > Bar & Wine Tools > Ice Buckets & Tongs > Ice Buckets,B0F6ML25CV,,"CAOANTRY Ice Bucket with Lid & Tong- Well Made Insulated Stainless Steel Keep Ice Frozen Longer - Ideal for Cocktail Bar, Parties, Chilling Wine, Champagne - 3 Liter (Teakwood)",Home & Kitchen > Kitchen & Dining > Kitchen Utensils & Gadgets > Bar & Wine Tools > Ice Buckets & Tongs > Ice Buckets,US,33.99,9.52,2.72,7.83,0.15,319.0,143.0,4.6,0.55,10000,1.0,20.0,50,25.0,20.0,20.0,75,35,65.0,B,"observed:price,sales,reviews,rating,fba_fee; estimated:search_volume,cpc",estimated_default_costs,Imported from Sorftime; ASIN B0F6ML25CV; brand CAOANTRY
category:Ice Buckets,678496011,Ice Buckets,Home & Kitchen > Kitchen & Dining > Kitchen Utensils & Gadgets > Bar & Wine Tools > Ice Buckets & Tongs > Ice Buckets,B0GGZDPWRV,,"3.5L Ice Bucket for Parties 2 Pcs (in 1 Package), Portable Drink Bucket for Cocktail Bar, Plastic Champagne Cooler for Beverage/Wine/Beer, Mimosa Bar Supplies Chiller Tub with Scoop",Home & Kitchen > Kitchen & Dining > Kitchen Utensils & Gadgets > Bar & Wine Tools > Ice Buckets & Tongs > Ice Buckets,US,18.99,5.32,1.52,12.82,0.15,318.0,31.0,4.1,0.55,10000,1.0,20.0,50,25.0,20.0,20.0,75,35,65.0,B,"observed:price,sales,reviews,rating,fba_fee; estimated:search_volume,cpc",estimated_default_costs,Imported from Sorftime; ASIN B0GGZDPWRV; brand GOSDENG
category:Ice Buckets,678496011,Ice Buckets,Home & Kitchen > Kitchen & Dining > Kitchen Utensils & Gadgets > Bar & Wine Tools > Ice Buckets & Tongs > Ice Buckets,B099PP57Q1,,"Wine Chiller Bucket, STUTUS Stainless Steel Double Wall White Wine Bottle Cooler Bucket, Insulated Champagne Beer Ice Bucket",Home & Kitchen > Kitchen & Dining > Kitchen Utensils & Gadgets > Bar & Wine Tools > Ice Buckets & Tongs > Ice Buckets,US,14.99,4.2,1.2,5.94,0.15,297.0,394.0,4.5,0.55,10000,1.0,20.0,50,25.0,20.0,20.0,75,35,65.0,B,"observed:price,sales,reviews,rating,fba_fee; estimated:search_volume,cpc",estimated_default_costs,Imported from Sorftime; ASIN B099PP57Q1; brand STUTUS INNOVATIONS
category:Ice Buckets,678496011,Ice Buckets,Home & Kitchen > Kitchen & Dining > Kitchen Utensils & Gadgets > Bar & Wine Tools > Ice Buckets & Tongs > Ice Buckets,B073JBVBT5,,Chef Craft Hammered Champagne Bucket. 4 Quart. Stainless Steel,Home & Kitchen > Kitchen & Dining > Kitchen Utensils & Gadgets > Bar & Wine Tools > Ice Buckets & Tongs > Ice Buckets,US,13.9,3.89,1.11,3.5,0.15,288.0,506.0,4.5,0.55,10000,1.0,20.0,50,25.0,20.0,20.0,65,20,53.8,C,"observed:price,sales,reviews,rating; estimated:fba_fee,search_volume,cpc",estimated_default_costs,Imported from Sorftime; ASIN B073JBVBT5; brand Chef Craft
category:Ice Buckets,678496011,Ice Buckets,Home & Kitchen > Kitchen & Dining > Kitchen Utensils & Gadgets > Bar & Wine Tools > Ice Buckets & Tongs > Ice Buckets,B0GFVM1B4H,,"meekoo 24 Pcs 4 L Ice Bucket for Parties, Plastic Oval Tub, Clear | Ice Drink Bucket with Handle for Wine, Champagne, Beer, Cocktail, Beverage Tub for Wedding, Bar, Picnic, Pool",Home & Kitchen > Kitchen & Dining > Kitchen Utensils & Gadgets > Bar & Wine Tools > Ice Buckets & Tongs > Ice Buckets,US,55.99,15.68,4.48,10.7,0.15,282.0,26.0,3.9,0.55,10000,1.0,20.0,50,25.0,20.0,20.0,75,35,65.0,B,"observed:price,sales,reviews,rating,fba_fee; estimated:search_volume,cpc",estimated_default_costs,Imported from Sorftime; ASIN B0GFVM1B4H; brand meekoo
category:Ice Buckets,678496011,Ice Buckets,Home & Kitchen > Kitchen & Dining > Kitchen Utensils & Gadgets > Bar & Wine Tools > Ice Buckets & Tongs > Ice Buckets,B0DRWR6257,,"YOUEON 4L Ice Bucket with Scoop and Lid, Double Walled Insulated Wine Bucket Chiller with Carry Handles, Beverage Tub for Cocktail Party, Camping, BBQ, Indoor & Outdoor Use, White",Home & Kitchen > Kitchen & Dining > Kitchen Utensils & Gadgets > Bar & Wine Tools > Ice Buckets & Tongs > Ice Buckets,US,26.99,7.56,2.16,8.11,0.15,277.0,72.0,4.5,0.55,10000,1.0,20.0,50,25.0,20.0,20.0,75,35,65.0,B,"observed:price,sales,reviews,rating,fba_fee; estimated:search_volume,cpc",estimated_default_costs,Imported from Sorftime; ASIN B0DRWR6257; brand Youeon
category:Ice Buckets,678496011,Ice Buckets,Home & Kitchen > Kitchen & Dining > Kitchen Utensils & Gadgets > Bar & Wine Tools > Ice Buckets & Tongs > Ice Buckets,B0GDWJVW9V,,"HOYTST 7L Ice Buckets for Parties, 2-Pack Clear Acrylic Champagne Bucket | Large Beverage Tub with Scoop, Portable Cooler Barrel, for Cocktail, Beer, Wine Drinks, Mimosa Bar Supplies",Home & Kitchen > Kitchen & Dining > Kitchen Utensils & Gadgets > Bar & Wine Tools > Ice Buckets & Tongs > Ice Buckets,US,23.99,6.72,1.92,9.65,0.15,260.0,23.0,4.2,0.55,10000,1.0,20.0,50,25.0,20.0,20.0,75,35,65.0,B,"observed:price,sales,reviews,rating,fba_fee; estimated:search_volume,cpc",estimated_default_costs,Imported from Sorftime; ASIN B0GDWJVW9V; brand HOYTST
category:Ice Buckets,678496011,Ice Buckets,Home & Kitchen > Kitchen & Dining > Kitchen Utensils & Gadgets > Bar & Wine Tools > Ice Buckets & Tongs > Ice Buckets,B0GSYD59P9,,"7.4 Quart Large Insulated Ice Bucket with Lid & Scoop Black | Keeps Champagne, Wine, Cocktails Chill longer for Parties",Home & Kitchen > Kitchen & Dining > Kitchen Utensils & Gadgets > Bar & Wine Tools > Ice Buckets & Tongs > Ice Buckets,US,49.99,14.0,4.0,9.84,0.15,256.0,26.0,4.6,0.55,10000,1.0,20.0,50,25.0,20.0,20.0,75,35,65.0,B,"observed:price,sales,reviews,rating,fba_fee; estimated:search_volume,cpc",estimated_default_costs,Imported from Sorftime; ASIN B0GSYD59P9; brand iHoo
category:Ice Buckets,678496011,Ice Buckets,Home & Kitchen > Kitchen & Dining > Kitchen Utensils & Gadgets > Bar & Wine Tools > Ice Buckets & Tongs > Ice Buckets,B0D47195W3,,"tchrules Galvanized Beverage Tubs, 2 Pack 3 Gallon Black Ice Buckets | Easy-Carry Handles | Chills Beer, Wine & Soda | Party, BBQ & Mimosa Bar | Leak-Resistant,Rustproof",Home & Kitchen > Kitchen & Dining > Kitchen Utensils & Gadgets > Bar & Wine Tools > Ice Buckets & Tongs > Ice Buckets,US,29.99,8.4,2.4,9.46,0.15,253.0,213.0,4.4,0.55,10000,1.0,20.0,50,25.0,20.0,20.0,75,35,65.0,B,"observed:price,sales,reviews,rating,fba_fee; estimated:search_volume,cpc",estimated_default_costs,Imported from Sorftime; ASIN B0D47195W3; brand tchrules
category:Ice Buckets,678496011,Ice Buckets,Home & Kitchen > Kitchen & Dining > Kitchen Utensils & Gadgets > Bar & Wine Tools > Ice Buckets & Tongs > Ice Buckets,B0G7X748BR,,"Didaey 12 Pcs Metal Beer Bucket Bulk Ice Bucket, 7.1 x 6.5 x 5.1, Black | Portable Ice Pail with Handle, Drink Chiller, for Wine Champagne Soda, Picnics, Pool Parties, Weddings, Home Bars",Home & Kitchen > Kitchen & Dining > Kitchen Utensils & Gadgets > Bar & Wine Tools > Ice Buckets & Tongs > Ice Buckets,US,50.99,14.28,4.08,8.89,0.15,234.0,57.0,3.8,0.55,10000,1.0,20.0,50,25.0,20.0,20.0,75,35,65.0,B,"observed:price,sales,reviews,rating,fba_fee; estimated:search_volume,cpc",estimated_default_costs,Imported from Sorftime; ASIN B0G7X748BR; brand Didaey
category:Ice Buckets,678496011,Ice Buckets,Home & Kitchen > Kitchen & Dining > Kitchen Utensils & Gadgets > Bar & Wine Tools > Ice Buckets & Tongs > Ice Buckets,B0BN1L52K2,,"Tiawudi 12 Pack Plastic Ice Bucket For Parties, Gold Glitter Clear Wine Cooler for Wedding, Good as One Large Champagne Chiller Or Classic Wine Bottle Chiller",Home & Kitchen > Kitchen & Dining > Kitchen Utensils & Gadgets > Bar & Wine Tools > Ice Buckets & Tongs > Ice Buckets,US,27.99,7.84,2.24,8.2,0.15,228.0,401.0,4.6,0.55,10000,1.0,20.0,50,25.0,20.0,20.0,75,35,65.0,B,"observed:price,sales,reviews,rating,fba_fee; estimated:search_volume,cpc",estimated_default_costs,Imported from Sorftime; ASIN B0BN1L52K2; brand Tiawudi
category:Ice Buckets,678496011,Ice Buckets,Home & Kitchen > Kitchen & Dining > Kitchen Utensils & Gadgets > Bar & Wine Tools > Ice Buckets & Tongs > Ice Buckets,B0F8HDT453,,"2 PCS Clear Ice Bucket Set - 5L Ice Buckets for Parties with Ice Bucket Scoop, Champagne Beer Tub Wine Beverage Bucket for Cocktail Bar, Parties, and Events",Home & Kitchen > Kitchen & Dining > Kitchen Utensils & Gadgets > Bar & Wine Tools > Ice Buckets & Tongs > Ice Buckets,US,20.99,5.88,1.68,9.56,0.15,212.0,20.0,4.3,0.55,10000,1.0,20.0,50,25.0,20.0,20.0,75,35,65.0,B,"observed:price,sales,reviews,rating,fba_fee; estimated:search_volume,cpc",estimated_default_costs,Imported from Sorftime; ASIN B0F8HDT453; brand YEXEXINM
category:Ice Buckets,678496011,Ice Buckets,Home & Kitchen > Kitchen & Dining > Kitchen Utensils & Gadgets > Bar & Wine Tools > Ice Buckets & Tongs > Ice Buckets,B0CMC8HZM9,,"Bertork 9.8 Inch Disco Ball Ice Bucket, Wine Beer Champagne Cooler | Perfect for Parties, Bars, Weddings & Events. A Retro Disco Centerpiece Combining Drink Cooling and Decorative Style",Home & Kitchen > Kitchen & Dining > Kitchen Utensils & Gadgets > Bar & Wine Tools > Ice Buckets & Tongs > Ice Buckets,US,34.99,9.8,2.8,8.78,0.15,212.0,58.0,4.5,0.55,10000,1.0,20.0,50,25.0,20.0,20.0,75,35,65.0,B,"observed:price,sales,reviews,rating,fba_fee; estimated:search_volume,cpc",estimated_default_costs,Imported from Sorftime; ASIN B0CMC8HZM9; brand Bertork
category:Ice Buckets,678496011,Ice Buckets,Home & Kitchen > Kitchen & Dining > Kitchen Utensils & Gadgets > Bar & Wine Tools > Ice Buckets & Tongs > Ice Buckets,B0BNPCVCBL,,"Zopeal 12 Pcs Galvanized Beer Buckets with Scoops Tongs, Classic, Silver | 8 Metal Pails Bulk, 2 Ice Scoops, 2 Tongs, 5qt Beer Buckets for 6 Beers, for Wedding, Birthday Parties, Holiday Centerpieces",Home & Kitchen > Kitchen & Dining > Kitchen Utensils & Gadgets > Bar & Wine Tools > Ice Buckets & Tongs > Ice Buckets,US,45.99,12.88,3.68,14.07,0.15,207.0,122.0,4.4,0.55,10000,1.0,20.0,50,25.0,20.0,20.0,75,35,65.0,B,"observed:price,sales,reviews,rating,fba_fee; estimated:search_volume,cpc",estimated_default_costs,Imported from Sorftime; ASIN B0BNPCVCBL; brand Zopeal
category:Ice Buckets,678496011,Ice Buckets,Home & Kitchen > Kitchen & Dining > Kitchen Utensils & Gadgets > Bar & Wine Tools > Ice Buckets & Tongs > Ice Buckets,B0C1NXKQZG,,"Zopeal 24 Pcs Galvanized Beer Buckets with Scoops Tongs, Silver | 16 Metal Pails Bulk, 4 Ice Scoops, 4 Tongs, 5qt Beer Buckets for 6 Beers, for Wedding, Birthday Parties, Holiday Centerpieces",Home & Kitchen > Kitchen & Dining > Kitchen Utensils & Gadgets > Bar & Wine Tools > Ice Buckets & Tongs > Ice Buckets,US,58.99,16.52,4.72,15.68,0.15,205.0,64.0,4.0,0.55,10000,1.0,20.0,50,25.0,20.0,20.0,75,35,65.0,B,"observed:price,sales,reviews,rating,fba_fee; estimated:search_volume,cpc",estimated_default_costs,Imported from Sorftime; ASIN B0C1NXKQZG; brand Zopeal
category:Ice Tongs,678497011,Ice Tongs,Home & Kitchen > Kitchen & Dining > Kitchen Utensils & Gadgets > Bar & Wine Tools > Ice Buckets & Tongs > Ice Tongs,B0B13Q2NLV,,"Barfly Ice Tong, Stainless, 7.1 Inch",Home & Kitchen > Kitchen & Dining > Kitchen Utensils & Gadgets > Bar & Wine Tools > Ice Buckets & Tongs > Ice Tongs,US,15.2,4.26,1.22,4.18,0.15,383.0,150.0,4.4,0.55,10000,1.0,20.0,50,25.0,20.0,20.0,75,35,65.0,B,"observed:price,sales,reviews,rating,fba_fee; estimated:search_volume,cpc",estimated_default_costs,Imported from Sorftime; ASIN B0B13Q2NLV; brand Barfly
category:Ice Tongs,678497011,Ice Tongs,Home & Kitchen > Kitchen & Dining > Kitchen Utensils & Gadgets > Bar & Wine Tools > Ice Buckets & Tongs > Ice Tongs,B015PS5X62,,Xiboya textile Sweet Candy Buffet Ice Tongs & Scoops (Silver-6 set),Home & Kitchen > Kitchen & Dining > Kitchen Utensils & Gadgets > Bar & Wine Tools > Ice Buckets & Tongs > Ice Tongs,US,13.85,3.88,1.11,5.36,0.15,245.0,615.0,4.4,0.55,10000,1.0,20.0,50,25.0,20.0,20.0,75,35,65.0,B,"observed:price,sales,reviews,rating,fba_fee; estimated:search_volume,cpc",estimated_default_costs,Imported from Sorftime; ASIN B015PS5X62; brand Xiboya textile
category:Wine Pourers,678498011,Wine Pourers,Home & Kitchen > Kitchen & Dining > Kitchen Utensils & Gadgets > Bar & Wine Tools > Wine Stoppers & Pourers > Wine Pourers,B0F1H6B5VJ,,"Songbird Specialties Singing Bird Wine Bottle Pourer, Red | It chirps as you pour and gets guests smiling. A fun wine gift for bird lovers, wine lovers, and anyone who entertains.",Home & Kitchen > Kitchen & Dining > Kitchen Utensils & Gadgets > Bar & Wine Tools > Wine Stoppers & Pourers > Wine Pourers,US,29.99,8.4,2.4,4.9,0.15,1049.0,147.0,4.5,0.55,10000,1.0,20.0,50,25.0,20.0,20.0,75,35,65.0,B,"observed:price,sales,reviews,rating,fba_fee; estimated:search_volume,cpc",estimated_default_costs,Imported from Sorftime; ASIN B0F1H6B5VJ; brand SONGBIRD SPECIALTIES
category:Wine Pourers,678498011,Wine Pourers,Home & Kitchen > Kitchen & Dining > Kitchen Utensils & Gadgets > Bar & Wine Tools > Wine Stoppers & Pourers > Wine Pourers,B07LDZCPH1,,Norway’s Secret Wine Filter | Triple Award-Winner | No More Wine Drops or Wands Needed | Sulfite & Histamine Remover | 100% Natural Wine Purifier | 18 Pack,Home & Kitchen > Kitchen & Dining > Kitchen Utensils & Gadgets > Bar & Wine Tools > Wine Stoppers & Pourers > Wine Pourers,US,30.95,8.67,2.48,3.25,0.15,668.0,1139.0,4.3,0.55,10000,1.0,20.0,50,25.0,20.0,20.0,75,35,65.0,B,"observed:price,sales,reviews,rating,fba_fee; estimated:search_volume,cpc",estimated_default_costs,Imported from Sorftime; ASIN B07LDZCPH1; brand Wine Balanced
category:Wine Pourers,678498011,Wine Pourers,Home & Kitchen > Kitchen & Dining > Kitchen Utensils & Gadgets > Bar & Wine Tools > Wine Stoppers & Pourers > Wine Pourers,B0BZ336RGQ,,"BBTO 40 Pcs Measured Bottle Pourers Liquor, 1 Oz Auto Shot,Clear, Black | Quick Pour Spout for Alcohol Bottles, 30 Ml Precise Dispensing, Ideal for Bars Home Parties, Portion Control Mixing",Home & Kitchen > Kitchen & Dining > Kitchen Utensils & Gadgets > Bar & Wine Tools > Wine Stoppers & Pourers > Wine Pourers,US,30.99,8.68,2.48,5.36,0.15,629.0,1010.0,4.2,0.55,10000,1.0,20.0,50,25.0,20.0,20.0,75,35,65.0,B,"observed:price,sales,reviews,rating,fba_fee; estimated:search_volume,cpc",estimated_default_costs,Imported from Sorftime; ASIN B0BZ336RGQ; brand BBTO
category:Wine Pourers,678498011,Wine Pourers,Home & Kitchen > Kitchen & Dining > Kitchen Utensils & Gadgets > Bar & Wine Tools > Wine Stoppers & Pourers > Wine Pourers,B07L18Q7NF,,"Measured Pourer - Liquor Bottle Pourers - Collared -(3pk) Made 100% In USA. Bar Spouts That Don’t Leak - No Cracks. A Perfect Pour Everytime. Great For Wine! (Clear, 1.5oz (45ml) - 3 Pack)",Home & Kitchen > Kitchen & Dining > Kitchen Utensils & Gadgets > Bar & Wine Tools > Wine Stoppers & Pourers > Wine Pourers,US,19.98,5.59,1.6,4.19,0.15,480.0,766.0,4.3,0.55,10000,1.0,20.0,50,25.0,20.0,20.0,75,35,65.0,B,"observed:price,sales,reviews,rating,fba_fee; estimated:search_volume,cpc",estimated_default_costs,Imported from Sorftime; ASIN B07L18Q7NF; brand AmeriPour
category:Wine Pourers,678498011,Wine Pourers,Home & Kitchen > Kitchen & Dining > Kitchen Utensils & Gadgets > Bar & Wine Tools > Wine Stoppers & Pourers > Wine Pourers,B07FMKZ5CV,,"AmeriPour - Measured Pourer - Liquor Bottle Pourers - Collared - (3pk) Made 100% In The USA. Bar Spouts That Don‘t Leak - No Cracks, Just A Perfect Cocktail Pour Everytime. Great for Wine Too! (1.5oz)",Home & Kitchen > Kitchen & Dining > Kitchen Utensils & Gadgets > Bar & Wine Tools > Wine Stoppers & Pourers > Wine Pourers,US,19.99,5.6,1.6,4.11,0.15,445.0,1172.0,4.4,0.55,10000,1.0,20.0,50,25.0,20.0,20.0,75,35,65.0,B,"observed:price,sales,reviews,rating,fba_fee; estimated:search_volume,cpc",estimated_default_costs,Imported from Sorftime; ASIN B07FMKZ5CV; brand AmeriPour
category:Wine Pourers,678498011,Wine Pourers,Home & Kitchen > Kitchen & Dining > Kitchen Utensils & Gadgets > Bar & Wine Tools > Wine Stoppers & Pourers > Wine Pourers,B002J8RRAM,,"Spill-Stop 285-50 Chrome Tapered Pourer Dispenser, Spouts Liquor Bottle Pourer with Poly-Cork, Black/Silver, 12 Units",Home & Kitchen > Kitchen & Dining > Kitchen Utensils & Gadgets > Bar & Wine Tools > Wine Stoppers & Pourers > Wine Pourers,US,25.28,7.08,2.02,4.17,0.15,410.0,154.0,4.3,0.55,10000,1.0,20.0,50,25.0,20.0,20.0,75,35,65.0,B,"observed:price,sales,reviews,rating,fba_fee; estimated:search_volume,cpc",estimated_default_costs,Imported from Sorftime; ASIN B002J8RRAM; brand Spill-Stop
category:Wine Pourers,678498011,Wine Pourers,Home & Kitchen > Kitchen & Dining > Kitchen Utensils & Gadgets > Bar & Wine Tools > Wine Stoppers & Pourers > Wine Pourers,B0CDX9B3Z1,,"Dandat 12 Pcs 32oz Liquor Pour Spouts,Silver Bottle Pourer | Pour Bottles for Bar Use, Simple Syrup with Stainless Steel Tapered Spout, Long Neck Plastic Juice Container with Caps",Home & Kitchen > Kitchen & Dining > Kitchen Utensils & Gadgets > Bar & Wine Tools > Wine Stoppers & Pourers > Wine Pourers,US,28.99,8.12,2.32,9.08,0.15,341.0,82.0,4.6,0.55,10000,1.0,20.0,50,25.0,20.0,20.0,75,35,65.0,B,"observed:price,sales,reviews,rating,fba_fee; estimated:search_volume,cpc",estimated_default_costs,Imported from Sorftime; ASIN B0CDX9B3Z1; brand Dandat
category:Wine Pourers,678498011,Wine Pourers,Home & Kitchen > Kitchen & Dining > Kitchen Utensils & Gadgets > Bar & Wine Tools > Wine Stoppers & Pourers > Wine Pourers,B0F9YZTY8Q,,"12-Pack Auto Flip Liquor Bottle Pourers with Adapters, Liquor Pour Spout Adapters set for for Large Olive Oil Bottles and Liquor Bottles - Up to 1 Inch/25mm Neck Converts Spout into Large Pour Spout",Home & Kitchen > Kitchen & Dining > Kitchen Utensils & Gadgets > Bar & Wine Tools > Wine Stoppers & Pourers > Wine Pourers,US,14.99,4.2,1.2,4.48,0.15,337.0,38.0,4.4,0.55,10000,1.0,20.0,50,25.0,20.0,20.0,75,35,65.0,B,"observed:price,sales,reviews,rating,fba_fee; estimated:search_volume,cpc",estimated_default_costs,Imported from Sorftime; ASIN B0F9YZTY8Q; brand KIBARTOL
category:Wine Pourers,678498011,Wine Pourers,Home & Kitchen > Kitchen & Dining > Kitchen Utensils & Gadgets > Bar & Wine Tools > Wine Stoppers & Pourers > Wine Pourers,B0946LMYTF,,"48 Pack Liquor Pour Spouts - Dishwasher Safe Hygienic Alcohol Speed Spouts, Suitable for 3/4' Bottle Mouth, Olive Oil, Juice, Syrup",Home & Kitchen > Kitchen & Dining > Kitchen Utensils & Gadgets > Bar & Wine Tools > Wine Stoppers & Pourers > Wine Pourers,US,29.99,8.4,2.4,5.69,0.15,300.0,454.0,4.5,0.55,10000,1.0,20.0,50,25.0,20.0,20.0,75,35,65.0,B,"observed:price,sales,reviews,rating,fba_fee; estimated:search_volume,cpc",estimated_default_costs,Imported from Sorftime; ASIN B0946LMYTF; brand Femilkt
category:Wine Pourers,678498011,Wine Pourers,Home & Kitchen > Kitchen & Dining > Kitchen Utensils & Gadgets > Bar & Wine Tools > Wine Stoppers & Pourers > Wine Pourers,B0D2XLRQDD,,80 Pack Stainless Steel Bottle Pourers Tapered Liquor Pourers with Rubber Dust Caps Tapered Pour Spouts for Liquor Bottles Vinegar Bottle Dispenser for Wine Oil Beer Drink Water Bar Supplies,Home & Kitchen > Kitchen & Dining > Kitchen Utensils & Gadgets > Bar & Wine Tools > Wine Stoppers & Pourers > Wine Pourers,US,33.99,9.52,2.72,6.76,0.15,273.0,71.0,4.6,0.55,10000,1.0,20.0,50,25.0,20.0,20.0,75,35,65.0,B,"observed:price,sales,reviews,rating,fba_fee; estimated:search_volume,cpc",estimated_default_costs,Imported from Sorftime; ASIN B0D2XLRQDD; brand Olutacot
category:Wine Pourers,678498011,Wine Pourers,Home & Kitchen > Kitchen & Dining > Kitchen Utensils & Gadgets > Bar & Wine Tools > Wine Stoppers & Pourers > Wine Pourers,B09M9VJ4V2,,"Chengu 72 Pcs Metal Pour Spout for Liquor Bottles, Silver",Home & Kitchen > Kitchen & Dining > Kitchen Utensils & Gadgets > Bar & Wine Tools > Wine Stoppers & Pourers > Wine Pourers,US,29.99,8.4,2.4,7.21,0.15,245.0,122.0,4.6,0.55,10000,1.0,20.0,50,25.0,20.0,20.0,75,35,65.0,B,"observed:price,sales,reviews,rating,fba_fee; estimated:search_volume,cpc",estimated_default_costs,Imported from Sorftime; ASIN B09M9VJ4V2; brand CHENGU
category:Wine Pourers,678498011,Wine Pourers,Home & Kitchen > Kitchen & Dining > Kitchen Utensils & Gadgets > Bar & Wine Tools > Wine Stoppers & Pourers > Wine Pourers,B0CSVRCPLT,,Wine Aerator Pourer with Sediment Filter and Stand,Home & Kitchen > Kitchen & Dining > Kitchen Utensils & Gadgets > Bar & Wine Tools > Wine Stoppers & Pourers > Wine Pourers,US,12.99,3.64,1.04,4.45,0.15,211.0,277.0,4.4,0.55,10000,1.0,20.0,50,25.0,20.0,20.0,75,35,65.0,B,"observed:price,sales,reviews,rating,fba_fee; estimated:search_volume,cpc",estimated_default_costs,Imported from Sorftime; ASIN B0CSVRCPLT; brand D&Slifei
category:Wine Stoppers,678499011,Wine Stoppers,Home & Kitchen > Kitchen & Dining > Kitchen Utensils & Gadgets > Bar & Wine Tools > Wine Stoppers & Pourers > Wine Stoppers,B071GZM6SK,,"Repour Wine Saver and Stopper - Removes Oxygen, Preserving and Keeping Wine As Fresh As The Day The Bottle Was Opened (10-Pack)",Home & Kitchen > Kitchen & Dining > Kitchen Utensils & Gadgets > Bar & Wine Tools > Wine Stoppers & Pourers > Wine Stoppers,US,19.99,5.6,1.6,4.18,0.15,764.0,1072.0,4.2,0.55,10000,1.0,20.0,50,25.0,20.0,20.0,75,35,65.0,B,"observed:price,sales,reviews,rating,fba_fee; estimated:search_volume,cpc",estimated_default_costs,Imported from Sorftime; ASIN B071GZM6SK; brand Repour
category:Wine Stoppers,678499011,Wine Stoppers,Home & Kitchen > Kitchen & Dining > Kitchen Utensils & Gadgets > Bar & Wine Tools > Wine Stoppers & Pourers > Wine Stoppers,B07HYPPXC2,,"I-MART Pack of 6 Stainless Steel Champagne Stoppers, Prosecco, Sparkling Wine Bottle Stopper, Cork",Home & Kitchen > Kitchen & Dining > Kitchen Utensils & Gadgets > Bar & Wine Tools > Wine Stoppers & Pourers > Wine Stoppers,US,12.99,3.64,1.04,4.45,0.15,668.0,1249.0,4.5,0.55,10000,1.0,20.0,50,25.0,20.0,20.0,75,35,65.0,B,"observed:price,sales,reviews,rating,fba_fee; estimated:search_volume,cpc",estimated_default_costs,Imported from Sorftime; ASIN B07HYPPXC2; brand I-MART
category:Wine Stoppers,678499011,Wine Stoppers,Home & Kitchen > Kitchen & Dining > Kitchen Utensils & Gadgets > Bar & Wine Tools > Wine Stoppers & Pourers > Wine Stoppers,B0BCG32BQX,,"Tessco for You 12 Pcs Stainless Steel Champagne Stoppers Bulk,Silver | Reusable Sealer Keeps Bubbles Fresh, Fits Prosecco Sparkling Wine Bottles, Rust-proof Lock Design for Parties Weddings",Home & Kitchen > Kitchen & Dining > Kitchen Utensils & Gadgets > Bar & Wine Tools > Wine Stoppers & Pourers > Wine Stoppers,US,21.99,6.16,1.76,5.71,0.15,408.0,54.0,4.2,0.55,10000,1.0,20.0,50,25.0,20.0,20.0,75,35,65.0,B,"observed:price,sales,reviews,rating,fba_fee; estimated:search_volume,cpc",estimated_default_costs,Imported from Sorftime; ASIN B0BCG32BQX; brand Tessco for you
category:Wine Stoppers,678499011,Wine Stoppers,Home & Kitchen > Kitchen & Dining > Kitchen Utensils & Gadgets > Bar & Wine Tools > Wine Stoppers & Pourers > Wine Stoppers,B00IULFU4C,,Corkcicle Air Wine Chiller and Pour-Through Aerator for Red and White Wine,Home & Kitchen > Kitchen & Dining > Kitchen Utensils & Gadgets > Bar & Wine Tools > Wine Stoppers & Pourers > Wine Stoppers,US,19.46,5.45,1.56,4.19,0.15,381.0,1012.0,4.4,0.55,10000,1.0,20.0,50,25.0,20.0,20.0,75,35,65.0,B,"observed:price,sales,reviews,rating,fba_fee; estimated:search_volume,cpc",estimated_default_costs,Imported from Sorftime; ASIN B00IULFU4C; brand Corkcicle
category:Wine Stoppers,678499011,Wine Stoppers,Home & Kitchen > Kitchen & Dining > Kitchen Utensils & Gadgets > Bar & Wine Tools > Wine Stoppers & Pourers > Wine Stoppers,B09YHDSXGS,,"Wine Stopper 20 Pack, Reusable Decorative Bottle Stoppers",Home & Kitchen > Kitchen & Dining > Kitchen Utensils & Gadgets > Bar & Wine Tools > Wine Stoppers & Pourers > Wine Stoppers,US,20.99,5.88,1.68,4.46,0.15,291.0,358.0,4.6,0.55,10000,1.0,20.0,50,25.0,20.0,20.0,75,35,65.0,B,"observed:price,sales,reviews,rating,fba_fee; estimated:search_volume,cpc",estimated_default_costs,Imported from Sorftime; ASIN B09YHDSXGS; brand Tengfy
category:Wine Stoppers,678499011,Wine Stoppers,Home & Kitchen > Kitchen & Dining > Kitchen Utensils & Gadgets > Bar & Wine Tools > Wine Stoppers & Pourers > Wine Stoppers,B0B6Q2SC2J,,"Barrel-Art Bourbon Stopper Display for Blanton‘s, Natural Metal Hoop | Reclaimed bourbon barrel stave cork display with metal hoop accents; holds all 8 horse stoppers. Stoppers not included",Home & Kitchen > Kitchen & Dining > Kitchen Utensils & Gadgets > Bar & Wine Tools > Wine Stoppers & Pourers > Wine Stoppers,US,69.99,19.6,5.6,11.09,0.15,252.0,128.0,4.6,0.55,10000,1.0,20.0,50,25.0,20.0,20.0,75,35,65.0,B,"observed:price,sales,reviews,rating,fba_fee; estimated:search_volume,cpc",estimated_default_costs,Imported from Sorftime; ASIN B0B6Q2SC2J; brand Barrel-Art
category:Electric Fondue Pots,17384862011,Electric Fondue Pots,Home & Kitchen > Kitchen & Dining > Kitchen Utensils & Gadgets > Cheese Tools > Fondue > Electric Fondue Pots,B0FJDZP6S7,,"LUSHYUM Electric Chocolate Melting Pot with 2 Insert Pots, 4-Cup Chocolate",Home & Kitchen > Kitchen & Dining > Kitchen Utensils & Gadgets > Cheese Tools > Fondue > Electric Fondue Pots,US,39.99,11.2,3.2,7.2,0.15,1129.0,661.0,4.5,0.55,10000,1.0,20.0,50,25.0,20.0,20.0,75,35,65.0,B,"observed:price,sales,reviews,rating,fba_fee; estimated:search_volume,cpc",estimated_default_costs,Imported from Sorftime; ASIN B0FJDZP6S7; brand LUSHYUM
category:Electric Fondue Pots,17384862011,Electric Fondue Pots,Home & Kitchen > Kitchen & Dining > Kitchen Utensils & Gadgets > Cheese Tools > Fondue > Electric Fondue Pots,B0D3GKD68G,,"2 in 1 Electric S’mores Maker & Fondue Pot, Tabletop Indoor Smores kit with 4 Roasting Forks, 4 Detachable Trays & 1 Flameless Temperature-controlled Heater, Movie Night Supplies & Housewarming Gifts",Home & Kitchen > Kitchen & Dining > Kitchen Utensils & Gadgets > Cheese Tools > Fondue > Electric Fondue Pots,US,35.99,10.08,2.88,8.32,0.15,908.0,1078.0,4.3,0.55,10000,1.0,20.0,50,25.0,20.0,20.0,75,35,65.0,B,"observed:price,sales,reviews,rating,fba_fee; estimated:search_volume,cpc",estimated_default_costs,Imported from Sorftime; ASIN B0D3GKD68G; brand CHOCOSMORE
category:Electric Fondue Pots,17384862011,Electric Fondue Pots,Home & Kitchen > Kitchen & Dining > Kitchen Utensils & Gadgets > Cheese Tools > Fondue > Electric Fondue Pots,B08GG9J4LV,,chocolate-fountains,Home & Kitchen > Kitchen & Dining > Kitchen Utensils & Gadgets > Cheese Tools > Fondue > Electric Fondue Pots,US,23.54,6.59,1.88,12.81,0.15,572.0,946.0,4.4,0.55,10000,1.0,20.0,50,25.0,20.0,20.0,75,35,65.0,B,"observed:price,sales,reviews,rating,fba_fee; estimated:search_volume,cpc",estimated_default_costs,Imported from Sorftime; ASIN B08GG9J4LV; brand Nostalgia
category:Electric Fondue Pots,17384862011,Electric Fondue Pots,Home & Kitchen > Kitchen & Dining > Kitchen Utensils & Gadgets > Cheese Tools > Fondue > Electric Fondue Pots,B0DS5W3HN9,,"Party Desserts Electric Smores Maker Tabletop Indoor Kit, Indoor Marshmallow Roaster, Smores Station with 4 Compartment Trays & 4 Forks, Great Gift for Adults and Kids in Holidays and Parties (Brown)",Home & Kitchen > Kitchen & Dining > Kitchen Utensils & Gadgets > Cheese Tools > Fondue > Electric Fondue Pots,US,23.99,6.72,1.92,6.77,0.15,515.0,419.0,4.4,0.55,10000,1.0,20.0,50,25.0,20.0,20.0,75,35,65.0,B,"observed:price,sales,reviews,rating,fba_fee; estimated:search_volume,cpc",estimated_default_costs,Imported from Sorftime; ASIN B0DS5W3HN9; brand Party Desserts
category:Electric Fondue Pots,17384862011,Electric Fondue Pots,Home & Kitchen > Kitchen & Dining > Kitchen Utensils & Gadgets > Cheese Tools > Fondue > Electric Fondue Pots,B0DNVHQ1WP,,"Party Desserts Candy and Chocolate Melting Pot, Mini Electric Fondue Pot, Melts Candy Chocolate in a Couple of Minutes, Ideal for Cake Pops Cookies Cakes, 1 Cups, Single Pot, Gray",Home & Kitchen > Kitchen & Dining > Kitchen Utensils & Gadgets > Cheese Tools > Fondue > Electric Fondue Pots,US,23.99,6.72,1.92,6.21,0.15,477.0,237.0,4.3,0.55,10000,1.0,20.0,50,25.0,20.0,20.0,75,35,65.0,B,"observed:price,sales,reviews,rating,fba_fee; estimated:search_volume,cpc",estimated_default_costs,Imported from Sorftime; ASIN B0DNVHQ1WP; brand Party Desserts
category:Electric Fondue Pots,17384862011,Electric Fondue Pots,Home & Kitchen > Kitchen & Dining > Kitchen Utensils & Gadgets > Cheese Tools > Fondue > Electric Fondue Pots,B0G2N7HYBT,,"Kusini 2 in 1 Electric Fondue Set & Smores Maker Tabletop Indoor Kit with Removable Trays & 4 Skewers – Smores Station Chocolate Melting Pot - Unique Couple Gift Set Idea, Date & Movie Night Supplies",Home & Kitchen > Kitchen & Dining > Kitchen Utensils & Gadgets > Cheese Tools > Fondue > Electric Fondue Pots,US,29.99,8.4,2.4,7.92,0.15,380.0,219.0,4.2,0.55,10000,1.0,20.0,50,25.0,20.0,20.0,75,35,65.0,B,"observed:price,sales,reviews,rating,fba_fee; estimated:search_volume,cpc",estimated_default_costs,Imported from Sorftime; ASIN B0G2N7HYBT; brand Kusini
category:Electric Fondue Pots,17384862011,Electric Fondue Pots,Home & Kitchen > Kitchen & Dining > Kitchen Utensils & Gadgets > Cheese Tools > Fondue > Electric Fondue Pots,B0CJ4YP9MC,,"Party Desserts Candy and Chocolate Melting Pot with 2 Pots, Mini Electric Fondue Pot, Melts Candy Chocolate in a Couple of Minutes, Ideal for Cake Pops Cookies Cakes, 2.5 Cups, Aqua",Home & Kitchen > Kitchen & Dining > Kitchen Utensils & Gadgets > Cheese Tools > Fondue > Electric Fondue Pots,US,25.99,7.28,2.08,6.78,0.15,340.0,436.0,4.2,0.55,10000,1.0,20.0,50,25.0,20.0,20.0,75,35,65.0,B,"observed:price,sales,reviews,rating,fba_fee; estimated:search_volume,cpc",estimated_default_costs,Imported from Sorftime; ASIN B0CJ4YP9MC; brand Party Desserts
category:Pots & Sets,17384864011,Pots & Sets,Home & Kitchen > Kitchen & Dining > Kitchen Utensils & Gadgets > Cheese Tools > Fondue > Pots & Sets,B0CY6NR727,,"Nostalgia Electric Fondue Party Set – 10 oz Melting Pot, 4 Roasting Forks, & Detachable Serving Tray – Melted Cheese, Chocolate, or Dessert – Perfect for Gifts, Parties, Date Night – Stainless Steel",Home & Kitchen > Kitchen & Dining > Kitchen Utensils & Gadgets > Cheese Tools > Fondue > Pots & Sets,US,29.99,8.4,2.4,7.84,0.15,572.0,946.0,4.4,0.55,10000,1.0,20.0,50,25.0,20.0,20.0,75,35,65.0,B,"observed:price,sales,reviews,rating,fba_fee; estimated:search_volume,cpc",estimated_default_costs,Imported from Sorftime; ASIN B0CY6NR727; brand Nostalgia
category:Pots & Sets,17384864011,Pots & Sets,Home & Kitchen > Kitchen & Dining > Kitchen Utensils & Gadgets > Cheese Tools > Fondue > Pots & Sets,B0CJKTBMZM,,"Nostalgia Electric Fondue Party Set – 10 oz Melting Pot, 4 Roasting Forks, & Detachable Serving Tray – Melted Cheese, Chocolate, or Dessert – Perfect for Gifts, Parties, Date Night – Black",Home & Kitchen > Kitchen & Dining > Kitchen Utensils & Gadgets > Cheese Tools > Fondue > Pots & Sets,US,19.99,5.6,1.6,7.92,0.15,433.0,789.0,4.5,0.55,10000,1.0,20.0,50,25.0,20.0,20.0,75,35,65.0,B,"observed:price,sales,reviews,rating,fba_fee; estimated:search_volume,cpc",estimated_default_costs,Imported from Sorftime; ASIN B0CJKTBMZM; brand Nostalgia
category:Pots & Sets,17384864011,Pots & Sets,Home & Kitchen > Kitchen & Dining > Kitchen Utensils & Gadgets > Cheese Tools > Fondue > Pots & Sets,B0G39H63BH,,"Honeydak Chocolate Fondue Mug with Fork ＆ Candle, 2 Set, Red, White",Home & Kitchen > Kitchen & Dining > Kitchen Utensils & Gadgets > Cheese Tools > Fondue > Pots & Sets,US,26.99,7.56,2.16,6.2,0.15,245.0,114.0,4.4,0.55,10000,1.0,20.0,50,25.0,20.0,20.0,75,35,65.0,B,"observed:price,sales,reviews,rating,fba_fee; estimated:search_volume,cpc",estimated_default_costs,Imported from Sorftime; ASIN B0G39H63BH; brand Honeydak
category:Corers,678502011,Corers,Home & Kitchen > Kitchen & Dining > Kitchen Utensils & Gadgets > Fruit & Vegetable Tools > Corers & Pitters > Corers,B0D1Y4B8DQ,,"5.5 Inch Extra Large 16-Slice Apple Corer, Heavy Duty Divider Wedger Cutter",Home & Kitchen > Kitchen & Dining > Kitchen Utensils & Gadgets > Fruit & Vegetable Tools > Corers & Pitters > Corers,US,17.99,5.04,1.44,4.9,0.15,887.0,579.0,4.5,0.55,10000,1.0,20.0,50,25.0,20.0,20.0,75,35,65.0,B,"observed:price,sales,reviews,rating,fba_fee; estimated:search_volume,cpc",estimated_default_costs,Imported from Sorftime; ASIN B0D1Y4B8DQ; brand LIIGEMI
category:Corers,678502011,Corers,Home & Kitchen > Kitchen & Dining > Kitchen Utensils & Gadgets > Fruit & Vegetable Tools > Corers & Pitters > Corers,B0DJQZXFFM,,"Apple Peeler Corer, 5 In 1 Apple Peeler Slicer Corer with Stainless Steel Blades and Powerful Suction Base for Apples and Potatoes(Ruby)",Home & Kitchen > Kitchen & Dining > Kitchen Utensils & Gadgets > Fruit & Vegetable Tools > Corers & Pitters > Corers,US,26.99,7.56,2.16,6.38,0.15,569.0,96.0,4.5,0.55,10000,1.0,20.0,50,25.0,20.0,20.0,75,35,65.0,B,"observed:price,sales,reviews,rating,fba_fee; estimated:search_volume,cpc",estimated_default_costs,Imported from Sorftime; ASIN B0DJQZXFFM; brand tatida
category:Corers,678502011,Corers,Home & Kitchen > Kitchen & Dining > Kitchen Utensils & Gadgets > Fruit & Vegetable Tools > Corers & Pitters > Corers,B09G5PWSBB,,"Apple Slicer, HEAVY DUTY Apple Corer, 12-Blade Stainless Steel Apple Cutter Divider Pitter ，Sturdy and Sharp",Home & Kitchen > Kitchen & Dining > Kitchen Utensils & Gadgets > Fruit & Vegetable Tools > Corers & Pitters > Corers,US,16.88,4.73,1.35,4.47,0.15,555.0,709.0,4.5,0.55,10000,1.0,20.0,50,25.0,20.0,20.0,75,35,65.0,B,"observed:price,sales,reviews,rating,fba_fee; estimated:search_volume,cpc",estimated_default_costs,Imported from Sorftime; ASIN B09G5PWSBB; brand YUEJUJJ
category:Corers,678502011,Corers,Home & Kitchen > Kitchen & Dining > Kitchen Utensils & Gadgets > Fruit & Vegetable Tools > Corers & Pitters > Corers,B0CG94679C,,"Obsoorth Apple Slicer and Corer,12 Blades Stainless Steel Apple Corer | 2-in-1 Apple Corer and Slicer,Super Sharp Blades ,Evenly Apple Cutter,Stainless Steel Handle,Dishwasher Safe",Home & Kitchen > Kitchen & Dining > Kitchen Utensils & Gadgets > Fruit & Vegetable Tools > Corers & Pitters > Corers,US,13.99,3.92,1.12,4.46,0.15,336.0,217.0,4.4,0.55,10000,1.0,20.0,50,25.0,20.0,20.0,75,35,65.0,B,"observed:price,sales,reviews,rating,fba_fee; estimated:search_volume,cpc",estimated_default_costs,Imported from Sorftime; ASIN B0CG94679C; brand Obsoorth
category:Corers,678502011,Corers,Home & Kitchen > Kitchen & Dining > Kitchen Utensils & Gadgets > Fruit & Vegetable Tools > Corers & Pitters > Corers,B0GY37XGM3,,"YYP Heavy Duty 12-Blade Apple Slicer, Extra Large Stainless Steel Apple Cutter & Corer, Sharp, Easy to Use, Dishwasher Safe for Apples & Fruits",Home & Kitchen > Kitchen & Dining > Kitchen Utensils & Gadgets > Fruit & Vegetable Tools > Corers & Pitters > Corers,US,15.79,4.42,1.26,4.88,0.15,328.0,126.0,4.6,0.55,10000,1.0,20.0,50,25.0,20.0,20.0,75,35,65.0,B,"observed:price,sales,reviews,rating,fba_fee; estimated:search_volume,cpc",estimated_default_costs,Imported from Sorftime; ASIN B0GY37XGM3; brand YYP
category:Corers,678502011,Corers,Home & Kitchen > Kitchen & Dining > Kitchen Utensils & Gadgets > Fruit & Vegetable Tools > Corers & Pitters > Corers,B01N9EPVTJ,,"NORPRO NOR-5133 Grip-Ez Fruit Wedger 16 Slice with BSE , White",Home & Kitchen > Kitchen & Dining > Kitchen Utensils & Gadgets > Fruit & Vegetable Tools > Corers & Pitters > Corers,US,13.91,3.89,1.11,5.29,0.15,300.0,1741.0,4.4,0.55,10000,1.0,20.0,50,25.0,20.0,20.0,75,35,65.0,B,"observed:price,sales,reviews,rating,fba_fee; estimated:search_volume,cpc",estimated_default_costs,Imported from Sorftime; ASIN B01N9EPVTJ; brand Norpro
category:Corers,678502011,Corers,Home & Kitchen > Kitchen & Dining > Kitchen Utensils & Gadgets > Fruit & Vegetable Tools > Corers & Pitters > Corers,B0H1HD68FM,,"OOKUU 5.12-In Extra Large Apple Slicer Corer, 16-Blade Cutter | Heavy-Duty Stainless Steel, Clear Catch Bowl, Safe Quick Cutting, Thin Even Slices, for Apples & Pears",Home & Kitchen > Kitchen & Dining > Kitchen Utensils & Gadgets > Fruit & Vegetable Tools > Corers & Pitters > Corers,US,29.99,8.4,2.4,5.94,0.15,287.0,460.0,4.3,0.55,10000,1.0,20.0,50,25.0,20.0,20.0,75,35,65.0,B,"observed:price,sales,reviews,rating,fba_fee; estimated:search_volume,cpc",estimated_default_costs,Imported from Sorftime; ASIN B0H1HD68FM; brand OOKUU
category:Corers,678502011,Corers,Home & Kitchen > Kitchen & Dining > Kitchen Utensils & Gadgets > Fruit & Vegetable Tools > Corers & Pitters > Corers,B0DHKMBJ7X,,"Cook Guy Multi-Purpose Veggie Drill - 4 Sizes Vegetable Corer Tool | Zucchini Corer & All-in-One Vegetable Corer for Potatoes, Carrots | Ergonomic Anti-Slip Handle",Home & Kitchen > Kitchen & Dining > Kitchen Utensils & Gadgets > Fruit & Vegetable Tools > Corers & Pitters > Corers,US,15.99,4.48,1.28,4.18,0.15,276.0,43.0,3.8,0.55,10000,1.0,20.0,50,25.0,20.0,20.0,75,35,65.0,B,"observed:price,sales,reviews,rating,fba_fee; estimated:search_volume,cpc",estimated_default_costs,Imported from Sorftime; ASIN B0DHKMBJ7X; brand Cook Guy
category:Corers,678502011,Corers,Home & Kitchen > Kitchen & Dining > Kitchen Utensils & Gadgets > Fruit & Vegetable Tools > Corers & Pitters > Corers,B0FN4KCLZN,,"5 Pcs Tomato Tool, Apple Corer, Bell Pepper Corer, Pepper Corer Seed Remover Tool, Red and Stainless Steel Corers for Fruits and Vegetables, Easy to Use and Clean",Home & Kitchen > Kitchen & Dining > Kitchen Utensils & Gadgets > Fruit & Vegetable Tools > Corers & Pitters > Corers,US,12.99,3.64,1.04,3.26,0.15,266.0,21.0,4.6,0.55,10000,1.0,20.0,50,25.0,20.0,20.0,75,35,65.0,B,"observed:price,sales,reviews,rating,fba_fee; estimated:search_volume,cpc",estimated_default_costs,Imported from Sorftime; ASIN B0FN4KCLZN; brand ZHLKHIOP
category:Corers,678502011,Corers,Home & Kitchen > Kitchen & Dining > Kitchen Utensils & Gadgets > Fruit & Vegetable Tools > Corers & Pitters > Corers,B0DYK141M6,,"Fullstar Apple Slicer & Corer with Built-In Container | 2-Blade Fruit Cutter, 8 Slices & Soft Fruit Slicer Attachment, Heavy Duty Stainless Steel, & Mess-Free Meal Prep",Home & Kitchen > Kitchen & Dining > Kitchen Utensils & Gadgets > Fruit & Vegetable Tools > Corers & Pitters > Corers,US,16.99,4.76,1.36,10.04,0.15,262.0,124.0,4.2,0.55,10000,1.0,20.0,50,25.0,20.0,20.0,75,35,65.0,B,"observed:price,sales,reviews,rating,fba_fee; estimated:search_volume,cpc",estimated_default_costs,Imported from Sorftime; ASIN B0DYK141M6; brand fullstar
category:Corers,678502011,Corers,Home & Kitchen > Kitchen & Dining > Kitchen Utensils & Gadgets > Fruit & Vegetable Tools > Corers & Pitters > Corers,B0FS1RPSQ4,,"Tomato Slicer Tool Slicer Vegetable Cutter Slicer Vegetable Cutter Home Use | Stainless Steel Fruit Slicer Dedicated,Tomato Slicing Tool Portable,Easy Work for Hamburger Salad Tomato Cutter",Home & Kitchen > Kitchen & Dining > Kitchen Utensils & Gadgets > Fruit & Vegetable Tools > Corers & Pitters > Corers,US,17.99,5.04,1.44,3.46,0.15,248.0,113.0,4.0,0.55,10000,1.0,20.0,50,25.0,20.0,20.0,75,35,65.0,B,"observed:price,sales,reviews,rating,fba_fee; estimated:search_volume,cpc",estimated_default_costs,Imported from Sorftime; ASIN B0FS1RPSQ4; brand QUJIFETU
category:Corers,678502011,Corers,Home & Kitchen > Kitchen & Dining > Kitchen Utensils & Gadgets > Fruit & Vegetable Tools > Corers & Pitters > Corers,B09V12NF18,,"OOKUU Apple Slicer Corer, [Large Size] 8-Blade Heavy Duty Apple Cutter with Base, [Upgraded] Cut Apples All The Way Through, Stainless Steel Ultra-Sharp Blade, Fruit & Vegetable Divider, Wedger, Red",Home & Kitchen > Kitchen & Dining > Kitchen Utensils & Gadgets > Fruit & Vegetable Tools > Corers & Pitters > Corers,US,21.59,6.05,1.73,4.89,0.15,227.0,815.0,4.3,0.55,10000,1.0,20.0,50,25.0,20.0,20.0,75,35,65.0,B,"observed:price,sales,reviews,rating,fba_fee; estimated:search_volume,cpc",estimated_default_costs,Imported from Sorftime; ASIN B09V12NF18; brand OOKUU
category:Pitters,678503011,Pitters,Home & Kitchen > Kitchen & Dining > Kitchen Utensils & Gadgets > Fruit & Vegetable Tools > Corers & Pitters > Pitters,B0G2YS569P,,Cherry Pitter - Makmzoon Multi Cherries Corer Stainless Steel Pitter Tool Making Cherry Jam - 7 Cherries,Home & Kitchen > Kitchen & Dining > Kitchen Utensils & Gadgets > Fruit & Vegetable Tools > Corers & Pitters > Pitters,US,12.99,3.64,1.04,4.47,0.15,3564.0,522.0,4.2,0.55,10000,1.0,20.0,50,25.0,20.0,20.0,75,35,65.0,B,"observed:price,sales,reviews,rating,fba_fee; estimated:search_volume,cpc",estimated_default_costs,Imported from Sorftime; ASIN B0G2YS569P; brand Makmzoon
category:Pitters,678503011,Pitters,Home & Kitchen > Kitchen & Dining > Kitchen Utensils & Gadgets > Fruit & Vegetable Tools > Corers & Pitters > Pitters,B0F27LFLMZ,,"Cherry Pitter for 6 Cherries, ABS Hand Press with Removable Tray | 6-cherry pitting, ABS body, removable tray, easy rinse, for jam pie canning",Home & Kitchen > Kitchen & Dining > Kitchen Utensils & Gadgets > Fruit & Vegetable Tools > Corers & Pitters > Pitters,US,12.99,3.64,1.04,3.54,0.15,411.0,165.0,4.4,0.55,10000,1.0,20.0,50,25.0,20.0,20.0,75,35,65.0,B,"observed:price,sales,reviews,rating,fba_fee; estimated:search_volume,cpc",estimated_default_costs,Imported from Sorftime; ASIN B0F27LFLMZ; brand Jux Yagom
category:Pitters,678503011,Pitters,Home & Kitchen > Kitchen & Dining > Kitchen Utensils & Gadgets > Fruit & Vegetable Tools > Corers & Pitters > Pitters,B0D9XPJMZ9,,"Zattic Cherry Pitter, 304 Stainless Steel Cherry Pit Remover and Corer for Large & Small Cherries, Heavy Duty, Dishwasher-Safe, Time-Saving, Effortless to Use Cherry Stoner (Press-Type)",Home & Kitchen > Kitchen & Dining > Kitchen Utensils & Gadgets > Fruit & Vegetable Tools > Corers & Pitters > Pitters,US,15.99,4.48,1.28,4.46,0.15,234.0,125.0,4.3,0.55,10000,1.0,20.0,50,25.0,20.0,20.0,75,35,65.0,B,"observed:price,sales,reviews,rating,fba_fee; estimated:search_volume,cpc",estimated_default_costs,Imported from Sorftime; ASIN B0D9XPJMZ9; brand Zattic
category:Potato Mashers,678504011,Potato Mashers,Home & Kitchen > Kitchen & Dining > Kitchen Utensils & Gadgets > Fruit & Vegetable Tools > Potato Mashers & Ricers > Potato Mashers,B0F7XCV6CQ,,"Stainless Steel Meat Chopper, Stainless Steel Meat Masher, 11 Inch, Ground Beef Chopper Tool, Metal Meat Masher, Ground Meat Smasher, Hamburger Smasher Tool",Home & Kitchen > Kitchen & Dining > Kitchen Utensils & Gadgets > Fruit & Vegetable Tools > Potato Mashers & Ricers > Potato Mashers,US,13.99,3.92,1.12,4.45,0.15,869.0,193.0,4.6,0.55,10000,1.0,20.0,50,25.0,20.0,20.0,75,35,65.0,B,"observed:price,sales,reviews,rating,fba_fee; estimated:search_volume,cpc",estimated_default_costs,Imported from Sorftime; ASIN B0F7XCV6CQ; brand ANZIUS
category:Potato Mashers,678504011,Potato Mashers,Home & Kitchen > Kitchen & Dining > Kitchen Utensils & Gadgets > Fruit & Vegetable Tools > Potato Mashers & Ricers > Potato Mashers,B0GFCF7MVS,,Stainless Steel Meat Masher: Ground Beef Chopper Hamburger Smasher Tool,Home & Kitchen > Kitchen & Dining > Kitchen Utensils & Gadgets > Fruit & Vegetable Tools > Potato Mashers & Ricers > Potato Mashers,US,16.95,4.75,1.36,4.39,0.15,276.0,85.0,4.6,0.55,10000,1.0,20.0,50,25.0,20.0,20.0,75,35,65.0,B,"observed:price,sales,reviews,rating,fba_fee; estimated:search_volume,cpc",estimated_default_costs,Imported from Sorftime; ASIN B0GFCF7MVS; brand Gogeffor
category:Potato Mashers,678504011,Potato Mashers,Home & Kitchen > Kitchen & Dining > Kitchen Utensils & Gadgets > Fruit & Vegetable Tools > Potato Mashers & Ricers > Potato Mashers,B0GRG25QD6,,304 Stainless Steel Meat Masher 11 Inch 6 Blade,Home & Kitchen > Kitchen & Dining > Kitchen Utensils & Gadgets > Fruit & Vegetable Tools > Potato Mashers & Ricers > Potato Mashers,US,14.99,4.2,1.2,4.89,0.15,216.0,25.0,4.6,0.55,10000,1.0,20.0,50,25.0,20.0,20.0,75,35,65.0,B,"observed:price,sales,reviews,rating,fba_fee; estimated:search_volume,cpc",estimated_default_costs,Imported from Sorftime; ASIN B0GRG25QD6; brand Twokylin
category:Potato Ricers,678505011,Potato Ricers,Home & Kitchen > Kitchen & Dining > Kitchen Utensils & Gadgets > Fruit & Vegetable Tools > Potato Mashers & Ricers > Potato Ricers,B0DPWTT7BJ,,"AHFLRITO Potato ricer, Heavy Duty Ricer for Mashed Potatoes, Large Potato Masher Stainless Steel with Ergonomic Handle, Efficiently for Fluffy Mashed Potatoes",Home & Kitchen > Kitchen & Dining > Kitchen Utensils & Gadgets > Fruit & Vegetable Tools > Potato Mashers & Ricers > Potato Ricers,US,15.99,4.48,1.28,6.22,0.15,439.0,279.0,4.4,0.55,10000,1.0,20.0,50,25.0,20.0,20.0,75,35,65.0,B,"observed:price,sales,reviews,rating,fba_fee; estimated:search_volume,cpc",estimated_default_costs,Imported from Sorftime; ASIN B0DPWTT7BJ; brand AHFLRITO
category:Potato Ricers,678505011,Potato Ricers,Home & Kitchen > Kitchen & Dining > Kitchen Utensils & Gadgets > Fruit & Vegetable Tools > Potato Mashers & Ricers > Potato Ricers,B0DS11ZSKX,,"Meat Chopper for Hamburger, Premium Heat Resistant Masher and Smasher for Ground Beef, Ground Turkey and More, Nylon Ground Beef Chopper Tool and Meat Fork, Non Stick Mix (black)",Home & Kitchen > Kitchen & Dining > Kitchen Utensils & Gadgets > Fruit & Vegetable Tools > Potato Mashers & Ricers > Potato Ricers,US,14.0,3.92,1.12,4.47,0.15,348.0,36.0,4.4,0.55,10000,1.0,85,50,25.0,20.0,20.0,75,35,65.0,B,"observed:price,sales,reviews,rating,fba_fee; estimated:search_volume,cpc",estimated_default_costs,Imported from Sorftime; ASIN B0DS11ZSKX; brand liboyixi
category:Potato Ricers,678505011,Potato Ricers,Home & Kitchen > Kitchen & Dining > Kitchen Utensils & Gadgets > Fruit & Vegetable Tools > Potato Mashers & Ricers > Potato Ricers,B09GG84HHW,,"Beast Canteen Stainless Steel Potato Ricer for Smooth Mashed Potatoes | Made of durable 18/8 stainless steel for fluffy mashed potatoes, riced cauliflower, root vegetables, and more",Home & Kitchen > Kitchen & Dining > Kitchen Utensils & Gadgets > Fruit & Vegetable Tools > Potato Mashers & Ricers > Potato Ricers,US,34.99,9.8,2.8,5.76,0.15,252.0,1290.0,4.5,0.55,10000,1.0,20.0,50,25.0,20.0,20.0,75,35,65.0,B,"observed:price,sales,reviews,rating,fba_fee; estimated:search_volume,cpc",estimated_default_costs,Imported from Sorftime; ASIN B09GG84HHW; brand Beast Canteen
category:Digital Scales,678508011,Digital Scales,Home & Kitchen > Kitchen & Dining > Kitchen Utensils & Gadgets > Measuring Tools & Scales > Kitchen Scales > Digital Scales,B09B4CB7C1,,"Greater Goods Coffee Scale with Timer, 0.1g Precision for Espresso & Matcha",Home & Kitchen > Kitchen & Dining > Kitchen Utensils & Gadgets > Measuring Tools & Scales > Kitchen Scales > Digital Scales,US,29.99,8.4,2.4,4.87,0.15,2489.0,2451.0,4.4,0.55,10000,1.0,20.0,50,25.0,20.0,20.0,75,35,65.0,B,"observed:price,sales,reviews,rating,fba_fee; estimated:search_volume,cpc",estimated_default_costs,Imported from Sorftime; ASIN B09B4CB7C1; brand Greater Goods
category:Digital Scales,678508011,Digital Scales,Home & Kitchen > Kitchen & Dining > Kitchen Utensils & Gadgets > Measuring Tools & Scales > Kitchen Scales > Digital Scales,B0CJ7S41HJ,,"Coffee Scale with Timer, 0.1g High Precision Espresso Scale 3kg",Home & Kitchen > Kitchen & Dining > Kitchen Utensils & Gadgets > Measuring Tools & Scales > Kitchen Scales > Digital Scales,US,14.39,4.03,1.15,4.45,0.15,1910.0,427.0,4.3,0.55,10000,1.0,20.0,50,25.0,20.0,20.0,75,35,65.0,B,"observed:price,sales,reviews,rating,fba_fee; estimated:search_volume,cpc",estimated_default_costs,Imported from Sorftime; ASIN B0CJ7S41HJ; brand Nkove
category:Digital Scales,678508011,Digital Scales,Home & Kitchen > Kitchen & Dining > Kitchen Utensils & Gadgets > Measuring Tools & Scales > Kitchen Scales > Digital Scales,B0F3CZRT3C,,"Maestri House S3 Pour Over Coffee Scale with Timer, 3kg/0.1g",Home & Kitchen > Kitchen & Dining > Kitchen Utensils & Gadgets > Measuring Tools & Scales > Kitchen Scales > Digital Scales,US,28.79,8.06,2.3,5.76,0.15,1614.0,692.0,4.4,0.55,10000,1.0,20.0,50,25.0,20.0,20.0,75,35,65.0,B,"observed:price,sales,reviews,rating,fba_fee; estimated:search_volume,cpc",estimated_default_costs,Imported from Sorftime; ASIN B0F3CZRT3C; brand Maestri House
category:Digital Scales,678508011,Digital Scales,Home & Kitchen > Kitchen & Dining > Kitchen Utensils & Gadgets > Measuring Tools & Scales > Kitchen Scales > Digital Scales,B0DGLWFX7Q,,Subminimal SubScale Digital Dosing Cup with LED Display - Black,Home & Kitchen > Kitchen & Dining > Kitchen Utensils & Gadgets > Measuring Tools & Scales > Kitchen Scales > Digital Scales,US,49.95,13.99,4.0,4.47,0.15,1505.0,684.0,4.5,0.55,10000,1.0,20.0,50,25.0,20.0,20.0,75,35,65.0,B,"observed:price,sales,reviews,rating,fba_fee; estimated:search_volume,cpc",estimated_default_costs,Imported from Sorftime; ASIN B0DGLWFX7Q; brand Subminimal
category:Digital Scales,678508011,Digital Scales,Home & Kitchen > Kitchen & Dining > Kitchen Utensils & Gadgets > Measuring Tools & Scales > Kitchen Scales > Digital Scales,B0FQ47F7Z7,,"BOMATA 0.01g Small Digital Gram Scale, Upgraded 1kg Jewelry Scale",Home & Kitchen > Kitchen & Dining > Kitchen Utensils & Gadgets > Measuring Tools & Scales > Kitchen Scales > Digital Scales,US,18.88,5.29,1.51,4.45,0.15,1467.0,109.0,4.4,0.55,10000,1.0,20.0,50,25.0,20.0,20.0,75,35,65.0,B,"observed:price,sales,reviews,rating,fba_fee; estimated:search_volume,cpc",estimated_default_costs,Imported from Sorftime; ASIN B0FQ47F7Z7; brand BOMATA
category:Cheese Slicers,289760,Cheese Slicers,"Home & Kitchen > Kitchen & Dining > Kitchen Utensils & Gadgets > Peeling, Grating & Slicing Tools > Mandolines & Slicers > Cheese Slicers",B0C22YD4LX,,"Sopito Cheese Slicer with 3 Extra Stainless Steel Wires, Silver","Home & Kitchen > Kitchen & Dining > Kitchen Utensils & Gadgets > Peeling, Grating & Slicing Tools > Mandolines & Slicers > Cheese Slicers",US,12.99,3.64,1.04,4.18,0.15,784.0,2064.0,4.4,0.55,10000,1.0,20.0,50,25.0,20.0,20.0,75,35,65.0,B,"observed:price,sales,reviews,rating,fba_fee; estimated:search_volume,cpc",estimated_default_costs,Imported from Sorftime; ASIN B0C22YD4LX; brand Sopito
category:Cheese Slicers,289760,Cheese Slicers,"Home & Kitchen > Kitchen & Dining > Kitchen Utensils & Gadgets > Peeling, Grating & Slicing Tools > Mandolines & Slicers > Cheese Slicers",B01MU1FRK4,,"BOSKA Monaco+ Premium Cheese Slicer - Award Winning Cheese Cutter for Block Cheese, Cheddar up to Parmesan - Quilted Pattern reduces Resistance - Non-stick & Ergonomic Handheld","Home & Kitchen > Kitchen & Dining > Kitchen Utensils & Gadgets > Peeling, Grating & Slicing Tools > Mandolines & Slicers > Cheese Slicers",US,16.99,4.76,1.36,3.54,0.15,726.0,2048.0,4.6,0.55,10000,1.0,20.0,50,25.0,20.0,20.0,75,35,65.0,B,"observed:price,sales,reviews,rating,fba_fee; estimated:search_volume,cpc",estimated_default_costs,Imported from Sorftime; ASIN B01MU1FRK4; brand BOSKA
category:Cheese Slicers,289760,Cheese Slicers,"Home & Kitchen > Kitchen & Dining > Kitchen Utensils & Gadgets > Peeling, Grating & Slicing Tools > Mandolines & Slicers > Cheese Slicers",B000KJLQCC,,BOSKA Cheese Curler Amigo - The original Cheese Shaver For Tête de Moine,"Home & Kitchen > Kitchen & Dining > Kitchen Utensils & Gadgets > Peeling, Grating & Slicing Tools > Mandolines & Slicers > Cheese Slicers",US,39.99,11.2,3.2,6.34,0.15,347.0,1567.0,4.5,0.55,10000,1.0,20.0,50,25.0,20.0,20.0,75,35,65.0,B,"observed:price,sales,reviews,rating,fba_fee; estimated:search_volume,cpc",estimated_default_costs,Imported from Sorftime; ASIN B000KJLQCC; brand BOSKA
category:Cheese Slicers,289760,Cheese Slicers,"Home & Kitchen > Kitchen & Dining > Kitchen Utensils & Gadgets > Peeling, Grating & Slicing Tools > Mandolines & Slicers > Cheese Slicers",B0FC2SCWNW,,"Cheese Curler for Making Rose-Shaped Cuts, Stainless Steel Blade | Manual Cheese Shaver, Compatible with 16-18 cm Tête De Moine Cheese Wheel, Non-Slip Wood Base, Fasteners, Rotating Hand-Crank","Home & Kitchen > Kitchen & Dining > Kitchen Utensils & Gadgets > Peeling, Grating & Slicing Tools > Mandolines & Slicers > Cheese Slicers",US,34.99,9.8,2.8,6.19,0.15,326.0,194.0,4.3,0.55,10000,1.0,20.0,50,25.0,20.0,20.0,75,35,65.0,B,"observed:price,sales,reviews,rating,fba_fee; estimated:search_volume,cpc",estimated_default_costs,Imported from Sorftime; ASIN B0FC2SCWNW; brand V TOWER
category:Cheese Slicers,289760,Cheese Slicers,"Home & Kitchen > Kitchen & Dining > Kitchen Utensils & Gadgets > Peeling, Grating & Slicing Tools > Mandolines & Slicers > Cheese Slicers",B0D92YV3SM,,Chef‘n 2-in-1 Cheese Slicer and Storage Container | Integrated Lid Keeps Cheese Fresh | Ideal Gift for the Cheese Lover,"Home & Kitchen > Kitchen & Dining > Kitchen Utensils & Gadgets > Peeling, Grating & Slicing Tools > Mandolines & Slicers > Cheese Slicers",US,19.99,5.6,1.6,4.48,0.15,295.0,253.0,4.1,0.55,10000,1.0,20.0,50,25.0,20.0,20.0,75,35,65.0,B,"observed:price,sales,reviews,rating,fba_fee; estimated:search_volume,cpc",estimated_default_costs,Imported from Sorftime; ASIN B0D92YV3SM; brand Chef’n
category:Cheese Slicers,289760,Cheese Slicers,"Home & Kitchen > Kitchen & Dining > Kitchen Utensils & Gadgets > Peeling, Grating & Slicing Tools > Mandolines & Slicers > Cheese Slicers",B0CXDPT67S,,"DGLOZE Cheese Slicer Cutter, Stainless Steel Cheese Cutter Board with Blade for Block Cheese, Vegetables, Butter, Sausages, Bread","Home & Kitchen > Kitchen & Dining > Kitchen Utensils & Gadgets > Peeling, Grating & Slicing Tools > Mandolines & Slicers > Cheese Slicers",US,19.99,5.6,1.6,5.33,0.15,264.0,431.0,4.0,0.55,10000,1.0,20.0,50,25.0,20.0,20.0,75,35,65.0,B,"observed:price,sales,reviews,rating,fba_fee; estimated:search_volume,cpc",estimated_default_costs,Imported from Sorftime; ASIN B0CXDPT67S; brand DGLOZE
category:Egg Slicers,17548242011,Egg Slicers,"Home & Kitchen > Kitchen & Dining > Kitchen Utensils & Gadgets > Peeling, Grating & Slicing Tools > Mandolines & Slicers > Egg Slicers",B08RZF2W2V,,Multi Function Stainless Steel Egg Slicer for Hard Boiled Eggs,"Home & Kitchen > Kitchen & Dining > Kitchen Utensils & Gadgets > Peeling, Grating & Slicing Tools > Mandolines & Slicers > Egg Slicers",US,13.79,3.86,1.1,4.44,0.15,551.0,837.0,4.2,0.55,10000,1.0,20.0,50,25.0,20.0,20.0,75,35,65.0,B,"observed:price,sales,reviews,rating,fba_fee; estimated:search_volume,cpc",estimated_default_costs,Imported from Sorftime; ASIN B08RZF2W2V; brand Vila KuChe
category:Egg Slicers,17548242011,Egg Slicers,"Home & Kitchen > Kitchen & Dining > Kitchen Utensils & Gadgets > Peeling, Grating & Slicing Tools > Mandolines & Slicers > Egg Slicers",B0FHHBTDR3,,3 in 1 Egg Slicer for Hard Boiled Eggs with Cleaning Brush,"Home & Kitchen > Kitchen & Dining > Kitchen Utensils & Gadgets > Peeling, Grating & Slicing Tools > Mandolines & Slicers > Egg Slicers",US,14.99,4.2,1.2,5.36,0.15,494.0,152.0,4.4,0.55,10000,1.0,20.0,50,25.0,20.0,20.0,75,35,65.0,B,"observed:price,sales,reviews,rating,fba_fee; estimated:search_volume,cpc",estimated_default_costs,Imported from Sorftime; ASIN B0FHHBTDR3; brand DJBNT
category:Egg Slicers,17548242011,Egg Slicers,"Home & Kitchen > Kitchen & Dining > Kitchen Utensils & Gadgets > Peeling, Grating & Slicing Tools > Mandolines & Slicers > Egg Slicers",B0DYTMKXLG,,"Hendiy Strawberry Slicer, Black, 1-Pack | Stainless Steel Blades, Egg & Fruit Slicer Cup, For Banana, Cucumber, Mushroom, ABS Detachable, Precision Berry Cutter Tool","Home & Kitchen > Kitchen & Dining > Kitchen Utensils & Gadgets > Peeling, Grating & Slicing Tools > Mandolines & Slicers > Egg Slicers",US,14.98,4.19,1.2,4.19,0.15,384.0,273.0,4.3,0.55,10000,1.0,20.0,50,25.0,20.0,20.0,75,35,65.0,B,"observed:price,sales,reviews,rating,fba_fee; estimated:search_volume,cpc",estimated_default_costs,Imported from Sorftime; ASIN B0DYTMKXLG; brand Hendiy
category:Egg Slicers,17548242011,Egg Slicers,"Home & Kitchen > Kitchen & Dining > Kitchen Utensils & Gadgets > Peeling, Grating & Slicing Tools > Mandolines & Slicers > Egg Slicers",B0F7R7XCVZ,,"Hendiy Fruit Slicer Cup | Cuts Strawberries, Cuts Grapes, Cuts Eggs, Even Pieces in Seconds","Home & Kitchen > Kitchen & Dining > Kitchen Utensils & Gadgets > Peeling, Grating & Slicing Tools > Mandolines & Slicers > Egg Slicers",US,14.98,4.19,1.2,4.19,0.15,343.0,125.0,4.2,0.55,10000,1.0,20.0,50,25.0,20.0,20.0,75,35,65.0,B,"observed:price,sales,reviews,rating,fba_fee; estimated:search_volume,cpc",estimated_default_costs,Imported from Sorftime; ASIN B0F7R7XCVZ; brand Hendiy
category:Egg Slicers,17548242011,Egg Slicers,"Home & Kitchen > Kitchen & Dining > Kitchen Utensils & Gadgets > Peeling, Grating & Slicing Tools > Mandolines & Slicers > Egg Slicers",B001ULC9IY,,"Norpro Lemon/Lime Slicer, White","Home & Kitchen > Kitchen & Dining > Kitchen Utensils & Gadgets > Peeling, Grating & Slicing Tools > Mandolines & Slicers > Egg Slicers",US,13.34,3.74,1.07,4.47,0.15,286.0,2463.0,4.6,0.55,10000,1.0,20.0,50,25.0,20.0,20.0,75,35,65.0,B,"observed:price,sales,reviews,rating,fba_fee; estimated:search_volume,cpc",estimated_default_costs,Imported from Sorftime; ASIN B001ULC9IY; brand Norpro
category:Egg Slicers,17548242011,Egg Slicers,"Home & Kitchen > Kitchen & Dining > Kitchen Utensils & Gadgets > Peeling, Grating & Slicing Tools > Mandolines & Slicers > Egg Slicers",B0G8T8581S,,"Egg Slicer for Hard Boiled Eggs – 3-in-1 Stainless Steel Egg Cutter & Hard Boiled Egg Slicer, Heavy Duty Egg Chopper with Cleaning Brush for Strawberry, Mushroom, Grape, Cherry Tomato","Home & Kitchen > Kitchen & Dining > Kitchen Utensils & Gadgets > Peeling, Grating & Slicing Tools > Mandolines & Slicers > Egg Slicers",US,12.99,3.64,1.04,5.36,0.15,264.0,49.0,4.4,0.55,10000,1.0,20.0,50,25.0,20.0,20.0,75,35,65.0,B,"observed:price,sales,reviews,rating,fba_fee; estimated:search_volume,cpc",estimated_default_costs,Imported from Sorftime; ASIN B0G8T8581S; brand SOVIX
category:Mandolines,23616035011,Mandolines,"Home & Kitchen > Kitchen & Dining > Kitchen Utensils & Gadgets > Peeling, Grating & Slicing Tools > Mandolines & Slicers > Mandolines",B07C1J4BWD,,Ourokhome Zucchini Noodle Maker Spaghetti Spiralizer - 5 Blades Vegetable Slicer for Veggie Noodles and Curly Chips,"Home & Kitchen > Kitchen & Dining > Kitchen Utensils & Gadgets > Peeling, Grating & Slicing Tools > Mandolines & Slicers > Mandolines",US,24.99,7.0,2.0,6.59,0.15,979.0,1550.0,4.3,0.55,10000,1.0,20.0,50,25.0,20.0,20.0,75,35,65.0,B,"observed:price,sales,reviews,rating,fba_fee; estimated:search_volume,cpc",estimated_default_costs,Imported from Sorftime; ASIN B07C1J4BWD; brand Ourokhome
category:Mandolines,23616035011,Mandolines,"Home & Kitchen > Kitchen & Dining > Kitchen Utensils & Gadgets > Peeling, Grating & Slicing Tools > Mandolines & Slicers > Mandolines",B0BYJ3KWZ4,,Badelite Vegetable Spiralizer 4-IN-1 Rotating Blade Veggie Spiralizer Zucchini Noodle Maker with Strong Suction Cup Spiral Vegetable Cutter Slicer - White,"Home & Kitchen > Kitchen & Dining > Kitchen Utensils & Gadgets > Peeling, Grating & Slicing Tools > Mandolines & Slicers > Mandolines",US,21.24,5.95,1.7,5.94,0.15,850.0,533.0,4.2,0.55,10000,1.0,20.0,50,25.0,20.0,20.0,75,35,65.0,B,"observed:price,sales,reviews,rating,fba_fee; estimated:search_volume,cpc",estimated_default_costs,Imported from Sorftime; ASIN B0BYJ3KWZ4; brand Badelite
category:Mandolines,23616035011,Mandolines,"Home & Kitchen > Kitchen & Dining > Kitchen Utensils & Gadgets > Peeling, Grating & Slicing Tools > Mandolines & Slicers > Mandolines",B0DN1HZWX1,,"French Fry Cutter with 1 Blade Stainless Steel Manual Potato Chopper Gray | Vegetable Cutter Apple & Onion Dicer Sharp Steel Blades, Easy Prep & Clean","Home & Kitchen > Kitchen & Dining > Kitchen Utensils & Gadgets > Peeling, Grating & Slicing Tools > Mandolines & Slicers > Mandolines",US,13.29,3.72,1.06,5.35,0.15,849.0,348.0,4.1,0.55,10000,1.0,20.0,50,25.0,20.0,20.0,75,35,65.0,B,"observed:price,sales,reviews,rating,fba_fee; estimated:search_volume,cpc",estimated_default_costs,Imported from Sorftime; ASIN B0DN1HZWX1; brand ZHANG XIAO QUAN SINCE 1628
category:Mandolines,23616035011,Mandolines,"Home & Kitchen > Kitchen & Dining > Kitchen Utensils & Gadgets > Peeling, Grating & Slicing Tools > Mandolines & Slicers > Mandolines",B0GM21GJ8F,,"French Fry Cutter,ZSCOOKLY Heavy Duty Potato Slicer Cutter, | Set with 1/2 In Blade for Carrot, Yam, Cucumbers.","Home & Kitchen > Kitchen & Dining > Kitchen Utensils & Gadgets > Peeling, Grating & Slicing Tools > Mandolines & Slicers > Mandolines",US,29.99,8.4,2.4,8.09,0.15,541.0,71.0,4.0,0.55,10000,1.0,20.0,50,25.0,20.0,20.0,75,35,65.0,B,"observed:price,sales,reviews,rating,fba_fee; estimated:search_volume,cpc",estimated_default_costs,Imported from Sorftime; ASIN B0GM21GJ8F; brand ZSCOOKLY
category:Mandolines,23616035011,Mandolines,"Home & Kitchen > Kitchen & Dining > Kitchen Utensils & Gadgets > Peeling, Grating & Slicing Tools > Mandolines & Slicers > Mandolines",B0DLHX5L86,,"Cabbage Slicer Ultra-Thin 0.04 in Julienne Cutter for Sauerkraut & Coleslaw | 0.04 in Ultra-Thin Blade, Japanese Stainless Steel, Stable Non-Slip Base, Foldable, Easy to Clean","Home & Kitchen > Kitchen & Dining > Kitchen Utensils & Gadgets > Peeling, Grating & Slicing Tools > Mandolines & Slicers > Mandolines",US,15.99,4.48,1.28,5.37,0.15,490.0,280.0,4.4,0.55,10000,1.0,20.0,50,25.0,20.0,20.0,75,35,65.0,B,"observed:price,sales,reviews,rating,fba_fee; estimated:search_volume,cpc",estimated_default_costs,Imported from Sorftime; ASIN B0DLHX5L86; brand LOVE YOU Studio
category:Mandolines,23616035011,Mandolines,"Home & Kitchen > Kitchen & Dining > Kitchen Utensils & Gadgets > Peeling, Grating & Slicing Tools > Mandolines & Slicers > Mandolines",B002BFCNAC,,"Leifheit Gourmet Garlic Slicer, Stainless Steel Blades, ABS Plastic Body, Twist-to-Slice Design, Safe for Garlic, Ginger, Cheese, Chocolate, Dishwasher Safe, German Quality, White/Red","Home & Kitchen > Kitchen & Dining > Kitchen Utensils & Gadgets > Peeling, Grating & Slicing Tools > Mandolines & Slicers > Mandolines",US,19.99,5.6,1.6,4.18,0.15,381.0,1290.0,4.4,0.55,10000,1.0,20.0,50,25.0,20.0,20.0,75,35,65.0,B,"observed:price,sales,reviews,rating,fba_fee; estimated:search_volume,cpc",estimated_default_costs,Imported from Sorftime; ASIN B002BFCNAC; brand Leifheit
category:Mandolines,23616035011,Mandolines,"Home & Kitchen > Kitchen & Dining > Kitchen Utensils & Gadgets > Peeling, Grating & Slicing Tools > Mandolines & Slicers > Mandolines",B0F6JDJKQ7,,"Geedel French Fry Cutter, Potato Cutter, Apple Slicer and Corer, 3 Blades | Finish in 5s, Ultra-sharp 420 Stainless Steel blade, Dishwasher Safe, No BPA, For Vegetable & Fruit, Cleaning Brush Included","Home & Kitchen > Kitchen & Dining > Kitchen Utensils & Gadgets > Peeling, Grating & Slicing Tools > Mandolines & Slicers > Mandolines",US,27.99,7.84,2.24,5.86,0.15,312.0,184.0,4.1,0.55,10000,1.0,20.0,50,25.0,20.0,20.0,75,35,65.0,B,"observed:price,sales,reviews,rating,fba_fee; estimated:search_volume,cpc",estimated_default_costs,Imported from Sorftime; ASIN B0F6JDJKQ7; brand Geedel
category:Mandolines,23616035011,Mandolines,"Home & Kitchen > Kitchen & Dining > Kitchen Utensils & Gadgets > Peeling, Grating & Slicing Tools > Mandolines & Slicers > Mandolines",B0F749BDQW,,"Arnest Japanese mandoline slicer Cabbage Shredder, 3-Blade Triple Wave Ultra-Thin Shredder for Tonkatsu-Style Slaw, Stainless Steel Wave Blades, Safety Holder, Easy-Rinse Clean, Made in Japan","Home & Kitchen > Kitchen & Dining > Kitchen Utensils & Gadgets > Peeling, Grating & Slicing Tools > Mandolines & Slicers > Mandolines",US,22.0,6.16,1.76,4.47,0.15,300.0,124.0,4.5,0.55,10000,1.0,20.0,50,25.0,20.0,20.0,75,35,65.0,B,"observed:price,sales,reviews,rating,fba_fee; estimated:search_volume,cpc",estimated_default_costs,Imported from Sorftime; ASIN B0F749BDQW; brand forest Originals
category:Mandolines,23616035011,Mandolines,"Home & Kitchen > Kitchen & Dining > Kitchen Utensils & Gadgets > Peeling, Grating & Slicing Tools > Mandolines & Slicers > Mandolines",B07XV5HXZ4,,"Vollum Vegetable Spiralizer with 4 Blades Straight and Serrated | Includes 1 straight-edged and 3 serrated blades. Spiralizes zucchini, squash, and butternut squash into fresh veggie noodles.","Home & Kitchen > Kitchen & Dining > Kitchen Utensils & Gadgets > Peeling, Grating & Slicing Tools > Mandolines & Slicers > Mandolines",US,52.95,14.83,4.24,7.22,0.15,284.0,355.0,4.2,0.55,10000,1.0,20.0,50,25.0,20.0,20.0,75,35,65.0,B,"observed:price,sales,reviews,rating,fba_fee; estimated:search_volume,cpc",estimated_default_costs,Imported from Sorftime; ASIN B07XV5HXZ4; brand Vollum
category:Mandolines,23616035011,Mandolines,"Home & Kitchen > Kitchen & Dining > Kitchen Utensils & Gadgets > Peeling, Grating & Slicing Tools > Mandolines & Slicers > Mandolines",B07G93X16W,,"Benriner Super Standard Madoline Slicer, with with 4 Japanese Stainless Steel Blades, Almond","Home & Kitchen > Kitchen & Dining > Kitchen Utensils & Gadgets > Peeling, Grating & Slicing Tools > Mandolines & Slicers > Mandolines",US,35.99,10.08,2.88,5.75,0.15,253.0,566.0,4.6,0.55,10000,1.0,20.0,50,25.0,20.0,20.0,75,35,65.0,B,"observed:price,sales,reviews,rating,fba_fee; estimated:search_volume,cpc",estimated_default_costs,Imported from Sorftime; ASIN B07G93X16W; brand Benriner
category:Mandolines,23616035011,Mandolines,"Home & Kitchen > Kitchen & Dining > Kitchen Utensils & Gadgets > Peeling, Grating & Slicing Tools > Mandolines & Slicers > Mandolines",B0GXZKP26Q,,"SUSTEAS French Fry Cutter,Potato Cutter Apple Slicer with 3 Blades,White | 3-Fry Slicer for French Fries, Potato Wedges, Apple Wedges & Veggie Sticks, Ultra-Sharp Blades for Daily Meals & Picnics","Home & Kitchen > Kitchen & Dining > Kitchen Utensils & Gadgets > Peeling, Grating & Slicing Tools > Mandolines & Slicers > Mandolines",US,23.99,6.72,1.92,5.75,0.15,250.0,31.0,4.3,0.55,10000,1.0,20.0,50,25.0,20.0,20.0,75,35,65.0,B,"observed:price,sales,reviews,rating,fba_fee; estimated:search_volume,cpc",estimated_default_costs,Imported from Sorftime; ASIN B0GXZKP26Q; brand SUSTEAS
category:Choppers,678514011,Choppers,Home & Kitchen > Kitchen & Dining > Kitchen Utensils & Gadgets > Seasoning & Spice Tools > Choppers & Mincers > Choppers,B0FF9MLN34,,"French Fry Cutter, Solucky Potato Onion Cutter, Professional Homestyle Vegetable Chopper Dicer, Great for Potatoes Carrots Cucumbers Zucchini Pepper (Light Blue)",Home & Kitchen > Kitchen & Dining > Kitchen Utensils & Gadgets > Seasoning & Spice Tools > Choppers & Mincers > Choppers,US,19.99,5.6,1.6,5.75,0.15,1212.0,672.0,4.3,0.55,10000,1.0,20.0,50,25.0,20.0,20.0,75,35,65.0,B,"observed:price,sales,reviews,rating,fba_fee; estimated:search_volume,cpc",estimated_default_costs,Imported from Sorftime; ASIN B0FF9MLN34; brand Solucky
category:Choppers,678514011,Choppers,Home & Kitchen > Kitchen & Dining > Kitchen Utensils & Gadgets > Seasoning & Spice Tools > Choppers & Mincers > Choppers,B0DMTRYT9T,,"3Pcs French Fry Cutter, Ruooson Professional Potato Cutter Slicer with 1/2 In & 3/8 In & 1/4 In Stainless Steel Blades, Great for Whole Potatoes Carrots Cucumbers.",Home & Kitchen > Kitchen & Dining > Kitchen Utensils & Gadgets > Seasoning & Spice Tools > Choppers & Mincers > Choppers,US,59.99,16.8,4.8,8.41,0.15,1073.0,496.0,4.1,0.55,10000,1.0,20.0,50,25.0,20.0,20.0,75,35,65.0,B,"observed:price,sales,reviews,rating,fba_fee; estimated:search_volume,cpc",estimated_default_costs,Imported from Sorftime; ASIN B0DMTRYT9T; brand Ruooson
category:Choppers,678514011,Choppers,Home & Kitchen > Kitchen & Dining > Kitchen Utensils & Gadgets > Seasoning & Spice Tools > Choppers & Mincers > Choppers,B0C84G1C5C,,KELEYU Commercial Vegetable Replacement Chopper 1/4’’ Blade | Replacement Chopper Dicer Stainless Steel Blade and Pusher Block for Fruit Cutting Machine Tomato onion French Fries Cutter,Home & Kitchen > Kitchen & Dining > Kitchen Utensils & Gadgets > Seasoning & Spice Tools > Choppers & Mincers > Choppers,US,18.99,5.32,1.52,4.86,0.15,762.0,290.0,4.5,0.55,10000,1.0,20.0,50,25.0,20.0,20.0,75,35,65.0,B,"observed:price,sales,reviews,rating,fba_fee; estimated:search_volume,cpc",estimated_default_costs,Imported from Sorftime; ASIN B0C84G1C5C; brand KELEYU
category:Choppers,678514011,Choppers,Home & Kitchen > Kitchen & Dining > Kitchen Utensils & Gadgets > Seasoning & Spice Tools > Choppers & Mincers > Choppers,B0CL3J28ZM,,"Eascandy French Fry Cutter, Heavy Duty Potato Slicer, Stainless Steel French Fries Cutter for Sweet Potato, Carrot, Yam, Cucumbers, 1/2&3/8&1/4 Cutter",Home & Kitchen > Kitchen & Dining > Kitchen Utensils & Gadgets > Seasoning & Spice Tools > Choppers & Mincers > Choppers,US,59.95,16.79,4.8,8.57,0.15,562.0,1194.0,4.3,0.55,10000,1.0,20.0,50,25.0,20.0,20.0,75,35,65.0,B,"observed:price,sales,reviews,rating,fba_fee; estimated:search_volume,cpc",estimated_default_costs,Imported from Sorftime; ASIN B0CL3J28ZM; brand Eascandy
category:Choppers,678514011,Choppers,Home & Kitchen > Kitchen & Dining > Kitchen Utensils & Gadgets > Seasoning & Spice Tools > Choppers & Mincers > Choppers,B0CKL6BXHN,,"Befano French Fry Cutter, Stainless Steel Potato Cutter with 1/2 Inch, 3/8 Inch and 1/4 Inch Blades (Manual Cutter, 1/2 ‘‘ & 3/8 ‘‘ & 1/4 ‘‘ Blade)",Home & Kitchen > Kitchen & Dining > Kitchen Utensils & Gadgets > Seasoning & Spice Tools > Choppers & Mincers > Choppers,US,69.99,19.6,5.6,8.65,0.15,465.0,2127.0,4.3,0.55,10000,1.0,20.0,50,25.0,20.0,20.0,75,35,65.0,B,"observed:price,sales,reviews,rating,fba_fee; estimated:search_volume,cpc",estimated_default_costs,Imported from Sorftime; ASIN B0CKL6BXHN; brand Befano
category:Choppers,678514011,Choppers,Home & Kitchen > Kitchen & Dining > Kitchen Utensils & Gadgets > Seasoning & Spice Tools > Choppers & Mincers > Choppers,B004OXURZ2,,Chef‘n 104-259-120 SaladShears Nylon Lettuce Chopper - White,Home & Kitchen > Kitchen & Dining > Kitchen Utensils & Gadgets > Seasoning & Spice Tools > Choppers & Mincers > Choppers,US,13.99,3.92,1.12,3.46,0.15,249.0,1696.0,4.5,0.55,10000,1.0,20.0,50,25.0,20.0,20.0,75,35,65.0,B,"observed:price,sales,reviews,rating,fba_fee; estimated:search_volume,cpc",estimated_default_costs,Imported from Sorftime; ASIN B004OXURZ2; brand Chef‘n
category:Choppers,678514011,Choppers,Home & Kitchen > Kitchen & Dining > Kitchen Utensils & Gadgets > Seasoning & Spice Tools > Choppers & Mincers > Choppers,B00004UE6R,,"Norpro Deluxe Bean Frencher With Clamp French/Green/Slicer/Cutter Heavy Duty, Manual, Aluminum, Silver",Home & Kitchen > Kitchen & Dining > Kitchen Utensils & Gadgets > Seasoning & Spice Tools > Choppers & Mincers > Choppers,US,34.87,9.76,2.79,4.87,0.15,249.0,858.0,4.0,0.55,10000,1.0,20.0,50,25.0,20.0,20.0,75,35,65.0,B,"observed:price,sales,reviews,rating,fba_fee; estimated:search_volume,cpc",estimated_default_costs,Imported from Sorftime; ASIN B00004UE6R; brand Norpro
category:Garlic Presses,678518011,Garlic Presses,Home & Kitchen > Kitchen & Dining > Kitchen Utensils & Gadgets > Seasoning & Spice Tools > Garlic Tools > Garlic Presses,B0FRS5Y33B,,"Brigii Burger Press, 5.5“ 304 Stainless Steel Hamburger Press Patty Maker | Spring back design, thickness guide 100g-400g, easy release, no coating, no rust, dishwasher safe, for ground beef patties",Home & Kitchen > Kitchen & Dining > Kitchen Utensils & Gadgets > Seasoning & Spice Tools > Garlic Tools > Garlic Presses,US,28.99,8.12,2.32,5.93,0.15,2608.0,788.0,4.6,0.55,10000,1.0,20.0,50,25.0,20.0,20.0,75,35,65.0,B,"observed:price,sales,reviews,rating,fba_fee; estimated:search_volume,cpc",estimated_default_costs,Imported from Sorftime; ASIN B0FRS5Y33B; brand Brigii
category:Garlic Presses,678518011,Garlic Presses,Home & Kitchen > Kitchen & Dining > Kitchen Utensils & Gadgets > Seasoning & Spice Tools > Garlic Tools > Garlic Presses,B0CYSSM2Q4,,"ZIGNTY Garlic Press Stainless Steel, Garlic Mincer Tool No Need to Peel | Large Trough Garlic Crusher, Widened & Extended Ergonomic Handle, Easy Squeeze, Rust Proof, Dishwasher Safe, 5 Years Warranty",Home & Kitchen > Kitchen & Dining > Kitchen Utensils & Gadgets > Seasoning & Spice Tools > Garlic Tools > Garlic Presses,US,21.59,6.05,1.73,4.45,0.15,629.0,713.0,4.6,0.55,10000,1.0,20.0,50,25.0,20.0,20.0,75,35,65.0,B,"observed:price,sales,reviews,rating,fba_fee; estimated:search_volume,cpc",estimated_default_costs,Imported from Sorftime; ASIN B0CYSSM2Q4; brand ZIGNTY
category:Garlic Presses,678518011,Garlic Presses,Home & Kitchen > Kitchen & Dining > Kitchen Utensils & Gadgets > Seasoning & Spice Tools > Garlic Tools > Garlic Presses,B0BF5G17QS,,"Pamperεd Chεf Garlic Press, Garlic Mincer Easy-squeeze Ergonomic Handle, No Need To Peel, Rust Proof, Professional Ginger Press & Garlic Crusher with Handy Cleaning Brush- Dishwasher Safe",Home & Kitchen > Kitchen & Dining > Kitchen Utensils & Gadgets > Seasoning & Spice Tools > Garlic Tools > Garlic Presses,US,18.99,5.32,1.52,4.17,0.15,391.0,269.0,4.4,0.55,10000,1.0,20.0,50,25.0,20.0,20.0,75,35,65.0,B,"observed:price,sales,reviews,rating,fba_fee; estimated:search_volume,cpc",estimated_default_costs,Imported from Sorftime; ASIN B0BF5G17QS; brand Longmann
category:Garlic Presses,678518011,Garlic Presses,Home & Kitchen > Kitchen & Dining > Kitchen Utensils & Gadgets > Seasoning & Spice Tools > Garlic Tools > Garlic Presses,B097D36MPK,,"Garlic Press, Garlic Mincer Easy-squeeze Ergonomic Handle, Rust Proof, No Need To Peel, Professional Ginger Press & Garlic Crusher with Handy Cleaning Brush- Dishwasher Safe",Home & Kitchen > Kitchen & Dining > Kitchen Utensils & Gadgets > Seasoning & Spice Tools > Garlic Tools > Garlic Presses,US,18.59,5.21,1.49,4.18,0.15,303.0,920.0,4.6,0.55,10000,1.0,20.0,50,25.0,20.0,20.0,75,35,65.0,B,"observed:price,sales,reviews,rating,fba_fee; estimated:search_volume,cpc",estimated_default_costs,Imported from Sorftime; ASIN B097D36MPK; brand ReneeChef
category:Garlic Presses,678518011,Garlic Presses,Home & Kitchen > Kitchen & Dining > Kitchen Utensils & Gadgets > Seasoning & Spice Tools > Garlic Tools > Garlic Presses,B0H4Q6424Q,,"Garlic Grinder Mini Hand Grinder for Garlic Small Hand Press Specialty Tool Multi Functional Cutter Tools, Rose Red",Home & Kitchen > Kitchen & Dining > Kitchen Utensils & Gadgets > Seasoning & Spice Tools > Garlic Tools > Garlic Presses,US,19.99,5.6,1.6,3.6,0.15,244.0,1.0,4.0,0.55,10000,1.0,20.0,50,25.0,20.0,20.0,50,20,42.5,C,"observed:sales,reviews,rating; estimated:price,fba_fee,search_volume,cpc",estimated_default_costs,Imported from Sorftime; ASIN B0H4Q6424Q; brand Generic
category:Garlic Presses,678518011,Garlic Presses,Home & Kitchen > Kitchen & Dining > Kitchen Utensils & Gadgets > Seasoning & Spice Tools > Garlic Tools > Garlic Presses,B007ADJ4JI,,"Dreamfarm Garject 2-In-1 Garlic Peeler, Garlic Press & Mincer with Garlic Peel Ejector, Chrome-Plated Zinc - Black",Home & Kitchen > Kitchen & Dining > Kitchen Utensils & Gadgets > Seasoning & Spice Tools > Garlic Tools > Garlic Presses,US,49.99,14.0,4.0,4.86,0.15,213.0,801.0,4.4,0.55,10000,1.0,20.0,50,25.0,20.0,20.0,75,35,65.0,B,"observed:price,sales,reviews,rating,fba_fee; estimated:search_volume,cpc",estimated_default_costs,Imported from Sorftime; ASIN B007ADJ4JI; brand Dreamfarm
category:Garlic Presses,678518011,Garlic Presses,Home & Kitchen > Kitchen & Dining > Kitchen Utensils & Gadgets > Seasoning & Spice Tools > Garlic Tools > Garlic Presses,B0CCNL8PBD,,"MULIRE Garlic Press and Slicer 2 in 1, Heavy Duty Garlic Mincer, Crusher with Ergonomic Handle - Perfect for Home Cooks and Professional Chefs Alike.",Home & Kitchen > Kitchen & Dining > Kitchen Utensils & Gadgets > Seasoning & Spice Tools > Garlic Tools > Garlic Presses,US,22.99,6.44,1.84,4.45,0.15,204.0,521.0,4.2,0.55,10000,1.0,20.0,50,25.0,20.0,20.0,75,35,65.0,B,"observed:price,sales,reviews,rating,fba_fee; estimated:search_volume,cpc",estimated_default_costs,Imported from Sorftime; ASIN B0CCNL8PBD; brand MULIRE
category:Pepper Mills,15850251,Pepper Mills,Home & Kitchen > Kitchen & Dining > Kitchen Utensils & Gadgets > Seasoning & Spice Tools > Salt & Pepper > Pepper Mills,B01MXRQ5AY,,Star Wars Lightsaber Electric Salt and Pepper Mill Grinder (Pack of 2),Home & Kitchen > Kitchen & Dining > Kitchen Utensils & Gadgets > Seasoning & Spice Tools > Salt & Pepper > Pepper Mills,US,39.99,11.2,3.2,5.9,0.15,850.0,2016.0,4.6,0.55,10000,1.0,20.0,50,25.0,20.0,20.0,75,35,65.0,B,"observed:price,sales,reviews,rating,fba_fee; estimated:search_volume,cpc",estimated_default_costs,Imported from Sorftime; ASIN B01MXRQ5AY; brand Uncanny Brands
category:Pepper Mills,15850251,Pepper Mills,Home & Kitchen > Kitchen & Dining > Kitchen Utensils & Gadgets > Seasoning & Spice Tools > Salt & Pepper > Pepper Mills,B0C161GN1G,,"Baltique Marrakesh Wooden Pepper Grinder, Colorful 8-Inch Pepper Mill | Refillable manual design with adjustable stainless steel mechanism. Vibrant layers of color bring fresh pepper to the table.",Home & Kitchen > Kitchen & Dining > Kitchen Utensils & Gadgets > Seasoning & Spice Tools > Salt & Pepper > Pepper Mills,US,29.99,8.4,2.4,4.46,0.15,669.0,619.0,4.6,0.55,10000,1.0,20.0,50,25.0,20.0,20.0,75,35,65.0,B,"observed:price,sales,reviews,rating,fba_fee; estimated:search_volume,cpc",estimated_default_costs,Imported from Sorftime; ASIN B0C161GN1G; brand Totally Bamboo
category:Pepper Mills,15850251,Pepper Mills,Home & Kitchen > Kitchen & Dining > Kitchen Utensils & Gadgets > Seasoning & Spice Tools > Salt & Pepper > Pepper Mills,B0BXFSJ3KY,,"Alexander Home Original Greek Pepper Mill, 9-Inch Brass - European Manual Pepper Grinder, Refillable",Home & Kitchen > Kitchen & Dining > Kitchen Utensils & Gadgets > Seasoning & Spice Tools > Salt & Pepper > Pepper Mills,US,67.0,18.76,5.36,5.72,0.15,541.0,117.0,4.1,0.55,10000,1.0,20.0,50,25.0,20.0,20.0,75,35,65.0,B,"observed:price,sales,reviews,rating,fba_fee; estimated:search_volume,cpc",estimated_default_costs,Imported from Sorftime; ASIN B0BXFSJ3KY; brand Alexander Home
category:Pepper Mills,15850251,Pepper Mills,Home & Kitchen > Kitchen & Dining > Kitchen Utensils & Gadgets > Seasoning & Spice Tools > Salt & Pepper > Pepper Mills,B0CZ7G5RGF,,"Pepper Grinder Salt Grinder Wooden Pepper Mill Grinder w/Adjustable Coarse, 5 inch Tall Wood Refillable Manual Pepper Grinder Mill Peppermill for Black Peppercorn, Easy Clean",Home & Kitchen > Kitchen & Dining > Kitchen Utensils & Gadgets > Seasoning & Spice Tools > Salt & Pepper > Pepper Mills,US,12.99,3.64,1.04,4.18,0.15,326.0,402.0,4.4,0.55,10000,1.0,20.0,50,25.0,20.0,20.0,75,35,65.0,B,"observed:price,sales,reviews,rating,fba_fee; estimated:search_volume,cpc",estimated_default_costs,Imported from Sorftime; ASIN B0CZ7G5RGF; brand TooWoom
category:Pepper Mills,15850251,Pepper Mills,Home & Kitchen > Kitchen & Dining > Kitchen Utensils & Gadgets > Seasoning & Spice Tools > Salt & Pepper > Pepper Mills,B08FD98CRQ,,Wooden Pepper Grinder Pepper Mill with Adjustable Coarseness Pepper Grinder Refillable Salt Pepper Grinder Shaker Tableware Gifts Acacia Wood Salt Mill 10 Inch,Home & Kitchen > Kitchen & Dining > Kitchen Utensils & Gadgets > Seasoning & Spice Tools > Salt & Pepper > Pepper Mills,US,13.83,3.87,1.11,4.87,0.15,318.0,630.0,4.2,0.55,10000,1.0,20.0,50,25.0,20.0,20.0,75,35,65.0,B,"observed:price,sales,reviews,rating,fba_fee; estimated:search_volume,cpc",estimated_default_costs,Imported from Sorftime; ASIN B08FD98CRQ; brand UNIOVC
category:Pepper Mills,15850251,Pepper Mills,Home & Kitchen > Kitchen & Dining > Kitchen Utensils & Gadgets > Seasoning & Spice Tools > Salt & Pepper > Pepper Mills,B07G598WJ2,,"Salt and Pepper Grinder Set of 2,Stainless Steel Push Button Grinder Modern Design Thumb Grinder, for Black Pepper, Sea Salt and Himalayan Salt, Spice and Salt",Home & Kitchen > Kitchen & Dining > Kitchen Utensils & Gadgets > Seasoning & Spice Tools > Salt & Pepper > Pepper Mills,US,16.99,4.76,1.36,4.85,0.15,289.0,1622.0,3.8,0.55,10000,1.0,20.0,50,25.0,20.0,20.0,75,35,65.0,B,"observed:price,sales,reviews,rating,fba_fee; estimated:search_volume,cpc",estimated_default_costs,Imported from Sorftime; ASIN B07G598WJ2; brand Keweis
category:Pepper Mills,15850251,Pepper Mills,Home & Kitchen > Kitchen & Dining > Kitchen Utensils & Gadgets > Seasoning & Spice Tools > Salt & Pepper > Pepper Mills,B0BXFQ91KF,,"Alexander Home Original Greek Pepper Mill, 8-Inch Brass – European Manual Pepper Grinder Refillable",Home & Kitchen > Kitchen & Dining > Kitchen Utensils & Gadgets > Seasoning & Spice Tools > Salt & Pepper > Pepper Mills,US,72.96,20.43,5.84,5.53,0.15,268.0,121.0,4.2,0.55,10000,1.0,20.0,50,25.0,20.0,20.0,75,35,65.0,B,"observed:price,sales,reviews,rating,fba_fee; estimated:search_volume,cpc",estimated_default_costs,Imported from Sorftime; ASIN B0BXFQ91KF; brand Alexander Home
category:Pepper Mills,15850251,Pepper Mills,Home & Kitchen > Kitchen & Dining > Kitchen Utensils & Gadgets > Seasoning & Spice Tools > Salt & Pepper > Pepper Mills,B0D9LH1Y55,,"Makimoo Original Greek Pepper Mill, European Style Salt and Pepper Grinder, (Brass, 9“)",Home & Kitchen > Kitchen & Dining > Kitchen Utensils & Gadgets > Seasoning & Spice Tools > Salt & Pepper > Pepper Mills,US,56.99,15.96,4.56,6.22,0.15,249.0,81.0,4.2,0.55,10000,1.0,20.0,50,25.0,20.0,20.0,75,35,65.0,B,"observed:price,sales,reviews,rating,fba_fee; estimated:search_volume,cpc",estimated_default_costs,Imported from Sorftime; ASIN B0D9LH1Y55; brand Makimoo
category:Pepper Mills,15850251,Pepper Mills,Home & Kitchen > Kitchen & Dining > Kitchen Utensils & Gadgets > Seasoning & Spice Tools > Salt & Pepper > Pepper Mills,B002HM78TA,,"Bodum Twin Dual Salt and Pepper Grinder, Stainless Steel w/Silicone Sleeve, White",Home & Kitchen > Kitchen & Dining > Kitchen Utensils & Gadgets > Seasoning & Spice Tools > Salt & Pepper > Pepper Mills,US,18.85,5.28,1.51,4.45,0.15,237.0,835.0,4.5,0.55,10000,1.0,20.0,50,25.0,20.0,20.0,75,35,65.0,B,"observed:price,sales,reviews,rating,fba_fee; estimated:search_volume,cpc",estimated_default_costs,Imported from Sorftime; ASIN B002HM78TA; brand Bodum
category:Pepper Mills,15850251,Pepper Mills,Home & Kitchen > Kitchen & Dining > Kitchen Utensils & Gadgets > Seasoning & Spice Tools > Salt & Pepper > Pepper Mills,B07TK62D2V,,"Salt Pepper Grinder Mill Arcylic,the Best Peppercorn Grinder with Adjustable Mill-Clear",Home & Kitchen > Kitchen & Dining > Kitchen Utensils & Gadgets > Seasoning & Spice Tools > Salt & Pepper > Pepper Mills,US,16.14,4.52,1.29,4.46,0.15,204.0,2020.0,4.5,0.55,10000,1.0,20.0,50,25.0,20.0,20.0,75,35,65.0,B,"observed:price,sales,reviews,rating,fba_fee; estimated:search_volume,cpc",estimated_default_costs,Imported from Sorftime; ASIN B07TK62D2V; brand Kaiciuss
category:Pepper Shakers,15850291,Pepper Shakers,Home & Kitchen > Kitchen & Dining > Kitchen Utensils & Gadgets > Seasoning & Spice Tools > Salt & Pepper > Pepper Shakers,B0DN6NXWYF,,"Portable Pepper Shaker (Black) - Versatile Seasoning Set, Multi Functional Salt Dispenser Spice Shakers for Easy Use - Convenient & Durable Plastic Salt and Pepper Dispenser for Fine Spices",Home & Kitchen > Kitchen & Dining > Kitchen Utensils & Gadgets > Seasoning & Spice Tools > Salt & Pepper > Pepper Shakers,US,21.24,5.95,1.7,3.82,0.15,2369.0,301.0,4.2,0.55,10000,1.0,20.0,50,25.0,20.0,20.0,65,20,53.8,C,"observed:price,sales,reviews,rating; estimated:fba_fee,search_volume,cpc",estimated_default_costs,Imported from Sorftime; ASIN B0DN6NXWYF; brand SPEED BUMP
category:Pepper Shakers,15850291,Pepper Shakers,Home & Kitchen > Kitchen & Dining > Kitchen Utensils & Gadgets > Seasoning & Spice Tools > Salt & Pepper > Pepper Shakers,B09XLF43SV,,OakMsOik Metal Ieak-proof Bottle (2nd Generation Upgrade Version) (Black）Portable Pepper Shaker (3 pack),Home & Kitchen > Kitchen & Dining > Kitchen Utensils & Gadgets > Seasoning & Spice Tools > Salt & Pepper > Pepper Shakers,US,14.99,4.2,1.2,3.93,0.15,359.0,514.0,4.2,0.55,10000,1.0,20.0,50,25.0,20.0,20.0,75,35,65.0,B,"observed:price,sales,reviews,rating,fba_fee; estimated:search_volume,cpc",estimated_default_costs,Imported from Sorftime; ASIN B09XLF43SV; brand OakMsOik
category:Pepper Shakers,15850291,Pepper Shakers,Home & Kitchen > Kitchen & Dining > Kitchen Utensils & Gadgets > Seasoning & Spice Tools > Salt & Pepper > Pepper Shakers,B0CLH2YYC5,,OakMsOik Metal Ieak-proof Bottle (3nd Generation Upgrade Version) (Black Blue Gold）Portable Pepper Shaker (3 pack),Home & Kitchen > Kitchen & Dining > Kitchen Utensils & Gadgets > Seasoning & Spice Tools > Salt & Pepper > Pepper Shakers,US,16.99,4.76,1.36,3.93,0.15,337.0,203.0,4.3,0.55,10000,1.0,20.0,50,25.0,20.0,20.0,75,35,65.0,B,"observed:price,sales,reviews,rating,fba_fee; estimated:search_volume,cpc",estimated_default_costs,Imported from Sorftime; ASIN B0CLH2YYC5; brand OakMsOik
category:Pepper Shakers,15850291,Pepper Shakers,Home & Kitchen > Kitchen & Dining > Kitchen Utensils & Gadgets > Seasoning & Spice Tools > Salt & Pepper > Pepper Shakers,B076Q8F83K,,Salt and Pepper Shakers Set with Adjustable Pour Holes by CHEFVANTAGE - Stainless Steel,Home & Kitchen > Kitchen & Dining > Kitchen Utensils & Gadgets > Seasoning & Spice Tools > Salt & Pepper > Pepper Shakers,US,19.99,5.6,1.6,4.87,0.15,229.0,994.0,4.6,0.55,10000,1.0,20.0,50,25.0,20.0,20.0,75,35,65.0,B,"observed:price,sales,reviews,rating,fba_fee; estimated:search_volume,cpc",estimated_default_costs,Imported from Sorftime; ASIN B076Q8F83K; brand CHEFVANTAGE
category:Salt & Pepper Mill Sets,15850261,Salt & Pepper Mill Sets,Home & Kitchen > Kitchen & Dining > Kitchen Utensils & Gadgets > Seasoning & Spice Tools > Salt & Pepper > Salt & Pepper Mill Sets,B0DPW6B8GG,,"Electric Salt and Pepper Grinder Set with Charging Base, 2 Pack Set | Stainless Steel, USB-C Charge Base, 6-Level Adjustable Coarseness, Fast&Slow Adjustment, 95ml Large Capacity, LED Light",Home & Kitchen > Kitchen & Dining > Kitchen Utensils & Gadgets > Seasoning & Spice Tools > Salt & Pepper > Salt & Pepper Mill Sets,US,36.94,10.34,2.96,6.56,0.15,1042.0,291.0,4.5,0.55,10000,1.0,20.0,50,25.0,20.0,20.0,75,35,65.0,B,"observed:price,sales,reviews,rating,fba_fee; estimated:search_volume,cpc",estimated_default_costs,Imported from Sorftime; ASIN B0DPW6B8GG; brand JINGASA
category:Salt & Pepper Mill Sets,15850261,Salt & Pepper Mill Sets,Home & Kitchen > Kitchen & Dining > Kitchen Utensils & Gadgets > Seasoning & Spice Tools > Salt & Pepper > Salt & Pepper Mill Sets,B0G6KR1W9H,,"Styled Settings Wooden Salt and Pepper Grinder Set, White, Black, Acacia | Refillable Manual Salt and Pepper Mills, Gold Detailing, and Wood Stand",Home & Kitchen > Kitchen & Dining > Kitchen Utensils & Gadgets > Seasoning & Spice Tools > Salt & Pepper > Salt & Pepper Mill Sets,US,39.99,11.2,3.2,6.38,0.15,947.0,647.0,4.5,0.55,10000,1.0,20.0,50,25.0,20.0,20.0,75,35,65.0,B,"observed:price,sales,reviews,rating,fba_fee; estimated:search_volume,cpc",estimated_default_costs,Imported from Sorftime; ASIN B0G6KR1W9H; brand STYLED SETTINGS
category:Salt & Pepper Mill Sets,15850261,Salt & Pepper Mill Sets,Home & Kitchen > Kitchen & Dining > Kitchen Utensils & Gadgets > Seasoning & Spice Tools > Salt & Pepper > Salt & Pepper Mill Sets,B07QQX4CBL,,"LHS Salt Shaker and Pepper Grinder Set, 2PCS Salt and Pepper Grinder, Clear | Manual Pepper Grinder with Adjustable Coarseness and Salt Shaker, Acrylic",Home & Kitchen > Kitchen & Dining > Kitchen Utensils & Gadgets > Seasoning & Spice Tools > Salt & Pepper > Salt & Pepper Mill Sets,US,12.99,3.64,1.04,4.47,0.15,439.0,394.0,3.8,0.55,10000,1.0,20.0,50,25.0,20.0,20.0,75,35,65.0,B,"observed:price,sales,reviews,rating,fba_fee; estimated:search_volume,cpc",estimated_default_costs,Imported from Sorftime; ASIN B07QQX4CBL; brand LHS
category:Salt & Pepper Mill Sets,15850261,Salt & Pepper Mill Sets,Home & Kitchen > Kitchen & Dining > Kitchen Utensils & Gadgets > Seasoning & Spice Tools > Salt & Pepper > Salt & Pepper Mill Sets,B0CKLXSCVS,,"(Gold,2PCS) Salt, Pepper Modern Manual Grinder Set with Solid Handle - Stainless Steel Juego de Molinillo Dorado/Antique Faucet Shakers | Refillable Adjustable Coarseness Mill for BBQ Restaurant, Home",Home & Kitchen > Kitchen & Dining > Kitchen Utensils & Gadgets > Seasoning & Spice Tools > Salt & Pepper > Salt & Pepper Mill Sets,US,34.99,9.8,2.8,5.74,0.15,352.0,131.0,4.6,0.55,10000,1.0,20.0,50,25.0,20.0,20.0,75,35,65.0,B,"observed:price,sales,reviews,rating,fba_fee; estimated:search_volume,cpc",estimated_default_costs,Imported from Sorftime; ASIN B0CKLXSCVS; brand Marsrut
category:Salt & Pepper Mill Sets,15850261,Salt & Pepper Mill Sets,Home & Kitchen > Kitchen & Dining > Kitchen Utensils & Gadgets > Seasoning & Spice Tools > Salt & Pepper > Salt & Pepper Mill Sets,B0DSDZC8Y8,,"Wooden Salt and Pepper Mill Set with Tray,Wood Color,8 Inch",Home & Kitchen > Kitchen & Dining > Kitchen Utensils & Gadgets > Seasoning & Spice Tools > Salt & Pepper > Salt & Pepper Mill Sets,US,29.99,8.4,2.4,6.32,0.15,314.0,122.0,4.1,0.55,10000,1.0,20.0,50,25.0,20.0,20.0,75,35,65.0,B,"observed:price,sales,reviews,rating,fba_fee; estimated:search_volume,cpc",estimated_default_costs,Imported from Sorftime; ASIN B0DSDZC8Y8; brand LOYIM
category:Salt & Pepper Shaker Sets,15850301,Salt & Pepper Shaker Sets,Home & Kitchen > Kitchen & Dining > Kitchen Utensils & Gadgets > Seasoning & Spice Tools > Salt & Pepper > Salt & Pepper Shaker Sets,B09YHYR413,,"Salt and Pepper Shakers Set with Adjustable Pour Holes - Stainless Steel Spice Dispenser - Perfect for Pink Himalayan, Table Salt, Black and White Pepper",Home & Kitchen > Kitchen & Dining > Kitchen Utensils & Gadgets > Seasoning & Spice Tools > Salt & Pepper > Salt & Pepper Shaker Sets,US,12.98,3.63,1.04,4.89,0.15,1072.0,1706.0,4.5,0.55,10000,1.0,20.0,50,25.0,20.0,20.0,75,35,65.0,B,"observed:price,sales,reviews,rating,fba_fee; estimated:search_volume,cpc",estimated_default_costs,Imported from Sorftime; ASIN B09YHYR413; brand Kitchen-GO
category:Salt & Pepper Shaker Sets,15850301,Salt & Pepper Shaker Sets,Home & Kitchen > Kitchen & Dining > Kitchen Utensils & Gadgets > Seasoning & Spice Tools > Salt & Pepper > Salt & Pepper Shaker Sets,B0CPT9VYHT,,"Disposable Plastic Salt and Pepper Shakers by Global Basics - Shaker Sets for Parties, Restaurants, Picnics, Cookouts - Prefilled Salt and Pepper Shakers with 4oz. Salt, 1.5oz. Pepper - 12-Pack",Home & Kitchen > Kitchen & Dining > Kitchen Utensils & Gadgets > Seasoning & Spice Tools > Salt & Pepper > Salt & Pepper Shaker Sets,US,29.95,8.39,2.4,8.51,0.15,538.0,252.0,4.6,0.55,10000,1.0,20.0,50,25.0,20.0,20.0,75,35,65.0,B,"observed:price,sales,reviews,rating,fba_fee; estimated:search_volume,cpc",estimated_default_costs,Imported from Sorftime; ASIN B0CPT9VYHT; brand GLOBAL BASICS
category:Salt & Pepper Shaker Sets,15850301,Salt & Pepper Shaker Sets,Home & Kitchen > Kitchen & Dining > Kitchen Utensils & Gadgets > Seasoning & Spice Tools > Salt & Pepper > Salt & Pepper Shaker Sets,B0BX7GDVZJ,,CUSINIUM 10oz Stainless Steel Salt Pepper Dredge Shakers - With Plastic Cap - With Handle - Pack of 4,Home & Kitchen > Kitchen & Dining > Kitchen Utensils & Gadgets > Seasoning & Spice Tools > Salt & Pepper > Salt & Pepper Shaker Sets,US,17.99,5.04,1.44,5.35,0.15,394.0,557.0,4.4,0.55,10000,1.0,20.0,50,25.0,20.0,20.0,75,35,65.0,B,"observed:price,sales,reviews,rating,fba_fee; estimated:search_volume,cpc",estimated_default_costs,Imported from Sorftime; ASIN B0BX7GDVZJ; brand CUSINIUM
category:Salt & Pepper Shaker Sets,15850301,Salt & Pepper Shaker Sets,Home & Kitchen > Kitchen & Dining > Kitchen Utensils & Gadgets > Seasoning & Spice Tools > Salt & Pepper > Salt & Pepper Shaker Sets,B00644UVFA,,Acacia Wood Salt & Pepper Shakers 4 inch Tall,Home & Kitchen > Kitchen & Dining > Kitchen Utensils & Gadgets > Seasoning & Spice Tools > Salt & Pepper > Salt & Pepper Shaker Sets,US,14.99,4.2,1.2,4.17,0.15,389.0,405.0,4.3,0.55,10000,1.0,20.0,50,25.0,20.0,20.0,75,35,65.0,B,"observed:price,sales,reviews,rating,fba_fee; estimated:search_volume,cpc",estimated_default_costs,Imported from Sorftime; ASIN B00644UVFA; brand Dycica
category:Salt & Pepper Shaker Sets,15850301,Salt & Pepper Shaker Sets,Home & Kitchen > Kitchen & Dining > Kitchen Utensils & Gadgets > Seasoning & Spice Tools > Salt & Pepper > Salt & Pepper Shaker Sets,B01MZCTBPP,,Mud Pie Sailboat Salt and Pepper Shaker Set,Home & Kitchen > Kitchen & Dining > Kitchen Utensils & Gadgets > Seasoning & Spice Tools > Salt & Pepper > Salt & Pepper Shaker Sets,US,17.71,4.96,1.42,5.36,0.15,373.0,631.0,4.6,0.55,10000,1.0,20.0,50,25.0,20.0,20.0,75,35,65.0,B,"observed:price,sales,reviews,rating,fba_fee; estimated:search_volume,cpc",estimated_default_costs,Imported from Sorftime; ASIN B01MZCTBPP; brand Mud Pie
category:Salt & Pepper Shaker Sets,15850301,Salt & Pepper Shaker Sets,Home & Kitchen > Kitchen & Dining > Kitchen Utensils & Gadgets > Seasoning & Spice Tools > Salt & Pepper > Salt & Pepper Shaker Sets,B089XVH987,,Mud Pie Marble Salt And Pepper Set | Salt and Pepper Shakers,Home & Kitchen > Kitchen & Dining > Kitchen Utensils & Gadgets > Seasoning & Spice Tools > Salt & Pepper > Salt & Pepper Shaker Sets,US,15.98,4.47,1.28,5.72,0.15,346.0,417.0,4.5,0.55,10000,1.0,20.0,50,25.0,20.0,20.0,75,35,65.0,B,"observed:price,sales,reviews,rating,fba_fee; estimated:search_volume,cpc",estimated_default_costs,Imported from Sorftime; ASIN B089XVH987; brand Mud Pie
category:Salt & Pepper Shaker Sets,15850301,Salt & Pepper Shaker Sets,Home & Kitchen > Kitchen & Dining > Kitchen Utensils & Gadgets > Seasoning & Spice Tools > Salt & Pepper > Salt & Pepper Shaker Sets,B0CQ8N3FR9,,"12 Oz Parmesan Cheese Shaker/salt and pepper shakers with Stainless Steel Lid, Clear Plastic seasoning shaker, sugar/spice dispenser, large salt and pepper shakers (360 ml) by GEEX DEPOT (2, 12 Oz)",Home & Kitchen > Kitchen & Dining > Kitchen Utensils & Gadgets > Seasoning & Spice Tools > Salt & Pepper > Salt & Pepper Shaker Sets,US,12.94,3.62,1.04,4.81,0.15,260.0,143.0,4.1,0.55,10000,1.0,20.0,50,25.0,20.0,20.0,75,35,65.0,B,"observed:price,sales,reviews,rating,fba_fee; estimated:search_volume,cpc",estimated_default_costs,Imported from Sorftime; ASIN B0CQ8N3FR9; brand GEEX DEPOT
category:Salt Mills,15850271,Salt Mills,Home & Kitchen > Kitchen & Dining > Kitchen Utensils & Gadgets > Seasoning & Spice Tools > Salt & Pepper > Salt Mills,B0FXNT68Y3,,"Cole & Mason Derwent Salt Grinder, 7.5“ Salt Mill, Matte Black | Mill Includes Gourmet Precision Mechanism and Premium Sea Salt Mill, Matt Black",Home & Kitchen > Kitchen & Dining > Kitchen Utensils & Gadgets > Seasoning & Spice Tools > Salt & Pepper > Salt Mills,US,59.95,16.79,4.8,4.46,0.15,3022.0,1425.0,4.5,0.55,10000,1.0,20.0,50,25.0,20.0,20.0,75,35,65.0,B,"observed:price,sales,reviews,rating,fba_fee; estimated:search_volume,cpc",estimated_default_costs,Imported from Sorftime; ASIN B0FXNT68Y3; brand Cole & Mason
category:Salt Mills,15850271,Salt Mills,Home & Kitchen > Kitchen & Dining > Kitchen Utensils & Gadgets > Seasoning & Spice Tools > Salt & Pepper > Salt Mills,B0968DH592,,"Alexander Home Original Greek Salt Mill, 8-Inch Brass – European Manual Salt Grinder Refillable",Home & Kitchen > Kitchen & Dining > Kitchen Utensils & Gadgets > Seasoning & Spice Tools > Salt & Pepper > Salt Mills,US,62.99,17.64,5.04,4.88,0.15,1614.0,268.0,4.5,0.55,10000,1.0,20.0,50,25.0,20.0,20.0,75,35,65.0,B,"observed:price,sales,reviews,rating,fba_fee; estimated:search_volume,cpc",estimated_default_costs,Imported from Sorftime; ASIN B0968DH592; brand Alexander Home
category:Salt Mills,15850271,Salt Mills,Home & Kitchen > Kitchen & Dining > Kitchen Utensils & Gadgets > Seasoning & Spice Tools > Salt & Pepper > Salt Mills,B0BXFPJJC2,,"Alexander Home Original Greek Salt Mill, 8-Inch Brass– European Manual Salt Grinder Refillable",Home & Kitchen > Kitchen & Dining > Kitchen Utensils & Gadgets > Seasoning & Spice Tools > Salt & Pepper > Salt Mills,US,69.9,19.57,5.59,4.88,0.15,493.0,128.0,4.5,0.55,10000,1.0,20.0,50,25.0,20.0,20.0,75,35,65.0,B,"observed:price,sales,reviews,rating,fba_fee; estimated:search_volume,cpc",estimated_default_costs,Imported from Sorftime; ASIN B0BXFPJJC2; brand Alexander Home
category:Salt Mills,15850271,Salt Mills,Home & Kitchen > Kitchen & Dining > Kitchen Utensils & Gadgets > Seasoning & Spice Tools > Salt & Pepper > Salt Mills,B07YXBMS2J,,Eparé 2 in 1 Salt and Pepper Grinder Combo - Manual Dual Peppermill in One,Home & Kitchen > Kitchen & Dining > Kitchen Utensils & Gadgets > Seasoning & Spice Tools > Salt & Pepper > Salt Mills,US,27.95,7.83,2.24,4.45,0.15,257.0,1320.0,4.3,0.55,10000,1.0,20.0,50,25.0,20.0,20.0,75,35,65.0,B,"observed:price,sales,reviews,rating,fba_fee; estimated:search_volume,cpc",estimated_default_costs,Imported from Sorftime; ASIN B07YXBMS2J; brand Eparé
category:Salt Mills,15850271,Salt Mills,Home & Kitchen > Kitchen & Dining > Kitchen Utensils & Gadgets > Seasoning & Spice Tools > Salt & Pepper > Salt Mills,B00IDY8RNC,,"Kuhn Rikon Vase Grinder, Mini, Red",Home & Kitchen > Kitchen & Dining > Kitchen Utensils & Gadgets > Seasoning & Spice Tools > Salt & Pepper > Salt Mills,US,21.85,6.12,1.75,4.46,0.15,217.0,690.0,4.0,0.55,10000,1.0,20.0,50,25.0,20.0,20.0,75,35,65.0,B,"observed:price,sales,reviews,rating,fba_fee; estimated:search_volume,cpc",estimated_default_costs,Imported from Sorftime; ASIN B00IDY8RNC; brand Kuhn Rikon
category:Salt Shakers,15850311,Salt Shakers,Home & Kitchen > Kitchen & Dining > Kitchen Utensils & Gadgets > Seasoning & Spice Tools > Salt & Pepper > Salt Shakers,B0CYT1Z96L,,"Farmhouse Salt and Pepper Shakers with Adjustable Pour Holes, Refillable Salt Shaker by Aelga, Ideal for Himalayan, Kosher, Black and White Pepper",Home & Kitchen > Kitchen & Dining > Kitchen Utensils & Gadgets > Seasoning & Spice Tools > Salt & Pepper > Salt Shakers,US,14.99,4.2,1.2,4.89,0.15,1060.0,823.0,4.6,0.55,10000,1.0,20.0,50,25.0,20.0,20.0,75,35,65.0,B,"observed:price,sales,reviews,rating,fba_fee; estimated:search_volume,cpc",estimated_default_costs,Imported from Sorftime; ASIN B0CYT1Z96L; brand Aelga
category:Salt Shakers,15850311,Salt Shakers,Home & Kitchen > Kitchen & Dining > Kitchen Utensils & Gadgets > Seasoning & Spice Tools > Salt & Pepper > Salt Shakers,B0C3RQ51N6,,"Salt and Pepper Shakers Set with Adjustable Pour Holes - Stainless Steel Spice Dispenser - Perfect for Pink Himalayan, Table Salt, Black and White Pepper (2.4 oz) - set of 2",Home & Kitchen > Kitchen & Dining > Kitchen Utensils & Gadgets > Seasoning & Spice Tools > Salt & Pepper > Salt Shakers,US,13.81,3.87,1.1,4.45,0.15,224.0,636.0,4.6,0.55,10000,1.0,20.0,50,25.0,20.0,20.0,75,35,65.0,B,"observed:price,sales,reviews,rating,fba_fee; estimated:search_volume,cpc",estimated_default_costs,Imported from Sorftime; ASIN B0C3RQ51N6; brand Kitchen-GO
category:Index Card Storage,12900921,Index Card Storage,Office Products > Office Supplies > Education & Crafts > Filing Products > Index Card Filing > Index Card Storage,B0DGQCB7NQ,,"H4D Index Card Holder 3x5, Index Card Box Organizer, 3 Pack, Pastel Colors",Office Products > Office Supplies > Education & Crafts > Filing Products > Index Card Filing > Index Card Storage,US,12.99,3.64,1.04,5.77,0.15,2300.0,921.0,4.6,0.55,10000,1.0,20.0,50,25.0,20.0,20.0,75,35,65.0,B,"observed:price,sales,reviews,rating,fba_fee; estimated:search_volume,cpc",estimated_default_costs,Imported from Sorftime; ASIN B0DGQCB7NQ; brand H4D
category:Index Card Storage,12900921,Index Card Storage,Office Products > Office Supplies > Education & Crafts > Filing Products > Index Card Filing > Index Card Storage,B00NU7OIHQ,,"Super Stacker Small Index Card Sized Box, 4x6 in, 1 Count",Office Products > Office Supplies > Education & Crafts > Filing Products > Index Card Filing > Index Card Storage,US,19.99,5.6,1.6,3.6,0.15,1060.0,1595.0,4.3,0.55,10000,1.0,20.0,50,25.0,20.0,20.0,50,20,42.5,C,"observed:sales,reviews,rating; estimated:price,fba_fee,search_volume,cpc",estimated_default_costs,Imported from Sorftime; ASIN B00NU7OIHQ; brand Super Stacker
category:Index Card Storage,12900921,Index Card Storage,Office Products > Office Supplies > Education & Crafts > Filing Products > Index Card Filing > Index Card Storage,B0D5LLC68G,,"Olivo Index Card Holder Box 3x5 Flash Note Card Organizer, Colored, 4 Pack",Office Products > Office Supplies > Education & Crafts > Filing Products > Index Card Filing > Index Card Storage,US,12.99,3.64,1.04,6.22,0.15,808.0,231.0,4.5,0.55,10000,1.0,20.0,50,25.0,20.0,20.0,75,35,65.0,B,"observed:price,sales,reviews,rating,fba_fee; estimated:search_volume,cpc",estimated_default_costs,Imported from Sorftime; ASIN B0D5LLC68G; brand Olivo
category:Index Card Storage,12900921,Index Card Storage,Office Products > Office Supplies > Education & Crafts > Filing Products > Index Card Filing > Index Card Storage,B0H4V84RTQ,,"Card Binder 4-Pocket Trading Album, 50 Removable Sleeves, 400 Cards",Office Products > Office Supplies > Education & Crafts > Filing Products > Index Card Filing > Index Card Storage,US,14.99,4.2,1.2,4.58,0.15,684.0,9.0,4.2,0.55,10000,1.0,20.0,50,25.0,20.0,20.0,75,35,65.0,B,"observed:price,sales,reviews,rating,fba_fee; estimated:search_volume,cpc",estimated_default_costs,Imported from Sorftime; ASIN B0H4V84RTQ; brand GANDATA
category:Index Card Storage,12900921,Index Card Storage,Office Products > Office Supplies > Education & Crafts > Filing Products > Index Card Filing > Index Card Storage,B0H6JRCGKZ,,"DRASTAR Index Card Holder, 3x5 Index Card Box, Wooden Index Card Organizer with 45 Dividers, Flashcard Notecard Holders for Home Office, Bamboo",Office Products > Office Supplies > Education & Crafts > Filing Products > Index Card Filing > Index Card Storage,US,16.98,4.75,1.36,3.68,0.15,517.0,235.0,4.5,0.55,10000,1.0,20.0,50,25.0,20.0,20.0,75,35,65.0,B,"observed:price,sales,reviews,rating,fba_fee; estimated:search_volume,cpc",estimated_default_costs,Imported from Sorftime; ASIN B0H6JRCGKZ; brand DRASTAR
category:Index Card Storage,12900921,Index Card Storage,Office Products > Office Supplies > Education & Crafts > Filing Products > Index Card Filing > Index Card Storage,B0CKTD45Q7,,"DOFFICE Greeting Card Organizer Box, Khaki, 1 Pack | Foldable, 16 Adjustable Dividers, 84 Self-stick Labels, Store 120+ Cards Photos Envelopes Postcards Stickers",Office Products > Office Supplies > Education & Crafts > Filing Products > Index Card Filing > Index Card Storage,US,17.99,5.04,1.44,5.75,0.15,451.0,514.0,4.6,0.55,10000,1.0,20.0,50,25.0,20.0,20.0,75,35,65.0,B,"observed:price,sales,reviews,rating,fba_fee; estimated:search_volume,cpc",estimated_default_costs,Imported from Sorftime; ASIN B0CKTD45Q7; brand DOFFICE
category:Index Card Storage,12900921,Index Card Storage,Office Products > Office Supplies > Education & Crafts > Filing Products > Index Card Filing > Index Card Storage,B0F43M47C5,,AmazingSpark 2 Pack 3‘‘ x 5‘‘ Index Card Holder Sleeve 16 Slot Plastic Organizer Hanging Wall Mount Business Note Cardholder PVC Clear Organizer Pocket for Classroom Office Library Home (Black),Office Products > Office Supplies > Education & Crafts > Filing Products > Index Card Filing > Index Card Storage,US,14.99,4.2,1.2,3.67,0.15,442.0,53.0,4.5,0.55,10000,1.0,20.0,50,25.0,20.0,20.0,75,35,65.0,B,"observed:price,sales,reviews,rating,fba_fee; estimated:search_volume,cpc",estimated_default_costs,Imported from Sorftime; ASIN B0F43M47C5; brand AmazingSpark
category:Index Card Storage,12900921,Index Card Storage,Office Products > Office Supplies > Education & Crafts > Filing Products > Index Card Filing > Index Card Storage,B0F8QNHQ7K,,"Outus 30 Pcs Self Adhesive Shop Ticket Holders, 5 x 8 Inch | Self Adhesive Sleeves for Work Orders, Panel Schedule Protectors, Label Holder Pockets for Office Classroom, Back to School",Office Products > Office Supplies > Education & Crafts > Filing Products > Index Card Filing > Index Card Storage,US,13.95,3.91,1.12,3.9,0.15,367.0,84.0,4.5,0.55,10000,1.0,20.0,50,25.0,20.0,20.0,75,35,65.0,B,"observed:price,sales,reviews,rating,fba_fee; estimated:search_volume,cpc",estimated_default_costs,Imported from Sorftime; ASIN B0F8QNHQ7K; brand Outus
category:Index Card Storage,12900921,Index Card Storage,Office Products > Office Supplies > Education & Crafts > Filing Products > Index Card Filing > Index Card Storage,B0GXD9CJJG,,3x5 Index Card Box Wooden Origanizer Recipe Card Holder Set with Dividers,Office Products > Office Supplies > Education & Crafts > Filing Products > Index Card Filing > Index Card Storage,US,12.89,3.61,1.03,5.74,0.15,308.0,22.0,3.9,0.55,10000,1.0,20.0,50,25.0,20.0,20.0,75,35,65.0,B,"observed:price,sales,reviews,rating,fba_fee; estimated:search_volume,cpc",estimated_default_costs,Imported from Sorftime; ASIN B0GXD9CJJG; brand BESARME
category:Index Card Storage,12900921,Index Card Storage,Office Products > Office Supplies > Education & Crafts > Filing Products > Index Card Filing > Index Card Storage,B0BVZK3ZX5,,"JUNDUN Index Card Holder with 48 Pieces 3x5 Inch Index Card Dividers | Collapsible Fireproof Index Card Box with Lock fits 1200 3x5-Inch Flash Cards - Business, or Note Card Storage Boxes - Black",Office Products > Office Supplies > Education & Crafts > Filing Products > Index Card Filing > Index Card Storage,US,25.99,7.28,2.08,5.37,0.15,279.0,57.0,4.6,0.55,10000,1.0,20.0,50,25.0,20.0,20.0,75,35,65.0,B,"observed:price,sales,reviews,rating,fba_fee; estimated:search_volume,cpc",estimated_default_costs,Imported from Sorftime; ASIN B0BVZK3ZX5; brand JUNDUN
category:Index Card Storage,12900921,Index Card Storage,Office Products > Office Supplies > Education & Crafts > Filing Products > Index Card Filing > Index Card Storage,B0DSC8JN9T,,DLUGOPIS 3x5 Index Cards Holder Wood Index Card Organizer Box Flash Card Holder Recipe Cards Holder with Drawer 30 Pcs Vintage Library Cards 5 Kraft Dividers For Gifts Cards Home Office,Office Products > Office Supplies > Education & Crafts > Filing Products > Index Card Filing > Index Card Storage,US,22.99,6.44,1.84,6.55,0.15,258.0,93.0,4.4,0.55,10000,1.0,20.0,50,25.0,20.0,20.0,75,35,65.0,B,"observed:price,sales,reviews,rating,fba_fee; estimated:search_volume,cpc",estimated_default_costs,Imported from Sorftime; ASIN B0DSC8JN9T; brand DLUGOPIS
category:Index Card Storage,12900921,Index Card Storage,Office Products > Office Supplies > Education & Crafts > Filing Products > Index Card Filing > Index Card Storage,B0FV7R92LC,,"3x5 Index Card Binder - Portable Card Book with 50 Sheets Plastic Sleeves for Index Card Organizer, Note Cards, Flash Cards Stores up to 200 Cards",Office Products > Office Supplies > Education & Crafts > Filing Products > Index Card Filing > Index Card Storage,US,12.98,3.63,1.04,5.32,0.15,226.0,25.0,4.6,0.55,10000,1.0,20.0,50,25.0,20.0,20.0,75,35,65.0,B,"observed:price,sales,reviews,rating,fba_fee; estimated:search_volume,cpc",estimated_default_costs,Imported from Sorftime; ASIN B0FV7R92LC; brand MZYOUHUO
category:Open Fire Cookware,3400591,Open Fire Cookware,Sports & Outdoors > Outdoor Recreation > Camping & Hiking > Camp Kitchen > Camping Cookware > Open Fire Cookware,B0D2KF98MC,,"THTYBROS 17pcs Camping Cookware Mess Kit,for Camping,Backpacking,Picnic",Sports & Outdoors > Outdoor Recreation > Camping & Hiking > Camp Kitchen > Camping Cookware > Open Fire Cookware,US,35.99,10.08,2.88,6.61,0.15,4067.0,1156.0,4.4,0.55,10000,1.0,20.0,50,25.0,20.0,20.0,75,35,65.0,B,"observed:price,sales,reviews,rating,fba_fee; estimated:search_volume,cpc",estimated_default_costs,Imported from Sorftime; ASIN B0D2KF98MC; brand THTYBROS
category:Open Fire Cookware,3400591,Open Fire Cookware,Sports & Outdoors > Outdoor Recreation > Camping & Hiking > Camp Kitchen > Camping Cookware > Open Fire Cookware,B0BQQ4G4XF,,"Odoland 15pcs Camping Cookware Mess Kit, Lightweight Pot Fry Pan Set | Hard Anodized Aluminum, for Backpacking, Hiking, Outdoor Cooking, Pot Pan Set, Heat Resistant Handle Drain Holes",Sports & Outdoors > Outdoor Recreation > Camping & Hiking > Camp Kitchen > Camping Cookware > Open Fire Cookware,US,25.99,7.28,2.08,6.38,0.15,592.0,376.0,4.4,0.55,10000,1.0,20.0,50,25.0,20.0,20.0,75,35,65.0,B,"observed:price,sales,reviews,rating,fba_fee; estimated:search_volume,cpc",estimated_default_costs,Imported from Sorftime; ASIN B0BQQ4G4XF; brand Odoland
category:Open Fire Cookware,3400591,Open Fire Cookware,Sports & Outdoors > Outdoor Recreation > Camping & Hiking > Camp Kitchen > Camping Cookware > Open Fire Cookware,B0822KRNCW,,"Odoland 15pcs Camping Cookware Mess Kit, Lightweight Pot Pan Kettle Set",Sports & Outdoors > Outdoor Recreation > Camping & Hiking > Camp Kitchen > Camping Cookware > Open Fire Cookware,US,39.99,11.2,3.2,6.57,0.15,460.0,2152.0,4.4,0.55,10000,1.0,20.0,50,25.0,20.0,20.0,75,35,65.0,B,"observed:price,sales,reviews,rating,fba_fee; estimated:search_volume,cpc",estimated_default_costs,Imported from Sorftime; ASIN B0822KRNCW; brand Odoland
category:Open Fire Cookware,3400591,Open Fire Cookware,Sports & Outdoors > Outdoor Recreation > Camping & Hiking > Camp Kitchen > Camping Cookware > Open Fire Cookware,B07TB8CDN8,,"Odoland 16pcs Camping Cookware Mess Kit, Lightweight Pot Pan Mini Stove with 2 Cups, Fork Spoon Kits for Backpacking, Outdoor Camping Hiking and Picnic",Sports & Outdoors > Outdoor Recreation > Camping & Hiking > Camp Kitchen > Camping Cookware > Open Fire Cookware,US,34.99,9.8,2.8,6.34,0.15,266.0,1553.0,4.6,0.55,10000,1.0,20.0,50,25.0,20.0,20.0,75,35,65.0,B,"observed:price,sales,reviews,rating,fba_fee; estimated:search_volume,cpc",estimated_default_costs,Imported from Sorftime; ASIN B07TB8CDN8; brand Odoland
category:Open Fire Cookware,3400591,Open Fire Cookware,Sports & Outdoors > Outdoor Recreation > Camping & Hiking > Camp Kitchen > Camping Cookware > Open Fire Cookware,B0FRGLJS81,,"Coghlan‘s Cast Iron Camp Cooker - Pre-Seasoned Pie Iron Sandwich Maker with Heat-Resistant, Removable Handles, Easy-to-Clean for Toasted Pies, Grilled Sandwiches, and Meats, For Campfire Cooking",Sports & Outdoors > Outdoor Recreation > Camping & Hiking > Camp Kitchen > Camping Cookware > Open Fire Cookware,US,38.99,10.92,3.12,11.91,0.15,256.0,23.0,4.4,0.55,10000,1.0,20.0,50,25.0,20.0,20.0,75,35,65.0,B,"observed:price,sales,reviews,rating,fba_fee; estimated:search_volume,cpc",estimated_default_costs,Imported from Sorftime; ASIN B0FRGLJS81; brand Coghlan’s
category:Open Fire Cookware,3400591,Open Fire Cookware,Sports & Outdoors > Outdoor Recreation > Camping & Hiking > Camp Kitchen > Camping Cookware > Open Fire Cookware,B0CR4W66C3,,"Odoland Camping Pots with Heat Exchanger Camping Cooking Set with Portable Camping Stove Camping Mess Kit Include Mug, Folding Utensil Set, Canister Stabilizer for Backpacking Outdoor Hiking & Picnic",Sports & Outdoors > Outdoor Recreation > Camping & Hiking > Camp Kitchen > Camping Cookware > Open Fire Cookware,US,40.99,11.48,3.28,5.94,0.15,241.0,250.0,4.6,0.55,10000,1.0,20.0,50,25.0,20.0,20.0,75,35,65.0,B,"observed:price,sales,reviews,rating,fba_fee; estimated:search_volume,cpc",estimated_default_costs,Imported from Sorftime; ASIN B0CR4W66C3; brand Odoland
"category:Pots, Pans & Griddles",3258961011,"Pots, Pans & Griddles","Sports & Outdoors > Outdoor Recreation > Camping & Hiking > Camp Kitchen > Camping Cookware > Pots, Pans & Griddles",B0CWVB2CRT,,"Fire-Maple Petrel G3 Ultralight Camping Pot, Foldable Handle, 600ml | Fast Boil, Heatproof & Locking Handle, Steam Ventilation Lid, Hard Anodized Aluminum, Nest a 100/110g Canister, 162g","Sports & Outdoors > Outdoor Recreation > Camping & Hiking > Camp Kitchen > Camping Cookware > Pots, Pans & Griddles",US,21.25,5.95,1.7,4.89,0.15,1655.0,819.0,4.6,0.55,10000,1.0,20.0,50,25.0,20.0,20.0,75,35,65.0,B,"observed:price,sales,reviews,rating,fba_fee; estimated:search_volume,cpc",estimated_default_costs,Imported from Sorftime; ASIN B0CWVB2CRT; brand Fire-Maple
"category:Pots, Pans & Griddles",3258961011,"Pots, Pans & Griddles","Sports & Outdoors > Outdoor Recreation > Camping & Hiking > Camp Kitchen > Camping Cookware > Pots, Pans & Griddles",B0F8B9FG3J,,"THTYBROS 27pcs Camping Cooking Set for 2-4 People, Portable Cookware Set with Kettle, Pots & Pans, Stainless Steel Utensils, Plates, Dishware for Backpacking, Picnic, Outdoor Adventures","Sports & Outdoors > Outdoor Recreation > Camping & Hiking > Camp Kitchen > Camping Cookware > Pots, Pans & Griddles",US,49.99,14.0,4.0,8.06,0.15,679.0,281.0,4.3,0.55,10000,1.0,20.0,50,25.0,20.0,20.0,75,35,65.0,B,"observed:price,sales,reviews,rating,fba_fee; estimated:search_volume,cpc",estimated_default_costs,Imported from Sorftime; ASIN B0F8B9FG3J; brand THTYBROS
"category:Pots, Pans & Griddles",3258961011,"Pots, Pans & Griddles","Sports & Outdoors > Outdoor Recreation > Camping & Hiking > Camp Kitchen > Camping Cookware > Pots, Pans & Griddles",B0DCSB3M9B,,"Camping Cookware Kit Backpacking, 0.33Gal Pots and 0.17Gal Pans Set,0.08Gal SUS304 Cup, Forks Knives Spoons for Hiking,Camping,Outdoor Cooking,Picnic,Solo Camping cookware","Sports & Outdoors > Outdoor Recreation > Camping & Hiking > Camp Kitchen > Camping Cookware > Pots, Pans & Griddles",US,19.99,5.6,1.6,5.94,0.15,581.0,265.0,4.6,0.55,10000,1.0,20.0,50,25.0,20.0,20.0,75,35,65.0,B,"observed:price,sales,reviews,rating,fba_fee; estimated:search_volume,cpc",estimated_default_costs,Imported from Sorftime; ASIN B0DCSB3M9B; brand THTYBROS
"category:Pots, Pans & Griddles",3258961011,"Pots, Pans & Griddles","Sports & Outdoors > Outdoor Recreation > Camping & Hiking > Camp Kitchen > Camping Cookware > Pots, Pans & Griddles",B0C65D5R8Y,,"Odoland 10pcs Camping Cookware Camping Pots and Pans Set with Kettle Plastic Bowls and Soup Spoon for Camping, Backpacking, Outdoor Cooking and Picnic","Sports & Outdoors > Outdoor Recreation > Camping & Hiking > Camp Kitchen > Camping Cookware > Pots, Pans & Griddles",US,26.99,7.56,2.16,6.21,0.15,456.0,978.0,4.4,0.55,10000,1.0,20.0,50,25.0,20.0,20.0,75,35,65.0,B,"observed:price,sales,reviews,rating,fba_fee; estimated:search_volume,cpc",estimated_default_costs,Imported from Sorftime; ASIN B0C65D5R8Y; brand Odoland
"category:Pots, Pans & Griddles",3258961011,"Pots, Pans & Griddles","Sports & Outdoors > Outdoor Recreation > Camping & Hiking > Camp Kitchen > Camping Cookware > Pots, Pans & Griddles",B0881TY15G,,"Luxtude Collapsible Bucket with Handle, Portable 5 Gallon Bucket for Camping, Fishing, Beach, Gardening, RV & Outdoor Emergency, Heavy-Duty & Ultra Lightweight Water Storage Container","Sports & Outdoors > Outdoor Recreation > Camping & Hiking > Camp Kitchen > Camping Cookware > Pots, Pans & Griddles",US,13.99,3.92,1.12,4.46,0.15,407.0,1210.0,4.5,0.55,10000,1.0,20.0,50,25.0,20.0,20.0,75,35,65.0,B,"observed:price,sales,reviews,rating,fba_fee; estimated:search_volume,cpc",estimated_default_costs,Imported from Sorftime; ASIN B0881TY15G; brand Luxtude
"category:Pots, Pans & Griddles",3258961011,"Pots, Pans & Griddles","Sports & Outdoors > Outdoor Recreation > Camping & Hiking > Camp Kitchen > Camping Cookware > Pots, Pans & Griddles",B082KHK2XH,,ALOCS Camping Cookware Set Camping Gear Compact Camping Pots and Pans Set,"Sports & Outdoors > Outdoor Recreation > Camping & Hiking > Camp Kitchen > Camping Cookware > Pots, Pans & Griddles",US,45.99,12.88,3.68,6.59,0.15,399.0,1393.0,4.5,0.55,10000,1.0,20.0,50,25.0,20.0,20.0,75,35,65.0,B,"observed:price,sales,reviews,rating,fba_fee; estimated:search_volume,cpc",estimated_default_costs,Imported from Sorftime; ASIN B082KHK2XH; brand ALOCS
"category:Pots, Pans & Griddles",3258961011,"Pots, Pans & Griddles","Sports & Outdoors > Outdoor Recreation > Camping & Hiking > Camp Kitchen > Camping Cookware > Pots, Pans & Griddles",B09MZ6NW6Y,,"Odoland 8pcs Camping Cookware Mess Kit, Camping Pot and Pan Set with Mini Backpacking Stove, Stainless Steel Cup, Spork and Tank Bracket, Cooking Gear for Outdoor, Hiking, Picnic, Campfire","Sports & Outdoors > Outdoor Recreation > Camping & Hiking > Camp Kitchen > Camping Cookware > Pots, Pans & Griddles",US,26.99,7.56,2.16,5.76,0.15,388.0,764.0,4.5,0.55,10000,1.0,20.0,50,25.0,20.0,20.0,75,35,65.0,B,"observed:price,sales,reviews,rating,fba_fee; estimated:search_volume,cpc",estimated_default_costs,Imported from Sorftime; ASIN B09MZ6NW6Y; brand Odoland
"category:Pots, Pans & Griddles",3258961011,"Pots, Pans & Griddles","Sports & Outdoors > Outdoor Recreation > Camping & Hiking > Camp Kitchen > Camping Cookware > Pots, Pans & Griddles",B09C5WN6TZ,,"Fire-Maple 7.6 Inch Camping Frying Pan Portable Nonstick Camping Skillet | Hard Anodized Aluminum with Nonstick Coating, Even Heating Thicker Base, Heat-resistant & Self-locking Handle, 9.2oz","Sports & Outdoors > Outdoor Recreation > Camping & Hiking > Camp Kitchen > Camping Cookware > Pots, Pans & Griddles",US,29.95,8.39,2.4,5.7,0.15,384.0,729.0,4.5,0.55,10000,1.0,20.0,50,25.0,20.0,20.0,75,35,65.0,B,"observed:price,sales,reviews,rating,fba_fee; estimated:search_volume,cpc",estimated_default_costs,Imported from Sorftime; ASIN B09C5WN6TZ; brand Fire-Maple
"category:Pots, Pans & Griddles",3258961011,"Pots, Pans & Griddles","Sports & Outdoors > Outdoor Recreation > Camping & Hiking > Camp Kitchen > Camping Cookware > Pots, Pans & Griddles",B0FS1JMDL8,,"Naturehike Camping Cookware Set Mess Kit for Backpacking Gear, Camp Cooking Set, Camping Pots and Pans Set for Outdoor Backpacking Camping Hiking Picnic","Sports & Outdoors > Outdoor Recreation > Camping & Hiking > Camp Kitchen > Camping Cookware > Pots, Pans & Griddles",US,24.99,7.0,2.0,6.2,0.15,337.0,39.0,4.5,0.55,10000,1.0,20.0,50,25.0,20.0,20.0,75,35,65.0,B,"observed:price,sales,reviews,rating,fba_fee; estimated:search_volume,cpc",estimated_default_costs,Imported from Sorftime; ASIN B0FS1JMDL8; brand Naturehike
"category:Pots, Pans & Griddles",3258961011,"Pots, Pans & Griddles","Sports & Outdoors > Outdoor Recreation > Camping & Hiking > Camp Kitchen > Camping Cookware > Pots, Pans & Griddles",B0DXTYKYK6,,"KingCamp Camping Cookware Set, 304 Stainless Steel Camping Pot for 4-6","Sports & Outdoors > Outdoor Recreation > Camping & Hiking > Camp Kitchen > Camping Cookware > Pots, Pans & Griddles",US,69.99,19.6,5.6,8.64,0.15,321.0,65.0,4.5,0.55,10000,1.0,20.0,50,25.0,20.0,20.0,75,35,65.0,B,"observed:price,sales,reviews,rating,fba_fee; estimated:search_volume,cpc",estimated_default_costs,Imported from Sorftime; ASIN B0DXTYKYK6; brand KingCamp
"category:Pots, Pans & Griddles",3258961011,"Pots, Pans & Griddles","Sports & Outdoors > Outdoor Recreation > Camping & Hiking > Camp Kitchen > Camping Cookware > Pots, Pans & Griddles",B019Z31RQS,,"BeGrit Stainless Steel Camping Cookware Pot and Pan Set for Backpacking | 1.72lbs 8-piece stainless steel camping cook set with folding handles. Includes pots, pan, plates & cups for 1-2 people","Sports & Outdoors > Outdoor Recreation > Camping & Hiking > Camp Kitchen > Camping Cookware > Pots, Pans & Griddles",US,22.99,6.44,1.84,6.2,0.15,298.0,1378.0,4.3,0.55,10000,1.0,20.0,50,25.0,20.0,20.0,75,35,65.0,B,"observed:price,sales,reviews,rating,fba_fee; estimated:search_volume,cpc",estimated_default_costs,Imported from Sorftime; ASIN B019Z31RQS; brand BeGrit
"category:Pots, Pans & Griddles",3258961011,"Pots, Pans & Griddles","Sports & Outdoors > Outdoor Recreation > Camping & Hiking > Camp Kitchen > Camping Cookware > Pots, Pans & Griddles",B0DD779YPQ,,ALOCS Camping Cookware Portable Non-Stick Mess Kit with Foldable Handle,"Sports & Outdoors > Outdoor Recreation > Camping & Hiking > Camp Kitchen > Camping Cookware > Pots, Pans & Griddles",US,63.99,17.92,5.12,7.73,0.15,288.0,169.0,4.4,0.55,10000,1.0,20.0,50,25.0,20.0,20.0,75,35,65.0,B,"observed:price,sales,reviews,rating,fba_fee; estimated:search_volume,cpc",estimated_default_costs,Imported from Sorftime; ASIN B0DD779YPQ; brand ALOCS
"category:Pots, Pans & Griddles",3258961011,"Pots, Pans & Griddles","Sports & Outdoors > Outdoor Recreation > Camping & Hiking > Camp Kitchen > Camping Cookware > Pots, Pans & Griddles",B0G5PS9GBQ,,"DINITHRON 10-Piece Camping Cookware Set with 2L Pot, 1.1L Kettle and Pan | Lightweight backpacking mess kit, durable hard-anodized aluminum fast heat transfer, compact nesting storage, fits 1-3 people","Sports & Outdoors > Outdoor Recreation > Camping & Hiking > Camp Kitchen > Camping Cookware > Pots, Pans & Griddles",US,23.99,6.72,1.92,6.22,0.15,274.0,65.0,4.1,0.55,10000,1.0,20.0,50,25.0,20.0,20.0,75,35,65.0,B,"observed:price,sales,reviews,rating,fba_fee; estimated:search_volume,cpc",estimated_default_costs,Imported from Sorftime; ASIN B0G5PS9GBQ; brand Dinithron
"category:Pots, Pans & Griddles",3258961011,"Pots, Pans & Griddles","Sports & Outdoors > Outdoor Recreation > Camping & Hiking > Camp Kitchen > Camping Cookware > Pots, Pans & Griddles",B0D4F8GFBZ,,BANCHELLE 2 PCS Collapsible Bucket with Handle for Indoor Outdoor,"Sports & Outdoors > Outdoor Recreation > Camping & Hiking > Camp Kitchen > Camping Cookware > Pots, Pans & Griddles",US,15.99,4.48,1.28,5.77,0.15,258.0,214.0,4.6,0.55,10000,1.0,20.0,50,25.0,20.0,20.0,75,35,65.0,B,"observed:price,sales,reviews,rating,fba_fee; estimated:search_volume,cpc",estimated_default_costs,Imported from Sorftime; ASIN B0D4F8GFBZ; brand BANCHELLE
"category:Pots, Pans & Griddles",3258961011,"Pots, Pans & Griddles","Sports & Outdoors > Outdoor Recreation > Camping & Hiking > Camp Kitchen > Camping Cookware > Pots, Pans & Griddles",B07L4HVTPS,,"Fire-Maple Feast Outdoor Camping Cookware, Pot and Pan Set Stackable Kit | Hard-anodized Aluminum, Stackable Storage, PFOA-free, Pot+Frypan+Kettle, Ideal for Group","Sports & Outdoors > Outdoor Recreation > Camping & Hiking > Camp Kitchen > Camping Cookware > Pots, Pans & Griddles",US,55.2,15.46,4.42,6.77,0.15,235.0,212.0,4.4,0.55,10000,1.0,20.0,50,25.0,20.0,20.0,75,35,65.0,B,"observed:price,sales,reviews,rating,fba_fee; estimated:search_volume,cpc",estimated_default_costs,Imported from Sorftime; ASIN B07L4HVTPS; brand Fire-Maple
"category:Pots, Pans & Griddles",3258961011,"Pots, Pans & Griddles","Sports & Outdoors > Outdoor Recreation > Camping & Hiking > Camp Kitchen > Camping Cookware > Pots, Pans & Griddles",B009MZHRKU,,TOAKS Titanium 1100ml Pot with Pan,"Sports & Outdoors > Outdoor Recreation > Camping & Hiking > Camp Kitchen > Camping Cookware > Pots, Pans & Griddles",US,48.95,13.71,3.92,5.36,0.15,229.0,773.0,4.6,0.55,10000,1.0,20.0,50,25.0,20.0,20.0,75,35,65.0,B,"observed:price,sales,reviews,rating,fba_fee; estimated:search_volume,cpc",estimated_default_costs,Imported from Sorftime; ASIN B009MZHRKU; brand TOAKS
"category:Pots, Pans & Griddles",3258961011,"Pots, Pans & Griddles","Sports & Outdoors > Outdoor Recreation > Camping & Hiking > Camp Kitchen > Camping Cookware > Pots, Pans & Griddles",B0822LSCRT,,"Odoland 29pcs Camping Cookware Mess Kit, Non-Stick Lightweight Pots Pan Kettle, Collapsible Water Container and Bucket, Stainless Steel Cups Plates Forks Knives Spoons for Outdoor Backpacking Picnic","Sports & Outdoors > Outdoor Recreation > Camping & Hiking > Camp Kitchen > Camping Cookware > Pots, Pans & Griddles",US,65.99,18.48,5.28,8.54,0.15,221.0,1141.0,4.4,0.55,10000,1.0,20.0,50,25.0,20.0,20.0,75,35,65.0,B,"observed:price,sales,reviews,rating,fba_fee; estimated:search_volume,cpc",estimated_default_costs,Imported from Sorftime; ASIN B0822LSCRT; brand Odoland
category:Bowls,3400711,Bowls,Sports & Outdoors > Outdoor Recreation > Camping & Hiking > Camp Kitchen > Dishes & Utensils > Bowls,B0DPNMPMVS,,"Coghlan‘s Snapfold™ Bowls 2-Pack – Collapsible, Lightweight and Leakproof for Camping, Hiking, Travel, Picnics, and Outdoor Adventures, BPA-Free, Foldable Space-Saving Design for Easy Storage",Sports & Outdoors > Outdoor Recreation > Camping & Hiking > Camp Kitchen > Dishes & Utensils > Bowls,US,14.99,4.2,1.2,3.36,0.15,684.0,178.0,4.3,0.55,10000,1.0,20.0,50,25.0,20.0,20.0,75,35,65.0,B,"observed:price,sales,reviews,rating,fba_fee; estimated:search_volume,cpc",estimated_default_costs,Imported from Sorftime; ASIN B0DPNMPMVS; brand Coghlan’s
category:Bowls,3400711,Bowls,Sports & Outdoors > Outdoor Recreation > Camping & Hiking > Camp Kitchen > Dishes & Utensils > Bowls,B0F2HJBBVC,,"Face Ice Bath Bowl with Built-In Ice Tray,Collapsible Silicone Pink",Sports & Outdoors > Outdoor Recreation > Camping & Hiking > Camp Kitchen > Dishes & Utensils > Bowls,US,12.49,3.5,1.0,4.89,0.15,400.0,880.0,4.4,0.55,10000,1.0,20.0,50,25.0,20.0,20.0,75,35,65.0,B,"observed:price,sales,reviews,rating,fba_fee; estimated:search_volume,cpc",estimated_default_costs,Imported from Sorftime; ASIN B0F2HJBBVC; brand Amoner U
category:Bowls,3400711,Bowls,Sports & Outdoors > Outdoor Recreation > Camping & Hiking > Camp Kitchen > Dishes & Utensils > Bowls,B07YHGXBXG,,"Fire-Maple Antarcti Camping Cook Pot Stainless Steel Camping Bowls, 1L",Sports & Outdoors > Outdoor Recreation > Camping & Hiking > Camp Kitchen > Dishes & Utensils > Bowls,US,34.95,9.79,2.8,5.87,0.15,399.0,104.0,4.4,0.55,10000,1.0,20.0,50,25.0,20.0,20.0,75,35,65.0,B,"observed:price,sales,reviews,rating,fba_fee; estimated:search_volume,cpc",estimated_default_costs,Imported from Sorftime; ASIN B07YHGXBXG; brand Fire-Maple
category:Bowls,3400711,Bowls,Sports & Outdoors > Outdoor Recreation > Camping & Hiking > Camp Kitchen > Dishes & Utensils > Bowls,B095SJR3LK,,"Bekith 2 Pack Collapsible Plastic Bucket with Locking Lid, 5L / 1.32 Gallon Foldable Round Tub Portable Fishing Water Pail for Hiking, Backpacking, Camping and Outdoor Survival (Blue, Gray)",Sports & Outdoors > Outdoor Recreation > Camping & Hiking > Camp Kitchen > Dishes & Utensils > Bowls,US,19.99,5.6,1.6,7.83,0.15,316.0,425.0,4.6,0.55,10000,1.0,20.0,50,25.0,20.0,20.0,75,35,65.0,B,"observed:price,sales,reviews,rating,fba_fee; estimated:search_volume,cpc",estimated_default_costs,Imported from Sorftime; ASIN B095SJR3LK; brand Bekith
category:Bowls,3400711,Bowls,Sports & Outdoors > Outdoor Recreation > Camping & Hiking > Camp Kitchen > Dishes & Utensils > Bowls,B07FBJWRYF,,"IYYI Collapsible Bowl for Camping, Silicone Collapsible Bowl with Lid",Sports & Outdoors > Outdoor Recreation > Camping & Hiking > Camp Kitchen > Dishes & Utensils > Bowls,US,12.99,3.64,1.04,4.46,0.15,259.0,606.0,4.5,0.55,10000,1.0,20.0,50,25.0,20.0,20.0,75,35,65.0,B,"observed:price,sales,reviews,rating,fba_fee; estimated:search_volume,cpc",estimated_default_costs,Imported from Sorftime; ASIN B07FBJWRYF; brand IYYI
category:Bowls,3400711,Bowls,Sports & Outdoors > Outdoor Recreation > Camping & Hiking > Camp Kitchen > Dishes & Utensils > Bowls,B0DNNH4G6Y,,Enamelware for Camping and Backpacking - Enamel Cookware Gear Essentials for Camping and Backpacking (Made by Caddis Sports) (6 Inch Bowl (4 Pack)),Sports & Outdoors > Outdoor Recreation > Camping & Hiking > Camp Kitchen > Dishes & Utensils > Bowls,US,19.99,5.6,1.6,5.75,0.15,248.0,38.0,4.3,0.55,10000,1.0,20.0,50,25.0,20.0,20.0,75,35,65.0,B,"observed:price,sales,reviews,rating,fba_fee; estimated:search_volume,cpc",estimated_default_costs,Imported from Sorftime; ASIN B0DNNH4G6Y; brand Alpine Mountain Gear
category:Cups & Mugs,3400731,Cups & Mugs,Sports & Outdoors > Outdoor Recreation > Camping & Hiking > Camp Kitchen > Dishes & Utensils > Cups & Mugs,B0D94QC2J6,,16 oz Stainless Steel Pint Cups-Stackable Metal Drinking Glasses 4 Pcs,Sports & Outdoors > Outdoor Recreation > Camping & Hiking > Camp Kitchen > Dishes & Utensils > Cups & Mugs,US,18.99,5.32,1.52,4.11,0.15,1121.0,309.0,4.6,0.55,10000,1.0,20.0,50,25.0,20.0,20.0,75,35,65.0,B,"observed:price,sales,reviews,rating,fba_fee; estimated:search_volume,cpc",estimated_default_costs,Imported from Sorftime; ASIN B0D94QC2J6; brand VINUR
category:Cups & Mugs,3400731,Cups & Mugs,Sports & Outdoors > Outdoor Recreation > Camping & Hiking > Camp Kitchen > Dishes & Utensils > Cups & Mugs,B0CWVTGJM2,,"Sea to Summit Detour Stainless Steel Collapsible 16 Ounce Camp Mug, Laurel Wreath Green",Sports & Outdoors > Outdoor Recreation > Camping & Hiking > Camp Kitchen > Dishes & Utensils > Cups & Mugs,US,16.46,4.61,1.32,3.93,0.15,804.0,312.0,4.3,0.55,10000,1.0,20.0,50,25.0,20.0,20.0,75,35,65.0,B,"observed:price,sales,reviews,rating,fba_fee; estimated:search_volume,cpc",estimated_default_costs,Imported from Sorftime; ASIN B0CWVTGJM2; brand Sea to Summit
category:Cups & Mugs,3400731,Cups & Mugs,Sports & Outdoors > Outdoor Recreation > Camping & Hiking > Camp Kitchen > Dishes & Utensils > Cups & Mugs,B0G5Q7234W,,"Mimorou 4 Pack 16 oz Stainless Steel Cups Metal Cup, Black | Pint Tumblers, Unbreakable Drinking Cups, Reusable Party Cups Bulk, Camping Outdoor Travel Picnic",Sports & Outdoors > Outdoor Recreation > Camping & Hiking > Camp Kitchen > Dishes & Utensils > Cups & Mugs,US,16.99,4.76,1.36,4.88,0.15,683.0,223.0,4.6,0.55,10000,1.0,20.0,50,25.0,20.0,20.0,75,35,65.0,B,"observed:price,sales,reviews,rating,fba_fee; estimated:search_volume,cpc",estimated_default_costs,Imported from Sorftime; ASIN B0G5Q7234W; brand Mimorou
category:Cups & Mugs,3400731,Cups & Mugs,Sports & Outdoors > Outdoor Recreation > Camping & Hiking > Camp Kitchen > Dishes & Utensils > Cups & Mugs,B0BX8RG8WF,,"Odoland Camping Collapsible Silicone Cup and Bowl Set, Portable Mess Kit | Stainless Steel Spork with Lid, for 1 Person, Backpacking, Family Cookware, Hiking, Picnic, Travel",Sports & Outdoors > Outdoor Recreation > Camping & Hiking > Camp Kitchen > Dishes & Utensils > Cups & Mugs,US,16.99,4.76,1.36,4.87,0.15,431.0,154.0,4.5,0.55,10000,1.0,20.0,50,25.0,20.0,20.0,75,35,65.0,B,"observed:price,sales,reviews,rating,fba_fee; estimated:search_volume,cpc",estimated_default_costs,Imported from Sorftime; ASIN B0BX8RG8WF; brand Odoland
category:Cups & Mugs,3400731,Cups & Mugs,Sports & Outdoors > Outdoor Recreation > Camping & Hiking > Camp Kitchen > Dishes & Utensils > Cups & Mugs,B092QS8TBL,,"KOKKOYA Stainless Steel Camping Cups Mug Small Backpacking Bush Pot Set | Camp stove pot for cooking boil water, survival hiking cup, metal camping cup, lightweight backpacking cookset",Sports & Outdoors > Outdoor Recreation > Camping & Hiking > Camp Kitchen > Dishes & Utensils > Cups & Mugs,US,16.89,4.73,1.35,5.35,0.15,329.0,624.0,4.6,0.55,10000,1.0,20.0,50,25.0,20.0,20.0,75,35,65.0,B,"observed:price,sales,reviews,rating,fba_fee; estimated:search_volume,cpc",estimated_default_costs,Imported from Sorftime; ASIN B092QS8TBL; brand KOKKOYA
category:Cups & Mugs,3400731,Cups & Mugs,Sports & Outdoors > Outdoor Recreation > Camping & Hiking > Camp Kitchen > Dishes & Utensils > Cups & Mugs,B0914Q445N,,"EASYXQ Collapsible Cup for Traveling, 20 OZ 600ml Large Silicone Folding Camping Mug, Leak Proof BPA Free Portable Reusable Bottle for Coffee, Tea, Water, Camping, Hiking, Outdoor (Black)",Sports & Outdoors > Outdoor Recreation > Camping & Hiking > Camp Kitchen > Dishes & Utensils > Cups & Mugs,US,15.99,4.48,1.28,4.19,0.15,301.0,677.0,4.3,0.55,10000,1.0,20.0,50,25.0,20.0,20.0,75,35,65.0,B,"observed:price,sales,reviews,rating,fba_fee; estimated:search_volume,cpc",estimated_default_costs,Imported from Sorftime; ASIN B0914Q445N; brand EASYXQ
category:Cups & Mugs,3400731,Cups & Mugs,Sports & Outdoors > Outdoor Recreation > Camping & Hiking > Camp Kitchen > Dishes & Utensils > Cups & Mugs,B0FFSGP8YN,,"Mimorou 4 Pcs Enamel Camping Mugs 16 oz, Black, Green, Red, Blue | Speckled Enamel Coating for Hot Cold Beverages, Outdoor Camping Travel Home, Durable Lightweight Bulk Coffee Cups Set",Sports & Outdoors > Outdoor Recreation > Camping & Hiking > Camp Kitchen > Dishes & Utensils > Cups & Mugs,US,26.99,7.56,2.16,7.84,0.15,265.0,83.0,4.3,0.55,10000,1.0,20.0,50,25.0,20.0,20.0,75,35,65.0,B,"observed:price,sales,reviews,rating,fba_fee; estimated:search_volume,cpc",estimated_default_costs,Imported from Sorftime; ASIN B0FFSGP8YN; brand Mimorou
category:Cups & Mugs,3400731,Cups & Mugs,Sports & Outdoors > Outdoor Recreation > Camping & Hiking > Camp Kitchen > Dishes & Utensils > Cups & Mugs,B08QVJ1Q8W,,"Tebery 2 Pack Stainless Steel Coffee Mugs with Handles 10OZ Double Walled Travel Water Tea Coffee Cups for Backpacking, Camping & Hiking",Sports & Outdoors > Outdoor Recreation > Camping & Hiking > Camp Kitchen > Dishes & Utensils > Cups & Mugs,US,15.99,4.48,1.28,4.9,0.15,234.0,80.0,4.5,0.55,10000,1.0,20.0,50,25.0,20.0,20.0,75,35,65.0,B,"observed:price,sales,reviews,rating,fba_fee; estimated:search_volume,cpc",estimated_default_costs,Imported from Sorftime; ASIN B08QVJ1Q8W; brand Tebery
category:Cups & Mugs,3400731,Cups & Mugs,Sports & Outdoors > Outdoor Recreation > Camping & Hiking > Camp Kitchen > Dishes & Utensils > Cups & Mugs,B0CGDHRMH4,,"Tesorrio Collapsible Cups for Traveling, 12oz 2-Pack Silicone Coffee Cups | Collapsible Coffee Cup with Lid, Compact 3.4 x 5.6 in, Leak-Resistant | Lightweight Reusable Travel Cup for Hiking, Camping",Sports & Outdoors > Outdoor Recreation > Camping & Hiking > Camp Kitchen > Dishes & Utensils > Cups & Mugs,US,13.99,3.92,1.12,4.47,0.15,233.0,362.0,4.3,0.55,10000,1.0,20.0,50,25.0,20.0,20.0,75,35,65.0,B,"observed:price,sales,reviews,rating,fba_fee; estimated:search_volume,cpc",estimated_default_costs,Imported from Sorftime; ASIN B0CGDHRMH4; brand Tesorrio
category:Flatware,3400741,Flatware,Sports & Outdoors > Outdoor Recreation > Camping & Hiking > Camp Kitchen > Dishes & Utensils > Flatware,B0CPSRB39T,,"Kyraton Camping Utensils, Portable Travel Silverware Set with Reusable Light Weight Mug, Bowls and Plate, Stainless Steel Cutlery Set, Camping Mess Kit for 1 Person",Sports & Outdoors > Outdoor Recreation > Camping & Hiking > Camp Kitchen > Dishes & Utensils > Flatware,US,13.99,3.92,1.12,6.59,0.15,1222.0,823.0,4.1,0.55,10000,1.0,20.0,50,25.0,20.0,20.0,75,35,65.0,B,"observed:price,sales,reviews,rating,fba_fee; estimated:search_volume,cpc",estimated_default_costs,Imported from Sorftime; ASIN B0CPSRB39T; brand Kyraton
category:Flatware,3400741,Flatware,Sports & Outdoors > Outdoor Recreation > Camping & Hiking > Camp Kitchen > Dishes & Utensils > Flatware,B0FSJ4QMJP,,"iNKULEER Travel cutlery set, 18/8 stainless steel cutlery, Reusable utensils set with case, Portable Silverware Lunch Box for Camping and Office-Stainless steel",Sports & Outdoors > Outdoor Recreation > Camping & Hiking > Camp Kitchen > Dishes & Utensils > Flatware,US,15.29,4.28,1.22,4.44,0.15,780.0,1162.0,4.5,0.55,10000,1.0,20.0,50,25.0,20.0,20.0,75,35,65.0,B,"observed:price,sales,reviews,rating,fba_fee; estimated:search_volume,cpc",estimated_default_costs,Imported from Sorftime; ASIN B0FSJ4QMJP; brand inkuleer
category:Flatware,3400741,Flatware,Sports & Outdoors > Outdoor Recreation > Camping & Hiking > Camp Kitchen > Dishes & Utensils > Flatware,B0FXXFBWN9,,"36 Piece Silverware Set for 12, Stainless Steel Forks Spoons and Knives Set",Sports & Outdoors > Outdoor Recreation > Camping & Hiking > Camp Kitchen > Dishes & Utensils > Flatware,US,29.99,8.4,2.4,8.71,0.15,528.0,75.0,4.5,0.55,10000,1.0,20.0,50,25.0,20.0,20.0,75,35,65.0,B,"observed:price,sales,reviews,rating,fba_fee; estimated:search_volume,cpc",estimated_default_costs,Imported from Sorftime; ASIN B0FXXFBWN9; brand Wellfey
category:Flatware,3400741,Flatware,Sports & Outdoors > Outdoor Recreation > Camping & Hiking > Camp Kitchen > Dishes & Utensils > Flatware,B0DK5KY98V,,"AOPAPIXJ Travel cutlery set, 18/8 stainless steel cutlery, Reusable utensils set with case, Portable Silverware Lunch Box for Camping and Office (Stainless Steel)",Sports & Outdoors > Outdoor Recreation > Camping & Hiking > Camp Kitchen > Dishes & Utensils > Flatware,US,14.99,4.2,1.2,4.44,0.15,473.0,62.0,4.5,0.55,10000,1.0,20.0,50,25.0,20.0,20.0,75,35,65.0,B,"observed:price,sales,reviews,rating,fba_fee; estimated:search_volume,cpc",estimated_default_costs,Imported from Sorftime; ASIN B0DK5KY98V; brand AOPAPIXJ
category:Flatware,3400741,Flatware,Sports & Outdoors > Outdoor Recreation > Camping & Hiking > Camp Kitchen > Dishes & Utensils > Flatware,B0B3DGJBK2,,"Stainless Steel Camping Cutlery Set - 8 Piece, Includes Spoons, Mugs, Bowls, Plates, Rags & Organizer Straps - Easy to Carry for Backpacking, Camping, Hiking and Picnics",Sports & Outdoors > Outdoor Recreation > Camping & Hiking > Camp Kitchen > Dishes & Utensils > Flatware,US,22.99,6.44,1.84,7.2,0.15,451.0,329.0,4.6,0.55,10000,1.0,20.0,50,25.0,20.0,20.0,75,35,65.0,B,"observed:price,sales,reviews,rating,fba_fee; estimated:search_volume,cpc",estimated_default_costs,Imported from Sorftime; ASIN B0B3DGJBK2; brand trdipileo
category:Flatware,3400741,Flatware,Sports & Outdoors > Outdoor Recreation > Camping & Hiking > Camp Kitchen > Dishes & Utensils > Flatware,B0G2Y1PJWD,,"Dawn Deer 3-in-1 Titanium Backpacking Utensils, Long Spoon, Spork and Tongs | 8.7-inch titanium camping spoon and spork convert into tongs with a recycled nylon connector and include a travel pouch",Sports & Outdoors > Outdoor Recreation > Camping & Hiking > Camp Kitchen > Dishes & Utensils > Flatware,US,16.95,4.75,1.36,3.35,0.15,276.0,103.0,4.5,0.55,10000,1.0,20.0,50,25.0,20.0,20.0,75,35,65.0,B,"observed:price,sales,reviews,rating,fba_fee; estimated:search_volume,cpc",estimated_default_costs,Imported from Sorftime; ASIN B0G2Y1PJWD; brand Dawn Deer
category:Flatware,3400741,Flatware,Sports & Outdoors > Outdoor Recreation > Camping & Hiking > Camp Kitchen > Dishes & Utensils > Flatware,B0F9YC5JXN,,"LIAOVEN Titanium Spork 3 in 1 Folding Camping Fork and Spoon Combo | Reusable Camping Utensil with Locking Function, Eco-Friendly Ultralight Portable Sporks for Travel Backpacking Hiking Work",Sports & Outdoors > Outdoor Recreation > Camping & Hiking > Camp Kitchen > Dishes & Utensils > Flatware,US,16.98,4.75,1.36,3.93,0.15,227.0,72.0,4.4,0.55,10000,1.0,20.0,50,25.0,20.0,20.0,75,35,65.0,B,"observed:price,sales,reviews,rating,fba_fee; estimated:search_volume,cpc",estimated_default_costs,Imported from Sorftime; ASIN B0F9YC5JXN; brand LIAOVEN
category:Flatware,3400741,Flatware,Sports & Outdoors > Outdoor Recreation > Camping & Hiking > Camp Kitchen > Dishes & Utensils > Flatware,B0DHYS9CBJ,,"INKULEER Travel Cutlery Set - 18/8 Stainless Steel Reusable Utensils with Metal Case, Portable Silverware for Camping, Office, Travel & Outdoor Dining",Sports & Outdoors > Outdoor Recreation > Camping & Hiking > Camp Kitchen > Dishes & Utensils > Flatware,US,16.99,4.76,1.36,3.65,0.15,223.0,188.0,4.3,0.55,10000,1.0,20.0,50,25.0,20.0,20.0,75,35,65.0,B,"observed:price,sales,reviews,rating,fba_fee; estimated:search_volume,cpc",estimated_default_costs,Imported from Sorftime; ASIN B0DHYS9CBJ; brand inkuleer
category:Mess Kits,3400751,Mess Kits,Sports & Outdoors > Outdoor Recreation > Camping & Hiking > Camp Kitchen > Dishes & Utensils > Mess Kits,B0B3HC5J77,,"Odoland Stainless Steel Camping Mess Kit for Outdoor Family & Person | Cooking Tableware Utensils with Plates Bowls Forks Spoons Knives & Savings Bag for Camping, Backpacking, Hiking, Picnic",Sports & Outdoors > Outdoor Recreation > Camping & Hiking > Camp Kitchen > Dishes & Utensils > Mess Kits,US,26.99,7.56,2.16,6.58,0.15,1944.0,598.0,4.6,0.55,10000,1.0,20.0,50,25.0,20.0,20.0,75,35,65.0,B,"observed:price,sales,reviews,rating,fba_fee; estimated:search_volume,cpc",estimated_default_costs,Imported from Sorftime; ASIN B0B3HC5J77; brand Odoland
category:Mess Kits,3400751,Mess Kits,Sports & Outdoors > Outdoor Recreation > Camping & Hiking > Camp Kitchen > Dishes & Utensils > Mess Kits,B07T2HH1CY,,"Odoland 29pcs Stainless Steel Utensils Camping Mess Kits for 4 Person | with Bowls Plates Cups Forks Spoons and Knives, Camping Cutlery Set for Backpacking, Family, Outdoor Hiking and Picnic",Sports & Outdoors > Outdoor Recreation > Camping & Hiking > Camp Kitchen > Dishes & Utensils > Mess Kits,US,25.99,7.28,2.08,8.59,0.15,828.0,1008.0,4.6,0.55,10000,1.0,20.0,50,25.0,20.0,20.0,75,35,65.0,B,"observed:price,sales,reviews,rating,fba_fee; estimated:search_volume,cpc",estimated_default_costs,Imported from Sorftime; ASIN B07T2HH1CY; brand Odoland
category:Mess Kits,3400751,Mess Kits,Sports & Outdoors > Outdoor Recreation > Camping & Hiking > Camp Kitchen > Dishes & Utensils > Mess Kits,B0FLPSM7PP,,"12-Piece Lightweight Camping Cookware Set – Nonstick Pot, Pan & Utensils for Backpacking & Hiking – Portable Mess Kit for 1–2 People, Bonus 2 Emergency Blankets",Sports & Outdoors > Outdoor Recreation > Camping & Hiking > Camp Kitchen > Dishes & Utensils > Mess Kits,US,14.99,4.2,1.2,5.68,0.15,441.0,106.0,4.1,0.55,10000,1.0,20.0,50,25.0,20.0,20.0,75,35,65.0,B,"observed:price,sales,reviews,rating,fba_fee; estimated:search_volume,cpc",estimated_default_costs,Imported from Sorftime; ASIN B0FLPSM7PP; brand Generic
category:Mess Kits,3400751,Mess Kits,Sports & Outdoors > Outdoor Recreation > Camping & Hiking > Camp Kitchen > Dishes & Utensils > Mess Kits,B0GVYGNW72,,"Stainless Steel Camping Mess Kit for 1-4 People,All-in-One Camping Cookware & Tableware Set with Plates,Bowls, Cups,Cutlery & Carry Bag,Outdoor Cooking Utensils for Camping,Backpacking,Hiking, Picnic",Sports & Outdoors > Outdoor Recreation > Camping & Hiking > Camp Kitchen > Dishes & Utensils > Mess Kits,US,27.99,7.84,2.24,7.09,0.15,329.0,8.0,4.6,0.55,10000,1.0,20.0,50,25.0,20.0,20.0,75,35,65.0,B,"observed:price,sales,reviews,rating,fba_fee; estimated:search_volume,cpc",estimated_default_costs,Imported from Sorftime; ASIN B0GVYGNW72; brand THTYBROS
category:Mess Kits,3400751,Mess Kits,Sports & Outdoors > Outdoor Recreation > Camping & Hiking > Camp Kitchen > Dishes & Utensils > Mess Kits,B0CJV2W2RR,,"Smokey Camp Camping Cookware Mess Kit Set with Stove - Backpacking Camping Pots and Pans Set, All in One Non-Stick Camping Cooking Set, Portable Stove, Hiking, Picnic, Outdoor & Camping Cookware Set",Sports & Outdoors > Outdoor Recreation > Camping & Hiking > Camp Kitchen > Dishes & Utensils > Mess Kits,US,49.99,14.0,4.0,7.78,0.15,261.0,231.0,4.5,0.55,10000,1.0,20.0,50,25.0,20.0,20.0,75,35,65.0,B,"observed:price,sales,reviews,rating,fba_fee; estimated:search_volume,cpc",estimated_default_costs,Imported from Sorftime; ASIN B0CJV2W2RR; brand Smokey Camp
category:Plates,3400771,Plates,Sports & Outdoors > Outdoor Recreation > Camping & Hiking > Camp Kitchen > Dishes & Utensils > Plates,B0FVDQLM3T,,"Quatish 16 Pcs Plates and Bowls Sets,Plastic Dinnerware Sets for 4,Grey",Sports & Outdoors > Outdoor Recreation > Camping & Hiking > Camp Kitchen > Dishes & Utensils > Plates,US,18.99,5.32,1.52,8.31,0.15,2805.0,121.0,4.4,0.55,10000,1.0,20.0,50,25.0,20.0,20.0,75,35,65.0,B,"observed:price,sales,reviews,rating,fba_fee; estimated:search_volume,cpc",estimated_default_costs,Imported from Sorftime; ASIN B0FVDQLM3T; brand Quatish
category:Plates,3400771,Plates,Sports & Outdoors > Outdoor Recreation > Camping & Hiking > Camp Kitchen > Dishes & Utensils > Plates,B0FDF486Z9,,"Perlapoc Wheat Straw Dinnerware Sets, Unbreakable Kids Plates and Bowls Sets 20-Piece Service for 4, Alternative Plastic Outdoor Camping Dishes, Microwave & Dishwasher Safe - Black",Sports & Outdoors > Outdoor Recreation > Camping & Hiking > Camp Kitchen > Dishes & Utensils > Plates,US,24.99,7.0,2.0,8.02,0.15,942.0,624.0,4.4,0.55,10000,1.0,20.0,50,25.0,20.0,20.0,75,35,65.0,B,"observed:price,sales,reviews,rating,fba_fee; estimated:search_volume,cpc",estimated_default_costs,Imported from Sorftime; ASIN B0FDF486Z9; brand Perlapoc
category:Plates,3400771,Plates,Sports & Outdoors > Outdoor Recreation > Camping & Hiking > Camp Kitchen > Dishes & Utensils > Plates,B0G4M2NK6S,,50Pcs Camping One Paper Plates Camper Themed 9“ Dessert Plates Disposable One Happy Birthday Camper Theme Party Decorations for Boys Adventure Camping Theme Party 1st Birthday Party Supplies,Sports & Outdoors > Outdoor Recreation > Camping & Hiking > Camp Kitchen > Dishes & Utensils > Plates,US,15.99,4.48,1.28,5.91,0.15,686.0,65.0,4.6,0.55,10000,1.0,20.0,50,25.0,20.0,20.0,75,35,65.0,B,"observed:price,sales,reviews,rating,fba_fee; estimated:search_volume,cpc",estimated_default_costs,Imported from Sorftime; ASIN B0G4M2NK6S; brand Greencian
category:Plates,3400771,Plates,Sports & Outdoors > Outdoor Recreation > Camping & Hiking > Camp Kitchen > Dishes & Utensils > Plates,B0GHR64X5R,,"16pcs Plastic Dinnerware Set for 4 People Camping Plates and Bowls Set | Unbreakable Dish Set Reusable Picnic Set, 23cm Plates,20cm Plates, 350ml Cups, 15cm Bowls, Microwave and Dishwasher Safe",Sports & Outdoors > Outdoor Recreation > Camping & Hiking > Camp Kitchen > Dishes & Utensils > Plates,US,21.99,6.16,1.76,8.79,0.15,622.0,1869.0,4.6,0.55,10000,1.0,20.0,50,25.0,20.0,20.0,75,35,65.0,B,"observed:price,sales,reviews,rating,fba_fee; estimated:search_volume,cpc",estimated_default_costs,Imported from Sorftime; ASIN B0GHR64X5R; brand CSYY
category:Plates,3400771,Plates,Sports & Outdoors > Outdoor Recreation > Camping & Hiking > Camp Kitchen > Dishes & Utensils > Plates,B000B8PPCE,,"Snow Peak Titanium Camping Plate for Backpacking & Outdoor Dining | Ultralight Titanium, Stackable Design, Corrosion Resistant, Ideal for Camping, Hiking & Backpacking",Sports & Outdoors > Outdoor Recreation > Camping & Hiking > Camp Kitchen > Dishes & Utensils > Plates,US,18.95,5.31,1.52,4.47,0.15,371.0,771.0,4.6,0.55,10000,1.0,20.0,50,25.0,20.0,20.0,75,35,65.0,B,"observed:price,sales,reviews,rating,fba_fee; estimated:search_volume,cpc",estimated_default_costs,Imported from Sorftime; ASIN B000B8PPCE; brand Snow Peak
category:Plates,3400771,Plates,Sports & Outdoors > Outdoor Recreation > Camping & Hiking > Camp Kitchen > Dishes & Utensils > Plates,B09FSGTH2H,,DINETHICS Wheat Straw Dinnerware Sets For 4 - Camping Plates Cups And Bowls Set - Dishwasher Microwave Safe Dishes - Alternate To Plastic Dinnerware Set - Wheat Straw Plates And Bowls Sets - RV Dishes,Sports & Outdoors > Outdoor Recreation > Camping & Hiking > Camp Kitchen > Dishes & Utensils > Plates,US,35.99,10.08,2.88,8.31,0.15,371.0,1010.0,4.5,0.55,10000,1.0,20.0,50,25.0,20.0,20.0,75,35,65.0,B,"observed:price,sales,reviews,rating,fba_fee; estimated:search_volume,cpc",estimated_default_costs,Imported from Sorftime; ASIN B09FSGTH2H; brand DINETHICS
category:Plates,3400771,Plates,Sports & Outdoors > Outdoor Recreation > Camping & Hiking > Camp Kitchen > Dishes & Utensils > Plates,B0DNNCTSGF,,Enamelware for Camping and Backpacking - Camping Cookware Gear Essentials for Outdoor/Indoor Use and Backpacking Adventures (Made by Caddis Sports) (10 Inch Plate (4 Pack)),Sports & Outdoors > Outdoor Recreation > Camping & Hiking > Camp Kitchen > Dishes & Utensils > Plates,US,24.99,7.0,2.0,8.5,0.15,248.0,35.0,4.3,0.55,10000,1.0,20.0,50,25.0,20.0,20.0,75,35,65.0,B,"observed:price,sales,reviews,rating,fba_fee; estimated:search_volume,cpc",estimated_default_costs,Imported from Sorftime; ASIN B0DNNCTSGF; brand Alpine Mountain Gear
category:Plates,3400771,Plates,Sports & Outdoors > Outdoor Recreation > Camping & Hiking > Camp Kitchen > Dishes & Utensils > Plates,B001AO1R3O,,Stansport Camping Plate,Sports & Outdoors > Outdoor Recreation > Camping & Hiking > Camp Kitchen > Dishes & Utensils > Plates,US,19.99,5.6,1.6,3.6,0.15,214.0,790.0,4.5,0.55,10000,1.0,20.0,50,25.0,20.0,20.0,50,20,42.5,C,"observed:sales,reviews,rating; estimated:price,fba_fee,search_volume,cpc",estimated_default_costs,Imported from Sorftime; ASIN B001AO1R3O; brand Stansport
category:Plates,3400771,Plates,Sports & Outdoors > Outdoor Recreation > Camping & Hiking > Camp Kitchen > Dishes & Utensils > Plates,B0GZVDTL9K,,"56 Piece Plates and Bowls Sets for 8, Unbreakable Dinnerware Set | Lightweight Camping Plates, Dishwasher Safe Dish Set for Apartment, Dorm, RV Essentials & Outdoor Dinning",Sports & Outdoors > Outdoor Recreation > Camping & Hiking > Camp Kitchen > Dishes & Utensils > Plates,US,33.99,9.52,2.72,13.23,0.15,206.0,14.0,4.0,0.55,10000,1.0,20.0,50,25.0,20.0,20.0,75,35,65.0,B,"observed:price,sales,reviews,rating,fba_fee; estimated:search_volume,cpc",estimated_default_costs,Imported from Sorftime; ASIN B0GZVDTL9K; brand ROXVENTAR
category:Backpacking Stoves,19450135011,Backpacking Stoves,Sports & Outdoors > Outdoor Recreation > Camping & Hiking > Camp Kitchen > Stoves & Grills > Backpacking Stoves,B0D14D7LS2,,"Fire-Maple Greenpeak 1 Camping Stove with Piezo Ignition Portable Gas Stove | Fast Boiling, Fuel Efficient Design, Ultralight, Built-in Piezo Igniter, Micro Windshield, EN417 Valve, Durability, 85g (3oz)",Sports & Outdoors > Outdoor Recreation > Camping & Hiking > Camp Kitchen > Stoves & Grills > Backpacking Stoves,US,16.95,4.75,1.36,4.1,0.15,1079.0,360.0,4.6,0.55,10000,1.0,20.0,50,25.0,20.0,20.0,75,35,65.0,B,"observed:price,sales,reviews,rating,fba_fee; estimated:search_volume,cpc",estimated_default_costs,Imported from Sorftime; ASIN B0D14D7LS2; brand Fire-Maple
category:Backpacking Stoves,19450135011,Backpacking Stoves,Sports & Outdoors > Outdoor Recreation > Camping & Hiking > Camp Kitchen > Stoves & Grills > Backpacking Stoves,B007DBD3IU,,Solo Stove Lite - Portable Camping Hiking and Survival Stove | Powerful Efficient Wood Burning and Low Smoke | Gassification Rocket Stove for Quick Boil | Compact 4.2 Inches and Lightweight 9 Ounces,Sports & Outdoors > Outdoor Recreation > Camping & Hiking > Camp Kitchen > Stoves & Grills > Backpacking Stoves,US,29.99,8.4,2.4,5.4,0.15,477.0,1495.0,4.6,0.55,10000,1.0,20.0,50,25.0,20.0,20.0,65,20,53.8,C,"observed:price,sales,reviews,rating; estimated:fba_fee,search_volume,cpc",estimated_default_costs,Imported from Sorftime; ASIN B007DBD3IU; brand Solo Stove
category:Backpacking Stoves,19450135011,Backpacking Stoves,Sports & Outdoors > Outdoor Recreation > Camping & Hiking > Camp Kitchen > Stoves & Grills > Backpacking Stoves,B08NLVKHPP,,"Kuvik Titanium Wood Stove - Ultralight and Compact Stove for Backpacking | Packs Flat, Easy Setup, Ultralight Titanium, High Strength, Corrosion Resistant, Burns Natural Fuels, Carrying Case Included",Sports & Outdoors > Outdoor Recreation > Camping & Hiking > Camp Kitchen > Stoves & Grills > Backpacking Stoves,US,39.99,11.2,3.2,4.45,0.15,285.0,465.0,4.6,0.55,10000,1.0,20.0,50,25.0,20.0,20.0,75,35,65.0,B,"observed:price,sales,reviews,rating,fba_fee; estimated:search_volume,cpc",estimated_default_costs,Imported from Sorftime; ASIN B08NLVKHPP; brand Kuvik
category:Backpacking Stoves,19450135011,Backpacking Stoves,Sports & Outdoors > Outdoor Recreation > Camping & Hiking > Camp Kitchen > Stoves & Grills > Backpacking Stoves,B092QS9DX7,,Small Backpacking Stove Portable Camping Stove Burner with Butane Adapter,Sports & Outdoors > Outdoor Recreation > Camping & Hiking > Camp Kitchen > Stoves & Grills > Backpacking Stoves,US,19.99,5.6,1.6,4.45,0.15,238.0,1345.0,4.5,0.55,10000,1.0,20.0,50,25.0,20.0,20.0,75,35,65.0,B,"observed:price,sales,reviews,rating,fba_fee; estimated:search_volume,cpc",estimated_default_costs,Imported from Sorftime; ASIN B092QS9DX7; brand Caudblor
category:Backpacking Stoves,19450135011,Backpacking Stoves,Sports & Outdoors > Outdoor Recreation > Camping & Hiking > Camp Kitchen > Stoves & Grills > Backpacking Stoves,B07VHMZTJ1,,"REDCAMP Wood Burning Folding Camp Stove Stainless Steel Grid, Portable Collapsible Backpacking Stove Survival Rocket Stove for Hiking Outdoor Tent Camping Picnic BBQ, Samll",Sports & Outdoors > Outdoor Recreation > Camping & Hiking > Camp Kitchen > Stoves & Grills > Backpacking Stoves,US,20.89,5.85,1.67,6.3,0.15,225.0,1817.0,4.5,0.55,10000,1.0,20.0,50,25.0,20.0,20.0,75,35,65.0,B,"observed:price,sales,reviews,rating,fba_fee; estimated:search_volume,cpc",estimated_default_costs,Imported from Sorftime; ASIN B07VHMZTJ1; brand REDCAMP
category:Camping Grills,3401041,Camping Grills,Sports & Outdoors > Outdoor Recreation > Camping & Hiking > Camp Kitchen > Stoves & Grills > Camping Grills,B0D66Z1C5X,,"Odoland Portable Folding Charcoal Grills for Outdoor Cooking Bonfire BBQ | Heavy Duty Alloy Steel,Outdoor for Picnic and Barbecue,Resists 500 Degree,Easily Set Up with Carry Bag Space Saving",Sports & Outdoors > Outdoor Recreation > Camping & Hiking > Camp Kitchen > Stoves & Grills > Camping Grills,US,30.59,8.57,2.45,8.21,0.15,407.0,350.0,4.0,0.55,10000,1.0,20.0,50,25.0,20.0,20.0,75,35,65.0,B,"observed:price,sales,reviews,rating,fba_fee; estimated:search_volume,cpc",estimated_default_costs,Imported from Sorftime; ASIN B0D66Z1C5X; brand Odoland
category:Camping Grills,3401041,Camping Grills,Sports & Outdoors > Outdoor Recreation > Camping & Hiking > Camp Kitchen > Stoves & Grills > Camping Grills,B0FJZDV5JC,,"Pull Start Fire Grill, Natural Hardwood Charcoal, Portable 3hr Burn, 2 Pack | Pull Start Matchless Ignition, Ready in 5 Mins, Clean Burn, No Lighter Fluid, Disposable, Tailgate, Camping, Beach, Backyard",Sports & Outdoors > Outdoor Recreation > Camping & Hiking > Camp Kitchen > Stoves & Grills > Camping Grills,US,45.98,12.87,3.68,8.28,0.15,351.0,109.0,4.5,0.55,10000,1.0,20.0,50,25.0,20.0,20.0,65,20,53.8,C,"observed:price,sales,reviews,rating; estimated:fba_fee,search_volume,cpc",estimated_default_costs,Imported from Sorftime; ASIN B0FJZDV5JC; brand Pull Start Fire
category:Camping Grills,3401041,Camping Grills,Sports & Outdoors > Outdoor Recreation > Camping & Hiking > Camp Kitchen > Stoves & Grills > Camping Grills,B085NSNPWT,,"REDCAMP Folding Campfire Grill Heavy Duty Steel Grate, Portable Camp Fire Cooking Racks for Over Fire Pit",Sports & Outdoors > Outdoor Recreation > Camping & Hiking > Camp Kitchen > Stoves & Grills > Camping Grills,US,25.64,7.18,2.05,8.18,0.15,334.0,858.0,4.4,0.55,10000,1.0,20.0,50,25.0,20.0,20.0,75,35,65.0,B,"observed:price,sales,reviews,rating,fba_fee; estimated:search_volume,cpc",estimated_default_costs,Imported from Sorftime; ASIN B085NSNPWT; brand REDCAMP
category:Camping Grills,3401041,Camping Grills,Sports & Outdoors > Outdoor Recreation > Camping & Hiking > Camp Kitchen > Stoves & Grills > Camping Grills,B0F8LCV9R6,,"GasOne 15” Portable Charcoal Grill – Foldable BBQ Grill – Camping Grills for Backyard, Bonfire, Patio – Heavy-Duty Portable Fire Pit – Camp Cooking Gear",Sports & Outdoors > Outdoor Recreation > Camping & Hiking > Camp Kitchen > Stoves & Grills > Camping Grills,US,26.99,7.56,2.16,9.01,0.15,283.0,187.0,4.2,0.55,10000,1.0,20.0,50,25.0,20.0,20.0,75,35,65.0,B,"observed:price,sales,reviews,rating,fba_fee; estimated:search_volume,cpc",estimated_default_costs,Imported from Sorftime; ASIN B0F8LCV9R6; brand Gas One
category:Camping Grills,3401041,Camping Grills,Sports & Outdoors > Outdoor Recreation > Camping & Hiking > Camp Kitchen > Stoves & Grills > Camping Grills,B0F9FPTJ4C,,"Joyfair Campfire Camping Tripod Grill Grate(17” Dia.), Stainless Steel | Heavy Duty Openfire Tripod with Over Firepit Rack Camp Cooking Equipment, Adjustable Height Stand for Outdoor BBQ Grilling",Sports & Outdoors > Outdoor Recreation > Camping & Hiking > Camp Kitchen > Stoves & Grills > Camping Grills,US,35.99,10.08,2.88,8.64,0.15,240.0,117.0,4.4,0.55,10000,1.0,20.0,50,25.0,20.0,20.0,75,35,65.0,B,"observed:price,sales,reviews,rating,fba_fee; estimated:search_volume,cpc",estimated_default_costs,Imported from Sorftime; ASIN B0F9FPTJ4C; brand Joyfair
category:Camping Grills,3401041,Camping Grills,Sports & Outdoors > Outdoor Recreation > Camping & Hiking > Camp Kitchen > Stoves & Grills > Camping Grills,B08F4QCC4Y,,"REDCAMP Swivel Campfire Grill Heavy Duty Steel Grate, Over Fire Camp Grill with Carrying Bag for Outdoor Open Flame Cooking",Sports & Outdoors > Outdoor Recreation > Camping & Hiking > Camp Kitchen > Stoves & Grills > Camping Grills,US,48.59,13.61,3.89,8.79,0.15,205.0,479.0,4.1,0.55,10000,1.0,20.0,50,25.0,20.0,20.0,75,35,65.0,B,"observed:price,sales,reviews,rating,fba_fee; estimated:search_volume,cpc",estimated_default_costs,Imported from Sorftime; ASIN B08F4QCC4Y; brand REDCAMP
category:Camping Grills,3401041,Camping Grills,Sports & Outdoors > Outdoor Recreation > Camping & Hiking > Camp Kitchen > Stoves & Grills > Camping Grills,B0G2529V2Q,,"Kizmyee BBQ Barbecue Grill, Portable Folding Charcoal Barbecue Grill | Outdoor Stainless Steel BBQ Grill for Picnic Garden Terrace Camping Travel",Sports & Outdoors > Outdoor Recreation > Camping & Hiking > Camp Kitchen > Stoves & Grills > Camping Grills,US,19.99,5.6,1.6,7.84,0.15,204.0,207.0,4.0,0.55,10000,1.0,20.0,50,25.0,20.0,20.0,75,35,65.0,B,"observed:price,sales,reviews,rating,fba_fee; estimated:search_volume,cpc",estimated_default_costs,Imported from Sorftime; ASIN B0G2529V2Q; brand Kizmyee
category:Camping Stoves,19450136011,Camping Stoves,Sports & Outdoors > Outdoor Recreation > Camping & Hiking > Camp Kitchen > Stoves & Grills > Camping Stoves,B0BPRVYYC6,,"Vivicreate Portable Butane Stove 8500 BTU, Butane Stove with Auto Ignition for Camping, Lightweight Portable Gas Stove Burner with Safety Lock, Butane Burner, Estufa de Gas Portatil(Red)",Sports & Outdoors > Outdoor Recreation > Camping & Hiking > Camp Kitchen > Stoves & Grills > Camping Stoves,US,19.99,5.6,1.6,8.3,0.15,1153.0,1019.0,4.5,0.55,10000,1.0,20.0,50,25.0,20.0,20.0,75,35,65.0,B,"observed:price,sales,reviews,rating,fba_fee; estimated:search_volume,cpc",estimated_default_costs,Imported from Sorftime; ASIN B0BPRVYYC6; brand vivicreate
category:Camping Stoves,19450136011,Camping Stoves,Sports & Outdoors > Outdoor Recreation > Camping & Hiking > Camp Kitchen > Stoves & Grills > Camping Stoves,B0DGTJPVZ2,,"Fire-Maple Greenpeak 2 Camping Stove with Regulator Portable Gas Stoves | Pressure Regulator, Piezo Igniter, Micro Windshield, Adjustable Pot Support, Fast Boiling, Fuel Efficient Design, 95g (3.4oz)",Sports & Outdoors > Outdoor Recreation > Camping & Hiking > Camp Kitchen > Stoves & Grills > Camping Stoves,US,29.7,8.32,2.38,4.17,0.15,1090.0,149.0,4.4,0.55,10000,1.0,20.0,50,25.0,20.0,20.0,75,35,65.0,B,"observed:price,sales,reviews,rating,fba_fee; estimated:search_volume,cpc",estimated_default_costs,Imported from Sorftime; ASIN B0DGTJPVZ2; brand Fire-Maple
category:Camping Stoves,19450136011,Camping Stoves,Sports & Outdoors > Outdoor Recreation > Camping & Hiking > Camp Kitchen > Stoves & Grills > Camping Stoves,B09RN22HDQ,,"GasOne 15,000 BTU Propane or Butane Stove Dual Fuel Stove Portable Camping Stove - Patented - with Carrying Case Great for Emergency Preparedness Kit",Sports & Outdoors > Outdoor Recreation > Camping & Hiking > Camp Kitchen > Stoves & Grills > Camping Stoves,US,59.99,16.8,4.8,8.92,0.15,1039.0,767.0,4.6,0.55,10000,1.0,20.0,50,25.0,20.0,20.0,75,35,65.0,B,"observed:price,sales,reviews,rating,fba_fee; estimated:search_volume,cpc",estimated_default_costs,Imported from Sorftime; ASIN B09RN22HDQ; brand Gas One
category:Camping Stoves,19450136011,Camping Stoves,Sports & Outdoors > Outdoor Recreation > Camping & Hiking > Camp Kitchen > Stoves & Grills > Camping Stoves,B0829RKQXZ,,"Odoland 3500W/6800W Windproof Camp Stove Camping Gas Stove with Fuel Canister Adapter, Piezo Ignition, Carry Case, Portable Collapsible Stove Burner for Outdoor Backpacking Hiking and Picnic",Sports & Outdoors > Outdoor Recreation > Camping & Hiking > Camp Kitchen > Stoves & Grills > Camping Stoves,US,23.99,6.72,1.92,4.87,0.15,907.0,2234.0,4.4,0.55,10000,1.0,20.0,50,25.0,20.0,20.0,75,35,65.0,B,"observed:price,sales,reviews,rating,fba_fee; estimated:search_volume,cpc",estimated_default_costs,Imported from Sorftime; ASIN B0829RKQXZ; brand Odoland
category:Camping Stoves,19450136011,Camping Stoves,Sports & Outdoors > Outdoor Recreation > Camping & Hiking > Camp Kitchen > Stoves & Grills > Camping Stoves,B0B9T843BT,,"Vivicreate 2 Burner Propane Stove, [20000 BTU] Portable Camping Gas Cooktop with Auto Ignition, Stainless Steel Outdoor Cooker with Regulator & Hose for RV, Backyard, Camping and Emergency Use",Sports & Outdoors > Outdoor Recreation > Camping & Hiking > Camp Kitchen > Stoves & Grills > Camping Stoves,US,46.99,13.16,3.76,13.54,0.15,808.0,672.0,4.3,0.55,10000,1.0,20.0,50,25.0,20.0,20.0,75,35,65.0,B,"observed:price,sales,reviews,rating,fba_fee; estimated:search_volume,cpc",estimated_default_costs,Imported from Sorftime; ASIN B0B9T843BT; brand vivicreate
category:Camping Stoves,19450136011,Camping Stoves,Sports & Outdoors > Outdoor Recreation > Camping & Hiking > Camp Kitchen > Stoves & Grills > Camping Stoves,B01HUOEGM6,,"Chef Master Portable Butane Camping Stove, Backpacking Burner, 15,000 BTU | Double Wind Guard, Piezo Ignition, Canister Safety Lock, Pressure Shut-Off, Hard Carry Case, Tailgating, Emergency, 90019",Sports & Outdoors > Outdoor Recreation > Camping & Hiking > Camp Kitchen > Stoves & Grills > Camping Stoves,US,64.05,17.93,5.12,8.51,0.15,719.0,2156.0,4.6,0.55,10000,1.0,20.0,50,25.0,20.0,20.0,75,35,65.0,B,"observed:price,sales,reviews,rating,fba_fee; estimated:search_volume,cpc",estimated_default_costs,Imported from Sorftime; ASIN B01HUOEGM6; brand Chef Master
category:Camping Stoves,19450136011,Camping Stoves,Sports & Outdoors > Outdoor Recreation > Camping & Hiking > Camp Kitchen > Stoves & Grills > Camping Stoves,B0DBGZCPXV,,"Fire-Maple Fixed Star 2 Pro Backpacking Camping Stove System, Black 19.8oz | 30% Faster Boil with HX Base, Piezo Ignition, Locking Handle, All-in-One, Portable, Compatible with Most Canisters",Sports & Outdoors > Outdoor Recreation > Camping & Hiking > Camp Kitchen > Stoves & Grills > Camping Stoves,US,72.95,20.43,5.84,5.95,0.15,636.0,1948.0,4.6,0.55,10000,1.0,20.0,50,25.0,20.0,20.0,75,35,65.0,B,"observed:price,sales,reviews,rating,fba_fee; estimated:search_volume,cpc",estimated_default_costs,Imported from Sorftime; ASIN B0DBGZCPXV; brand Fire-Maple
category:Camping Stoves,19450136011,Camping Stoves,Sports & Outdoors > Outdoor Recreation > Camping & Hiking > Camp Kitchen > Stoves & Grills > Camping Stoves,B09HMZH8Z6,,"Coleman Classic 1-Burner Butane Stove, Portable Camping Cooktop with Carry Case & InstaStart Ignition, Adjustable Burner with 7650 BTUs of Power for Camping, Grilling, Tailgating, & More",Sports & Outdoors > Outdoor Recreation > Camping & Hiking > Camp Kitchen > Stoves & Grills > Camping Stoves,US,39.99,11.2,3.2,8.79,0.15,624.0,1998.0,4.6,0.55,10000,1.0,20.0,50,25.0,20.0,20.0,75,35,65.0,B,"observed:price,sales,reviews,rating,fba_fee; estimated:search_volume,cpc",estimated_default_costs,Imported from Sorftime; ASIN B09HMZH8Z6; brand Coleman
category:Camping Stoves,19450136011,Camping Stoves,Sports & Outdoors > Outdoor Recreation > Camping & Hiking > Camp Kitchen > Stoves & Grills > Camping Stoves,B07KL547H5,,COOKAMP Propane Double Burner Angle Iron Camp Stove with CSA Listed Regulator and 4ft Hose (SA2200),Sports & Outdoors > Outdoor Recreation > Camping & Hiking > Camp Kitchen > Stoves & Grills > Camping Stoves,US,58.99,16.52,4.72,16.64,0.15,569.0,365.0,4.2,0.55,10000,1.0,20.0,50,25.0,20.0,20.0,75,35,65.0,B,"observed:price,sales,reviews,rating,fba_fee; estimated:search_volume,cpc",estimated_default_costs,Imported from Sorftime; ASIN B07KL547H5; brand COOKAMP
category:Camping Stoves,19450136011,Camping Stoves,Sports & Outdoors > Outdoor Recreation > Camping & Hiking > Camp Kitchen > Stoves & Grills > Camping Stoves,B0G58KTN9W,,"Propane Cylinder Top Stove with Adjustable Burner, 10000BTU Portable Camping/Backpacking Cooker,Camping Stove Propane,Single Burner Propane Stove with a USB Ligther,Camp Gas Stove(Fuel not included)",Sports & Outdoors > Outdoor Recreation > Camping & Hiking > Camp Kitchen > Stoves & Grills > Camping Stoves,US,24.69,6.91,1.98,6.21,0.15,565.0,220.0,4.4,0.55,10000,1.0,20.0,50,25.0,20.0,20.0,75,35,65.0,B,"observed:price,sales,reviews,rating,fba_fee; estimated:search_volume,cpc",estimated_default_costs,Imported from Sorftime; ASIN B0G58KTN9W; brand Gospowor
category:Camping Stoves,19450136011,Camping Stoves,Sports & Outdoors > Outdoor Recreation > Camping & Hiking > Camp Kitchen > Stoves & Grills > Camping Stoves,B07J1LH4L5,,"Sterno Foldable Camping Stove | Portable design, corrosion-resistant frame, wind-shield panels, camping and emergencies",Sports & Outdoors > Outdoor Recreation > Camping & Hiking > Camp Kitchen > Stoves & Grills > Camping Stoves,US,13.99,3.92,1.12,4.46,0.15,444.0,1425.0,4.6,0.55,10000,1.0,20.0,50,25.0,20.0,20.0,75,35,65.0,B,"observed:price,sales,reviews,rating,fba_fee; estimated:search_volume,cpc",estimated_default_costs,Imported from Sorftime; ASIN B07J1LH4L5; brand Sterno
category:Camping Stoves,19450136011,Camping Stoves,Sports & Outdoors > Outdoor Recreation > Camping & Hiking > Camp Kitchen > Stoves & Grills > Camping Stoves,B0DR81PT6W,,"Cofiyard 20,000 BTUs 2 Burner Propane Camping Stove, Portable Folding Camp Stove with Adjustable Burners, Regulator and Carrying Bag, Dual Gas Stoves Easy Carrying Handle for Tailgating, Camping, BBQ",Sports & Outdoors > Outdoor Recreation > Camping & Hiking > Camp Kitchen > Stoves & Grills > Camping Stoves,US,79.99,22.4,6.4,9.55,0.15,390.0,317.0,4.5,0.55,10000,1.0,20.0,50,25.0,20.0,20.0,75,35,65.0,B,"observed:price,sales,reviews,rating,fba_fee; estimated:search_volume,cpc",estimated_default_costs,Imported from Sorftime; ASIN B0DR81PT6W; brand Cofiyard
category:Camping Stoves,19450136011,Camping Stoves,Sports & Outdoors > Outdoor Recreation > Camping & Hiking > Camp Kitchen > Stoves & Grills > Camping Stoves,B0FHW3G1RZ,,"BIG HORN OUTDOORS Butane Camping Stove, Portable Folding Gas Burner with Carry Bag for Camping, Emergency Use and Outdoor Cooking",Sports & Outdoors > Outdoor Recreation > Camping & Hiking > Camp Kitchen > Stoves & Grills > Camping Stoves,US,21.99,6.16,1.76,7.92,0.15,387.0,200.0,4.6,0.55,10000,1.0,20.0,50,25.0,20.0,20.0,75,35,65.0,B,"observed:price,sales,reviews,rating,fba_fee; estimated:search_volume,cpc",estimated_default_costs,Imported from Sorftime; ASIN B0FHW3G1RZ; brand BIG HORN
category:Camping Stoves,19450136011,Camping Stoves,Sports & Outdoors > Outdoor Recreation > Camping & Hiking > Camp Kitchen > Stoves & Grills > Camping Stoves,B0BXMNBYM1,,"CONCORD 12' THE BLOCK BURNER Single Propane Outdoor Burner. 100,000 BTU Great for Home Brewing, Camping, Tailgating, and More!",Sports & Outdoors > Outdoor Recreation > Camping & Hiking > Camp Kitchen > Stoves & Grills > Camping Stoves,US,39.98,11.19,3.2,11.62,0.15,366.0,1059.0,4.5,0.55,10000,1.0,20.0,50,25.0,20.0,20.0,75,35,65.0,B,"observed:price,sales,reviews,rating,fba_fee; estimated:search_volume,cpc",estimated_default_costs,Imported from Sorftime; ASIN B0BXMNBYM1; brand Concord
category:Camping Stoves,19450136011,Camping Stoves,Sports & Outdoors > Outdoor Recreation > Camping & Hiking > Camp Kitchen > Stoves & Grills > Camping Stoves,B0C92WQQGD,,Vivicreate 30000 BTU Propane Gas Stove Outdoor Single Burner Adjustable Height with 20PSI Regulator Heavy Duty Cooker for Patio Camping Garden BBQ Fogon de Gas Estufa de Gas Portatil Parrillas,Sports & Outdoors > Outdoor Recreation > Camping & Hiking > Camp Kitchen > Stoves & Grills > Camping Stoves,US,63.99,17.92,5.12,17.83,0.15,340.0,232.0,4.4,0.55,10000,1.0,20.0,50,25.0,20.0,20.0,75,35,65.0,B,"observed:price,sales,reviews,rating,fba_fee; estimated:search_volume,cpc",estimated_default_costs,Imported from Sorftime; ASIN B0C92WQQGD; brand vivicreate
category:Camping Stoves,19450136011,Camping Stoves,Sports & Outdoors > Outdoor Recreation > Camping & Hiking > Camp Kitchen > Stoves & Grills > Camping Stoves,B0FLJW6N3F,,"2 Burner Propane Camping Stove, 20000 BTU Foldable Portable Camp Stove with Piezo Ignition & Adjustable Burners, Outdoor Gas Cooker with Carry Bag for Camping, RV, Tailgating & Emergency Use",Sports & Outdoors > Outdoor Recreation > Camping & Hiking > Camp Kitchen > Stoves & Grills > Camping Stoves,US,63.16,17.68,5.05,9.75,0.15,324.0,70.0,4.4,0.55,10000,1.0,20.0,50,25.0,20.0,20.0,75,35,65.0,B,"observed:price,sales,reviews,rating,fba_fee; estimated:search_volume,cpc",estimated_default_costs,Imported from Sorftime; ASIN B0FLJW6N3F; brand LILTSDRAE
category:Camping Stoves,19450136011,Camping Stoves,Sports & Outdoors > Outdoor Recreation > Camping & Hiking > Camp Kitchen > Stoves & Grills > Camping Stoves,B0FJ7Y5MNM,,"BESTFIRE 2 Burner Camping Stove,150,000 BTU High Pressure Outdoor Propane,4ft 20 PSI Adjustable Regulator Hose With Removable Legs for Backyard Cooking Camping Home",Sports & Outdoors > Outdoor Recreation > Camping & Hiking > Camp Kitchen > Stoves & Grills > Camping Stoves,US,75.98,21.27,6.08,13.68,0.15,324.0,17.0,4.2,0.55,10000,1.0,20.0,50,25.0,20.0,20.0,65,20,53.8,C,"observed:price,sales,reviews,rating; estimated:fba_fee,search_volume,cpc",estimated_default_costs,Imported from Sorftime; ASIN B0FJ7Y5MNM; brand BESTFIRE
category:Camping Stoves,19450136011,Camping Stoves,Sports & Outdoors > Outdoor Recreation > Camping & Hiking > Camp Kitchen > Stoves & Grills > Camping Stoves,B0G5PD8DBY,,"Cofiyard Propane 2 Burner Camping Stove with Carrying Bag, Portable Folding Gas Stove for Camping, Backpacking Camp Stove for Outdoor Cooking with 17,000 BTU Adjustable Burners for BBQ, Tailgating",Sports & Outdoors > Outdoor Recreation > Camping & Hiking > Camp Kitchen > Stoves & Grills > Camping Stoves,US,56.99,15.96,4.56,9.27,0.15,288.0,397.0,4.5,0.55,10000,1.0,20.0,50,25.0,20.0,20.0,75,35,65.0,B,"observed:price,sales,reviews,rating,fba_fee; estimated:search_volume,cpc",estimated_default_costs,Imported from Sorftime; ASIN B0G5PD8DBY; brand Cofiyard
category:Camping Stoves,19450136011,Camping Stoves,Sports & Outdoors > Outdoor Recreation > Camping & Hiking > Camp Kitchen > Stoves & Grills > Camping Stoves,B09M2LDCXF,,"SHINESTAR 7800 BTU Dual Fuel Camping Stove, Propane Portable Gas Stove",Sports & Outdoors > Outdoor Recreation > Camping & Hiking > Camp Kitchen > Stoves & Grills > Camping Stoves,US,32.38,9.07,2.59,8.88,0.15,277.0,1562.0,4.5,0.55,10000,1.0,20.0,50,25.0,20.0,20.0,75,35,65.0,B,"observed:price,sales,reviews,rating,fba_fee; estimated:search_volume,cpc",estimated_default_costs,Imported from Sorftime; ASIN B09M2LDCXF; brand SHINESTAR
category:Camping Stoves,19450136011,Camping Stoves,Sports & Outdoors > Outdoor Recreation > Camping & Hiking > Camp Kitchen > Stoves & Grills > Camping Stoves,B078ZD2TVS,,"Fire-Maple Z1 LPG Propane Adapter Aluminum Camping Stove Converter 30g | Input: Propane, Output: EN417 Valve, Precision Tolerances, Snug Fit, Wide Stove Compatibility, Small & Lightweight",Sports & Outdoors > Outdoor Recreation > Camping & Hiking > Camp Kitchen > Stoves & Grills > Camping Stoves,US,14.95,4.19,1.2,3.92,0.15,276.0,522.0,4.5,0.55,10000,1.0,20.0,50,25.0,20.0,20.0,75,35,65.0,B,"observed:price,sales,reviews,rating,fba_fee; estimated:search_volume,cpc",estimated_default_costs,Imported from Sorftime; ASIN B078ZD2TVS; brand Fire-Maple
category:Camping Stoves,19450136011,Camping Stoves,Sports & Outdoors > Outdoor Recreation > Camping & Hiking > Camp Kitchen > Stoves & Grills > Camping Stoves,B0GR8KM7S6,,"BESTFIRE 72000 BTU High Output Windproof Propane Gas Stove Piezo Ignition | Extended Hose & 3 Adapters, Portable Carrying Bag for Outdoor Backpacking Picnic Hiking",Sports & Outdoors > Outdoor Recreation > Camping & Hiking > Camp Kitchen > Stoves & Grills > Camping Stoves,US,32.99,9.24,2.64,5.94,0.15,262.0,63.0,4.2,0.55,10000,1.0,20.0,50,25.0,20.0,20.0,65,20,53.8,C,"observed:price,sales,reviews,rating; estimated:fba_fee,search_volume,cpc",estimated_default_costs,Imported from Sorftime; ASIN B0GR8KM7S6; brand BESTFIRE
category:Camping Stoves,19450136011,Camping Stoves,Sports & Outdoors > Outdoor Recreation > Camping & Hiking > Camp Kitchen > Stoves & Grills > Camping Stoves,B074FWQPVS,,Stanbroil Heavy Duty Carry Bag,Sports & Outdoors > Outdoor Recreation > Camping & Hiking > Camp Kitchen > Stoves & Grills > Camping Stoves,US,23.99,6.72,1.92,6.23,0.15,249.0,1284.0,4.4,0.55,10000,1.0,20.0,50,25.0,20.0,20.0,75,35,65.0,B,"observed:price,sales,reviews,rating,fba_fee; estimated:search_volume,cpc",estimated_default_costs,Imported from Sorftime; ASIN B074FWQPVS; brand Stanbroil
category:Camping Stoves,19450136011,Camping Stoves,Sports & Outdoors > Outdoor Recreation > Camping & Hiking > Camp Kitchen > Stoves & Grills > Camping Stoves,B0H85T74MQ,,"Hisencn 2 Burners Camping Stove with Windscreen for Camping,RV Essentials",Sports & Outdoors > Outdoor Recreation > Camping & Hiking > Camp Kitchen > Stoves & Grills > Camping Stoves,US,75.99,21.28,6.08,10.64,0.15,247.0,279.0,4.3,0.55,10000,1.0,20.0,50,25.0,20.0,20.0,75,35,65.0,B,"observed:price,sales,reviews,rating,fba_fee; estimated:search_volume,cpc",estimated_default_costs,Imported from Sorftime; ASIN B0H85T74MQ; brand Hisencn
category:Camping Stoves,19450136011,Camping Stoves,Sports & Outdoors > Outdoor Recreation > Camping & Hiking > Camp Kitchen > Stoves & Grills > Camping Stoves,B0C8MX8HYQ,,"Propane or Butane Stove with Windblocker,Dual Fuel 10,000 BTU Propane Stove for Camping, Automatic Ignition Gas Portable Stove with Propane Adapter Hose Carrying Case for Outdoor (Fuel Not Included)",Sports & Outdoors > Outdoor Recreation > Camping & Hiking > Camp Kitchen > Stoves & Grills > Camping Stoves,US,33.99,9.52,2.72,8.69,0.15,245.0,520.0,4.4,0.55,10000,1.0,20.0,50,25.0,20.0,20.0,75,35,65.0,B,"observed:price,sales,reviews,rating,fba_fee; estimated:search_volume,cpc",estimated_default_costs,Imported from Sorftime; ASIN B0C8MX8HYQ; brand Gospowor
category:Camping Stoves,19450136011,Camping Stoves,Sports & Outdoors > Outdoor Recreation > Camping & Hiking > Camp Kitchen > Stoves & Grills > Camping Stoves,B08VWLWFRT,,"KOMAN Camping Propane Stove,Portable Camping Stove, Backpacking Stove Propane Camping Stove,10000BTU Single Burner Propane Stove for Outdoor Cooking,Fuel by 16 Oz Propane Cylinder (Fuel not Included)",Sports & Outdoors > Outdoor Recreation > Camping & Hiking > Camp Kitchen > Stoves & Grills > Camping Stoves,US,24.99,7.0,2.0,6.21,0.15,245.0,630.0,4.3,0.55,10000,1.0,20.0,50,25.0,20.0,20.0,75,35,65.0,B,"observed:price,sales,reviews,rating,fba_fee; estimated:search_volume,cpc",estimated_default_costs,Imported from Sorftime; ASIN B08VWLWFRT; brand KOMAN
category:Camping Stoves,19450136011,Camping Stoves,Sports & Outdoors > Outdoor Recreation > Camping & Hiking > Camp Kitchen > Stoves & Grills > Camping Stoves,B0GC3HFWHP,,"BESTFIRE Portable Dual Fuel Camping Stove - 10,000 BTU Butane and Propane Stove with Adapter & Case - Single Burner Gas Stove for Outdoor Cooking, Tailgating & Emergency",Sports & Outdoors > Outdoor Recreation > Camping & Hiking > Camp Kitchen > Stoves & Grills > Camping Stoves,US,29.99,8.4,2.4,5.4,0.15,234.0,78.0,4.1,0.55,10000,1.0,20.0,50,25.0,20.0,20.0,65,20,53.8,C,"observed:price,sales,reviews,rating; estimated:fba_fee,search_volume,cpc",estimated_default_costs,Imported from Sorftime; ASIN B0GC3HFWHP; brand BESTFIRE
category:Camping Stoves,19450136011,Camping Stoves,Sports & Outdoors > Outdoor Recreation > Camping & Hiking > Camp Kitchen > Stoves & Grills > Camping Stoves,B004RDQT92,,Stansport Propane Converter (185),Sports & Outdoors > Outdoor Recreation > Camping & Hiking > Camp Kitchen > Stoves & Grills > Camping Stoves,US,19.9,5.57,1.59,4.47,0.15,226.0,743.0,4.6,0.55,10000,1.0,20.0,50,25.0,20.0,20.0,75,35,65.0,B,"observed:price,sales,reviews,rating,fba_fee; estimated:search_volume,cpc",estimated_default_costs,Imported from Sorftime; ASIN B004RDQT92; brand Stansport
category:Camping Stoves,19450136011,Camping Stoves,Sports & Outdoors > Outdoor Recreation > Camping & Hiking > Camp Kitchen > Stoves & Grills > Camping Stoves,B0CWKJQ2JG,,"Dr.Camp 12000 BTU Single Auto Ignition Camping Garden Outdoor Camp Garden Hiking Fishing Propane Stove Cooker Griddle, Include CSA listed regulator and gas hose",Sports & Outdoors > Outdoor Recreation > Camping & Hiking > Camp Kitchen > Stoves & Grills > Camping Stoves,US,29.99,8.4,2.4,9.01,0.15,224.0,138.0,4.2,0.55,10000,1.0,20.0,50,25.0,20.0,20.0,75,35,65.0,B,"observed:price,sales,reviews,rating,fba_fee; estimated:search_volume,cpc",estimated_default_costs,Imported from Sorftime; ASIN B0CWKJQ2JG; brand Dr.Camp
category:Camping Stoves,19450136011,Camping Stoves,Sports & Outdoors > Outdoor Recreation > Camping & Hiking > Camp Kitchen > Stoves & Grills > Camping Stoves,B0DQSQGPS4,,"Gonex Camping Stove Propane, 2 Burner Portable Camp Stoves for Camping | 16,000 BTU, Two Piezo Ignition Adjustable Burners, Teflon Coated Griddle, Cast-iron Grates, Patio, Emergency, Hiking Use",Sports & Outdoors > Outdoor Recreation > Camping & Hiking > Camp Kitchen > Stoves & Grills > Camping Stoves,US,79.99,22.4,6.4,9.94,0.15,222.0,160.0,4.5,0.55,10000,1.0,20.0,50,25.0,20.0,20.0,75,35,65.0,B,"observed:price,sales,reviews,rating,fba_fee; estimated:search_volume,cpc",estimated_default_costs,Imported from Sorftime; ASIN B0DQSQGPS4; brand Gonex
category:Camping Stoves,19450136011,Camping Stoves,Sports & Outdoors > Outdoor Recreation > Camping & Hiking > Camp Kitchen > Stoves & Grills > Camping Stoves,B0FBQR4V8S,,"Gexdes Mini Alcohol Stove – Jetfire | Heat - Resistant Rubber Grip & Leak - Proof Design, Compact, Windproof,Ideal for Camping, Emergency Preparedness",Sports & Outdoors > Outdoor Recreation > Camping & Hiking > Camp Kitchen > Stoves & Grills > Camping Stoves,US,26.99,7.56,2.16,4.39,0.15,218.0,57.0,4.2,0.55,10000,1.0,20.0,50,25.0,20.0,20.0,75,35,65.0,B,"observed:price,sales,reviews,rating,fba_fee; estimated:search_volume,cpc",estimated_default_costs,Imported from Sorftime; ASIN B0FBQR4V8S; brand Gexdes
category:Storage,3397571,Storage,Sports & Outdoors > Sports > Boating & Sailing > Boating > Boat Cabin Products > Storage,B0GJ8HW2VB,,"QualyQualy Boat Rail Cup Holder 2 Pack, No-Drill Clamp-On Marine Cup Holders 360° Adjustable for Pontoon Boat, Bimini Top, Grab Bar, PWC, Jet Ski, Fits Round & Square Rails 15-40mm, Boat Gifts for Men",Sports & Outdoors > Sports > Boating & Sailing > Boating > Boat Cabin Products > Storage,US,18.99,5.32,1.52,5.77,0.15,1342.0,53.0,4.4,0.55,10000,1.0,20.0,50,25.0,20.0,20.0,75,35,65.0,B,"observed:price,sales,reviews,rating,fba_fee; estimated:search_volume,cpc",estimated_default_costs,Imported from Sorftime; ASIN B0GJ8HW2VB; brand QualyQualy
category:Storage,3397571,Storage,Sports & Outdoors > Sports > Boating & Sailing > Boating > Boat Cabin Products > Storage,B0CZRT8TJ4,,"Gocozer Boat Cup Holder with Rubber Tab, Universal Boat Storage Organizer - 2 Ways Installation: Drill or Adhesive",Sports & Outdoors > Sports > Boating & Sailing > Boating > Boat Cabin Products > Storage,US,26.59,7.45,2.13,6.59,0.15,588.0,450.0,4.6,0.55,10000,1.0,20.0,50,25.0,20.0,20.0,75,35,65.0,B,"observed:price,sales,reviews,rating,fba_fee; estimated:search_volume,cpc",estimated_default_costs,Imported from Sorftime; ASIN B0CZRT8TJ4; brand Gocozer
category:Storage,3397571,Storage,Sports & Outdoors > Sports > Boating & Sailing > Boating > Boat Cabin Products > Storage,B0CZXZK1BW,,"MISSION Boat Gear Heavy Duty Outddor CASSI Tote Boat Bag, Mesh Beach Bag | Multiple Colors, Waterproof Base, Boat Cabin Storage, Mesh, Boat, Beach, Grocery, Travel, Pool, Premium Marine Gear",Sports & Outdoors > Sports > Boating & Sailing > Boating > Boat Cabin Products > Storage,US,49.0,13.72,3.92,8.22,0.15,475.0,290.0,4.5,0.55,10000,1.0,20.0,50,25.0,20.0,20.0,75,35,65.0,B,"observed:price,sales,reviews,rating,fba_fee; estimated:search_volume,cpc",estimated_default_costs,Imported from Sorftime; ASIN B0CZXZK1BW; brand MISSION
category:Storage,3397571,Storage,Sports & Outdoors > Sports > Boating & Sailing > Boating > Boat Cabin Products > Storage,B0GM1FW3J1,,"Seaperk Boat Caddy Organizer, 3-in-1 Mount (Screw/Fishing Boat Track/Clamp-On), Removable Divider Card & Anti-Slip Pad, Fits 40oz Tumbler, for Boat Kayak Tree Stand Bicycle Walker Wheelchair",Sports & Outdoors > Sports > Boating & Sailing > Boating > Boat Cabin Products > Storage,US,17.99,5.04,1.44,5.77,0.15,466.0,85.0,4.1,0.55,10000,1.0,20.0,50,25.0,20.0,20.0,75,35,65.0,B,"observed:price,sales,reviews,rating,fba_fee; estimated:search_volume,cpc",estimated_default_costs,Imported from Sorftime; ASIN B0GM1FW3J1; brand Seaperk
category:Storage,3397571,Storage,Sports & Outdoors > Sports > Boating & Sailing > Boating > Boat Cabin Products > Storage,B0FPX95B8J,,"QualyQualy Self-Adhesive Boat Cup Holder Phone Holder, 2-Pack Boat Organizers and Storage Bag with Strong Adhesive, 6.5“x7.5“ Boat Caddy, Securely Tools Holds Large Drink Bottles (3.3“ In Dia)",Sports & Outdoors > Sports > Boating & Sailing > Boating > Boat Cabin Products > Storage,US,15.99,4.48,1.28,4.18,0.15,429.0,91.0,4.3,0.55,10000,1.0,20.0,50,25.0,20.0,20.0,75,35,65.0,B,"observed:price,sales,reviews,rating,fba_fee; estimated:search_volume,cpc",estimated_default_costs,Imported from Sorftime; ASIN B0FPX95B8J; brand QualyQualy
category:Storage,3397571,Storage,Sports & Outdoors > Sports > Boating & Sailing > Boating > Boat Cabin Products > Storage,B07Q887FF9,,"SEAFLO Marine Boat Deck Rectangular Access Hatch - White/Black, Lock and Key/Regular",Sports & Outdoors > Sports > Boating & Sailing > Boating > Boat Cabin Products > Storage,US,44.99,12.6,3.6,6.75,0.15,361.0,1850.0,4.6,0.55,10000,1.0,20.0,50,25.0,20.0,20.0,75,35,65.0,B,"observed:price,sales,reviews,rating,fba_fee; estimated:search_volume,cpc",estimated_default_costs,Imported from Sorftime; ASIN B07Q887FF9; brand SEAFLO
category:Storage,3397571,Storage,Sports & Outdoors > Sports > Boating & Sailing > Boating > Boat Cabin Products > Storage,B0B31WF86Q,,"Gersoniel 2 Pack Boat Trash Bag Mesh Garbage Holder,Black, White | Hanging Hooks for Kayak Camper Cabin, Collapsible Storage for Fishing Gear, See-through Trash Can Liner, Marine Organizer",Sports & Outdoors > Sports > Boating & Sailing > Boating > Boat Cabin Products > Storage,US,18.99,5.32,1.52,4.48,0.15,357.0,318.0,4.4,0.55,10000,1.0,20.0,50,25.0,20.0,20.0,75,35,65.0,B,"observed:price,sales,reviews,rating,fba_fee; estimated:search_volume,cpc",estimated_default_costs,Imported from Sorftime; ASIN B0B31WF86Q; brand Gersoniel
category:Storage,3397571,Storage,Sports & Outdoors > Sports > Boating & Sailing > Boating > Boat Cabin Products > Storage,B0FVSBR3KY,,"MANUMARINE Pontoon Cup Holder Stainless Steel Double w/Side Pocket Khaki | Double drink holder with side pocket, fits boat seats, RVs, and cars, durable stainless steel marine-grade construction",Sports & Outdoors > Sports > Boating & Sailing > Boating > Boat Cabin Products > Storage,US,23.99,6.72,1.92,6.59,0.15,354.0,59.0,4.6,0.55,10000,1.0,20.0,50,25.0,20.0,20.0,75,35,65.0,B,"observed:price,sales,reviews,rating,fba_fee; estimated:search_volume,cpc",estimated_default_costs,Imported from Sorftime; ASIN B0FVSBR3KY; brand MANUMARINE
category:Storage,3397571,Storage,Sports & Outdoors > Sports > Boating & Sailing > Boating > Boat Cabin Products > Storage,B0B31S34D3,,Gersoniel Boat Trash Bag Garbage Can Collapsible Mesh Trash Container,Sports & Outdoors > Sports > Boating & Sailing > Boating > Boat Cabin Products > Storage,US,14.99,4.2,1.2,4.18,0.15,349.0,273.0,4.2,0.55,10000,1.0,20.0,50,25.0,20.0,20.0,75,35,65.0,B,"observed:price,sales,reviews,rating,fba_fee; estimated:search_volume,cpc",estimated_default_costs,Imported from Sorftime; ASIN B0B31S34D3; brand Gersoniel
category:Storage,3397571,Storage,Sports & Outdoors > Sports > Boating & Sailing > Boating > Boat Cabin Products > Storage,B0DX5VRY2S,,"Explore Land Waterproof Boat Center Console Cover 46“W x 40“D x 46“H, Black | UV-Resistant, 600D Marine Grade Polyester, All Weather Protection for Boat Center Console",Sports & Outdoors > Sports > Boating & Sailing > Boating > Boat Cabin Products > Storage,US,36.99,10.36,2.96,6.57,0.15,219.0,114.0,4.4,0.55,10000,1.0,20.0,50,25.0,20.0,20.0,75,35,65.0,B,"observed:price,sales,reviews,rating,fba_fee; estimated:search_volume,cpc",estimated_default_costs,Imported from Sorftime; ASIN B0DX5VRY2S; brand Explore Land
category:Cleaning Tools,3398891,Cleaning Tools,Sports & Outdoors > Sports > Boating & Sailing > Boating > Maintenance Supplies > Cleaning Tools,B0000AY4SE,,"STAR BRITE 8-Inch Medium Bristle Wash Brush for Boat, RV & Auto",Sports & Outdoors > Sports > Boating & Sailing > Boating > Maintenance Supplies > Cleaning Tools,US,23.59,6.61,1.89,4.25,0.15,578.0,579.0,4.6,0.55,10000,1.0,20.0,50,25.0,20.0,20.0,65,20,53.8,C,"observed:price,sales,reviews,rating; estimated:fba_fee,search_volume,cpc",estimated_default_costs,Imported from Sorftime; ASIN B0000AY4SE; brand STAR BRITE
category:Cleaning Tools,3398891,Cleaning Tools,Sports & Outdoors > Sports > Boating & Sailing > Boating > Maintenance Supplies > Cleaning Tools,B07KCM8JLJ,,"Medium Boat Deck Brush, Heavy-Duty Marine Brush Head, 8“ Bristle",Sports & Outdoors > Sports > Boating & Sailing > Boating > Maintenance Supplies > Cleaning Tools,US,29.99,8.4,2.4,5.94,0.15,404.0,533.0,4.5,0.55,10000,1.0,20.0,50,25.0,20.0,20.0,75,35,65.0,B,"observed:price,sales,reviews,rating,fba_fee; estimated:search_volume,cpc",estimated_default_costs,Imported from Sorftime; ASIN B07KCM8JLJ; brand Better Boat
category:Cleaning Tools,3398891,Cleaning Tools,Sports & Outdoors > Sports > Boating & Sailing > Boating > Maintenance Supplies > Cleaning Tools,B0000AZ5Q4,,"STAR BRITE All-Purpose Medium Red Scrubber Pad | Ergonomic scrubber pad for versatile cleaning of multiple surfaces; reduces hand strain; durable, washable, reusable.",Sports & Outdoors > Sports > Boating & Sailing > Boating > Maintenance Supplies > Cleaning Tools,US,13.86,3.88,1.11,4.47,0.15,335.0,1145.0,4.5,0.55,10000,1.0,20.0,50,25.0,20.0,20.0,75,35,65.0,B,"observed:price,sales,reviews,rating,fba_fee; estimated:search_volume,cpc",estimated_default_costs,Imported from Sorftime; ASIN B0000AZ5Q4; brand STAR BRITE
category:Cleaning Tools,3398891,Cleaning Tools,Sports & Outdoors > Sports > Boating & Sailing > Boating > Maintenance Supplies > Cleaning Tools,B00EVIP8O0,,STAR BRITE Deluxe Telescoping Brush Kit,Sports & Outdoors > Sports > Boating & Sailing > Boating > Maintenance Supplies > Cleaning Tools,US,75.96,21.27,6.08,14.07,0.15,333.0,151.0,4.4,0.55,10000,1.0,20.0,50,25.0,20.0,20.0,75,35,65.0,B,"observed:price,sales,reviews,rating,fba_fee; estimated:search_volume,cpc",estimated_default_costs,Imported from Sorftime; ASIN B00EVIP8O0; brand STAR BRITE
category:Cleaning Tools,3398891,Cleaning Tools,Sports & Outdoors > Sports > Boating & Sailing > Boating > Maintenance Supplies > Cleaning Tools,B0000AXUET,,Star brite Brush & Compact Handle Combo - Extends 2’-4’ - Made in USA,Sports & Outdoors > Sports > Boating & Sailing > Boating > Maintenance Supplies > Cleaning Tools,US,44.99,12.6,3.6,15.32,0.15,217.0,326.0,4.3,0.55,10000,1.0,20.0,50,25.0,20.0,20.0,75,35,65.0,B,"observed:price,sales,reviews,rating,fba_fee; estimated:search_volume,cpc",estimated_default_costs,Imported from Sorftime; ASIN B0000AXUET; brand STAR BRITE
category:Cleaning Tools,3398891,Cleaning Tools,Sports & Outdoors > Sports > Boating & Sailing > Boating > Maintenance Supplies > Cleaning Tools,B0DN1NBQ17,,WAVESRX PWC & Boat Wash Sprayer & Engine Flush Mixer to Wash Salt Away | Dual-Use Marine Soap Foamer to Quickly Wash and Rinse | Cleaning Kit for Boating with Garden Hose Quick-Connect,Sports & Outdoors > Sports > Boating & Sailing > Boating > Maintenance Supplies > Cleaning Tools,US,44.99,12.6,3.6,5.35,0.15,205.0,60.0,4.3,0.55,10000,1.0,20.0,50,25.0,20.0,20.0,75,35,65.0,B,"observed:price,sales,reviews,rating,fba_fee; estimated:search_volume,cpc",estimated_default_costs,Imported from Sorftime; ASIN B0DN1NBQ17; brand WAVESRX
category:Tools,3398991,Tools,Sports & Outdoors > Sports > Boating & Sailing > Boating > Maintenance Supplies > Tools,B07W6XFLT5,,"Zipper Wax Zip Lube, Marine Grade Zipper Lubricant Stick and Tool for Boat | Canvas, Bimini Snaps, Metal Zippers, Jackets, Coolers, Vinyl Panels, Wetsuits, Drysuits, No Oil Mess",Sports & Outdoors > Sports > Boating & Sailing > Boating > Maintenance Supplies > Tools,US,13.99,3.92,1.12,3.93,0.15,731.0,1210.0,4.6,0.55,10000,1.0,20.0,50,25.0,20.0,20.0,75,35,65.0,B,"observed:price,sales,reviews,rating,fba_fee; estimated:search_volume,cpc",estimated_default_costs,Imported from Sorftime; ASIN B07W6XFLT5; brand Better Boat
category:Tools,3398991,Tools,Sports & Outdoors > Sports > Boating & Sailing > Boating > Maintenance Supplies > Tools,B0DZ1S48T8,,"Snap Tool for Boat Covers, Snap Removal Tool with Non-Slip Silicone Grip, Ideal Boat Tool and Marine Snap Tool",Sports & Outdoors > Sports > Boating & Sailing > Boating > Maintenance Supplies > Tools,US,12.99,3.64,1.04,4.19,0.15,410.0,88.0,4.6,0.55,10000,1.0,20.0,50,25.0,20.0,20.0,75,35,65.0,B,"observed:price,sales,reviews,rating,fba_fee; estimated:search_volume,cpc",estimated_default_costs,Imported from Sorftime; ASIN B0DZ1S48T8; brand Cnosky
category:Tools,3398991,Tools,Sports & Outdoors > Sports > Boating & Sailing > Boating > Maintenance Supplies > Tools,B0CPJ8SVCD,,"Bolaxin Lower Unit Gear Oil Pump for Standard Quart Bottles, 3/8 inch Metal Swivel, 8mm and 10mm Adapters, for Most Marine Boat Outboard Motors (NOT for Volvo Penta)",Sports & Outdoors > Sports > Boating & Sailing > Boating > Maintenance Supplies > Tools,US,12.88,3.61,1.03,4.9,0.15,225.0,354.0,4.0,0.55,10000,1.0,20.0,50,25.0,20.0,20.0,75,35,65.0,B,"observed:price,sales,reviews,rating,fba_fee; estimated:search_volume,cpc",estimated_default_costs,Imported from Sorftime; ASIN B0CPJ8SVCD; brand Bolaxin
category:Tools,3398991,Tools,Sports & Outdoors > Sports > Boating & Sailing > Boating > Maintenance Supplies > Tools,B0F1FT6GD9,,"1-1/16“ Boat Prop Wrench & PMPS-1-DP Prop Stop Block Kit, 91-859046Q4 Polymer Propeller Wrench - Works for Mercury Mercruiser Alpha, Fits All Outboard & Stern Drive Applications Light-Weight, Yellow",Sports & Outdoors > Sports > Boating & Sailing > Boating > Maintenance Supplies > Tools,US,19.6,5.49,1.57,4.89,0.15,217.0,58.0,4.6,0.55,10000,1.0,20.0,50,25.0,20.0,20.0,75,35,65.0,B,"observed:price,sales,reviews,rating,fba_fee; estimated:search_volume,cpc",estimated_default_costs,Imported from Sorftime; ASIN B0F1FT6GD9; brand Yoursme
category:Tools,3398991,Tools,Sports & Outdoors > Sports > Boating & Sailing > Boating > Maintenance Supplies > Tools,B0DRP44ZD4,,2 Pcs 1 Inch Boat Drain Plug Flaring Tool and 3 Inch Brass Tube Pipe Set,Sports & Outdoors > Sports > Boating & Sailing > Boating > Maintenance Supplies > Tools,US,17.99,5.04,1.44,4.44,0.15,217.0,52.0,4.3,0.55,10000,1.0,20.0,50,25.0,20.0,20.0,75,35,65.0,B,"observed:price,sales,reviews,rating,fba_fee; estimated:search_volume,cpc",estimated_default_costs,Imported from Sorftime; ASIN B0DRP44ZD4; brand Yaocom
category:Tools,3398991,Tools,Sports & Outdoors > Sports > Boating & Sailing > Boating > Maintenance Supplies > Tools,B0G4MCJYB4,,"Mellbree Rope Splicing Tools, 7 Pcs 1/4“, 5/16“, 3/8“, 7/16“, 1/2“ Rope FID with Pusher for Boating, Sailing, Dock Lines & Anchor Ropes – Heavy Duty for Braid Ropes",Sports & Outdoors > Sports > Boating & Sailing > Boating > Maintenance Supplies > Tools,US,24.99,7.0,2.0,4.47,0.15,200.0,58.0,4.3,0.55,10000,1.0,20.0,50,25.0,20.0,20.0,75,35,65.0,B,"observed:price,sales,reviews,rating,fba_fee; estimated:search_volume,cpc",estimated_default_costs,Imported from Sorftime; ASIN B0G4MCJYB4; brand Mellbree
category:Indoor Paddleboard Storage,10208160011,Indoor Paddleboard Storage,Sports & Outdoors > Sports > Water Sports > Surfing > Stand-Up Paddleboarding > Indoor Paddleboard Storage,B09XQRBR2P,,"GEEDAR Heavy Duty Garage Storage Hooks -120 LB Capacity, 4packs, 15“ Wall Mounted Rack for Hanging Kayak, Paddle Board, Ladders, Bikes Enforced Kayak Storage Hanger",Sports & Outdoors > Sports > Water Sports > Surfing > Stand-Up Paddleboarding > Indoor Paddleboard Storage,US,27.99,7.84,2.24,8.12,0.15,264.0,1805.0,4.6,0.55,10000,1.0,20.0,50,25.0,20.0,20.0,75,35,65.0,B,"observed:price,sales,reviews,rating,fba_fee; estimated:search_volume,cpc",estimated_default_costs,Imported from Sorftime; ASIN B09XQRBR2P; brand GEEDAR
category:Raised Toilet Seats,3775401,Raised Toilet Seats,Tools & Home Improvement > Kitchen & Bath Fixtures > Bathroom Fixtures > Bathroom Safety & Accessibility > Toilets & Toilet Aids > Raised Toilet Seats,B0DVBXQKL1,,"Medical King Toilet Seat Riser for Seniors, Adjustable, Gray, Heavy Duty up to 400 lbs",Tools & Home Improvement > Kitchen & Bath Fixtures > Bathroom Fixtures > Bathroom Safety & Accessibility > Toilets & Toilet Aids > Raised Toilet Seats,US,49.98,13.99,4.0,9.0,0.15,2750.0,1103.0,4.5,0.55,10000,1.0,20.0,50,65,20.0,20.0,65,20,53.8,C,"observed:price,sales,reviews,rating; estimated:fba_fee,search_volume,cpc",estimated_default_costs,Imported from Sorftime; ASIN B0DVBXQKL1; brand Medical king
category:Raised Toilet Seats,3775401,Raised Toilet Seats,Tools & Home Improvement > Kitchen & Bath Fixtures > Bathroom Fixtures > Bathroom Safety & Accessibility > Toilets & Toilet Aids > Raised Toilet Seats,B0FN7T9CMD,,"KingPavonini Raised Toilet Seat with Handles for Elderly, 500 lbs Capacity | Adjustable Height & Width, Toilet Seat Risers for Seniors, Handicap & Pregnancy Bathroom Safety, Fits Any Toilet",Tools & Home Improvement > Kitchen & Bath Fixtures > Bathroom Fixtures > Bathroom Safety & Accessibility > Toilets & Toilet Aids > Raised Toilet Seats,US,59.99,16.8,4.8,11.38,0.15,2718.0,246.0,4.4,0.55,10000,1.0,20.0,50,25.0,20.0,20.0,75,35,65.0,B,"observed:price,sales,reviews,rating,fba_fee; estimated:search_volume,cpc",estimated_default_costs,Imported from Sorftime; ASIN B0FN7T9CMD; brand KingPavonini
category:Raised Toilet Seats,3775401,Raised Toilet Seats,Tools & Home Improvement > Kitchen & Bath Fixtures > Bathroom Fixtures > Bathroom Safety & Accessibility > Toilets & Toilet Aids > Raised Toilet Seats,B0DN1KM42Y,,"soundfuse Heavy Duty Raised Toilet Seat with Handles for Senior, 400 lbs | Adjustable Height & Width, Aluminum Reinforced Frame, Padded Seat, Handicap Elevated Toilet Seat Riser, Fit Most Toilets",Tools & Home Improvement > Kitchen & Bath Fixtures > Bathroom Fixtures > Bathroom Safety & Accessibility > Toilets & Toilet Aids > Raised Toilet Seats,US,59.39,16.63,4.75,14.93,0.15,1603.0,902.0,4.5,0.55,10000,1.0,20.0,50,25.0,20.0,20.0,75,35,65.0,B,"observed:price,sales,reviews,rating,fba_fee; estimated:search_volume,cpc",estimated_default_costs,Imported from Sorftime; ASIN B0DN1KM42Y; brand soundfuse
category:Raised Toilet Seats,3775401,Raised Toilet Seats,Tools & Home Improvement > Kitchen & Bath Fixtures > Bathroom Fixtures > Bathroom Safety & Accessibility > Toilets & Toilet Aids > Raised Toilet Seats,B01IQCJP5Y,,"Medline 5“ Elongated Raised Locking Toilet Seat, 400 lb Capacity | Toilet Riser with Removable Padded Arms, Fits Most Elongated Toilets, No Lid, Medical Seat For Adults and Elderly",Tools & Home Improvement > Kitchen & Bath Fixtures > Bathroom Fixtures > Bathroom Safety & Accessibility > Toilets & Toilet Aids > Raised Toilet Seats,US,48.29,13.52,3.86,217.11,0.15,1373.0,837.0,4.0,0.55,10000,1.0,20.0,50,65,20.0,20.0,75,35,65.0,B,"observed:price,sales,reviews,rating,fba_fee; estimated:search_volume,cpc",estimated_default_costs,Imported from Sorftime; ASIN B01IQCJP5Y; brand Medline
category:Raised Toilet Seats,3775401,Raised Toilet Seats,Tools & Home Improvement > Kitchen & Bath Fixtures > Bathroom Fixtures > Bathroom Safety & Accessibility > Toilets & Toilet Aids > Raised Toilet Seats,B0G51HWYXP,,"Padded Toilet Seat Riser for Seniors FSA/HSA Eligible, 450 LBS Heavy Duty",Tools & Home Improvement > Kitchen & Bath Fixtures > Bathroom Fixtures > Bathroom Safety & Accessibility > Toilets & Toilet Aids > Raised Toilet Seats,US,65.99,18.48,5.28,10.8,0.15,1358.0,141.0,4.4,0.55,10000,1.0,20.0,50,25.0,20.0,20.0,75,35,65.0,B,"observed:price,sales,reviews,rating,fba_fee; estimated:search_volume,cpc",estimated_default_costs,Imported from Sorftime; ASIN B0G51HWYXP; brand FITGOT
category:Raised Toilet Seats,3775401,Raised Toilet Seats,Tools & Home Improvement > Kitchen & Bath Fixtures > Bathroom Fixtures > Bathroom Safety & Accessibility > Toilets & Toilet Aids > Raised Toilet Seats,B0FX3JR935,,"Loyoda Toilet Seat Riser with PU Foam Padded Seat for Elderly, 350 lb Cap | Raised Toilet Seat with Handles, Adjustable Height & Width, Waterproof and Rustproof, Aluminum Alloy Frame，Non-slip Feet",Tools & Home Improvement > Kitchen & Bath Fixtures > Bathroom Fixtures > Bathroom Safety & Accessibility > Toilets & Toilet Aids > Raised Toilet Seats,US,79.99,22.4,6.4,14.52,0.15,792.0,263.0,4.5,0.55,10000,1.0,20.0,50,25.0,20.0,20.0,75,35,65.0,B,"observed:price,sales,reviews,rating,fba_fee; estimated:search_volume,cpc",estimated_default_costs,Imported from Sorftime; ASIN B0FX3JR935; brand Loyoda
category:Raised Toilet Seats,3775401,Raised Toilet Seats,Tools & Home Improvement > Kitchen & Bath Fixtures > Bathroom Fixtures > Bathroom Safety & Accessibility > Toilets & Toilet Aids > Raised Toilet Seats,B09XGNVXRD,,"Medline 5“ Elevated Toilet Seat Riser, 350 lb Capacity, White | Microban Protection, For Adults, Seniors, and Elderly, Raised Toilet Seat for Post Surgery Recovery and Disabilities",Tools & Home Improvement > Kitchen & Bath Fixtures > Bathroom Fixtures > Bathroom Safety & Accessibility > Toilets & Toilet Aids > Raised Toilet Seats,US,37.54,10.51,3.0,17.92,0.15,665.0,450.0,4.2,0.55,10000,1.0,20.0,50,25.0,20.0,20.0,75,35,65.0,B,"observed:price,sales,reviews,rating,fba_fee; estimated:search_volume,cpc",estimated_default_costs,Imported from Sorftime; ASIN B09XGNVXRD; brand Medline
category:Raised Toilet Seats,3775401,Raised Toilet Seats,Tools & Home Improvement > Kitchen & Bath Fixtures > Bathroom Fixtures > Bathroom Safety & Accessibility > Toilets & Toilet Aids > Raised Toilet Seats,B0FDGFQGXN,,"HOMEAL Raised Toilet Seat Riser with Handles for Seniors, 450LBS Heavy-Duty 3in1 Commode Chair for Disabled & Patients with Reinforced Frame & Protective Deflector, Built for Safety & Clean",Tools & Home Improvement > Kitchen & Bath Fixtures > Bathroom Fixtures > Bathroom Safety & Accessibility > Toilets & Toilet Aids > Raised Toilet Seats,US,79.99,22.4,6.4,11.18,0.15,656.0,186.0,4.5,0.55,10000,1.0,20.0,50,25.0,20.0,20.0,75,35,65.0,B,"observed:price,sales,reviews,rating,fba_fee; estimated:search_volume,cpc",estimated_default_costs,Imported from Sorftime; ASIN B0FDGFQGXN; brand HOMEAL
category:Raised Toilet Seats,3775401,Raised Toilet Seats,Tools & Home Improvement > Kitchen & Bath Fixtures > Bathroom Fixtures > Bathroom Safety & Accessibility > Toilets & Toilet Aids > Raised Toilet Seats,B005L4NPQ6,,"Medline Raised Toilet Seat, Toilet Seat Riser, Locking, 5“ Height, 400-lb. Capacity",Tools & Home Improvement > Kitchen & Bath Fixtures > Bathroom Fixtures > Bathroom Safety & Accessibility > Toilets & Toilet Aids > Raised Toilet Seats,US,41.61,11.65,3.33,18.77,0.15,545.0,347.0,4.2,0.55,10000,1.0,20.0,50,25.0,20.0,20.0,75,35,65.0,B,"observed:price,sales,reviews,rating,fba_fee; estimated:search_volume,cpc",estimated_default_costs,Imported from Sorftime; ASIN B005L4NPQ6; brand Medline
category:Raised Toilet Seats,3775401,Raised Toilet Seats,Tools & Home Improvement > Kitchen & Bath Fixtures > Bathroom Fixtures > Bathroom Safety & Accessibility > Toilets & Toilet Aids > Raised Toilet Seats,B0DN1FDKDH,,"soundfuse Toilet Seat Risers for Seniors with Handles & Cozy Padded Seat | Adjustable Height & Width, 400lb, Durable Aluminum Frame, Handicap Elevated Raised Toilet Seat for Elderly, Fits Any Toilet",Tools & Home Improvement > Kitchen & Bath Fixtures > Bathroom Fixtures > Bathroom Safety & Accessibility > Toilets & Toilet Aids > Raised Toilet Seats,US,59.99,16.8,4.8,14.51,0.15,495.0,466.0,4.5,0.55,10000,1.0,20.0,50,25.0,20.0,20.0,75,35,65.0,B,"observed:price,sales,reviews,rating,fba_fee; estimated:search_volume,cpc",estimated_default_costs,Imported from Sorftime; ASIN B0DN1FDKDH; brand soundfuse
category:Raised Toilet Seats,3775401,Raised Toilet Seats,Tools & Home Improvement > Kitchen & Bath Fixtures > Bathroom Fixtures > Bathroom Safety & Accessibility > Toilets & Toilet Aids > Raised Toilet Seats,B0GCZFMWFM,,"PopWise Raised Toilet Seat with Handles Adjustable Height & Width, 500 lb",Tools & Home Improvement > Kitchen & Bath Fixtures > Bathroom Fixtures > Bathroom Safety & Accessibility > Toilets & Toilet Aids > Raised Toilet Seats,US,59.99,16.8,4.8,11.19,0.15,491.0,155.0,4.3,0.55,10000,1.0,20.0,50,25.0,20.0,20.0,75,35,65.0,B,"observed:price,sales,reviews,rating,fba_fee; estimated:search_volume,cpc",estimated_default_costs,Imported from Sorftime; ASIN B0GCZFMWFM; brand PopWise
category:Raised Toilet Seats,3775401,Raised Toilet Seats,Tools & Home Improvement > Kitchen & Bath Fixtures > Bathroom Fixtures > Bathroom Safety & Accessibility > Toilets & Toilet Aids > Raised Toilet Seats,B0FP9H6TY4,,"Dedibody Toilet Seat Risers for Seniors, Raised Toilet Seat with Handles | Adjustable Height & Width, Heavy Duty Up to 550lb Handicap Elevated Toilet Seat for Elderly, Pregnant, Fit Any Toilet",Tools & Home Improvement > Kitchen & Bath Fixtures > Bathroom Fixtures > Bathroom Safety & Accessibility > Toilets & Toilet Aids > Raised Toilet Seats,US,59.99,16.8,4.8,11.31,0.15,453.0,118.0,4.2,0.55,10000,1.0,20.0,50,25.0,20.0,20.0,75,35,65.0,B,"observed:price,sales,reviews,rating,fba_fee; estimated:search_volume,cpc",estimated_default_costs,Imported from Sorftime; ASIN B0FP9H6TY4; brand dedibody
category:Raised Toilet Seats,3775401,Raised Toilet Seats,Tools & Home Improvement > Kitchen & Bath Fixtures > Bathroom Fixtures > Bathroom Safety & Accessibility > Toilets & Toilet Aids > Raised Toilet Seats,B0DRBY2PV2,,"Raised Toilet Seat with Handles, Width & Height Adjustable | Toilet Seat Risers for Seniors, 400lbs Heavy Duty Elevated Handicap Toilet Riser, Fit Any Toilet",Tools & Home Improvement > Kitchen & Bath Fixtures > Bathroom Fixtures > Bathroom Safety & Accessibility > Toilets & Toilet Aids > Raised Toilet Seats,US,62.99,17.64,5.04,11.46,0.15,426.0,1339.0,4.5,0.55,10000,1.0,20.0,50,25.0,20.0,20.0,75,35,65.0,B,"observed:price,sales,reviews,rating,fba_fee; estimated:search_volume,cpc",estimated_default_costs,Imported from Sorftime; ASIN B0DRBY2PV2; brand Agrish
category:Raised Toilet Seats,3775401,Raised Toilet Seats,Tools & Home Improvement > Kitchen & Bath Fixtures > Bathroom Fixtures > Bathroom Safety & Accessibility > Toilets & Toilet Aids > Raised Toilet Seats,B0FR54L71S,,"Toilet Seat Riser for Seniors, Raised Toilet Seat with Handles - FSA/HSA Eligible, Adjustable Height & Width, Supports 400 lbs - Universal Fit for Elderly, Handicap, Post-Surgery & Pregnancy",Tools & Home Improvement > Kitchen & Bath Fixtures > Bathroom Fixtures > Bathroom Safety & Accessibility > Toilets & Toilet Aids > Raised Toilet Seats,US,54.99,15.4,4.4,10.61,0.15,410.0,312.0,4.6,0.55,10000,1.0,20.0,50,25.0,20.0,20.0,75,35,65.0,B,"observed:price,sales,reviews,rating,fba_fee; estimated:search_volume,cpc",estimated_default_costs,Imported from Sorftime; ASIN B0FR54L71S; brand JIYUZEST
category:Raised Toilet Seats,3775401,Raised Toilet Seats,Tools & Home Improvement > Kitchen & Bath Fixtures > Bathroom Fixtures > Bathroom Safety & Accessibility > Toilets & Toilet Aids > Raised Toilet Seats,B0G3X2YLY6,,"Toilet Seat Riser with Handles 500lb, Stainless Steel Raised Toilet Seat, Adjustable Height & Width, Handicap Raised Toilet Chair for Seniors, Fit Any Toilet",Tools & Home Improvement > Kitchen & Bath Fixtures > Bathroom Fixtures > Bathroom Safety & Accessibility > Toilets & Toilet Aids > Raised Toilet Seats,US,59.99,16.8,4.8,11.51,0.15,388.0,37.0,4.3,0.55,10000,1.0,20.0,50,25.0,20.0,20.0,75,35,65.0,B,"observed:price,sales,reviews,rating,fba_fee; estimated:search_volume,cpc",estimated_default_costs,Imported from Sorftime; ASIN B0G3X2YLY6; brand Brosive
category:Raised Toilet Seats,3775401,Raised Toilet Seats,Tools & Home Improvement > Kitchen & Bath Fixtures > Bathroom Fixtures > Bathroom Safety & Accessibility > Toilets & Toilet Aids > Raised Toilet Seats,B0GLFNZKV5,,"KEKOY Toilet Seat Risers for Seniors, Adjustable Height Width, Fits Most | Padded Elevated with Handles, Tool Free Install, Fits Most Round Elongated Toilets for Handicap,Ideal for Bathroom, Grey",Tools & Home Improvement > Kitchen & Bath Fixtures > Bathroom Fixtures > Bathroom Safety & Accessibility > Toilets & Toilet Aids > Raised Toilet Seats,US,69.95,19.59,5.6,15.36,0.15,333.0,79.0,4.3,0.55,10000,1.0,20.0,50,25.0,20.0,20.0,75,35,65.0,B,"observed:price,sales,reviews,rating,fba_fee; estimated:search_volume,cpc",estimated_default_costs,Imported from Sorftime; ASIN B0GLFNZKV5; brand Kekoy
category:Raised Toilet Seats,3775401,Raised Toilet Seats,Tools & Home Improvement > Kitchen & Bath Fixtures > Bathroom Fixtures > Bathroom Safety & Accessibility > Toilets & Toilet Aids > Raised Toilet Seats,B01JAQ1YP4,,"Carex E-Z Lock Raised Toilet Seat with Handles, 4.5 Inch Toilet Seat Riser with Arms, Toilet Riser Fits Most Toilets, Elongated or Round, Toilet Seat Lifter, White",Tools & Home Improvement > Kitchen & Bath Fixtures > Bathroom Fixtures > Bathroom Safety & Accessibility > Toilets & Toilet Aids > Raised Toilet Seats,US,47.19,13.21,3.78,18.73,0.15,302.0,315.0,4.1,0.55,10000,1.0,20.0,50,25.0,20.0,20.0,75,35,65.0,B,"observed:price,sales,reviews,rating,fba_fee; estimated:search_volume,cpc",estimated_default_costs,Imported from Sorftime; ASIN B01JAQ1YP4; brand Carex
category:Raised Toilet Seats,3775401,Raised Toilet Seats,Tools & Home Improvement > Kitchen & Bath Fixtures > Bathroom Fixtures > Bathroom Safety & Accessibility > Toilets & Toilet Aids > Raised Toilet Seats,B0DDTRFJCL,,"HOMLAND Toilet Seat Risers for Seniors with Handles, Dual-Crossbar, 400lb | Adjustable Height and Width, Padded Seat, Aluminum Reinforced Frame, Raised Handicap Elevated Toilet Seat Fit Any Toilet",Tools & Home Improvement > Kitchen & Bath Fixtures > Bathroom Fixtures > Bathroom Safety & Accessibility > Toilets & Toilet Aids > Raised Toilet Seats,US,79.99,22.4,6.4,15.75,0.15,280.0,417.0,4.5,0.55,10000,1.0,20.0,50,25.0,20.0,20.0,75,35,65.0,B,"observed:price,sales,reviews,rating,fba_fee; estimated:search_volume,cpc",estimated_default_costs,Imported from Sorftime; ASIN B0DDTRFJCL; brand HOMLAND
category:Raised Toilet Seats,3775401,Raised Toilet Seats,Tools & Home Improvement > Kitchen & Bath Fixtures > Bathroom Fixtures > Bathroom Safety & Accessibility > Toilets & Toilet Aids > Raised Toilet Seats,B074JCS43Y,,"Vive Raised Toilet Seat (Standard, Adds 3.5 Inches) - Elevated Toilet Seat Riser & Extender for Seniors & Handicap - High Rise Toilet Extension for Elderly - Portable Commode Toilet Booster for Adults",Tools & Home Improvement > Kitchen & Bath Fixtures > Bathroom Fixtures > Bathroom Safety & Accessibility > Toilets & Toilet Aids > Raised Toilet Seats,US,64.99,18.2,5.2,11.7,0.15,251.0,1304.0,4.4,0.55,10000,1.0,20.0,50,25.0,20.0,20.0,65,20,53.8,C,"observed:price,sales,reviews,rating; estimated:fba_fee,search_volume,cpc",estimated_default_costs,Imported from Sorftime; ASIN B074JCS43Y; brand Vive
category:Raised Toilet Seats,3775401,Raised Toilet Seats,Tools & Home Improvement > Kitchen & Bath Fixtures > Bathroom Fixtures > Bathroom Safety & Accessibility > Toilets & Toilet Aids > Raised Toilet Seats,B0FQP9DB9G,,"SAMODRA Elongated Raised Toilet Seat Riser, White | 3 Inch High Elevated Toilet Seat for Seniors, Soft Close, Non-slip Bumpers , Easy Install & Clean",Tools & Home Improvement > Kitchen & Bath Fixtures > Bathroom Fixtures > Bathroom Safety & Accessibility > Toilets & Toilet Aids > Raised Toilet Seats,US,57.99,16.24,4.64,15.34,0.15,237.0,138.0,4.4,0.55,10000,1.0,20.0,50,25.0,20.0,20.0,75,35,65.0,B,"observed:price,sales,reviews,rating,fba_fee; estimated:search_volume,cpc",estimated_default_costs,Imported from Sorftime; ASIN B0FQP9DB9G; brand SAMODRA
category:Raised Toilet Seats,3775401,Raised Toilet Seats,Tools & Home Improvement > Kitchen & Bath Fixtures > Bathroom Fixtures > Bathroom Safety & Accessibility > Toilets & Toilet Aids > Raised Toilet Seats,B0F4W9DB15,,"Loyoda Raised Toilet Seat Risers with Handles, Height and Width Adjustment | Soft Padded Elevated Toilet Seat for Elderly & Disabled Adults, Supports 500 LBS, Universal Toilet Fit",Tools & Home Improvement > Kitchen & Bath Fixtures > Bathroom Fixtures > Bathroom Safety & Accessibility > Toilets & Toilet Aids > Raised Toilet Seats,US,55.94,15.66,4.48,15.36,0.15,234.0,596.0,4.4,0.55,10000,1.0,20.0,50,25.0,20.0,20.0,75,35,65.0,B,"observed:price,sales,reviews,rating,fba_fee; estimated:search_volume,cpc",estimated_default_costs,Imported from Sorftime; ASIN B0F4W9DB15; brand Loyoda
category:Raised Toilet Seats,3775401,Raised Toilet Seats,Tools & Home Improvement > Kitchen & Bath Fixtures > Bathroom Fixtures > Bathroom Safety & Accessibility > Toilets & Toilet Aids > Raised Toilet Seats,B0GRB3GCQD,,"HOMLAND Toilet Seat Risers for Seniors, Adjustable Width & Height, 300 Lbs | Removable Padded Handles, Elevated Raised Toilet Seat for Elderly, Handicap, Fits Most Toilet, Dual-Locking System",Tools & Home Improvement > Kitchen & Bath Fixtures > Bathroom Fixtures > Bathroom Safety & Accessibility > Toilets & Toilet Aids > Raised Toilet Seats,US,49.99,14.0,4.0,16.19,0.15,230.0,84.0,3.9,0.55,10000,1.0,20.0,50,25.0,20.0,20.0,75,35,65.0,B,"observed:price,sales,reviews,rating,fba_fee; estimated:search_volume,cpc",estimated_default_costs,Imported from Sorftime; ASIN B0GRB3GCQD; brand HOMLAND
category:Raised Toilet Seats,3775401,Raised Toilet Seats,Tools & Home Improvement > Kitchen & Bath Fixtures > Bathroom Fixtures > Bathroom Safety & Accessibility > Toilets & Toilet Aids > Raised Toilet Seats,B0GT4CH374,,"Soaids Raised Toilet Seat with Handles for Seniors, Fits Elongated Toilet | Adds 3.5 inches, Installs Under Existing Toilet Seat, Eases Knee Strain for Adults & Post-Surgery, Supports 300 lbs",Tools & Home Improvement > Kitchen & Bath Fixtures > Bathroom Fixtures > Bathroom Safety & Accessibility > Toilets & Toilet Aids > Raised Toilet Seats,US,49.99,14.0,4.0,19.15,0.15,221.0,17.0,3.6,0.55,10000,1.0,20.0,50,25.0,20.0,20.0,75,35,65.0,B,"observed:price,sales,reviews,rating,fba_fee; estimated:search_volume,cpc",estimated_default_costs,Imported from Sorftime; ASIN B0GT4CH374; brand Soaids
category:Raised Toilet Seats,3775401,Raised Toilet Seats,Tools & Home Improvement > Kitchen & Bath Fixtures > Bathroom Fixtures > Bathroom Safety & Accessibility > Toilets & Toilet Aids > Raised Toilet Seats,B0FR488GX9,,"Bluelog Raised Toilet Seat Risers for Seniors with Handles, Grey | Adjustable 7 Height & 6 Width, 400lbs Heavy-Duty Support, Built-in Paper Holder & Storage, For Elderly & Handicap",Tools & Home Improvement > Kitchen & Bath Fixtures > Bathroom Fixtures > Bathroom Safety & Accessibility > Toilets & Toilet Aids > Raised Toilet Seats,US,69.99,19.6,5.6,10.6,0.15,204.0,75.0,4.3,0.55,10000,1.0,20.0,50,25.0,20.0,20.0,75,35,65.0,B,"observed:price,sales,reviews,rating,fba_fee; estimated:search_volume,cpc",estimated_default_costs,Imported from Sorftime; ASIN B0FR488GX9; brand Bluelog
category:Raised Toilet Seats,3775401,Raised Toilet Seats,Tools & Home Improvement > Kitchen & Bath Fixtures > Bathroom Fixtures > Bathroom Safety & Accessibility > Toilets & Toilet Aids > Raised Toilet Seats,B0F7H3C1GJ,,"Raised Toilet Seat with Handles, FSA HSA Eligible Toilet Seat Riser for Seniors with Adjustable Height & Width, 400lb Padded Elevated Toilet Seat for Elderly, Handicap and Disabled, Fit Any Toilet",Tools & Home Improvement > Kitchen & Bath Fixtures > Bathroom Fixtures > Bathroom Safety & Accessibility > Toilets & Toilet Aids > Raised Toilet Seats,US,59.87,16.76,4.79,10.61,0.15,201.0,156.0,4.4,0.55,10000,1.0,20.0,50,25.0,20.0,20.0,75,35,65.0,B,"observed:price,sales,reviews,rating,fba_fee; estimated:search_volume,cpc",estimated_default_costs,Imported from Sorftime; ASIN B0F7H3C1GJ; brand Xentrawave
category:Toilet Assistance Cushions,8624797011,Toilet Assistance Cushions,Tools & Home Improvement > Kitchen & Bath Fixtures > Bathroom Fixtures > Bathroom Safety & Accessibility > Toilets & Toilet Aids > Toilet Assistance Cushions,B0CH3R7QW6,,Lunderg Padded Toilet Seat Riser for Seniors - Adds 3 Inches. Universal Fit | FIRM Raised Toilet Seat Cushion with High-Density Foam for Enhanced Comfort & Elevation. Post-Surgery Must Have (Blue),Tools & Home Improvement > Kitchen & Bath Fixtures > Bathroom Fixtures > Bathroom Safety & Accessibility > Toilets & Toilet Aids > Toilet Assistance Cushions,US,54.95,15.39,4.4,8.98,0.15,3516.0,2138.0,3.9,0.55,10000,1.0,20.0,50,25.0,20.0,20.0,75,35,65.0,B,"observed:price,sales,reviews,rating,fba_fee; estimated:search_volume,cpc",estimated_default_costs,Imported from Sorftime; ASIN B0CH3R7QW6; brand Lunderg
category:Toilet Assistance Cushions,8624797011,Toilet Assistance Cushions,Tools & Home Improvement > Kitchen & Bath Fixtures > Bathroom Fixtures > Bathroom Safety & Accessibility > Toilets & Toilet Aids > Toilet Assistance Cushions,B0F17PFW6G,,"Padded Toilet Seat Cushion with 2-Inch High-Density Foam & Waterproof PU Fabric, U-Shape Padded Toilet Cushion - Secure Hook & Loop Tape, Fits Standard Toilets (Grey)",Tools & Home Improvement > Kitchen & Bath Fixtures > Bathroom Fixtures > Bathroom Safety & Accessibility > Toilets & Toilet Aids > Toilet Assistance Cushions,US,29.99,8.4,2.4,8.02,0.15,428.0,147.0,4.1,0.55,10000,1.0,20.0,50,25.0,20.0,20.0,75,35,65.0,B,"observed:price,sales,reviews,rating,fba_fee; estimated:search_volume,cpc",estimated_default_costs,Imported from Sorftime; ASIN B0F17PFW6G; brand DOMSCIEN
category:Toilet Assistance Cushions,8624797011,Toilet Assistance Cushions,Tools & Home Improvement > Kitchen & Bath Fixtures > Bathroom Fixtures > Bathroom Safety & Accessibility > Toilets & Toilet Aids > Toilet Assistance Cushions,B0CTCL4TWP,,"Bedside Soft Commode seat Cushion, Thick Pad PU Cover with Fixing Straps for Commode Chair, Washable Toilet Seat Cushion Warmer for Elderly Adults",Tools & Home Improvement > Kitchen & Bath Fixtures > Bathroom Fixtures > Bathroom Safety & Accessibility > Toilets & Toilet Aids > Toilet Assistance Cushions,US,27.99,7.84,2.24,7.93,0.15,297.0,60.0,4.3,0.55,10000,1.0,20.0,50,25.0,20.0,20.0,75,35,65.0,B,"observed:price,sales,reviews,rating,fba_fee; estimated:search_volume,cpc",estimated_default_costs,Imported from Sorftime; ASIN B0CTCL4TWP; brand ZXMOBY
category:Toilet Assistance Cushions,8624797011,Toilet Assistance Cushions,Tools & Home Improvement > Kitchen & Bath Fixtures > Bathroom Fixtures > Bathroom Safety & Accessibility > Toilets & Toilet Aids > Toilet Assistance Cushions,B0GCM7GCG6,,"Padded Raised Toilet Seat Riser for Seniors, Soft Foam Toilet Seat Cushion",Tools & Home Improvement > Kitchen & Bath Fixtures > Bathroom Fixtures > Bathroom Safety & Accessibility > Toilets & Toilet Aids > Toilet Assistance Cushions,US,20.99,5.88,1.68,7.45,0.15,246.0,62.0,3.7,0.55,10000,1.0,20.0,50,25.0,20.0,20.0,75,35,65.0,B,"observed:price,sales,reviews,rating,fba_fee; estimated:search_volume,cpc",estimated_default_costs,Imported from Sorftime; ASIN B0GCM7GCG6; brand PAZ WEAN
category:Toilet Assistance Cushions,8624797011,Toilet Assistance Cushions,Tools & Home Improvement > Kitchen & Bath Fixtures > Bathroom Fixtures > Bathroom Safety & Accessibility > Toilets & Toilet Aids > Toilet Assistance Cushions,B09C8DHMMX,,"WDSHCR Toilet Seat Cushion - Soft, Thicker, Warmer Washable Covers with Zipper - Home Reusable (Gray)",Tools & Home Improvement > Kitchen & Bath Fixtures > Bathroom Fixtures > Bathroom Safety & Accessibility > Toilets & Toilet Aids > Toilet Assistance Cushions,US,15.99,4.48,1.28,5.36,0.15,220.0,1024.0,4.0,0.55,10000,1.0,20.0,50,25.0,20.0,20.0,75,35,65.0,B,"observed:price,sales,reviews,rating,fba_fee; estimated:search_volume,cpc",estimated_default_costs,Imported from Sorftime; ASIN B09C8DHMMX; brand WDSHCR
category:Toilet Assistance Steps,8624798011,Toilet Assistance Steps,Tools & Home Improvement > Kitchen & Bath Fixtures > Bathroom Fixtures > Bathroom Safety & Accessibility > Toilets & Toilet Aids > Toilet Assistance Steps,B0CMLC665P,,"ROMGUAR CRAFT 7 Inch Bamboo Toilet Stool, Foldable Poop Stool, Bathroom Step Stool Squat (Black)",Tools & Home Improvement > Kitchen & Bath Fixtures > Bathroom Fixtures > Bathroom Safety & Accessibility > Toilets & Toilet Aids > Toilet Assistance Steps,US,21.84,6.12,1.75,8.06,0.15,4074.0,1275.0,4.6,0.55,10000,1.0,20.0,50,25.0,20.0,20.0,75,35,65.0,B,"observed:price,sales,reviews,rating,fba_fee; estimated:search_volume,cpc",estimated_default_costs,Imported from Sorftime; ASIN B0CMLC665P; brand ROMGUAR CRAFT
category:Toilet Assistance Steps,8624798011,Toilet Assistance Steps,Tools & Home Improvement > Kitchen & Bath Fixtures > Bathroom Fixtures > Bathroom Safety & Accessibility > Toilets & Toilet Aids > Toilet Assistance Steps,B0CRKWY2X7,,"Squatting Toilet Stool, Poop Stool Squat Adult, 7“ Potty Stool for Bathroom | Recximi Non-Slip Pooping Stool, Portable Toilet Step Stool for Adults, 7 Inch Height Foot Rest for Bathroom, Gray",Tools & Home Improvement > Kitchen & Bath Fixtures > Bathroom Fixtures > Bathroom Safety & Accessibility > Toilets & Toilet Aids > Toilet Assistance Steps,US,14.98,4.19,1.2,7.92,0.15,3366.0,2224.0,4.4,0.55,10000,1.0,20.0,50,25.0,20.0,20.0,75,35,65.0,B,"observed:price,sales,reviews,rating,fba_fee; estimated:search_volume,cpc",estimated_default_costs,Imported from Sorftime; ASIN B0CRKWY2X7; brand Recximi
category:Toilet Assistance Steps,8624798011,Toilet Assistance Steps,Tools & Home Improvement > Kitchen & Bath Fixtures > Bathroom Fixtures > Bathroom Safety & Accessibility > Toilets & Toilet Aids > Toilet Assistance Steps,B0FD727TLZ,,"Foldable Toilet Stool Squat, 7 Inch Squatting Potty for Adults, Poop Stool | Lightweight Pooping Stool, Portable for Travel, Easy Storage Bathroom Toilet Step, Anti-Slip Feet, Space-Saving, Collapsible",Tools & Home Improvement > Kitchen & Bath Fixtures > Bathroom Fixtures > Bathroom Safety & Accessibility > Toilets & Toilet Aids > Toilet Assistance Steps,US,14.99,4.2,1.2,6.34,0.15,2620.0,391.0,4.6,0.55,10000,1.0,20.0,50,25.0,20.0,20.0,75,35,65.0,B,"observed:price,sales,reviews,rating,fba_fee; estimated:search_volume,cpc",estimated_default_costs,Imported from Sorftime; ASIN B0FD727TLZ; brand WBKATN
category:Toilet Assistance Steps,8624798011,Toilet Assistance Steps,Tools & Home Improvement > Kitchen & Bath Fixtures > Bathroom Fixtures > Bathroom Safety & Accessibility > Toilets & Toilet Aids > Toilet Assistance Steps,B0CX4CNYR8,,"Foldable Toilet Stool,7 Inches Bamboo Poop Stool for Bathroom",Tools & Home Improvement > Kitchen & Bath Fixtures > Bathroom Fixtures > Bathroom Safety & Accessibility > Toilets & Toilet Aids > Toilet Assistance Steps,US,19.96,5.59,1.6,7.89,0.15,2188.0,1655.0,4.4,0.55,10000,1.0,20.0,50,25.0,20.0,20.0,75,35,65.0,B,"observed:price,sales,reviews,rating,fba_fee; estimated:search_volume,cpc",estimated_default_costs,Imported from Sorftime; ASIN B0CX4CNYR8; brand Beinilai
category:Toilet Assistance Steps,8624798011,Toilet Assistance Steps,Tools & Home Improvement > Kitchen & Bath Fixtures > Bathroom Fixtures > Bathroom Safety & Accessibility > Toilets & Toilet Aids > Toilet Assistance Steps,B0DBD2CNCT,,"JACNITAD Foldable Toilet Stool, Poop Stool for Bathroom, Bamboo Toilet Stool Squat Adult, Collapsible Squat Potty Stool with Non-Slip Strip - Improve Squatting Posture and Comfort, 7 Inch, Wood",Tools & Home Improvement > Kitchen & Bath Fixtures > Bathroom Fixtures > Bathroom Safety & Accessibility > Toilets & Toilet Aids > Toilet Assistance Steps,US,19.97,5.59,1.6,7.74,0.15,2180.0,1139.0,4.5,0.55,10000,1.0,20.0,50,25.0,20.0,20.0,75,35,65.0,B,"observed:price,sales,reviews,rating,fba_fee; estimated:search_volume,cpc",estimated_default_costs,Imported from Sorftime; ASIN B0DBD2CNCT; brand JACNITAD
category:Toilet Assistance Steps,8624798011,Toilet Assistance Steps,Tools & Home Improvement > Kitchen & Bath Fixtures > Bathroom Fixtures > Bathroom Safety & Accessibility > Toilets & Toilet Aids > Toilet Assistance Steps,B0FRFQSJTF,,"AmazerBath Bamboo Toilet Stool, Squat Potty Stool for Adults, Non-Slip Pooping Stools for Bathroom, Portable Potty Step Foot Stools, Assembly Required, 6.8’’",Tools & Home Improvement > Kitchen & Bath Fixtures > Bathroom Fixtures > Bathroom Safety & Accessibility > Toilets & Toilet Aids > Toilet Assistance Steps,US,14.99,4.2,1.2,6.54,0.15,1405.0,113.0,4.2,0.55,10000,1.0,20.0,50,25.0,20.0,20.0,75,35,65.0,B,"observed:price,sales,reviews,rating,fba_fee; estimated:search_volume,cpc",estimated_default_costs,Imported from Sorftime; ASIN B0FRFQSJTF; brand AmazerBath
category:Toilet Assistance Steps,8624798011,Toilet Assistance Steps,Tools & Home Improvement > Kitchen & Bath Fixtures > Bathroom Fixtures > Bathroom Safety & Accessibility > Toilets & Toilet Aids > Toilet Assistance Steps,B0CCD6ZJ6J,,"KingPavonini Foldable Bamboo Toilet Stool Squat 7in & 9in Adjustable Height | Potty Stool for Adults with Non-Slip Layer, Improve Bathroom Posture & Comfort, 400lbs Capacity",Tools & Home Improvement > Kitchen & Bath Fixtures > Bathroom Fixtures > Bathroom Safety & Accessibility > Toilets & Toilet Aids > Toilet Assistance Steps,US,32.19,9.01,2.58,10.99,0.15,1357.0,1080.0,4.6,0.55,10000,1.0,20.0,50,25.0,20.0,20.0,75,35,65.0,B,"observed:price,sales,reviews,rating,fba_fee; estimated:search_volume,cpc",estimated_default_costs,Imported from Sorftime; ASIN B0CCD6ZJ6J; brand KingPavonini
category:Toilet Assistance Steps,8624798011,Toilet Assistance Steps,Tools & Home Improvement > Kitchen & Bath Fixtures > Bathroom Fixtures > Bathroom Safety & Accessibility > Toilets & Toilet Aids > Toilet Assistance Steps,B0FP8PDPRG,,"Danfoxer Acacia Wood 7-Inch Foldable Toilet Stool Squat for Bathroom | Wooden Poop Stool with Non-Slip Strip,Stable Support,Light to Move,Potty Step Stool for Family，No Assembly",Tools & Home Improvement > Kitchen & Bath Fixtures > Bathroom Fixtures > Bathroom Safety & Accessibility > Toilets & Toilet Aids > Toilet Assistance Steps,US,23.99,6.72,1.92,7.71,0.15,902.0,89.0,4.2,0.55,10000,1.0,20.0,50,25.0,20.0,20.0,75,35,65.0,B,"observed:price,sales,reviews,rating,fba_fee; estimated:search_volume,cpc",estimated_default_costs,Imported from Sorftime; ASIN B0FP8PDPRG; brand Danfoxer
category:Toilet Assistance Steps,8624798011,Toilet Assistance Steps,Tools & Home Improvement > Kitchen & Bath Fixtures > Bathroom Fixtures > Bathroom Safety & Accessibility > Toilets & Toilet Aids > Toilet Assistance Steps,B08KGSG8G8,,"TUSHY Ottoman Premium Toilet Stool, Relaxed 7.5 Inch, White/Bamboo",Tools & Home Improvement > Kitchen & Bath Fixtures > Bathroom Fixtures > Bathroom Safety & Accessibility > Toilets & Toilet Aids > Toilet Assistance Steps,US,53.1,14.87,4.25,9.36,0.15,756.0,1116.0,4.6,0.55,10000,1.0,20.0,50,25.0,20.0,20.0,75,35,65.0,B,"observed:price,sales,reviews,rating,fba_fee; estimated:search_volume,cpc",estimated_default_costs,Imported from Sorftime; ASIN B08KGSG8G8; brand TUSHY
category:Toilet Assistance Steps,8624798011,Toilet Assistance Steps,Tools & Home Improvement > Kitchen & Bath Fixtures > Bathroom Fixtures > Bathroom Safety & Accessibility > Toilets & Toilet Aids > Toilet Assistance Steps,B0DR763P6Y,,"Toilet Stool Foldable,7in,8in,9 in Adjustable Height,Poop Stool",Tools & Home Improvement > Kitchen & Bath Fixtures > Bathroom Fixtures > Bathroom Safety & Accessibility > Toilets & Toilet Aids > Toilet Assistance Steps,US,29.99,8.4,2.4,8.41,0.15,712.0,230.0,4.4,0.55,10000,1.0,20.0,50,25.0,20.0,20.0,75,35,65.0,B,"observed:price,sales,reviews,rating,fba_fee; estimated:search_volume,cpc",estimated_default_costs,Imported from Sorftime; ASIN B0DR763P6Y; brand Lesmery
category:Toilet Assistance Steps,8624798011,Toilet Assistance Steps,Tools & Home Improvement > Kitchen & Bath Fixtures > Bathroom Fixtures > Bathroom Safety & Accessibility > Toilets & Toilet Aids > Toilet Assistance Steps,B0DD4Y7X9D,,"TUSHY Arc Toilet Stool, Sleek Space-Saving Design, White | Supports a Natural Squatting Posture to Unkink Your Colon for Easier Bowel Movements, Smooth Curved Shape for Foot Comfort",Tools & Home Improvement > Kitchen & Bath Fixtures > Bathroom Fixtures > Bathroom Safety & Accessibility > Toilets & Toilet Aids > Toilet Assistance Steps,US,35.0,9.8,2.8,9.37,0.15,712.0,468.0,4.5,0.55,10000,1.0,20.0,50,25.0,20.0,20.0,75,35,65.0,B,"observed:price,sales,reviews,rating,fba_fee; estimated:search_volume,cpc",estimated_default_costs,Imported from Sorftime; ASIN B0DD4Y7X9D; brand TUSHY
category:Toilet Assistance Steps,8624798011,Toilet Assistance Steps,Tools & Home Improvement > Kitchen & Bath Fixtures > Bathroom Fixtures > Bathroom Safety & Accessibility > Toilets & Toilet Aids > Toilet Assistance Steps,B0FQMWPRQM,,"Foldable Toilet Stool, 7 Inch Poop Stool for Bathroom, Bamboo Toilet Potty Squat Adults, Dual Anti-Slip Potty Step Stool for Pooping, Improve Squatting Posture and Comfort Seniors, Natural",Tools & Home Improvement > Kitchen & Bath Fixtures > Bathroom Fixtures > Bathroom Safety & Accessibility > Toilets & Toilet Aids > Toilet Assistance Steps,US,25.26,7.07,2.02,8.21,0.15,702.0,63.0,4.5,0.55,10000,1.0,20.0,50,25.0,20.0,20.0,75,35,65.0,B,"observed:price,sales,reviews,rating,fba_fee; estimated:search_volume,cpc",estimated_default_costs,Imported from Sorftime; ASIN B0FQMWPRQM; brand JACNITAD
category:Toilet Assistance Steps,8624798011,Toilet Assistance Steps,Tools & Home Improvement > Kitchen & Bath Fixtures > Bathroom Fixtures > Bathroom Safety & Accessibility > Toilets & Toilet Aids > Toilet Assistance Steps,B0DFXP32ZK,,"Pink Poop Toilet Stool Squat Adult, 7“ Potty Squatting Stool for Adults | Toilet Poop Foot Stool for Bathroom, Plastic Pooping Step Stools for Foot with Non-Slip Designs",Tools & Home Improvement > Kitchen & Bath Fixtures > Bathroom Fixtures > Bathroom Safety & Accessibility > Toilets & Toilet Aids > Toilet Assistance Steps,US,16.98,4.75,1.36,7.83,0.15,686.0,2244.0,4.4,0.55,10000,1.0,20.0,50,25.0,20.0,20.0,75,35,65.0,B,"observed:price,sales,reviews,rating,fba_fee; estimated:search_volume,cpc",estimated_default_costs,Imported from Sorftime; ASIN B0DFXP32ZK; brand Kzeirm
category:Toilet Assistance Steps,8624798011,Toilet Assistance Steps,Tools & Home Improvement > Kitchen & Bath Fixtures > Bathroom Fixtures > Bathroom Safety & Accessibility > Toilets & Toilet Aids > Toilet Assistance Steps,B0DHGT4TRB,,"Squatting Potty for Adults Foldable, 7In Bamboo Toilet Poop Stool Squat | Wood Pooping Stool for Bathroom, Compact Wooden Toilet Foot Step Stools Collapsoble, Premium folding Potty Stool for Travel",Tools & Home Improvement > Kitchen & Bath Fixtures > Bathroom Fixtures > Bathroom Safety & Accessibility > Toilets & Toilet Aids > Toilet Assistance Steps,US,19.96,5.59,1.6,7.21,0.15,657.0,389.0,4.4,0.55,10000,1.0,20.0,50,25.0,20.0,20.0,75,35,65.0,B,"observed:price,sales,reviews,rating,fba_fee; estimated:search_volume,cpc",estimated_default_costs,Imported from Sorftime; ASIN B0DHGT4TRB; brand Osivaex
category:Toilet Assistance Steps,8624798011,Toilet Assistance Steps,Tools & Home Improvement > Kitchen & Bath Fixtures > Bathroom Fixtures > Bathroom Safety & Accessibility > Toilets & Toilet Aids > Toilet Assistance Steps,B0GGH822G8,,"Bathway Squatting Potty Stool, Foldable Poop Stool, Bamboo Toilet Stool for Adult, Foot Step Stool Squat, Pooping Stools with Anti-Slip Strip for Bathroom, Black, 6.8‘‘",Tools & Home Improvement > Kitchen & Bath Fixtures > Bathroom Fixtures > Bathroom Safety & Accessibility > Toilets & Toilet Aids > Toilet Assistance Steps,US,19.99,5.6,1.6,7.82,0.15,558.0,58.0,4.4,0.55,10000,1.0,20.0,50,25.0,20.0,20.0,75,35,65.0,B,"observed:price,sales,reviews,rating,fba_fee; estimated:search_volume,cpc",estimated_default_costs,Imported from Sorftime; ASIN B0GGH822G8; brand Bathway
category:Toilet Assistance Steps,8624798011,Toilet Assistance Steps,Tools & Home Improvement > Kitchen & Bath Fixtures > Bathroom Fixtures > Bathroom Safety & Accessibility > Toilets & Toilet Aids > Toilet Assistance Steps,B0CL42XTWG,,"Bamboo Toilet Stool Foldable, 7 in, 8 in Or 9 in Adjustable Height Squat Stool Potty for Adults, Sturdy Poop Step Stool for Bathroom, Improve Squatting Posture, Non-Slip,500 lbs Capability",Tools & Home Improvement > Kitchen & Bath Fixtures > Bathroom Fixtures > Bathroom Safety & Accessibility > Toilets & Toilet Aids > Toilet Assistance Steps,US,29.22,8.18,2.34,8.38,0.15,391.0,666.0,4.4,0.55,10000,1.0,20.0,50,25.0,20.0,20.0,75,35,65.0,B,"observed:price,sales,reviews,rating,fba_fee; estimated:search_volume,cpc",estimated_default_costs,Imported from Sorftime; ASIN B0CL42XTWG; brand LIDTOP
category:Toilet Assistance Steps,8624798011,Toilet Assistance Steps,Tools & Home Improvement > Kitchen & Bath Fixtures > Bathroom Fixtures > Bathroom Safety & Accessibility > Toilets & Toilet Aids > Toilet Assistance Steps,B0H6C6NGLR,,"dwellington Wooden Bathroom Stool Wood Foot Stool for Adults, Kids (Green) | Wood Foot Stool, Planter Stand, Wood Riser",Tools & Home Improvement > Kitchen & Bath Fixtures > Bathroom Fixtures > Bathroom Safety & Accessibility > Toilets & Toilet Aids > Toilet Assistance Steps,US,41.99,11.76,3.36,7.56,0.15,333.0,492.0,4.4,0.55,10000,1.0,20.0,50,25.0,20.0,20.0,65,20,53.8,C,"observed:price,sales,reviews,rating; estimated:fba_fee,search_volume,cpc",estimated_default_costs,Imported from Sorftime; ASIN B0H6C6NGLR; brand dwellington
category:Toilet Assistance Steps,8624798011,Toilet Assistance Steps,Tools & Home Improvement > Kitchen & Bath Fixtures > Bathroom Fixtures > Bathroom Safety & Accessibility > Toilets & Toilet Aids > Toilet Assistance Steps,B0FGGZWB3N,,"Foldable Toilet Stool Squat Adult, 7“ Height Adjustable Poop Stool for Bathroom, Portable Squatting Potty Toilet Step Stools for Adults, Ergonomic Foot Stools for Travel, Gray",Tools & Home Improvement > Kitchen & Bath Fixtures > Bathroom Fixtures > Bathroom Safety & Accessibility > Toilets & Toilet Aids > Toilet Assistance Steps,US,17.99,5.04,1.44,7.93,0.15,330.0,176.0,4.2,0.55,10000,1.0,20.0,50,25.0,20.0,20.0,75,35,65.0,B,"observed:price,sales,reviews,rating,fba_fee; estimated:search_volume,cpc",estimated_default_costs,Imported from Sorftime; ASIN B0FGGZWB3N; brand Osivaex
category:Toilet Assistance Steps,8624798011,Toilet Assistance Steps,Tools & Home Improvement > Kitchen & Bath Fixtures > Bathroom Fixtures > Bathroom Safety & Accessibility > Toilets & Toilet Aids > Toilet Assistance Steps,B07YDHC4JX,,"Fanwer Squatting Toilet Stool - Poop Stool for Bathroom Potty Stool | Wood-Plastic Composite, 7 Inch, Adults & Elderly, Reduce Strain & Relieve Constipation",Tools & Home Improvement > Kitchen & Bath Fixtures > Bathroom Fixtures > Bathroom Safety & Accessibility > Toilets & Toilet Aids > Toilet Assistance Steps,US,22.99,6.44,1.84,7.21,0.15,316.0,1850.0,4.4,0.55,10000,1.0,20.0,50,25.0,20.0,20.0,75,35,65.0,B,"observed:price,sales,reviews,rating,fba_fee; estimated:search_volume,cpc",estimated_default_costs,Imported from Sorftime; ASIN B07YDHC4JX; brand Fanwer
category:Toilet Assistance Steps,8624798011,Toilet Assistance Steps,Tools & Home Improvement > Kitchen & Bath Fixtures > Bathroom Fixtures > Bathroom Safety & Accessibility > Toilets & Toilet Aids > Toilet Assistance Steps,B0C2TL4HD3,,"Poop Stool, Toilet Stool for Adult Wooden Squat Bathroom Foot Step | 6.9in Height Bamboo Stool, Non-slip striped surface, Squat Seat, Poop Stool Adult, Toilet Foot & Step Stools for Adults",Tools & Home Improvement > Kitchen & Bath Fixtures > Bathroom Fixtures > Bathroom Safety & Accessibility > Toilets & Toilet Aids > Toilet Assistance Steps,US,35.99,10.08,2.88,7.97,0.15,283.0,888.0,4.3,0.55,10000,1.0,20.0,50,25.0,20.0,20.0,75,35,65.0,B,"observed:price,sales,reviews,rating,fba_fee; estimated:search_volume,cpc",estimated_default_costs,Imported from Sorftime; ASIN B0C2TL4HD3; brand JOPSTDI
category:Toilet Assistance Steps,8624798011,Toilet Assistance Steps,Tools & Home Improvement > Kitchen & Bath Fixtures > Bathroom Fixtures > Bathroom Safety & Accessibility > Toilets & Toilet Aids > Toilet Assistance Steps,B0G3C7XH7K,,"EmoH 2-in-1 Squatting Potty for Adults, 16.7“ Wide | Squatting Pool Stool",Tools & Home Improvement > Kitchen & Bath Fixtures > Bathroom Fixtures > Bathroom Safety & Accessibility > Toilets & Toilet Aids > Toilet Assistance Steps,US,30.9,8.65,2.47,9.75,0.15,266.0,70.0,4.3,0.55,10000,1.0,20.0,50,25.0,20.0,20.0,75,35,65.0,B,"observed:price,sales,reviews,rating,fba_fee; estimated:search_volume,cpc",estimated_default_costs,Imported from Sorftime; ASIN B0G3C7XH7K; brand EmoH
category:Toilet Assistance Steps,8624798011,Toilet Assistance Steps,Tools & Home Improvement > Kitchen & Bath Fixtures > Bathroom Fixtures > Bathroom Safety & Accessibility > Toilets & Toilet Aids > Toilet Assistance Steps,B0H1MP9TFG,,"TIDITA Foldable Toilet Stool, Acacia Wood Poop Stool for Adults, 7.2' H",Tools & Home Improvement > Kitchen & Bath Fixtures > Bathroom Fixtures > Bathroom Safety & Accessibility > Toilets & Toilet Aids > Toilet Assistance Steps,US,35.98,10.07,2.88,8.41,0.15,265.0,26.0,4.6,0.55,10000,1.0,20.0,50,25.0,20.0,20.0,75,35,65.0,B,"observed:price,sales,reviews,rating,fba_fee; estimated:search_volume,cpc",estimated_default_costs,Imported from Sorftime; ASIN B0H1MP9TFG; brand Tidita
category:Toilet Assistance Steps,8624798011,Toilet Assistance Steps,Tools & Home Improvement > Kitchen & Bath Fixtures > Bathroom Fixtures > Bathroom Safety & Accessibility > Toilets & Toilet Aids > Toilet Assistance Steps,B0FYY6MPSQ,,"Toilet Stool Foldable,Acacia Wood Poop Stool forfor Bathroom,7 Inch",Tools & Home Improvement > Kitchen & Bath Fixtures > Bathroom Fixtures > Bathroom Safety & Accessibility > Toilets & Toilet Aids > Toilet Assistance Steps,US,29.99,8.4,2.4,8.49,0.15,236.0,69.0,4.4,0.55,10000,1.0,20.0,50,25.0,20.0,20.0,75,35,65.0,B,"observed:price,sales,reviews,rating,fba_fee; estimated:search_volume,cpc",estimated_default_costs,Imported from Sorftime; ASIN B0FYY6MPSQ; brand Lesmery
category:Toilet Assistance Steps,8624798011,Toilet Assistance Steps,Tools & Home Improvement > Kitchen & Bath Fixtures > Bathroom Fixtures > Bathroom Safety & Accessibility > Toilets & Toilet Aids > Toilet Assistance Steps,B0DJ6YDQ47,,"LotusSway 7“ Acacia Wood Foldable Toilet Stool, Sturdy Wooden Poop Stool | Water-Resistant Toilet Foot Stool With Non-Slip Feet Supports A Comfortable Squatting Posture And Folds For Easy Storage",Tools & Home Improvement > Kitchen & Bath Fixtures > Bathroom Fixtures > Bathroom Safety & Accessibility > Toilets & Toilet Aids > Toilet Assistance Steps,US,32.87,9.2,2.63,8.11,0.15,232.0,160.0,4.4,0.55,10000,1.0,20.0,50,25.0,20.0,20.0,75,35,65.0,B,"observed:price,sales,reviews,rating,fba_fee; estimated:search_volume,cpc",estimated_default_costs,Imported from Sorftime; ASIN B0DJ6YDQ47; brand LotusSway
category:Toilet Assistance Steps,8624798011,Toilet Assistance Steps,Tools & Home Improvement > Kitchen & Bath Fixtures > Bathroom Fixtures > Bathroom Safety & Accessibility > Toilets & Toilet Aids > Toilet Assistance Steps,B0GDXGJ7MW,,"StrongTek Bamboo Toilet Stool, Foldable 7–9 in, 300 lb, Dark Walnut | 2 Height Settings, Non-Slip, Compact Storage, Squatting Stool for Improved Posture,Stable Bathroom Support for Adults",Tools & Home Improvement > Kitchen & Bath Fixtures > Bathroom Fixtures > Bathroom Safety & Accessibility > Toilets & Toilet Aids > Toilet Assistance Steps,US,37.99,10.64,3.04,8.5,0.15,213.0,34.0,4.4,0.55,10000,1.0,20.0,50,25.0,20.0,20.0,75,35,65.0,B,"observed:price,sales,reviews,rating,fba_fee; estimated:search_volume,cpc",estimated_default_costs,Imported from Sorftime; ASIN B0GDXGJ7MW; brand StrongTek
category:Toilet Assistance Steps,8624798011,Toilet Assistance Steps,Tools & Home Improvement > Kitchen & Bath Fixtures > Bathroom Fixtures > Bathroom Safety & Accessibility > Toilets & Toilet Aids > Toilet Assistance Steps,B0FP8L9RWY,,"Danfoxer Acacia Wood 7-Inch Toilet Stool Squat for with Non-Slip Strip | Wooden Poop Stool for Bathroom, No Assembly, Stable Support,Light to Move,Potty Step Stool for Family",Tools & Home Improvement > Kitchen & Bath Fixtures > Bathroom Fixtures > Bathroom Safety & Accessibility > Toilets & Toilet Aids > Toilet Assistance Steps,US,16.99,4.76,1.36,6.54,0.15,212.0,59.0,4.0,0.55,10000,1.0,20.0,50,25.0,20.0,20.0,75,35,65.0,B,"observed:price,sales,reviews,rating,fba_fee; estimated:search_volume,cpc",estimated_default_costs,Imported from Sorftime; ASIN B0FP8L9RWY; brand Danfoxer
category:Toilet Assistance Steps,8624798011,Toilet Assistance Steps,Tools & Home Improvement > Kitchen & Bath Fixtures > Bathroom Fixtures > Bathroom Safety & Accessibility > Toilets & Toilet Aids > Toilet Assistance Steps,B0196BEVZI,,Squatty Potty Slim Teak Bathroom Toilet Stool 7 Inch - Wood,Tools & Home Improvement > Kitchen & Bath Fixtures > Bathroom Fixtures > Bathroom Safety & Accessibility > Toilets & Toilet Aids > Toilet Assistance Steps,US,59.99,16.8,4.8,14.94,0.15,210.0,1631.0,4.5,0.55,10000,1.0,20.0,50,25.0,20.0,20.0,75,35,65.0,B,"observed:price,sales,reviews,rating,fba_fee; estimated:search_volume,cpc",estimated_default_costs,Imported from Sorftime; ASIN B0196BEVZI; brand Squatty Potty
category:Toilet Assistance Steps,8624798011,Toilet Assistance Steps,Tools & Home Improvement > Kitchen & Bath Fixtures > Bathroom Fixtures > Bathroom Safety & Accessibility > Toilets & Toilet Aids > Toilet Assistance Steps,B0DNQ2JZ91,,"Acrylic Toilet Stool Squat Set of 2, Squatting Toilet Stool for Adults Kids,Modern Design Pooping Stool, Easily Blend into Any Bathroom (Clear-2PCS)",Tools & Home Improvement > Kitchen & Bath Fixtures > Bathroom Fixtures > Bathroom Safety & Accessibility > Toilets & Toilet Aids > Toilet Assistance Steps,US,68.99,19.32,5.52,15.77,0.15,203.0,45.0,4.6,0.55,10000,1.0,20.0,50,25.0,20.0,20.0,75,35,65.0,B,"observed:price,sales,reviews,rating,fba_fee; estimated:search_volume,cpc",estimated_default_costs,Imported from Sorftime; ASIN B0DNQ2JZ91; brand GETCK
category:Toilet Safety Frames & Rails,3775391,Toilet Safety Frames & Rails,Tools & Home Improvement > Kitchen & Bath Fixtures > Bathroom Fixtures > Bathroom Safety & Accessibility > Toilets & Toilet Aids > Toilet Safety Frames & Rails,B0C8P6DFV8,,"PELEGON Toilet Safety Rails (350 lb) - Adjustable Toilet Safety Frame & Rails, Toilet Safety Rail for Elderly Adults, Toilet Handles for Seniors, Toilet Bars for Elderly & Handicap",Tools & Home Improvement > Kitchen & Bath Fixtures > Bathroom Fixtures > Bathroom Safety & Accessibility > Toilets & Toilet Aids > Toilet Safety Frames & Rails,US,69.97,19.59,5.6,9.56,0.15,4057.0,1732.0,4.6,0.55,10000,1.0,20.0,50,25.0,20.0,20.0,75,35,65.0,B,"observed:price,sales,reviews,rating,fba_fee; estimated:search_volume,cpc",estimated_default_costs,Imported from Sorftime; ASIN B0C8P6DFV8; brand PELEGON
category:Toilet Safety Frames & Rails,3775391,Toilet Safety Frames & Rails,Tools & Home Improvement > Kitchen & Bath Fixtures > Bathroom Fixtures > Bathroom Safety & Accessibility > Toilets & Toilet Aids > Toilet Safety Frames & Rails,B0DSBMZMX1,,"HOMLAND Toilet Safety Rails for Seniors, Adjustable Height & Width, 350 Lbs | Padded Armrests, Foldable Aluminum Toilet Safety Frame, Handicap Toilet Handles for Elderly and Disabled, Fit Any Toilets",Tools & Home Improvement > Kitchen & Bath Fixtures > Bathroom Fixtures > Bathroom Safety & Accessibility > Toilets & Toilet Aids > Toilet Safety Frames & Rails,US,39.99,11.2,3.2,8.29,0.15,2175.0,863.0,4.4,0.55,10000,1.0,20.0,50,25.0,20.0,20.0,75,35,65.0,B,"observed:price,sales,reviews,rating,fba_fee; estimated:search_volume,cpc",estimated_default_costs,Imported from Sorftime; ASIN B0DSBMZMX1; brand HOMLAND
category:Toilet Safety Frames & Rails,3775391,Toilet Safety Frames & Rails,Tools & Home Improvement > Kitchen & Bath Fixtures > Bathroom Fixtures > Bathroom Safety & Accessibility > Toilets & Toilet Aids > Toilet Safety Frames & Rails,B0FD3SN31M,,"Loyoda Toilet Safety Frame for Seniors, Adjustable Toilet Safety Rail",Tools & Home Improvement > Kitchen & Bath Fixtures > Bathroom Fixtures > Bathroom Safety & Accessibility > Toilets & Toilet Aids > Toilet Safety Frames & Rails,US,44.99,12.6,3.6,14.07,0.15,1895.0,878.0,4.6,0.55,10000,1.0,20.0,50,25.0,20.0,20.0,75,35,65.0,B,"observed:price,sales,reviews,rating,fba_fee; estimated:search_volume,cpc",estimated_default_costs,Imported from Sorftime; ASIN B0FD3SN31M; brand Loyoda
category:Toilet Safety Frames & Rails,3775391,Toilet Safety Frames & Rails,Tools & Home Improvement > Kitchen & Bath Fixtures > Bathroom Fixtures > Bathroom Safety & Accessibility > Toilets & Toilet Aids > Toilet Safety Frames & Rails,B0DK97XB99,,"HOMLAND Toilet Safety Rails for Seniors, 350LB Aluminum Toilet Handle | Adjustable Height & Width, Soft Padded Handles, Anti-Slip Rubber Feet, Toilet Safety Frame, Toilet Grab Bars For Elderly",Tools & Home Improvement > Kitchen & Bath Fixtures > Bathroom Fixtures > Bathroom Safety & Accessibility > Toilets & Toilet Aids > Toilet Safety Frames & Rails,US,32.39,9.07,2.59,8.4,0.15,1342.0,536.0,4.4,0.55,10000,1.0,20.0,50,25.0,20.0,20.0,75,35,65.0,B,"observed:price,sales,reviews,rating,fba_fee; estimated:search_volume,cpc",estimated_default_costs,Imported from Sorftime; ASIN B0DK97XB99; brand HOMLAND
category:Toilet Safety Frames & Rails,3775391,Toilet Safety Frames & Rails,Tools & Home Improvement > Kitchen & Bath Fixtures > Bathroom Fixtures > Bathroom Safety & Accessibility > Toilets & Toilet Aids > Toilet Safety Frames & Rails,B0CM9GWLYM,,"PELEGON Toilet Safety Rails (250lb) - Adjustable Toilet Safety Rails, Toilet Bar for Elderly Adults, Toilets Rails for Seniors, Toilet Seat with Handles for Elderly & Disabled Toilet Grab Bar - 1 Pack",Tools & Home Improvement > Kitchen & Bath Fixtures > Bathroom Fixtures > Bathroom Safety & Accessibility > Toilets & Toilet Aids > Toilet Safety Frames & Rails,US,29.97,8.39,2.4,8.3,0.15,826.0,660.0,4.4,0.55,10000,1.0,20.0,50,25.0,20.0,20.0,75,35,65.0,B,"observed:price,sales,reviews,rating,fba_fee; estimated:search_volume,cpc",estimated_default_costs,Imported from Sorftime; ASIN B0CM9GWLYM; brand PELEGON
category:Toilet Safety Frames & Rails,3775391,Toilet Safety Frames & Rails,Tools & Home Improvement > Kitchen & Bath Fixtures > Bathroom Fixtures > Bathroom Safety & Accessibility > Toilets & Toilet Aids > Toilet Safety Frames & Rails,B0CBJZF5V4,,"Toilet Safety Rails (350 LB), Toilet Handle Frame for Elderly",Tools & Home Improvement > Kitchen & Bath Fixtures > Bathroom Fixtures > Bathroom Safety & Accessibility > Toilets & Toilet Aids > Toilet Safety Frames & Rails,US,49.99,14.0,4.0,9.56,0.15,614.0,1230.0,4.6,0.55,10000,1.0,20.0,50,25.0,20.0,20.0,75,35,65.0,B,"observed:price,sales,reviews,rating,fba_fee; estimated:search_volume,cpc",estimated_default_costs,Imported from Sorftime; ASIN B0CBJZF5V4; brand Coelineao
category:Toilet Safety Frames & Rails,3775391,Toilet Safety Frames & Rails,Tools & Home Improvement > Kitchen & Bath Fixtures > Bathroom Fixtures > Bathroom Safety & Accessibility > Toilets & Toilet Aids > Toilet Safety Frames & Rails,B0CT54V5Y5,,"WeHwupe Toilet Safety Rail for Seniors, Height & Width Adjustable Handles | 350 Lbs Capacity, Bathroom Toilet Safety Frame, Stand Alone Grab Bar for Elderly, Handicap & Disabled, Fits Most Toilets",Tools & Home Improvement > Kitchen & Bath Fixtures > Bathroom Fixtures > Bathroom Safety & Accessibility > Toilets & Toilet Aids > Toilet Safety Frames & Rails,US,44.99,12.6,3.6,8.7,0.15,558.0,496.0,4.3,0.55,10000,1.0,20.0,50,25.0,20.0,20.0,75,35,65.0,B,"observed:price,sales,reviews,rating,fba_fee; estimated:search_volume,cpc",estimated_default_costs,Imported from Sorftime; ASIN B0CT54V5Y5; brand WeHwupe
category:Toilet Safety Frames & Rails,3775391,Toilet Safety Frames & Rails,Tools & Home Improvement > Kitchen & Bath Fixtures > Bathroom Fixtures > Bathroom Safety & Accessibility > Toilets & Toilet Aids > Toilet Safety Frames & Rails,B0FX26WLWY,,"Loyoda Foldable Toilet Safety Rails for Seniors, Height & Width Adjustable",Tools & Home Improvement > Kitchen & Bath Fixtures > Bathroom Fixtures > Bathroom Safety & Accessibility > Toilets & Toilet Aids > Toilet Safety Frames & Rails,US,47.99,13.44,3.84,9.66,0.15,360.0,163.0,4.4,0.55,10000,1.0,20.0,50,25.0,20.0,20.0,75,35,65.0,B,"observed:price,sales,reviews,rating,fba_fee; estimated:search_volume,cpc",estimated_default_costs,Imported from Sorftime; ASIN B0FX26WLWY; brand Loyoda
category:Toilet Safety Frames & Rails,3775391,Toilet Safety Frames & Rails,Tools & Home Improvement > Kitchen & Bath Fixtures > Bathroom Fixtures > Bathroom Safety & Accessibility > Toilets & Toilet Aids > Toilet Safety Frames & Rails,B0DZ6HBJ3Q,,"Toilet Safety Rails for Seniors, 17-21 in Width, 350 lb Capacity",Tools & Home Improvement > Kitchen & Bath Fixtures > Bathroom Fixtures > Bathroom Safety & Accessibility > Toilets & Toilet Aids > Toilet Safety Frames & Rails,US,29.95,8.39,2.4,8.21,0.15,360.0,355.0,4.2,0.55,10000,1.0,20.0,50,25.0,20.0,20.0,75,35,65.0,B,"observed:price,sales,reviews,rating,fba_fee; estimated:search_volume,cpc",estimated_default_costs,Imported from Sorftime; ASIN B0DZ6HBJ3Q; brand henkoi
category:Toilet Safety Frames & Rails,3775391,Toilet Safety Frames & Rails,Tools & Home Improvement > Kitchen & Bath Fixtures > Bathroom Fixtures > Bathroom Safety & Accessibility > Toilets & Toilet Aids > Toilet Safety Frames & Rails,B0DLKKD1X5,,"WeHwupe Toilet Safety Rail for Seniors, Height & Width Adjustable Frame | 350 Lbs Capacity, Foldable Bathroom Toilet Handles for Elderly, Toilet Grab Bars for Handicap & Disabled, Fits Most Toilets",Tools & Home Improvement > Kitchen & Bath Fixtures > Bathroom Fixtures > Bathroom Safety & Accessibility > Toilets & Toilet Aids > Toilet Safety Frames & Rails,US,49.49,13.86,3.96,9.95,0.15,350.0,142.0,4.6,0.55,10000,1.0,20.0,50,25.0,20.0,20.0,75,35,65.0,B,"observed:price,sales,reviews,rating,fba_fee; estimated:search_volume,cpc",estimated_default_costs,Imported from Sorftime; ASIN B0DLKKD1X5; brand WeHwupe
category:Toilet Safety Frames & Rails,3775391,Toilet Safety Frames & Rails,Tools & Home Improvement > Kitchen & Bath Fixtures > Bathroom Fixtures > Bathroom Safety & Accessibility > Toilets & Toilet Aids > Toilet Safety Frames & Rails,B0GRBLL1BV,,"HOMENURSE Toilet Safety Rails for Seniors, Adjustable Foldable Frame, 350lb",Tools & Home Improvement > Kitchen & Bath Fixtures > Bathroom Fixtures > Bathroom Safety & Accessibility > Toilets & Toilet Aids > Toilet Safety Frames & Rails,US,19.99,5.6,1.6,3.6,0.15,319.0,44.0,4.2,0.55,10000,1.0,20.0,50,25.0,20.0,20.0,50,20,42.5,C,"observed:sales,reviews,rating; estimated:price,fba_fee,search_volume,cpc",estimated_default_costs,Imported from Sorftime; ASIN B0GRBLL1BV; brand HOMENURSE
category:Toilet Safety Frames & Rails,3775391,Toilet Safety Frames & Rails,Tools & Home Improvement > Kitchen & Bath Fixtures > Bathroom Fixtures > Bathroom Safety & Accessibility > Toilets & Toilet Aids > Toilet Safety Frames & Rails,B0G1YFMGTB,,Loyoda Foldable Toilet Rails for Seniors with One-Button Adjustbale Width,Tools & Home Improvement > Kitchen & Bath Fixtures > Bathroom Fixtures > Bathroom Safety & Accessibility > Toilets & Toilet Aids > Toilet Safety Frames & Rails,US,43.98,12.31,3.52,9.75,0.15,284.0,165.0,4.3,0.55,10000,1.0,20.0,50,25.0,20.0,20.0,75,35,65.0,B,"observed:price,sales,reviews,rating,fba_fee; estimated:search_volume,cpc",estimated_default_costs,Imported from Sorftime; ASIN B0G1YFMGTB; brand Loyoda
category:Toilet Safety Frames & Rails,3775391,Toilet Safety Frames & Rails,Tools & Home Improvement > Kitchen & Bath Fixtures > Bathroom Fixtures > Bathroom Safety & Accessibility > Toilets & Toilet Aids > Toilet Safety Frames & Rails,B0FGPXDC7Y,,TABEKE Foldable Toilet Safety Rails & Adjustable Frames for Seniors,Tools & Home Improvement > Kitchen & Bath Fixtures > Bathroom Fixtures > Bathroom Safety & Accessibility > Toilets & Toilet Aids > Toilet Safety Frames & Rails,US,39.99,11.2,3.2,9.8,0.15,213.0,204.0,4.5,0.55,10000,1.0,20.0,50,25.0,20.0,20.0,75,35,65.0,B,"observed:price,sales,reviews,rating,fba_fee; estimated:search_volume,cpc",estimated_default_costs,Imported from Sorftime; ASIN B0FGPXDC7Y; brand TABEKE
