review_target_asin,asin,listing_url,rating,review_title,review_text,review_date,pain_point_tags,review_link,verified_purchase,asin_property,helpful
B0G34LYYWP,B0G34LYYWP,https://www.amazon.com/dp/B0G34LYYWP,5.0,Great option,Affordable option for cleaning business.Good quality,20260503,value; durability,,,Item Package Quantity=80,0
B0G34LYYWP,B0G34LYYWP,https://www.amazon.com/dp/B0G34LYYWP,5.0,Get this product!!,"Excellent product! Forget about Swifter refills, this product cleans circles around Swifter. And much cheaper too!!",20260426,value,,,Item Package Quantity=80,0
B0G34LYYWP,B0G34LYYWP,https://www.amazon.com/dp/B0G34LYYWP,5.0,Swilsweep 40 count,These sweepers are very impressive. Just as good as the expensive brand name sweepers but a great value! I would definitely purchase again.,20260324,value,,,Item Package Quantity=40,0
B0D2DBWVGJ,B0D2DBWVGJ,https://www.amazon.com/dp/B0D2DBWVGJ,5.0,Get your Swiffer on,"Works great for keeping surfaces clean, I keep a couple around the house for random dusting",20260505,dust_retention,,,Color=Blue;Size=20 Refills + 1 Handle,0
B0D2DBWVGJ,B0D2DBWVGJ,https://www.amazon.com/dp/B0D2DBWVGJ,5.0,Good price and value,Good and economical option.,20260503,value,,,Color=Orange;Size=12 Refills + 1 Handle,0
B0D2DBWVGJ,B0D2DBWVGJ,https://www.amazon.com/dp/B0D2DBWVGJ,5.0,Very good duster!,Works really well,20260503,dust_retention,,,Color=Orange;Size=12 Refills + 1 Handle,0
B0D2DBWVGJ,B0D2DBWVGJ,https://www.amazon.com/dp/B0D2DBWVGJ,5.0,Great Duster!,"After using this product around the house for dusting, I found it works quite well. I will be purchasing this item again in the future.",20260502,dust_retention,,,Color=Orange;Size=12 Refills + 1 Handle,0
B0D2DBWVGJ,B0D2DBWVGJ,https://www.amazon.com/dp/B0D2DBWVGJ,5.0,Great product!,This product is amazing! The duster pickup everything in its way and doesn’t let the dust fill the air. Great product!,20260429,dust_retention,,,Color=Blue;Size=20 Refills + 1 Handle,0
B0D2DBWVGJ,B0D2DBWVGJ,https://www.amazon.com/dp/B0D2DBWVGJ,5.0,GREAT DUSTER TO USE ON ALL SURFACES WHERE DUST ACCUMULATES,"We have stone countertops that don‘t get dirty with stains or spills all over, but do get dusty very quickly. I was so tired of wetting a cotton rag, wiping them and drying with another to prevent the circled mineral deposits/lint that etches into stone if you don’t dry them. It was exhausting, so I decided to try these just to knock the dust off, they worked perfectly. What was taking me 26 minutes with a wet and dry rag, I have cut down to a minute by lightly dusting where there is dust only. I only used these on wood surfaces and fans before, but I didn’t see why you couldn’t dust other surfaces with them, so I gave it a try. I highly recommend them for dusting any surface, a great time saver, and they do remove a lot of the dust. Nothing will remove all dust as it just redeposits as soon as you are dusting.",20260428,dust_retention,,,Color=Orange;Size=12 Refills + 1 Handle,0
B0D2DBWVGJ,B0D2DBWVGJ,https://www.amazon.com/dp/B0D2DBWVGJ,5.0,Extra.clean,The duster has extra fluff. When using it picks up extra bit of dust and dirt,20260419,dust_retention,,,Color=Orange;Size=12 Refills + 1 Handle,0
B0D2DBWVGJ,B0D2DBWVGJ,https://www.amazon.com/dp/B0D2DBWVGJ,4.0,It works,"It works just like a swiffer for a fraction of the cost. I am subtracting one star because it has a bad offgassing smell, but open the vacuum seal packaging and place it in a separate room, and let it air out",20260413,scent,,,Color=Blue;Size=20 Refills + 1 Handle,0
B0D2DBWVGJ,B0D2DBWVGJ,https://www.amazon.com/dp/B0D2DBWVGJ,4.0,OK for the price,The listing may say for the Swiffer Duster but they are definitely not Swiffer product. They work but do leave some dust requiring several passes to get it all.,20260412,dust_retention; value,,,Color=Blue;Size=20 Refills + 1 Handle,0
B0D2DBWVGJ,B0D2DBWVGJ,https://www.amazon.com/dp/B0D2DBWVGJ,5.0,Excellent price!,"What can I say, this product is awesome!",20260411,value,,,Color=Blue;Size=20 Refills + 1 Handle,0
B0D2DBWVGJ,B0D2DBWVGJ,https://www.amazon.com/dp/B0D2DBWVGJ,5.0,I always use them.,I love these they are lightweight easy to use and work well. I always keep them on hand.,20260410,,,,Color=Orange;Size=12 Refills + 1 Handle,0
B0D2DBWVGJ,B0D2DBWVGJ,https://www.amazon.com/dp/B0D2DBWVGJ,3.0,Not a True Swiffer Product,"As mentioned before, these are not Swiffer products but some other look-alike facsimile. Poor performance installing the duster to the wand, with difficulty to properly thread the duster and effectively use.",20260406,dust_retention,,,Color=Blue;Size=20 Refills + 1 Handle,0
B0D2DBWVGJ,B0D2DBWVGJ,https://www.amazon.com/dp/B0D2DBWVGJ,5.0,Better than Swiffer,I go through a lot of dusters with long-haired pets in the house plus litter boxes. I‘ve switched from the Swiffer brand for good. These are every bit as good if not better at a lower price point. So glad I found them.,20260403,dust_retention; value,,,Color=Orange;Size=12 Refills + 1 Handle,0
B0D2DBWVGJ,B0D2DBWVGJ,https://www.amazon.com/dp/B0D2DBWVGJ,5.0,Practical use in every day life,"This is well worth the buy. I use them for removing dust on furniture, dry, and to treat wood furniture with lemon oil. It can also help to remove cobwebs in high ceiling areas with the extension “Swiffer‘ arm.",20260401,dust_retention,,,Color=Blue;Size=20 Refills + 1 Handle,0
B0D2DBWVGJ,B0D2DBWVGJ,https://www.amazon.com/dp/B0D2DBWVGJ,5.0,Good quality,I love these dusters they are full 360 unlike others that I have bought that say 360 they’re very flat. This is a great product. Easy to use.,20260327,dust_retention; durability,,,Color=Orange;Size=12 Refills + 1 Handle,0
B0D2DBWVGJ,B0D2DBWVGJ,https://www.amazon.com/dp/B0D2DBWVGJ,4.0,Dusters,"I honestly thought I was buying the Swiffer dusters, but even though it‘s another brand they work really well. It picks up all the dust and does a good job. You can use one multiple times before you switch it out.",20260324,dust_retention,,,Color=Blue;Size=20 Refills + 1 Handle,0
B0D2DBWVGJ,B0D2DBWVGJ,https://www.amazon.com/dp/B0D2DBWVGJ,5.0,Best Swifter Duster refills,I have used a Swifter Duster for years. I dust once a week so I like using swifter on most of my items. This time I purchased these Heavy Duty refills and I absolutely love them. They are a 360 duster so you can use all sides and they are twice as fluffy. IMO they are so much better than the regular swifter dust pads. They have super pickup power. They captured every bit of dust and I use fewer pads when I dust. Also the dust stays in the pad. They are very durable. They fit into tight places and make dusting a breeze. They fit the regular wand which it comes with and the swifter expandable wand also. So nice and easy to use. I highly recommend them.,20260323,dust_retention; fit; fiber_shedding; durability,,,Color=Blue;Size=20 Refills + 1 Handle,0
B0D2DBWVGJ,B0D2DBWVGJ,https://www.amazon.com/dp/B0D2DBWVGJ,5.0,great alternative for our swiffer,This is same functional as swiffer‘s ones. It works great for us with lower price.,20260305,value,,,Color=Blue;Size=20 Refills + 1 Handle,0
B0D2DBWVGJ,B0D2DBWVGJ,https://www.amazon.com/dp/B0D2DBWVGJ,5.0,Recommend,"Excellent product, it does its job and offers a good quantity for the price.",20260303,value,,,Color=Blue;Size=20 Refills + 1 Handle,0
B0D2DBWVGJ,B0D2DBWVGJ,https://www.amazon.com/dp/B0D2DBWVGJ,4.0,Gets the job done,"For the price this duster is great. Small packaging, easy assembly. Good for speedy cleaning.",20260303,dust_retention; value,,,Color=Blue;Size=20 Refills + 1 Handle,0
B0D2DBWVGJ,B0D2DBWVGJ,https://www.amazon.com/dp/B0D2DBWVGJ,4.0,Surface coverage,"This product works great, holds dust well and fluffy enough to feel the surface coverage was reached.",20260227,dust_retention; fiber_shedding,,,Color=Blue;Size=20 Refills + 1 Handle,0
B0D2DBWVGJ,B0D2DBWVGJ,https://www.amazon.com/dp/B0D2DBWVGJ,5.0,Remove the dust without effort,"The duster refills, Made the job! For years, my whole family are using them. Is an effective tool for every household!",20260226,dust_retention,,,Color=Blue;Size=20 Refills + 1 Handle,0
B0D2DBWVGJ,B0D2DBWVGJ,https://www.amazon.com/dp/B0D2DBWVGJ,5.0,Easy and efficient!,Housecleaning - great for cleaning those large fan blades and also leather furniture for dog hair! Handle length makes it easy to maneuver and the quality of the cleaning duster is excellent - no tearing or falling apart. Easy and efficient!,20260218,dust_retention; fit; durability,,,Color=Blue;Size=20 Refills + 1 Handle,0
B0D2DBWVGJ,B0D2DBWVGJ,https://www.amazon.com/dp/B0D2DBWVGJ,5.0,Upgrade,"Upgrade over brand name dusters. Last longer, captures more dust.",20260211,dust_retention,,,Color=Blue;Size=20 Refills + 1 Handle,0
B0D2DBWVGJ,B0D2DBWVGJ,https://www.amazon.com/dp/B0D2DBWVGJ,5.0,Makes cleaning fun,"should have bought these so much sooner!! I love them, they make dusting so much easier and without a hassle.",20260206,dust_retention,,,Color=Blue;Size=20 Refills + 1 Handle,0
B0D2DBWVGJ,B0D2DBWVGJ,https://www.amazon.com/dp/B0D2DBWVGJ,5.0,"My favorite dust-fighting solution, fragrance-free","These refills for my Swiffer are amazing. They effectively trap dry dust on all surfaces, thanks to their 360° design. They‘re durable, lint-free, and because they’re unscented, cleaning feels more natural. Very practical and long-lasting. I highly recommend them!",20260202,dust_retention; durability; scent,,,Color=Blue;Size=20 Refills + 1 Handle,0
B0D2DBWVGJ,B0D2DBWVGJ,https://www.amazon.com/dp/B0D2DBWVGJ,5.0,Swiffer seems better that Swifter,Well this duster lasts a lot longer than other dusters I have used. The previous dusters were Swifter. One box was dusting strips and they were OK but I had to use two to dust weekly. The other Swifter was called a better duster that cost more but one was totally used up after a weekly cleaning. These Swiffer not Swifter are really different. They clean but don‘t appear to wear out. I have used one Swiffer for two weeks cleaning.Not quite sure why this is so effective but it lasts. I recommend this product because it is very cost effective and does the job.,20260124,dust_retention; durability,,,Color=Blue;Size=20 Refills + 1 Handle,0
B0D2DBWVGJ,B0D2DBWVGJ,https://www.amazon.com/dp/B0D2DBWVGJ,5.0,Easy to use.,"Another cleaning product I needed. The product feels very high-quality, and it‘s easy to assemble; you just need to screw the two parts of the handle together and attach the cleaning pad. I like that it has a small pin to secure the pad so it doesn’t fly off while I’m cleaning. The pad is very thick, so it covers a larger surface area when dusting. I also appreciate that it’s very soft, so it won’t scratch or damage anything. And as a bonus, it comes with several replacement pads. I would definitely buy it again.",20260124,dust_retention; fit; durability,,,Color=Blue;Size=20 Refills + 1 Handle,0
B0D2DBWVGJ,B0D2DBWVGJ,https://www.amazon.com/dp/B0D2DBWVGJ,5.0,Good option for trapping unscented dust,"I bought these Swiffer-compatible duster refills for daily house cleaning, and they‘ve worked quite well. They easily trap dust, and the 360° design helps clean corners, shelves, and hard-to-reach areas without having to go over them multiple times.
The microfibers are durable and lint-free, even after using them on various surfaces like furniture, blinds, and electronics. I liked that they’re unscented, which is ideal if you’re sensitive to smells.

As an area for improvement, I wish the fibers were a bit thicker to trap even more dust and not have to be discarded so quickly when surfaces are very dirty, but overall, they do their job well",20260122,dust_retention; fiber_shedding; durability; scent,,,Color=Blue;Size=20 Refills + 1 Handle,0
B0D2DBWVGJ,B0D2DBWVGJ,https://www.amazon.com/dp/B0D2DBWVGJ,5.0,"Great fit, work well, great value.",These work great and are easy to interchange. They work just as well as the name brands at a much lower price. This box will last us for a while. This is a great value.,20260121,fit; value,,,Color=Blue;Size=20 Refills + 1 Handle,0
B0D2DBWVGJ,B0D2DBWVGJ,https://www.amazon.com/dp/B0D2DBWVGJ,4.0,Quality Duster refills at a good price,"These duster refills work well with my swiffer…there is a little issue getting them to fit on the handle, but once loaded they work well…they seem to have good dust capacity and are a bargain price wise. Thanks.",20260120,dust_retention; fit; value; durability,,,Color=Blue;Size=20 Refills + 1 Handle,0
B0D2DBWVGJ,B0D2DBWVGJ,https://www.amazon.com/dp/B0D2DBWVGJ,5.0,Dust removal,Picks up dust well,20260116,dust_retention,,,Color=Blue;Size=20 Refills + 1 Handle,0
B0D2DBWVGJ,B0D2DBWVGJ,https://www.amazon.com/dp/B0D2DBWVGJ,5.0,A quick and efficient way to get your dust gone!,"I buy these because they actually get dust off window blinds, furniture surfaces and more. They ars easy to use and even my housekerper likes them too! They make it easy to get dust off without having to go slat by slat saving time.",20260114,dust_retention,,,Color=Blue;Size=20 Refills + 1 Handle,0
B0D2DBWVGJ,B0D2DBWVGJ,https://www.amazon.com/dp/B0D2DBWVGJ,5.0,Easy swiffer alternative,"Good quality duster for low price! My kids love randomly dusting and this works so well. One wipe and it gets like everything! Super soft, easy to install on handle and comes with a lot of refills for the price.",20260103,dust_retention; fit; value; durability,,,Color=Blue;Size=20 Refills + 1 Handle,0
B0D2DBWVGJ,B0D2DBWVGJ,https://www.amazon.com/dp/B0D2DBWVGJ,4.0,Deceptive advertising yet good product😑,These dusters work well and I feel maybe even better than the national brand as they dont catch on non smooth wood products as you dust. They slide on tightly to the wand. I‘m not sure why other reviewers say they slide off. You attach in between the white pieces unlike under the fibers of the national brand. Maybe thats why it came off for others. I was a tad irritated that I bought by mistake through sneaky marketing. I think they should change this tactic bc it leave a negative impression for sure. They should sell their product with the positive aspects of these dusters rather than deceiving shoppers. Overall great product so do better in marketing.,20260101,dust_retention; fiber_shedding,,,Color=Blue;Size=20 Refills + 1 Handle,0
B0D2DBWVGJ,B0D2DBWVGJ,https://www.amazon.com/dp/B0D2DBWVGJ,5.0,Really happy with these duster refills!,They fit my Swiffer perfectly and pick up dust really well on all surfaces. The microfiber is thick and traps dust instead of spreading it around. Love that they’re unscented too. Great value for the price — will definitely repurchase!,20251222,dust_retention; fit; fiber_shedding; value; scent,,,Color=Blue;Size=20 Refills + 1 Handle,0
B0D2DBWVGJ,B0D2DBWVGJ,https://www.amazon.com/dp/B0D2DBWVGJ,5.0,Great heavy duty duster,"These heavy-duty duster refills are a solid purchase for routine home maintenance. The increased microfiber count (4X) and 360° design significantly improve dust and pet hair capture on multiple surfaces, including detailed trim and electronics. They are unscented, fit the included handle securely, and the 20-count refill package is a practical volume for regular use. A reliable upgrade over standard refills.",20251125,dust_retention; fit; fiber_shedding; scent,,,Color=Blue;Size=20 Refills + 1 Handle,0
B0D2DBWVGJ,B0D2DBWVGJ,https://www.amazon.com/dp/B0D2DBWVGJ,5.0,Great price,Works like a charm,20251016,value,,,Size=20 Refills + 1 Handle;Color=Blue,0
B0D2DBWVGJ,B0D2DBWVGJ,https://www.amazon.com/dp/B0D2DBWVGJ,3.0,lousy replacements,doesn‘t work nearly as good as the swiffer brand. Now I see why they hide the brand name on the lead photo!,20251016,,,,Size=20 Refills + 1 Handle;Color=Blue,0
B0D2DBWVGJ,B0D2DBWVGJ,https://www.amazon.com/dp/B0D2DBWVGJ,1.0,Dust doesn‘t stick,Don‘t collect dust .jus pushes it around an fly around in the air,20251013,dust_retention,,,Size=20 Refills + 1 Handle;Color=Blue,0
B0D2DBWVGJ,B0D2DBWVGJ,https://www.amazon.com/dp/B0D2DBWVGJ,1.0,"Non functioning, ductless picker-uppers",This brand is too heavy and does not pick-up the dust as well as the Swifter dusters do,20251011,dust_retention,,,Size=20 Refills + 1 Handle;Color=Blue,0
B0D2DBWVGJ,B0D2DBWVGJ,https://www.amazon.com/dp/B0D2DBWVGJ,5.0,These dusters work,"I have used these dusters for years as I have cats and it quickly picks up all visible hair and dust on tables tops, counter tops, etc.",20251010,dust_retention,,,Size=20 Refills + 1 Handle;Color=Blue,0
B0D2DBWVGJ,B0D2DBWVGJ,https://www.amazon.com/dp/B0D2DBWVGJ,4.0,Duster Refill,The duster refills match up and work as described.  Glad to have purchased them.,20251010,dust_retention,,,Size=20 Refills + 1 Handle;Color=Blue,0
B0D2DBWVGJ,B0D2DBWVGJ,https://www.amazon.com/dp/B0D2DBWVGJ,5.0,Easy dusting,It makes dusting easier and faster. Good product. Thank you.,20251009,dust_retention,,,Size=20 Refills + 1 Handle;Color=Blue,0
B0D2DBWVGJ,B0D2DBWVGJ,https://www.amazon.com/dp/B0D2DBWVGJ,1.0,CAN ONLY USE HALF!!,These were horrible. I tried running the handle up all sides and it would only go half way before the end poked out. Don’t waste your money. I’m returning it. Completely defective!!,20251007,fit,,,Size=20 Refills + 1 Handle;Color=Blue,0
B0D2DBWVGJ,B0D2DBWVGJ,https://www.amazon.com/dp/B0D2DBWVGJ,5.0,Swiffer knock-offs work!,"When I remember to dust, these work like magic.",20251005,dust_retention,,,Size=20 Refills + 1 Handle;Color=Blue,0
B0D2DBWVGJ,B0D2DBWVGJ,https://www.amazon.com/dp/B0D2DBWVGJ,5.0,All good!,Works good. Nice price too.,20251005,value,,,Size=20 Refills + 1 Handle;Color=Blue,0
B0D2DBWVGJ,B0D2DBWVGJ,https://www.amazon.com/dp/B0D2DBWVGJ,1.0,Poor Quality Material,I mistakenly bought these for the 2nd time.  I will use these up and never purchase again. They leave duster hairs everywhere.,20251004,dust_retention; durability,,,Size=12 Refills + 1 Handle;Color=Orange,0
B0D2DBWVGJ,B0D2DBWVGJ,https://www.amazon.com/dp/B0D2DBWVGJ,5.0,This is the way to go,I hadn‘t purchased refills in some time so was a little surprised when I went to buy more and they weren‘t very economical that is until I found this 12 pack! They work just as great if not better than brand name in my opinion. Ive tried both washable and disposable swiffer dusters and these are the best way to go.,20251003,dust_retention,,,Size=12 Refills + 1 Handle;Color=Orange,0
B0D2DBWVGJ,B0D2DBWVGJ,https://www.amazon.com/dp/B0D2DBWVGJ,3.0,nope...,"These are not bona fide Swiffer duster refills.  They are “compatible with“ and consequently, do not fit and do not work nearly as well as the real McCoy.",20251002,dust_retention; fit,,,Size=20 Refills + 1 Handle;Color=Blue,0
B0D2DBWVGJ,B0D2DBWVGJ,https://www.amazon.com/dp/B0D2DBWVGJ,2.0,Does not lock in dust,I cleaned my ceiling fan and watched the dust flow everywhere. It does not lock in dust like swiffer products.,20250929,dust_retention; fit,,,Size=20 Refills + 1 Handle;Color=Blue,0
B0D2DBWVGJ,B0D2DBWVGJ,https://www.amazon.com/dp/B0D2DBWVGJ,1.0,Won’t purchase again,"I was looking forward to trying these, unfortunately they don’t pick up the dirt and dust.  I regrets this purchase.",20250928,dust_retention,,,Size=20 Refills + 1 Handle;Color=Blue,0
B0D2DBWVGJ,B0D2DBWVGJ,https://www.amazon.com/dp/B0D2DBWVGJ,5.0,good product,"heavy duty, great to erase dust, easy to reach high places, reusable, very nice light scent",20250921,dust_retention; scent,,,Size=20 Refills + 1 Handle;Color=Blue,0
B0D2DBWVGJ,B0D2DBWVGJ,https://www.amazon.com/dp/B0D2DBWVGJ,1.0,Inferior Product,The dusters didn’t fit on their accompanying handle!,20250921,dust_retention; fit,,,Size=20 Refills + 1 Handle;Color=Blue,0
B0D2DBWVGJ,B0D2DBWVGJ,https://www.amazon.com/dp/B0D2DBWVGJ,1.0,Don’t buy,Product useless,20250921,,,,Size=20 Refills + 1 Handle;Color=Blue,0
B0D2DBWVGJ,B0D2DBWVGJ,https://www.amazon.com/dp/B0D2DBWVGJ,5.0,Affordable quality,They actually do a decent job!!! I was skeptical since they‘re not the original Swiffer but wow! I‘m impressed and definitely satisfied for the affordable price too!!! 👍,20250921,value; durability,,,Size=20 Refills + 1 Handle;Color=Blue,0
B0D2DBWVGJ,B0D2DBWVGJ,https://www.amazon.com/dp/B0D2DBWVGJ,2.0,Doesn‘t work,Not as good as the popular brand. I don‘t even see the dust on it.,20250918,dust_retention,,,Size=20 Refills + 1 Handle;Color=Blue,0
B0D2DBWVGJ,B0D2DBWVGJ,https://www.amazon.com/dp/B0D2DBWVGJ,1.0,Missing Pieces,"Not all parts were received in my order. When I reached out regarding this, nothing was resolved.",20250916,,,,Size=20 Refills + 1 Handle;Color=Blue,0
B0D2DBWVGJ,B0D2DBWVGJ,https://www.amazon.com/dp/B0D2DBWVGJ,5.0,Well rounded,"Fully rounded duster brush, fits the handle & gives your 360 degrees of dusting ability.Most just have a a front & back this one is fully rounded.",20250916,dust_retention; fit,,,Size=20 Refills + 1 Handle;Color=Blue,0
B0D2DBWVGJ,B0D2DBWVGJ,https://www.amazon.com/dp/B0D2DBWVGJ,5.0,Good,A little tough to get the wand inserted but these really work,20250914,,,,Size=20 Refills + 1 Handle;Color=Blue,0
B0D2DBWVGJ,B0D2DBWVGJ,https://www.amazon.com/dp/B0D2DBWVGJ,1.0,Waste of money,Very difficult to get the handle inside the duster it comes through the middle of the duster. This is now the third one it’s horrible if I could give this a zero rating I would.  Total waste of money stick with the swifter.,20250912,dust_retention; fit,,,Size=12 Refills + 1 Handle;Color=Orange,0
B0D2DBWVGJ,B0D2DBWVGJ,https://www.amazon.com/dp/B0D2DBWVGJ,2.0,Worthless,"The product was in no way compared to the swiffer Duster.  It throws dust all over the room.  It doesn‘t trap.  If you‘re dusting something outside, maybe be for you.  But it‘s claim to compare to the swiffer is far from honest.  Stick with the swiffer.  Very disappointed in this product.",20250912,dust_retention,,,Size=12 Refills + 1 Handle;Color=Orange,0
B0D2DBWVGJ,B0D2DBWVGJ,https://www.amazon.com/dp/B0D2DBWVGJ,2.0,Not Swiffer,These are not Swiffer though the post can leaving to believe they are.,20250911,,,,Size=20 Refills + 1 Handle;Color=Blue,0
B0D2DBWVGJ,B0D2DBWVGJ,https://www.amazon.com/dp/B0D2DBWVGJ,3.0,Not as Great as Swiffer,"Not as great a Swiffer. They spread the dust around more than picking it up, but I don‘t have much to dust so they‘ll do.",20250911,dust_retention,,,Size=20 Refills + 1 Handle;Color=Blue,0
B0D2DBWVGJ,B0D2DBWVGJ,https://www.amazon.com/dp/B0D2DBWVGJ,4.0,Gooooood,Got my toilet very clean from my sons doo doo. And very good,20250910,,,,Size=20 Refills + 1 Handle;Color=Blue,0
B0D2DBWVGJ,B0D2DBWVGJ,https://www.amazon.com/dp/B0D2DBWVGJ,2.0,Not worth it,These have 95% more of the orange fiber & very little of the cloth strips vs. the swiffer brand. However only after a few uses it stops trapping dust and just starts smearing it around. So you end up going through them faster then the swiffer ones.,20250909,dust_retention; fiber_shedding; durability,,,Size=12 Refills + 1 Handle;Color=Orange,0
B0D2DBWVGJ,B0D2DBWVGJ,https://www.amazon.com/dp/B0D2DBWVGJ,4.0,OK for value,Not as good as brand name but they work well enough and you get pretty good value for count vs price.,20250909,value,,,Size=20 Refills + 1 Handle;Color=Blue,0
B0D2DBWVGJ,B0D2DBWVGJ,https://www.amazon.com/dp/B0D2DBWVGJ,5.0,They REALLY trap and hold the dust!,"LOVE these dusters! I will never buy another brand, including the “name brand.“",20250909,dust_retention,,,Size=20 Refills + 1 Handle;Color=Blue,0
B0D2DBWVGJ,B0D2DBWVGJ,https://www.amazon.com/dp/B0D2DBWVGJ,1.0,Not Swiffer brand,The dusters work but they are NOT Swiffer brand. The photo is more than misleading with the duster covering the brand name.,20250908,dust_retention,,,Size=20 Refills + 1 Handle;Color=Blue,0
B0D2DBWVGJ,B0D2DBWVGJ,https://www.amazon.com/dp/B0D2DBWVGJ,5.0,Better Than Swiffer! Great Quality,"HIGHLY Recommend! Hands down! I was skeptical at first hoping it would be good to use and I can safely say these are perfect 👌 VERY good quality and because they’re so thick, you can easily use both sides to get the most out of it. Cleans up dust easily and have to say, I prefer these over Swiffer.",20250906,dust_retention; durability,,,Size=20 Refills + 1 Handle;Color=Blue,0
B0D2DBWVGJ,B0D2DBWVGJ,https://www.amazon.com/dp/B0D2DBWVGJ,5.0,WAD,WAD (working as designed),20250906,,,,Size=20 Refills + 1 Handle;Color=Blue,0
B0D2DBWVGJ,B0D2DBWVGJ,https://www.amazon.com/dp/B0D2DBWVGJ,1.0,Does not work!,"If you want to just “swiffer“ the dust around, this brand is the way to go! Basically picked up no dust, just spread it around.",20250903,dust_retention,,,Size=20 Refills + 1 Handle;Color=Blue,0
B0D2DBWVGJ,B0D2DBWVGJ,https://www.amazon.com/dp/B0D2DBWVGJ,1.0,Bad product,"Couldn’t load onto Swifter wand, dust kept falling off of fibers and did a terrible job. Threw away and went back to brand name only",20250903,dust_retention; fiber_shedding,,,Size=20 Refills + 1 Handle;Color=Blue,0
B0CC1GQZ6Y,B0CC1GQZ6Y,https://www.amazon.com/dp/B0CC1GQZ6Y,5.0,Absolutely worth buying,Great product,20260515,,,,Color=Blue;Size=18 Refills,0
B0CC1GQZ6Y,B0CC1GQZ6Y,https://www.amazon.com/dp/B0CC1GQZ6Y,5.0,⭐⭐⭐⭐⭐ Works Great for Quick Cleaning,"These duster refills work really well and pick up dust easily without spreading it around. Great for cleaning shelves, blinds, and small corners. Easy to attach and convenient for everyday use. Good value and lasts a long time!",20260508,dust_retention; value,,,Color=Blue;Size=18 Refills,0
B0CC1GQZ6Y,B0CC1GQZ6Y,https://www.amazon.com/dp/B0CC1GQZ6Y,5.0,Great comparison,Just like swiffer,20260506,,,,Color=Blue;Size=18 Refills,0
B0CC1GQZ6Y,B0CC1GQZ6Y,https://www.amazon.com/dp/B0CC1GQZ6Y,5.0,Must have,These are a must-have for cleaning. They make dusting furniture quick and easy. Definitely worth it,20260423,dust_retention,,,Color=Blue;Size=18 Refills,0
B0CC1GQZ6Y,B0CC1GQZ6Y,https://www.amazon.com/dp/B0CC1GQZ6Y,5.0,Duster refills,Love it helps with dusting,20260423,dust_retention,,,Color=Blue;Size=18 Refills,0
B0CC1GQZ6Y,B0CC1GQZ6Y,https://www.amazon.com/dp/B0CC1GQZ6Y,5.0,Same thing as name brand,Worth the price they do the same thing as name brand very easy to use and they don’t have a smell to them,20260422,value; scent,,,Color=Blue;Size=18 Refills,0
B0CC1GQZ6Y,B0CC1GQZ6Y,https://www.amazon.com/dp/B0CC1GQZ6Y,1.0,DO NOT - LISTEN TO THE THE GOOD REVIEWS,"These SUCK. These are terrible. They do NOT pick up dust, fur, hair or even dirt. In fact, the fibers on this duster end up coming OFF the duster and end up adding to the dust. Yes - swiffer IS better. For $10 you think these would do something but they quite literally do not do anything. I might as well use this duster as kindle for a fire. The Clorox duster wipes that have since been discontinued have been top tier duster wipes, brawny? Absolutely, swiffer, sure. These don’t even make the running they’re so bad. My pets tail is better at picking up dust than this junk. Seriously - I cleaned the top of the ceiling fan and not only did the dust from the ceiling fan just fall to the ground and not adhere to the duster - but the duster itself was falling apart and leaving fibers everywhere. 0/10. Wish I could get a refund.",20260416,dust_retention; fiber_shedding,,,Color=Blue;Size=18 Refills,0
B0CC1GQZ6Y,B0CC1GQZ6Y,https://www.amazon.com/dp/B0CC1GQZ6Y,1.0,Does not pickup dust and dirt as advertised. Very poor.,This duster does not pick up dust. It onlyMoves it around. Very dissatisfied.. Swiffer has static feature that makes dirt and dust adhere to the duster. Will not purchase again. Cheryl Lincoln NE,20260327,dust_retention,,,Color=Blue;Size=18 Refills,0
B0CC1GQZ6Y,B0CC1GQZ6Y,https://www.amazon.com/dp/B0CC1GQZ6Y,5.0,Powerful duster in compact package,"They come in a tiny box compacted, but they quickly open and give you full dusting potential.It came with a telescoping wand/handle that is super great and sturdy. I found myself dusting ceilings/walls/fans just to test it out.
One duster was able to handle about 1200 sq ft.
Will definitely by again when needed.",20260327,dust_retention; fit,,,Color=Yellow;Size=30 Refills+1 Extension Pole,0
B0CC1GQZ6Y,B0CC1GQZ6Y,https://www.amazon.com/dp/B0CC1GQZ6Y,5.0,Works jut as well as brand name duster,These dusters are just a good as swifter dusters for less money.,20260326,dust_retention,,,Color=Blue;Size=18 Refills,0
B0CC1GQZ6Y,B0CC1GQZ6Y,https://www.amazon.com/dp/B0CC1GQZ6Y,5.0,That you can use both sides,"They r amazing, and u can even turn them over and use them . And there very thick.",20260325,,,,Color=Yellow;Size=30 Refills+1 Extension Pole,0
B0CC1GQZ6Y,B0CC1GQZ6Y,https://www.amazon.com/dp/B0CC1GQZ6Y,3.0,Eh,Doesn’t really absorb the dust it kind of just moves it around,20260320,dust_retention,,,Color=Blue;Size=18 Refills,0
B0CC1GQZ6Y,B0CC1GQZ6Y,https://www.amazon.com/dp/B0CC1GQZ6Y,4.0,Great dusters,Work great. Got them just in time. Easy to use. Very Soft. Good size and durable for use,20260319,dust_retention; durability,,,Color=Blue;Size=18 Refills,0
B0CC1GQZ6Y,B0CC1GQZ6Y,https://www.amazon.com/dp/B0CC1GQZ6Y,5.0,Works great,Does a great job of removing and collecting dust,20260309,dust_retention,,,Color=Blue;Size=18 Refills,0
B0CC1GQZ6Y,B0CC1GQZ6Y,https://www.amazon.com/dp/B0CC1GQZ6Y,5.0,Great,Good,20260306,,,,Color=Blue;Size=18 Refills,0
B0CC1GQZ6Y,B0CC1GQZ6Y,https://www.amazon.com/dp/B0CC1GQZ6Y,5.0,Buy it,Works great,20260301,,,,Color=Blue;Size=18 Refills,0
B0CC1GQZ6Y,B0CC1GQZ6Y,https://www.amazon.com/dp/B0CC1GQZ6Y,1.0,Not as good the the official product,These absolutely do not pick up a comparable amount of dust to the official ones made by swiffer. They are not very expensive so I‘m not super disappointed but just know that most of the dust you swipe away will just end up in the air.,20260221,dust_retention; value,,,Color=Blue;Size=18 Refills,0
B0CC1GQZ6Y,B0CC1GQZ6Y,https://www.amazon.com/dp/B0CC1GQZ6Y,5.0,Duster refill is exactly what I was looking for! Highly recommend!,"This duster refill was exactly what we were looking for. Picks up so much dust on one pad, highly recommend for any home and any size space.",20260219,dust_retention,,,Color=Blue;Size=18 Refills,0
B0CC1GQZ6Y,B0CC1GQZ6Y,https://www.amazon.com/dp/B0CC1GQZ6Y,5.0,Nice quality,Nice for light dusting,20260219,dust_retention; durability,,,Color=Blue;Size=18 Refills,0
B0CC1GQZ6Y,B0CC1GQZ6Y,https://www.amazon.com/dp/B0CC1GQZ6Y,3.0,Packaging faked me out…,"I’m a Swiffer person and when I went to order refills for my Swiffer via Amazon because I was too lazy to go to Target, I did not pay close attention to what I was ordering. The dusters looked like my normal Swiffer brand. I started using them and thought it was odd that no dust appeared on the duster pad even though I was cleaning and dust was coming off things like shutters, etc. they also wouldn’t stay attached well to my Swiffer duster wand. I had a lot of WTF moments and finally checked the box. The ‘brand’ was NOT Swiffer but a copycat from China. My fault for not paying attention, for sure, but just be aware if you purchase these. Yeah they clean but they’re weird and don’t stay on the Swiffer wand.",20260219,dust_retention,,,Color=Blue;Size=18 Refills,0
B0CC1GQZ6Y,B0CC1GQZ6Y,https://www.amazon.com/dp/B0CC1GQZ6Y,5.0,Better and Cheaper than Swiffer,"These are better and cheaper than Swiffer. Swiffer leaves a film on glass items over time and these do not. Some reviews are saying these don‘t pick up as much dust, or leave dust behind, but I find these pick up more dust and does not have the fly away dust like the others. The fibers are not the half inch pieces of fabric like Swiffer, they are fluffy strands sort of like silk. It gets in way more corners and small places. I will keep buying and do recommend these!",20260212,dust_retention; fiber_shedding; value,,,Color=Blue;Size=18 Refills,0
B0CC1GQZ6Y,B0CC1GQZ6Y,https://www.amazon.com/dp/B0CC1GQZ6Y,5.0,Good,Good refills that do their job. Will buy again,20260211,,,,Color=Blue;Size=18 Refills,0
B0CC1GQZ6Y,B0CC1GQZ6Y,https://www.amazon.com/dp/B0CC1GQZ6Y,5.0,Good buy,"Work just like name brand, good amount for the cost.",20260203,,,,Color=Blue;Size=18 Refills,0
B0CC1GQZ6Y,B0CC1GQZ6Y,https://www.amazon.com/dp/B0CC1GQZ6Y,5.0,A fine alternative tot eh brand named refills,"Works fine, fits on my Swiffer handle just fine. I like these and will buy again.",20260118,fit,,,Color=Blue;Size=18 Refills,0
B0CC1GQZ6Y,B0CC1GQZ6Y,https://www.amazon.com/dp/B0CC1GQZ6Y,1.0,"NO, NO, NO.","If you’re reading this, please do not buy these. YES, these are cheaper YES, the quantity is more, but these are not comparable to the febreeze duster refills. These “dusters” shed so bad and pickup no dust whatsoever. Returning immediately.",20260102,dust_retention; fiber_shedding; value,,,Color=Blue;Size=18 Refills,0
B0CC1GQZ6Y,B0CC1GQZ6Y,https://www.amazon.com/dp/B0CC1GQZ6Y,5.0,Love them!,"I love these so much, they are so easy to use and fits on the swiffer duster base. They are such a good deal compared to the swiffer dusters and they work just as well!",20251229,dust_retention; fit,,,Color=Blue;Size=18 Refills,0
B0CC1GQZ6Y,B0CC1GQZ6Y,https://www.amazon.com/dp/B0CC1GQZ6Y,3.0,small areas only,"they’re ok. they get the job done, however they don’t keep the dust stuck to it like the name brand does (i can usually do my whole house with one no problem) these got to a point they just started pushing dust around/ falls off the duster around the house so i had to use 3 to do my whole house",20251229,dust_retention,,,Color=Blue;Size=18 Refills,0
B0CC1GQZ6Y,B0CC1GQZ6Y,https://www.amazon.com/dp/B0CC1GQZ6Y,1.0,NOT a dupe!!,I usually don’t write reviews but I had to for this one….these suck so bad I had to go back and buy the name brand just to actually get the job done!! Nothing sticks to the duster and if it does as soon as you pick up the duster all the dust flies into the air. Save yourself and just get the name brand swiffer refills,20251222,dust_retention,,,Color=Blue;Size=18 Refills,0
B0CC1GQZ6Y,B0CC1GQZ6Y,https://www.amazon.com/dp/B0CC1GQZ6Y,4.0,They do the job...for the most part,"These duster refills do a solid job and are very convenient to have on hand. They pick up dust well, especially on shelves, blinds, and electronics, and they fit the handle nicely. I like that they trap dust instead of just pushing it around, which makes quick cleanups much easier.
The only reason I’m giving four stars instead of five is that they don’t last very long with heavier dusting jobs, so you may go through them quickly.",20251218,dust_retention; fit,,,Color=Blue;Size=18 Refills,0
B0CC1GQZ6Y,B0CC1GQZ6Y,https://www.amazon.com/dp/B0CC1GQZ6Y,3.0,“Back to Swiffers—Lesson Learned”,"Not as good as the original. These don’t collect dust nearly as well, and I found myself going over the same spots multiple times. Definitely won’t buy again—going back to Swiffers.",20251211,dust_retention,,,Color=Blue;Size=18 Refills,0
B0CC1GQZ6Y,B0CC1GQZ6Y,https://www.amazon.com/dp/B0CC1GQZ6Y,5.0,Did the trick!’,Did the trick!!!!!!! Favorite duster!!! And w plenty to spare.,20251211,dust_retention,,,Color=Blue;Size=18 Refills,0
B0CC1GQZ6Y,B0CC1GQZ6Y,https://www.amazon.com/dp/B0CC1GQZ6Y,4.0,Beware if scented,Good product works as expected. But did not realize they were scented and that was really too strong and unnatural.,20251201,scent,,,Color=Blue;Size=18 Refills,0
B0CC1GQZ6Y,B0CC1GQZ6Y,https://www.amazon.com/dp/B0CC1GQZ6Y,5.0,Dust removal pads are priced right and durable.,"I love this product.  From the ease of purchase to the use of the product best quality, durable, time saving.",20251015,dust_retention; value; durability,,,Color=Blue;Size=18 PCS,0
B0CC1GQZ6Y,B0CC1GQZ6Y,https://www.amazon.com/dp/B0CC1GQZ6Y,5.0,Excellent Price for a compatible product.,These are a much better price than swifter and work just as well.  The capture a lot of dut.,20251012,value,,,Color=Blue;Size=18 PCS,0
B0CC1GQZ6Y,B0CC1GQZ6Y,https://www.amazon.com/dp/B0CC1GQZ6Y,5.0,A lightweight efficient tool!,"They do such a nice job. I pot a quick spray of Pledge on it and it’s good to go! It’s also so lightweight that if you choose not to move something, you can dust around it and never knock it over. I would never go back to a, dust rag!",20251011,dust_retention,,,Color=Blue;Size=18 PCS,0
B0CC1GQZ6Y,B0CC1GQZ6Y,https://www.amazon.com/dp/B0CC1GQZ6Y,5.0,Su calidad para limpiar el polvo,super lightweight and sweeps away all the dust. super easy.,20251010,dust_retention,,,Color=Blue;Size=18 PCS,0
B0CC1GQZ6Y,B0CC1GQZ6Y,https://www.amazon.com/dp/B0CC1GQZ6Y,1.0,Do not buy. Don’t waste your $.,Wish I could give this 0 stars. Doesn’t clean at all. Cheap product. Do not buy.,20251004,value,,,Color=Blue;Size=18 PCS,0
B0CC1GQZ6Y,B0CC1GQZ6Y,https://www.amazon.com/dp/B0CC1GQZ6Y,5.0,very good quality,very good quality,20251001,durability,,,Color=Blue;Size=18 PCS,0
B0CC1GQZ6Y,B0CC1GQZ6Y,https://www.amazon.com/dp/B0CC1GQZ6Y,4.0,Decent,"Not as good as brand name, but decent for the price.",20250930,value,,,Color=Blue;Size=18 PCS,0
B0CC1GQZ6Y,B0CC1GQZ6Y,https://www.amazon.com/dp/B0CC1GQZ6Y,2.0,Not very good,Don‘t pick up dust very well,20250926,dust_retention,,,Color=Blue;Size=18 PCS,0
B0CC1GQZ6Y,B0CC1GQZ6Y,https://www.amazon.com/dp/B0CC1GQZ6Y,1.0,Find something else,"These are a total waste of my money. Yes, you can swipe dust away with them but it just becomes airborne again.  Neither do they snag hair. It just falls to the ground needing to be vacuumed up.",20250924,dust_retention,,,Color=Blue;Size=18 PCS,0
B0CC1GQZ6Y,B0CC1GQZ6Y,https://www.amazon.com/dp/B0CC1GQZ6Y,1.0,Not a good replacement.,"I got these to replace the original swiffer ones and they are NOT the same. These push the dust around, I think a couple of hairs stuck to it. Do not recommend.",20250921,dust_retention,,,Color=Blue;Size=18 PCS,0
B0CC1GQZ6Y,B0CC1GQZ6Y,https://www.amazon.com/dp/B0CC1GQZ6Y,2.0,Not as good,Not as good as Swiffer products.  Spend the extra dollar.,20250918,,,,Color=Blue;Size=18 PCS,0
B0CC1GQZ6Y,B0CC1GQZ6Y,https://www.amazon.com/dp/B0CC1GQZ6Y,1.0,No good,These are bad dust doesn‘t stick to it,20250917,dust_retention,,,Color=Blue;Size=18 PCS,0
B0CC1GQZ6Y,B0CC1GQZ6Y,https://www.amazon.com/dp/B0CC1GQZ6Y,1.0,Disappointing,These don’t work very well at all!,20250912,,,,Color=Blue;Size=18 PCS,0
B0CC1GQZ6Y,B0CC1GQZ6Y,https://www.amazon.com/dp/B0CC1GQZ6Y,1.0,Poor quality.,These are a poor excuse for a swiffer refill. They look similar but are not made of the same material as swiffer,20250907,durability,,,Color=Blue;Size=18 PCS,0
B0DKFGYJ2Z,B0DKFGYJ2Z,https://www.amazon.com/dp/B0DKFGYJ2Z,5.0,My Go To!,As a cleaner these are my go to! I love the 360 fluff perfect when dusting high to reach spots & they fit in my swiffer 6ft duster handles. The are a great value while giving the best result!,20260430,dust_retention; fit; value,,,Size=25PCS,0
B0DKFGYJ2Z,B0DKFGYJ2Z,https://www.amazon.com/dp/B0DKFGYJ2Z,5.0,"Cheaper, better, and exceed my expectations",I actually love these! I think they hold a lot more dust… I’m a cleaner and I go through them pretty quickly and these can last the entire house without having to replace,20260429,dust_retention; value,,,Size=25PCS,0
B0DKFGYJ2Z,B0DKFGYJ2Z,https://www.amazon.com/dp/B0DKFGYJ2Z,5.0,Great price,These come in a compact plastic package. These work better than the cheap Wally Mart ones. Definitely a buy again product.,20260423,value,,,Size=25PCS,0
B0DKFGYJ2Z,B0DKFGYJ2Z,https://www.amazon.com/dp/B0DKFGYJ2Z,5.0,"Fluffy, catches dust rather fluffed up or not, good value","So fluffy!!
They arrive in vacuum-pack transparent bag. All squished. Once you open the bag, they slowly start showing their fluffiness, they seem a little flat, but if you really want them to be fluffed up looking 360° of fluffiness then just run your hands around each one as use them.

The feel super soft & definitely fluffy!",20260422,dust_retention; fiber_shedding; value,,,Size=25PCS,0
B0DKFGYJ2Z,B0DKFGYJ2Z,https://www.amazon.com/dp/B0DKFGYJ2Z,1.0,Not as effective as advertised,"These don’t grab and lock dust like I wanted/expected. I thought with the heavy duty dusters they are designed to really grab and trap dust but these don’t do that. It’s good at picking up small dust hairs but as I move around the house, more dust falls off than gets picked up",20260421,dust_retention; fit,,,Size=25PCS,0
B0DKFGYJ2Z,B0DKFGYJ2Z,https://www.amazon.com/dp/B0DKFGYJ2Z,5.0,They work very well and get the job done well !,"The heavy Duty Duster Refills they‘re a excellent choice work well and gets all the Duster all around my tables and doors and furniture end tables ,my opinion they work better than the other Brands. 🤗",20260413,dust_retention,,,Size=25PCS,0
B0DKFGYJ2Z,B0DKFGYJ2Z,https://www.amazon.com/dp/B0DKFGYJ2Z,5.0,Just as good,These are just as good as the swiffer brand only cheaper.,20260410,value,,,Size=25PCS,0
B0DKFGYJ2Z,B0DKFGYJ2Z,https://www.amazon.com/dp/B0DKFGYJ2Z,5.0,Great!,"These work great, especially for cleaning out the dryer. I was hesitant when I opened this package, because they look nothing like the swiffer ones. But I think they might actually be better quality!",20260409,durability,,,Size=25PCS,0
B0DKFGYJ2Z,B0DKFGYJ2Z,https://www.amazon.com/dp/B0DKFGYJ2Z,5.0,Better than name brand,"These are great, 360° fluff, dense fluff, very soft, picks up dust leaving nothing behind. Fits the swiffer handle.",20260406,dust_retention; fit,,,Size=25PCS,0
B0DKFGYJ2Z,B0DKFGYJ2Z,https://www.amazon.com/dp/B0DKFGYJ2Z,4.0,A bit Small,"These work ok, there not like the originals but save you a ton of money",20260326,,,,Size=25PCS,0
B0DKFGYJ2Z,B0DKFGYJ2Z,https://www.amazon.com/dp/B0DKFGYJ2Z,3.0,"Just ok, doesn‘t fit well","I am a professional cleaner for context.
These dusters work ok. Not fantastic but not bad. It‘s ok for the price point. The biggest issue I have with them is that they do not stay on the Swiffer duster pole very well. As you dust they work their way off the end and eventually they get flung across the room. So for me, I’ll try a different knock off and probably won’t purchase this brand again. If it was just regular home use then maybe they are ok, but for cleaning with some hustle for work with multiple cleans a day, it’s more annoying to have to readjust them so often or go pick them up off the floor bc they fell off.",20260323,dust_retention; fit; value,,,Size=25PCS,0
B0DKFGYJ2Z,B0DKFGYJ2Z,https://www.amazon.com/dp/B0DKFGYJ2Z,5.0,Way better than Swiffer,I was really surprised when I opened my package at the high quality of these off-brand Swiffer dustersYou can use them on both sides and they pick up like a magnet.,20260319,dust_retention; durability,,,Size=25PCS,0
B0DKFGYJ2Z,B0DKFGYJ2Z,https://www.amazon.com/dp/B0DKFGYJ2Z,4.0,These do the job and you get alot!,So many for a good price! these are also a really good quality! the packaging is a little annoying because one you open it you have no way to close up a box or bag. they are all vacuum sealed.,20260318,value; durability,,,Size=25PCS,0
B0DKFGYJ2Z,B0DKFGYJ2Z,https://www.amazon.com/dp/B0DKFGYJ2Z,4.0,Get what you pay for,"Worth the price but Swiffer are better
Doesn‘t hold 100% of the dust",20260318,dust_retention; value,,,Size=25PCS,0
B0DKFGYJ2Z,B0DKFGYJ2Z,https://www.amazon.com/dp/B0DKFGYJ2Z,5.0,Cleans very well,"Good Quality, cleans very well, and easy to use.",20260317,durability,,,Size=25PCS,0
B0DKFGYJ2Z,B0DKFGYJ2Z,https://www.amazon.com/dp/B0DKFGYJ2Z,1.0,"Not very good, sorry","Was happy to find a cheaper option but will go back to name brand.Does not hold dust well, just pushes it around.
I won’t even finish the package.",20260314,dust_retention; value,,,Size=25PCS,0
B0DKFGYJ2Z,B0DKFGYJ2Z,https://www.amazon.com/dp/B0DKFGYJ2Z,5.0,Works great!,These are awesome!! They work as well if not better than name brand duster and they fit the handle I have for name brand! A win win!,20260314,dust_retention; fit,,,Size=100PCS,0
B0DKFGYJ2Z,B0DKFGYJ2Z,https://www.amazon.com/dp/B0DKFGYJ2Z,5.0,Way way better than Swiffer brand ones,"A million times better than Swiffer brand refills.
These slip right on, poof up just like you‘d expect and work great!

Ill never use a Swiffer refill again. In fact, I tossed the ones I had left straight in the garbage",20260308,,,,Size=25PCS,0
B0DKFGYJ2Z,B0DKFGYJ2Z,https://www.amazon.com/dp/B0DKFGYJ2Z,5.0,Just was good as Swiffer,Why pay the high price for the swiffer refills these work just the same at a fraction of the cost. If you go through these quickly these are the ones to use. They work just as good as the swiffer ones but at a lower price. Swiffer is just a name and people that is what you are paying for the name .,20260228,value,,,Size=25PCS,0
B0DKFGYJ2Z,B0DKFGYJ2Z,https://www.amazon.com/dp/B0DKFGYJ2Z,3.0,Decent alternative,Decent alternative to name brand if you’re on a budget. Doesn’t collect dust as well and oftentimes slips off of the handle.,20260227,dust_retention; fit,,,Size=25PCS,0
B0DKFGYJ2Z,B0DKFGYJ2Z,https://www.amazon.com/dp/B0DKFGYJ2Z,5.0,Great product ✅,"Great, less expensive alternative to the Swifter refills. Easy to get on the handle as well. Please note, as stated, the refill pack doesn’t come with the handle. Will buy again!",20260225,fit; value,,,Size=25PCS,0
B0DKFGYJ2Z,B0DKFGYJ2Z,https://www.amazon.com/dp/B0DKFGYJ2Z,5.0,Dusting made easy and WAY CHEAPER & tons of them,You get a TON of these and work great so no more excuses for keeping my home dust free. Great price and seem very durable and easy to slide on and off,20260221,dust_retention; value; durability,,,Size=25PCS,0
B0DKFGYJ2Z,B0DKFGYJ2Z,https://www.amazon.com/dp/B0DKFGYJ2Z,5.0,The best ever,These are lux dusters. They are thick fluffy on 360°. They easily clean the whole house and ceiling fans are a breeze. Lol.,20260221,dust_retention; fiber_shedding,,,Size=25PCS,0
B0DKFGYJ2Z,B0DKFGYJ2Z,https://www.amazon.com/dp/B0DKFGYJ2Z,5.0,very nice all around product,"For me,great product does not stick to rough services does a good job, does not slip off dusting appliance. will be added to my dusting routine. thanks",20260220,dust_retention,,,Size=25PCS,0
B0DKFGYJ2Z,B0DKFGYJ2Z,https://www.amazon.com/dp/B0DKFGYJ2Z,5.0,Good quality,"Good quality and helped me clean. One thing, they kind of slipped off my old holder, I should probably get a better holder thingy",20260217,durability,,,Size=25PCS,0
B0DKFGYJ2Z,B0DKFGYJ2Z,https://www.amazon.com/dp/B0DKFGYJ2Z,5.0,Worth the buy,"Still going through these and it’s the best investment I made in a while to stock up on. My apartment is dust free now and I still have a large pile of ones unused. Doesn’t come with a handle, but I have one leftover with the extender. Works great for picking up extra cat hair as well and sticks onto the duster.",20260216,dust_retention; fit,,,Size=25PCS,0
B0DKFGYJ2Z,B0DKFGYJ2Z,https://www.amazon.com/dp/B0DKFGYJ2Z,5.0,Pretty good product.,They work fine but don‘t have a tight fit.Come loose too easily,20260210,fit,,,Size=25PCS,0
B0DKFGYJ2Z,B0DKFGYJ2Z,https://www.amazon.com/dp/B0DKFGYJ2Z,5.0,Never buying duster refills from the store again!,I don’t know why I didn’t buy these sooner. I’ve been blowing money on the store duster refills. I refuse to buy swiffer brand because it’s a money scam in my opinion so I usually buy the great value ones when available but they ran out at my local store and i needed them quick so Amazon saved the day and also opened my eyes! Why have I not bought these on here sooner? You get so many for a great price! I love that they’re double sided so it makes dusting easier and faster. They’re the same quality if not better than store bought brands too and I’ve been able to use these longer while dusting compared to store brands. They fit perfect on my swiffer dust tool and stay on better than store brands also. Not hard to use and great results in the end!,20260204,dust_retention; fit; value; durability,,,Size=25PCS,0
B0DKFGYJ2Z,B0DKFGYJ2Z,https://www.amazon.com/dp/B0DKFGYJ2Z,5.0,Good Swiffer Dupe,"Cleans just as well as the swiffer brand for half of the price. Thick, fluffy, lasts a long time per unit and easy to attach and use.",20260201,fiber_shedding; value,,,Size=25PCS,0
B0DKFGYJ2Z,B0DKFGYJ2Z,https://www.amazon.com/dp/B0DKFGYJ2Z,4.0,Great dusters! Double sided unlike other brands I‘ve used & easier to attach to handle!,"Could have a little longer duster bristles, but overall I found them to be effective, sturdy, fairly thick & easy to use with good dust pickup/maneuverability!",20260125,dust_retention; fit,,,Size=25PCS,0
B0DKFGYJ2Z,B0DKFGYJ2Z,https://www.amazon.com/dp/B0DKFGYJ2Z,5.0,Fluff and dust!! Works great!!,"These are similar to the brand-name duster refills. At first, when you receive your pack, it‘s a little disconcerting because they are vacuum-sealed, so it’s a flat package! Definitely a sensible mailing choice. Open them and fluff the duster cloth before putting it on the duster itself. They work great and are an economical purchase!",20260122,dust_retention,,,Size=25PCS,0
B0DKFGYJ2Z,B0DKFGYJ2Z,https://www.amazon.com/dp/B0DKFGYJ2Z,5.0,"Good Deal, Cleans Well.","Fluffy. Easier to put on, and stays in place better, than the original brand. Price is fair.",20260121,fiber_shedding; value,,,Size=25PCS,0
B0DKFGYJ2Z,B0DKFGYJ2Z,https://www.amazon.com/dp/B0DKFGYJ2Z,4.0,Great value; might slip off,Got these as an alternative to original Swiffer refills and I‘m happy with them. They seem to hold dust just as well as the name brand and the fit is very close to the Swiffer refill dusters...mostly. They slide on to the Swiffer handle just like the original dusters do but for some reason the fit isn’t as tight as the original and they can slide off the handle if you’re not careful. Overall the value is worth the slight inconvenience--I’d probably get these again. They just take some extra care to be sure you don’t lose a dusting refill behind the TV or something!,20260121,dust_retention; fit; value,,,Size=25PCS,0
B0DKFGYJ2Z,B0DKFGYJ2Z,https://www.amazon.com/dp/B0DKFGYJ2Z,5.0,Great product,Work as advertised and fit the swiffer 360 handle,20260120,fit,,,Size=25PCS,0
B0DKFGYJ2Z,B0DKFGYJ2Z,https://www.amazon.com/dp/B0DKFGYJ2Z,4.0,off brand swiffer refills GREAT...,"These swiffer like static cling dusting refills, are very good, slightly hard to install on swiffer handles, but very good nevertheless. the duster refills are yellow just like in the picture and they do work well once installed on a duster. the refills, seem to not last as long as a name brand swiffer pad.",20260120,dust_retention; fit,,,Size=25PCS,0
B0DKFGYJ2Z,B0DKFGYJ2Z,https://www.amazon.com/dp/B0DKFGYJ2Z,5.0,Love this! Wish it was scented like a Gain or Downey scent,"I will be ordering these again!! They are much better than the swifter dusters, you can do ALOT with one duster before you need to throw it away for a new one",20260114,dust_retention; scent,,,Size=25PCS,0
B0DKFGYJ2Z,B0DKFGYJ2Z,https://www.amazon.com/dp/B0DKFGYJ2Z,5.0,Traps the dust!,These are AMAZING! They really do catch the dust. Normally when I dust my fans with the swiffer or any other duster it goes everywhere but not with these. I was very shocked and normally I don‘t write reviews but I knew I needed to after that. Don’t hesitate to buy! You won’t regret it and they super cheap!,20260110,dust_retention; value,,,Size=25PCS,0
B0DKFGYJ2Z,B0DKFGYJ2Z,https://www.amazon.com/dp/B0DKFGYJ2Z,1.0,Dust pusher that happens to collect a little dust.,"These are the worst duster I‘ve ever seen or used!All these do is push dust around. Sure it collects a little dust along the way, but it’s almost by accident. These are as good as dusting with a dry sponge.
Do not waste your money on these. I’ve even attempted to add static to these because there are so many, but to no avail.
I hate adding to the landfill like this, but I don’t see any other use for these.",20260107,dust_retention,,,Size=25PCS,0
B0DKFGYJ2Z,B0DKFGYJ2Z,https://www.amazon.com/dp/B0DKFGYJ2Z,3.0,Doesn’t pick up dust well,"Doesn’t always pick the dust. I’m not sure if it’s not static or if there’s another issue. I can only compare with more expensive ones. The price was good though, but I would not be buying it again.",20251223,dust_retention; value,,,Size=25PCS,0
B0DKFGYJ2Z,B0DKFGYJ2Z,https://www.amazon.com/dp/B0DKFGYJ2Z,3.0,Good price but not as good as name brand,"They are cute and soft but not as efficient as the name brand.The also are more difficult to install on the handle
I did not return them but I will not te/order again",20251213,fit; value,,,Size=25PCS,0
B0DKFGYJ2Z,B0DKFGYJ2Z,https://www.amazon.com/dp/B0DKFGYJ2Z,5.0,"My New favorite! Just BUY them now, you won‘t regret it!","My new favorite! I like these WAY better than name brand. They work well, stay on the handles and much cheaper than name brand. This is my new go to.
I use these for my cleaning company, and go thru 10-15 a week, and will continue to buy these for business and personal use!",20251204,fit; value,,,Size=100PCS,0
B0DKFGYJ2Z,B0DKFGYJ2Z,https://www.amazon.com/dp/B0DKFGYJ2Z,5.0,Easy cleaning,"Very good for dusting, reach high places with adjustable handle,clean shutters and blinds. No chemicals. Good prices on refills.Very happy with all 3 purchases.",20251020,dust_retention; fit; value,,,Size=100,0
B0DKFGYJ2Z,B0DKFGYJ2Z,https://www.amazon.com/dp/B0DKFGYJ2Z,1.0,Weak,Ehhhh,20251018,,,,Size=25,0
B0DKFGYJ2Z,B0DKFGYJ2Z,https://www.amazon.com/dp/B0DKFGYJ2Z,4.0,Buena calidad,Buena calidad,20251018,,,,Size=25,0
B0DKFGYJ2Z,B0DKFGYJ2Z,https://www.amazon.com/dp/B0DKFGYJ2Z,1.0,Don‘t buy,Not what I expected,20251017,,,,Size=25,0
B0DKFGYJ2Z,B0DKFGYJ2Z,https://www.amazon.com/dp/B0DKFGYJ2Z,4.0,Works great..  smaller than Swifter,These are just like feathers..  They are a little small but work Great!,20251017,,,,Size=25,0
B0DKFGYJ2Z,B0DKFGYJ2Z,https://www.amazon.com/dp/B0DKFGYJ2Z,5.0,Better than the regular ones,Works great,20251016,,,,Size=25,0
B0DKFGYJ2Z,B0DKFGYJ2Z,https://www.amazon.com/dp/B0DKFGYJ2Z,2.0,These don‘t work,"These do not hold the dust it just spreads it around and not that well even. I was hoping these would be at least as good as swiffer brand, but not even close.",20251016,dust_retention,,,Size=25,0
B0DKFGYJ2Z,B0DKFGYJ2Z,https://www.amazon.com/dp/B0DKFGYJ2Z,5.0,Great price great product,Works great just as well as the name brand swiffer dusters,20251016,dust_retention; value,,,Size=25,0
B0DKFGYJ2Z,B0DKFGYJ2Z,https://www.amazon.com/dp/B0DKFGYJ2Z,1.0,Disappointed,Useless. So disappointed. It doesn’t pick up dust.,20251015,dust_retention,,,Size=25,0
B0DKFGYJ2Z,B0DKFGYJ2Z,https://www.amazon.com/dp/B0DKFGYJ2Z,5.0,Just like brand name product,I can’t tell any difference in these and the swiffer brand.,20251015,,,,Size=25,0
B0DKFGYJ2Z,B0DKFGYJ2Z,https://www.amazon.com/dp/B0DKFGYJ2Z,5.0,Good,These are the best off brand dusters I have found.,20251014,dust_retention,,,Size=25,0
B0DKFGYJ2Z,B0DKFGYJ2Z,https://www.amazon.com/dp/B0DKFGYJ2Z,5.0,They hold on to whatever sticks to them,I can not express how good these are.. Do not waste your money on the swifer duster there is NO comparison.  I wish I would have bought more when they were on sale,20251014,dust_retention,,,Size=25,0
B0DKFGYJ2Z,B0DKFGYJ2Z,https://www.amazon.com/dp/B0DKFGYJ2Z,5.0,Perfect Swiffer-Compatible Duster Refills!,"These work so well! They fit my Swiffer handle perfectly and honestly feel even fluffier than the original ones. They grab dust like crazy — I used them on my ceiling fans, shelves, and blinds, and everything looked spotless after. Love that it comes with a big pack so I don’t run out for a while. Totally worth it and way cheaper than the name brand!",20251013,dust_retention; fit; value,,,Size=25,0
B0DKFGYJ2Z,B0DKFGYJ2Z,https://www.amazon.com/dp/B0DKFGYJ2Z,5.0,Great!,Love theseHelps make dusting a cinch!,20251010,dust_retention,,,Size=25,0
B0DKFGYJ2Z,B0DKFGYJ2Z,https://www.amazon.com/dp/B0DKFGYJ2Z,3.0,Workable but short length,Not long enough for swifter wand but workable for cheap price,20251009,value,,,Size=25,0
B0DKFGYJ2Z,B0DKFGYJ2Z,https://www.amazon.com/dp/B0DKFGYJ2Z,2.0,Not as good as original,Just doesn’t pick up and hold the dust. Won’t order again.,20251009,dust_retention,,,Size=25,0
B0DKFGYJ2Z,B0DKFGYJ2Z,https://www.amazon.com/dp/B0DKFGYJ2Z,5.0,Good as name brand,"As good as the name brand, and much less costly.",20251009,,,,Size=25,0
B0DKFGYJ2Z,B0DKFGYJ2Z,https://www.amazon.com/dp/B0DKFGYJ2Z,4.0,Right fit,"Ok, soft but skimpy",20251007,fit,,,Size=25,0
B0DKFGYJ2Z,B0DKFGYJ2Z,https://www.amazon.com/dp/B0DKFGYJ2Z,5.0,Good value,I think I like these more than I do these more than the swiffer brand. They are so soft and fit well. Good value.,20251007,fit; value,,,Size=25,0
B0DKFGYJ2Z,B0DKFGYJ2Z,https://www.amazon.com/dp/B0DKFGYJ2Z,5.0,Los Mejores!,"Wow !!!me dejaron sorprendida…tengo negocio de limpieza y no los había comprado antes pero ,su calidad es excelente! Se pueden lavar y siguen limpiando muy bien !super recomendados.👌",20251005,,,,Size=25,0
B0DKFGYJ2Z,B0DKFGYJ2Z,https://www.amazon.com/dp/B0DKFGYJ2Z,5.0,But it you won’t regret it!,These are great! Priced very affordable… fits my swiffer duster. I am very pleased with this product and 100 percent recommend it!,20251004,dust_retention; fit; value,,,Size=25,0
B0DKFGYJ2Z,B0DKFGYJ2Z,https://www.amazon.com/dp/B0DKFGYJ2Z,2.0,No holder/stick,It comes without the stick to put them on and in order to get it u have to purchase the 60 pack.,20251003,,,,Size=25,0
B0DKFGYJ2Z,B0DKFGYJ2Z,https://www.amazon.com/dp/B0DKFGYJ2Z,1.0,Insatisfecha  con mi conpra,"En la discripsion dise que biene con el palo , no es cierto solo bienen los plumeros",20251003,durability,,,Size=25,0
B0DKFGYJ2Z,B0DKFGYJ2Z,https://www.amazon.com/dp/B0DKFGYJ2Z,1.0,It doesn‘t work,"This product is horrible. I‘ve tried using it twice to dust. It doesn‘t pick up any of the dust, it moves it around.  After dusting two rooms of furniture there wasn‘t one speck of dust on the duster. I just opened the package and it is beyond the date I can return it.Go with Swifter brand,this is a terrible product.",20251002,dust_retention,,,Size=25,0
B0DKFGYJ2Z,B0DKFGYJ2Z,https://www.amazon.com/dp/B0DKFGYJ2Z,5.0,"Great product, Great Price",These dusters are excellent and priced right. Great bargain!,20251001,dust_retention; value,,,Size=25,0
B0DKFGYJ2Z,B0DKFGYJ2Z,https://www.amazon.com/dp/B0DKFGYJ2Z,5.0,dusty,very nice dusters. low price and they work well,20250927,dust_retention; value,,,Size=25,0
B0DKFGYJ2Z,B0DKFGYJ2Z,https://www.amazon.com/dp/B0DKFGYJ2Z,2.0,NOT SWIFFER QUALITY,Polyester crap. Definitely doesnt catch dust like a Swiffer.,20250925,dust_retention; durability,,,Size=25,0
B0DKFGYJ2Z,B0DKFGYJ2Z,https://www.amazon.com/dp/B0DKFGYJ2Z,5.0,Excellent Duster Refill at a Reasonable Price,"Great replacement for the expensive and ‘new and improved‘ OEM duster. Check out the pictures. Just fluff up the duster refill and dust away. One picture shows the dust it picked up from the plant shelf and top of the refrigerator, the other picture shows the clean, unused side. So it definitely picked-up and retained the dust. Just try and fluff up the OEM duster with the new and improved blue dust busting fiber strips, impossible. The Heavy Duty Duster Refills beat out the OEM duster with ease.",20250925,dust_retention; fiber_shedding; value; durability,,,Size=25,0
B0DKFGYJ2Z,B0DKFGYJ2Z,https://www.amazon.com/dp/B0DKFGYJ2Z,1.0,Do not work,Do not workJust spread dust around to bad i miss return window:(,20250924,dust_retention,,,Size=25,0
B0DKFGYJ2Z,B0DKFGYJ2Z,https://www.amazon.com/dp/B0DKFGYJ2Z,5.0,Durable and effective,These dusters have been our go to at our cleaning company! They slide over multiple different connector wands and work effectively!,20250923,dust_retention; durability,,,Size=25,0
B0DKFGYJ2Z,B0DKFGYJ2Z,https://www.amazon.com/dp/B0DKFGYJ2Z,5.0,They‘re a bit smaller than the name brand but,At this price I can use two for every one and still be well ahead of the game in price. They work just as well even though they‘re a tad bit smaller.,20250921,value,,,Size=25,0
B0DKFGYJ2Z,B0DKFGYJ2Z,https://www.amazon.com/dp/B0DKFGYJ2Z,1.0,Doesnt fluff up,would have never bought it if advised to ship all compressed/ air removed from the package to make it completely flat.  Tried following the directions but doesn‘t puff out as described.,20250919,,,,Size=25,0
B0DKFGYJ2Z,B0DKFGYJ2Z,https://www.amazon.com/dp/B0DKFGYJ2Z,5.0,Recommend,"These disposable dusters work amazingly well! They trap dust instead of just moving it around, leaving surfaces spotless. Lightweight and easy to use, they reach into tight spaces with no problem. Perfect for quick touch-ups or deep cleaning. A must-have for keeping the home fresh, clean, and dust-free!",20250917,dust_retention,,,Size=25,0
B0DKFGYJ2Z,B0DKFGYJ2Z,https://www.amazon.com/dp/B0DKFGYJ2Z,5.0,price,great price and quality,20250917,value; durability,,,Size=25,0
B0DKFGYJ2Z,B0DKFGYJ2Z,https://www.amazon.com/dp/B0DKFGYJ2Z,1.0,Needs the wand!,Haven‘t use the product yet BUT!!! I DID NOT GET THE WAND that was supposed to come with it! 🤔🤷🏾,20250916,,,,Size=25,0
B0DKFGYJ2Z,B0DKFGYJ2Z,https://www.amazon.com/dp/B0DKFGYJ2Z,3.0,Eh,Cheap one...,20250916,value,,,Size=25,0
B0DKFGYJ2Z,B0DKFGYJ2Z,https://www.amazon.com/dp/B0DKFGYJ2Z,3.0,I will still have to buy the handle separate,There‘s is no handle/tool/stick to put the dusters on despite the fact that it is advertised with one,20250913,dust_retention; fit,,,Size=25,0
B0DKFGYJ2Z,B0DKFGYJ2Z,https://www.amazon.com/dp/B0DKFGYJ2Z,5.0,Best Bang for your Buck,Great value for the money.  The price of the name brand dusters is ridiculous and I find these as good or better than anything I have used.  Kudos!,20250913,dust_retention; value,,,Size=25,0
B0DKFGYJ2Z,B0DKFGYJ2Z,https://www.amazon.com/dp/B0DKFGYJ2Z,1.0,Faulty. Does not work,"Does not work. I try inserting it on the wand and it doesn’t go past 20-25%. With just a bit of pressure, the wand teeth rip off the brush.",20250912,durability,,,Size=25,0
B0DKFGYJ2Z,B0DKFGYJ2Z,https://www.amazon.com/dp/B0DKFGYJ2Z,5.0,They fit and work,Fits my swifter duster and work just fine,20250911,dust_retention; fit,,,Size=25,0
B0DKFGYJ2Z,B0DKFGYJ2Z,https://www.amazon.com/dp/B0DKFGYJ2Z,5.0,Great dusters,Great,20250910,dust_retention,,,Size=25,0
B0DKFGYJ2Z,B0DKFGYJ2Z,https://www.amazon.com/dp/B0DKFGYJ2Z,1.0,I would not buy again.,"When cleaning, I could see dust particles flying in the air.  Threw more away trying to put them on, they kept tearing out of the pockets where they are supposed to slide in.",20250905,dust_retention; durability,,,Size=25,0
B0DKFGYJ2Z,B0DKFGYJ2Z,https://www.amazon.com/dp/B0DKFGYJ2Z,2.0,Not the best,Tried these as an alternative for the name brand. They do not work as well capturing and retaining the dust.,20250904,dust_retention,,,Size=25,0
B0DKFGYJ2Z,B0DKFGYJ2Z,https://www.amazon.com/dp/B0DKFGYJ2Z,5.0,The best,Picks up better than all the others.,20250904,,,,Size=25,0
B0DKFGYJ2Z,B0DKFGYJ2Z,https://www.amazon.com/dp/B0DKFGYJ2Z,5.0,Good duster,These work great for cleaning blinds! Make dusting very easy.,20250903,dust_retention,,,Size=25,0
B0DKFGYJ2Z,B0DKFGYJ2Z,https://www.amazon.com/dp/B0DKFGYJ2Z,5.0,They are very well made,These are better than the ones that came with my duster...,20250902,dust_retention,,,Size=25,0
B0DKFGYJ2Z,B0DKFGYJ2Z,https://www.amazon.com/dp/B0DKFGYJ2Z,5.0,Buen accesorio,Excelente,20250902,,,,Size=25,0
B076DDVRPG,B076DDVRPG,https://www.amazon.com/dp/B076DDVRPG,5.0,Makes Dust Disappear Like It Owes Me Money,"These heavy‑duty refills grab dust way better than the regular ones — the fibers puff out nicely and cling to everything from shelves to ceiling fan blades without scattering debris. They’re unscented, which I prefer, and the 11‑count pack lasts a while. They slide onto the handle securely and don’t shed. Great for quick touch‑ups or full cleanings when you don’t want to drag out the vacuum. For the price and performance, these earn their spot in the cleaning stash.",20260511,dust_retention; fit; fiber_shedding; value; scent,,,Size=1 Pack (11 Count);Configuration=Ceiling Fan Duster,0
B076DDVRPG,B076DDVRPG,https://www.amazon.com/dp/B076DDVRPG,5.0,The quantity for me is perfect and the quality is excellent,I like by I like to buy these in multiples because I clean a lot and they save me a trip to the store or an order from Amazon,20260429,durability,,,Size=1 Pack (11 Count);Configuration=Ceiling Fan Duster,0
B076DDVRPG,B076DDVRPG,https://www.amazon.com/dp/B076DDVRPG,5.0,Best duster ever,Works well on TVs too without scratching!,20260409,dust_retention,,,Size=1 Pack (11 Count);Configuration=Ceiling Fan Duster,0
B076DDVRPG,B076DDVRPG,https://www.amazon.com/dp/B076DDVRPG,5.0,Swiffer dusters.,These work extremely well.,20260407,dust_retention,,,Size=1 Pack (11 Count);Configuration=Ceiling Fan Duster,0
B076DDVRPG,B076DDVRPG,https://www.amazon.com/dp/B076DDVRPG,5.0,"Excellent, long-lasting results for a deep cleaning.","They are super effective when it comes to deep cleaning. They are the perfect size, durable, easy to replace, and very lightweight. As Bunny—the owner of a cleaning business—I highly recommend them; they are easy to replace, affordable, and simple to use.",20260324,value; durability,,,Size=1 Pack (11 Count);Configuration=Ceiling Fan Duster,0
B076DDVRPG,B076DDVRPG,https://www.amazon.com/dp/B076DDVRPG,5.0,Trusted,"These Swiffer dusters are a household staple at this point.
I always use them—they make dusting quick, easy, and way less of a whole production than it used to be. They actually pick up dust instead of just moving it around, which feels like a small miracle every time.

Simple, effective, and one of those things I never let myself run out of.

Five stars for convenience, reliability, and for making me feel like I have my life together for at least five minutes after I use them.",20260322,dust_retention,,,Size=1 Pack (11 Count);Configuration=Ceiling Fan Duster,0
B076DDVRPG,B076DDVRPG,https://www.amazon.com/dp/B076DDVRPG,5.0,Quick and easy to use daily,Fantastic to use for quick daily cleaning,20260322,,,,Size=1 Pack (11 Count);Configuration=Ceiling Fan Duster,0
B076DDVRPG,B076DDVRPG,https://www.amazon.com/dp/B076DDVRPG,5.0,Big bulk pack,This is the bulk pack of swiffer heavy duty dusters. The ones in the stores come in about a 5-7 pack. This is 11 for the same price. Work as expected.,20260312,dust_retention; value,,,Size=1 Pack (11 Count);Configuration=Ceiling Fan Duster,0
B076DDVRPG,B076DDVRPG,https://www.amazon.com/dp/B076DDVRPG,5.0,"Try it, you‘ll like it.",Great for cleaning. Do not think twice before purchasing.,20260303,,,,Size=1 Pack (11 Count);Configuration=Ceiling Fan Duster,0
B076DDVRPG,B076DDVRPG,https://www.amazon.com/dp/B076DDVRPG,5.0,Excellent product!,Excellent product!,20260302,,,,Size=1 Pack (11 Count);Configuration=Ceiling Fan Duster,0
B076DDVRPG,B076DDVRPG,https://www.amazon.com/dp/B076DDVRPG,5.0,Great for dusting mini blinds,Get these duster refills. You first need the handle part which comes in the starter kit; I had to buy that separately. These heavy-duty fluffy heads have two sides for twice the cleaning. They are the best for mini blinds and slatted doors because they clean both sides at the same time. I can clean twice as much surface area with the heavy-duty heads before replacing them. This product really is bacterio-static; the heads do hold the dust instead of rearranging it into the air. I recommend the unscented version. Swiffer Dusters have made dusting an easier chore by far. Buy this!,20260301,dust_retention; fit; fiber_shedding; scent,,,Size=1 Pack (11 Count);Configuration=Ceiling Fan Duster,0
B076DDVRPG,B076DDVRPG,https://www.amazon.com/dp/B076DDVRPG,4.0,Swiffer Dusters Heavy Duty Multi-Surface Dusters,"These have been working okay so far. I don’t know if it the swiffer duster or my swiffer handle but, it doesn’t seem to stay in lock for too long; so much so that I have to adjust it. It does pick up a good amount of dust it seems.",20260225,dust_retention; fit,,,Size=1 Pack (11 Count);Configuration=Ceiling Fan Duster,0
B076DDVRPG,B076DDVRPG,https://www.amazon.com/dp/B076DDVRPG,5.0,Quality,These swifter dusters truly grabs the dust. Worth it,20260214,dust_retention; durability,,,Size=1 Pack (11 Count);Configuration=Ceiling Fan Duster,0
B076DDVRPG,B076DDVRPG,https://www.amazon.com/dp/B076DDVRPG,5.0,Work very well,"These work so well for everyday dusting, cleaning window blinds, fan blades and the corners of the wall to snag spider webbing. I get these on auto delivery. Highly recommend. Great buy",20260208,dust_retention,,,Size=1 Pack (11 Count);Configuration=Ceiling Fan Duster,0
B076DDVRPG,B076DDVRPG,https://www.amazon.com/dp/B076DDVRPG,5.0,Good product,"Easy to attach, hold dirt & crumbs - will buy again.",20260208,,,,Size=1 Pack (11 Count);Configuration=Ceiling Fan Duster,0
B076DDVRPG,B076DDVRPG,https://www.amazon.com/dp/B076DDVRPG,5.0,Works very well,Work very well for cleaning overhead fan blades. I have 4 fans in my house and one set of these dusters will clean all of them.Grabs dust and holds on very well.,20260125,dust_retention,,,Size=1 Pack (11 Count);Configuration=Ceiling Fan Duster,0
B076DDVRPG,B076DDVRPG,https://www.amazon.com/dp/B076DDVRPG,5.0,Work great!!,These work well picking up dust. I did purchase some other ones before but the dust did not seem to stick to them. I like these the best.,20260114,dust_retention,,,Size=1 Pack (11 Count);Configuration=Ceiling Fan Duster,0
B076DDVRPG,B076DDVRPG,https://www.amazon.com/dp/B076DDVRPG,5.0,Better than cloth & spray,These are much easier to dust with than a cloth & spray. They hold the dust.,20260111,dust_retention,,,Size=1 Pack (11 Count);Configuration=Ceiling Fan Duster,0
B076DDVRPG,B076DDVRPG,https://www.amazon.com/dp/B076DDVRPG,5.0,Great dusters,I use these all the time! They easily pick up all the dust and speed up the time I spend cleaning. They are durable to hold up during multiple room uses. It has a nice clean scent that isn‘t over powering.,20251222,dust_retention; durability; scent,,,Size=1 Pack (11 Count);Configuration=Ceiling Fan Duster,0
B076DDVRPG,B076DDVRPG,https://www.amazon.com/dp/B076DDVRPG,5.0,Effective and quality,These work so well!,20251222,durability,,,Size=1 Pack (11 Count);Configuration=Ceiling Fan Duster,0
B076DDVRPG,B076DDVRPG,https://www.amazon.com/dp/B076DDVRPG,5.0,Works Amazingly Well Under Low Furniture,"I bought these refills because my bed is extremely low and nothing else fits underneath to clean properly. These dusters are honestly amazing.
Pros:
• The flexible handle reaches under my low bed with no problem
• The dusters trap everything — dust, lint, and hair
• Super lightweight and easy to use
• Refills last longer than I expected

Cons:
• I wish the box brought even more because I use them a lot

After using them regularly:
They clean places that I literally couldn’t reach before, and they pick up dust instead of just pushing it around. My room feels cleaner, and it takes me seconds to reach those tight spaces.

Conclusion:
If you have low furniture and struggle to clean underneath, these are a must-have. I’ll keep buying them for sure.",20251210,dust_retention; fit,,,Size=1 Pack (11 Count);Configuration=Ceiling Fan Duster,0
B076DDVRPG,B076DDVRPG,https://www.amazon.com/dp/B076DDVRPG,5.0,Easy dusting!,Love clean and dust and makes it quicker and easier! Takes a swipe to everything including ceiling fans!,20251207,dust_retention,,,Size=1 Pack (11 Count);Configuration=Ceiling Fan Duster,0
B076DDVRPG,B076DDVRPG,https://www.amazon.com/dp/B076DDVRPG,4.0,Great dusters for blinds/floors/surfaces,"Great dusters for things like walls, blinds, surfaces, really anywhere there is dust on a hard surface, they do a great job of picking up dust and dirt. They are unscented which is very appreciated. I do find that I have to be somewhat gentle when using as the prongs on the holder can poke through if I‘m too aggressive with the dusty.",20251029,dust_retention; scent,,,Size=1 Pack (11 Count);Configuration=Ceiling Fan Duster,0
B076DDVRPG,B076DDVRPG,https://www.amazon.com/dp/B076DDVRPG,1.0,"WHY? These used to be great, now they are horrible.","Swiffer, get your act together and start making these great again! The yellow fibers are like half the size they used to be and those blue dotted strips are worthless. You can‘t fluff these things and they are a joke. I used to love these and now I hate them. They don‘t even look anything like the picture on the box. PLEASE make them better!!!",20251017,fiber_shedding; durability,,,Size=11 Count (Pack of 1);Configuration=Ceiling Fan Duster,0
B076DDVRPG,B076DDVRPG,https://www.amazon.com/dp/B076DDVRPG,1.0,New design is awful.,Just got the new one improved version with the blue strips with the dots on it. They are horrible. I tested it against the old version. The blue and white doesn’t pick up any dust. I called the company. They said that’s for breaking up heavy dust so the rest of it can then pick up the dust. I said I don’t have heavy dust. I have a cleaning lady that comes every two weeks and wonders what this garbage is. I don’t need something to break up or move dust I need something to pick up the dust. I will be waiting for the old formulation to come back because there are going to be a lot of complaints.,20251015,dust_retention; durability,,,Size=11 Count (Pack of 1);Configuration=Ceiling Fan Duster,0
B076DDVRPG,B076DDVRPG,https://www.amazon.com/dp/B076DDVRPG,5.0,Works,Good,20251013,,,,Size=11 Count (Pack of 1);Configuration=Ceiling Fan Duster,0
B076DDVRPG,B076DDVRPG,https://www.amazon.com/dp/B076DDVRPG,1.0,Bait and Switch,I bought these because they were advertised as the ones swiffer used to have. They definitely are not the same thing. Returning.,20251013,,,,Size=11 Count (Pack of 1);Configuration=Ceiling Fan Duster,0
B076DDVRPG,B076DDVRPG,https://www.amazon.com/dp/B076DDVRPG,2.0,Horrible design,"Incredibly stupid design. The first Swiffer duster with heads I bought was from Walmart and the heads that were included with the duster were great. When I needed more heads, I bought this 11-pack. The fluffers are not in a ready to use position. The design of shaking the duster to open the fluffers is horrible at best.",20251012,dust_retention,,,Size=11 Count (Pack of 1);Configuration=Ceiling Fan Duster,0
B076DDVRPG,B076DDVRPG,https://www.amazon.com/dp/B076DDVRPG,3.0,"Good product, but packaging poor.","Fine product, but it was delivered in the package and not wrapped. Another Amazon item was received the same time, but it was wrapped. Please give an option at checkout so this can be wrapped or in a bag, because it could have been stolen. Thank you.",20251011,,,,Size=11 Count (Pack of 1);Configuration=Ceiling Fan Duster,0
B076DDVRPG,B076DDVRPG,https://www.amazon.com/dp/B076DDVRPG,5.0,They do what they say they do,Just great for dusting.,20251010,dust_retention,,,Size=11 Count (Pack of 1);Configuration=Ceiling Fan Duster,0
B076DDVRPG,B076DDVRPG,https://www.amazon.com/dp/B076DDVRPG,2.0,Bring back the original version of Swiffer Dusters without the fabric pieces!,"This new version is not as good as the original version. You have to use two twice as many of the new Dusters now than you did before.  Now it costs more, you have to use more, and it cleans less.",20251009,dust_retention,,,Size=11 Count (Pack of 1);Configuration=Ceiling Fan Duster,0
B076DDVRPG,B076DDVRPG,https://www.amazon.com/dp/B076DDVRPG,5.0,Dusting,Easy dusting,20251009,dust_retention,,,Size=11 Count (Pack of 1);Configuration=Ceiling Fan Duster,0
B076DDVRPG,B076DDVRPG,https://www.amazon.com/dp/B076DDVRPG,2.0,Re-designed.  Substandard.,New Style.  Oh Great!  I really needed a scratch pad!  Who came up with this raised blue bumps idea?  More pretty dot‘s less microfibers to get at the dust.  Returned.  Bought an independent brand that offers better than original and costs less--and there is no chance of a scratch to my HDTV‘s screen on random occasions when I give it a pass.,20251008,dust_retention; fiber_shedding,,,Size=11 Count (Pack of 1);Configuration=Ceiling Fan Duster,0
B076DDVRPG,B076DDVRPG,https://www.amazon.com/dp/B076DDVRPG,1.0,New version is ineffective,"I thought I was ordering the same dusters I always get. I guess Swiffer decided to change these, adding these useless blue dots. They don‘t work nearly as well. Old duster pictured on the left.",20251007,dust_retention,,,Size=11 Count (Pack of 1);Configuration=Ceiling Fan Duster,0
B076DDVRPG,B076DDVRPG,https://www.amazon.com/dp/B076DDVRPG,5.0,Nice,Nice,20251007,,,,Size=11 Count (Pack of 1);Configuration=Ceiling Fan Duster,0
B076DDVRPG,B076DDVRPG,https://www.amazon.com/dp/B076DDVRPG,1.0,Inferior product,"Not the same as items previously sent. Product replaced with inferior SCENTED item that irritated my allergies. Does not match unscented description or picture on box. And blue/white strips do not pickup dust. Subscription cancelled. Has Swifter modified the item? They just lost a customer.Also to Amazon: too difficult to find how to cancel, and could not find option to specify why it was necessary to cancel.",20251006,dust_retention; durability; scent,,,Size=11 Count (Pack of 1);Configuration=Ceiling Fan Duster,0
B076DDVRPG,B076DDVRPG,https://www.amazon.com/dp/B076DDVRPG,1.0,No fiber at all. Garbage,No fiber at all. Doesn‘t look at all what it‘s pictured.,20251006,fiber_shedding,,,Size=11 Count (Pack of 1);Configuration=Ceiling Fan Duster,0
B076DDVRPG,B076DDVRPG,https://www.amazon.com/dp/B076DDVRPG,5.0,"Good value, works well.","Works great, makes dusting of hard to reach areas much easier.",20251005,dust_retention; value,,,Size=11 Count (Pack of 1);Configuration=Ceiling Fan Duster,0
B076DDVRPG,B076DDVRPG,https://www.amazon.com/dp/B076DDVRPG,5.0,Swifter Duster Refills - Fantastic,Swifter Duster Refills that are two-sided are incredible and make the ease of dusting consistentYou can use these more than once and replace when they become noticeably dirtyI love purchasing the 11 pack of refillsGreat price and great productThey fit the Swifter Dusting tool easilyJust a great product to help keep your home clean,20251005,dust_retention; fit; value,,,Size=11 Count (Pack of 1);Configuration=Ceiling Fan Duster,0
B076DDVRPG,B076DDVRPG,https://www.amazon.com/dp/B076DDVRPG,1.0,Blue dots- no good,"These are not the original swiffers! Not what is advertised. Why change something that was so perfect? Bring back the original.  These ones with blue dots, are not as soft, not for delicate items and dont attract dust as well. If it ain‘t broke dont fix it!",20251004,dust_retention,,,Size=11 Count (Pack of 1);Configuration=Ceiling Fan Duster,0
B076DDVRPG,B076DDVRPG,https://www.amazon.com/dp/B076DDVRPG,2.0,Disappointed,Not sure why all the accolades. Flimsy and won‘ order again,20250930,,,,Size=11 Count (Pack of 1);Configuration=Ceiling Fan Duster,0
B076DDVRPG,B076DDVRPG,https://www.amazon.com/dp/B076DDVRPG,5.0,Dust collecting magnet!,"Magnificent at picking up and collecting dust. I’ve tried other cheaper options that don’t perform nearly as well as the original Swiffer refills do.Swiffer made refills (left) vs cheaper brand (right) The Swiffer refills are excellent at picking up dust. I’ve tried cheaper options, but they don’t perform as well.Swiffer refills (left) vs cheaper brand (right)",20250928,dust_retention; value,,,Size=11 Count (Pack of 1);Configuration=Ceiling Fan Duster,0
B076DDVRPG,B076DDVRPG,https://www.amazon.com/dp/B076DDVRPG,3.0,Not as pictured,"have blue plastic dots, less yellow duster thickness",20250928,dust_retention,,,Size=11 Count (Pack of 1);Configuration=Ceiling Fan Duster,0
B076DDVRPG,B076DDVRPG,https://www.amazon.com/dp/B076DDVRPG,1.0,Don’t clean as well.,"These have either changed or Amazon sent the wrong item. There are new blue and white “duster” blades that don’t clean or work at all. The all yellow, soft blades clean properly. Will not order from here again.",20250925,dust_retention,,,Size=11 Count (Pack of 1);Configuration=Ceiling Fan Duster,0
B076DDVRPG,B076DDVRPG,https://www.amazon.com/dp/B076DDVRPG,3.0,$$$,Expensive,20250925,value,,,Size=11 Count (Pack of 1);Configuration=Ceiling Fan Duster,0
B076DDVRPG,B076DDVRPG,https://www.amazon.com/dp/B076DDVRPG,1.0,"Its counterfeit, dont buy!","Absolutely horrible, 2nd time for getting ripped off in a row. I didn‘t get what is advertised. Mine are in Spanish wording on the box and looks totally different than the picture. Goodluck, I am not happy at all . They dont even work in my Swiffer wand its a abomination!. Stop these imposter products immediately!",20250921,durability,,,Size=11 Count (Pack of 1);Configuration=Ceiling Fan Duster,0
B076DDVRPG,B076DDVRPG,https://www.amazon.com/dp/B076DDVRPG,4.0,Dusters,Picks up cob webs on first swipe,20250921,dust_retention,,,Size=11 Count (Pack of 1);Configuration=Ceiling Fan Duster,0
B076DDVRPG,B076DDVRPG,https://www.amazon.com/dp/B076DDVRPG,1.0,Low quality and More Expensive than some No Name brands.  “Swiffer a household name” ?  Humph!,"Some reviewers mentioned that the dusters they received looked nothing like the “fluffy”duster pictured.  HOW VERY TRUE !  I fluffed the duster as much as I could, inserted the plastic fork, and started dusting.  There was so little of the “fluff” that I kept hearing “plastic hitting against wood.”Really cheap item.  Nothing like the Swiffer duster of years ago.  I am going back to use a No Name brand that has More Fluff than this Swiffer one.",20250918,dust_retention; fiber_shedding; value; durability,,,Size=11 Count (Pack of 1);Configuration=Ceiling Fan Duster,0
B076DDVRPG,B076DDVRPG,https://www.amazon.com/dp/B076DDVRPG,5.0,What A Bargain!!!,"I mean... C‘mon... !!! This many dusters, at this price",20250918,dust_retention; value,,,Size=11 Count (Pack of 1);Configuration=Ceiling Fan Duster,0
B076DDVRPG,B076DDVRPG,https://www.amazon.com/dp/B076DDVRPG,5.0,"Does the job great, but a little pricey.","These are effective for dusting and keeping the dust on them, not in the air. They have a soft pleasant scent. Swiffer brand vs. generic is the better quality.  Down side is that they are on the pricey side considering you need to throw them away after use.",20250916,dust_retention; value; durability; scent,,,Size=11 Count (Pack of 1);Configuration=Ceiling Fan Duster,0
B076DDVRPG,B076DDVRPG,https://www.amazon.com/dp/B076DDVRPG,5.0,My New Weapon Against Dust Bunnies 🐇,"These Swiffer Duster refills are honestly a game-changer. I used to think dusting was one of those chores that just never ended—like laundry’s evil twin. But with these little fluffy miracles? Boom. Done. It’s like strapping a feather boa onto a magic wand and suddenly dust doesn’t stand a chance.The ease factor is top tier—just pop one on, give your furniture, blinds, or even ceiling fans a swipe, and watch the dust disappear like it just got served an eviction notice. No sprays, no fancy gadgets, no sneezing fits. And they’re unscented, which is great because I don’t need my coffee table smelling like “Mountain Breeze #47.”Value-wise, I’d say it’s solid. Each refill lasts longer than you’d think, and considering how quickly they cut down the chore, it feels worth it. Honestly, I’d pay a small tax just for the satisfaction of seeing how much dust they pick up (gross, but so satisfying).So yes, dusting is still not fun fun, but with these? At least it’s funny fun. My dust bunnies have officially been evicted.",20250915,dust_retention; fit; fiber_shedding; value; scent,,,Size=11 Count (Pack of 1);Configuration=Ceiling Fan Duster,0
B076DDVRPG,B076DDVRPG,https://www.amazon.com/dp/B076DDVRPG,2.0,Package was openef,The product is great but too often lately my packages from Amazon are damaged . This one was opened!!!!!!,20250915,,,,Size=11 Count (Pack of 1);Configuration=Ceiling Fan Duster,0
B076DDVRPG,B076DDVRPG,https://www.amazon.com/dp/B076DDVRPG,5.0,Dust away!,I own my own cleaning business so I buy these all the time!! Absolutely worth every penny!,20250914,dust_retention,,,Size=11 Count (Pack of 1);Configuration=Ceiling Fan Duster,0
B076DDVRPG,B076DDVRPG,https://www.amazon.com/dp/B076DDVRPG,5.0,Excellent product for every day or nighttime use!,Excellent product. Great quantity for the price also. Work great! Fast shipping and packaged well!,20250914,value,,,Size=11 Count (Pack of 1);Configuration=Ceiling Fan Duster,0
B076DDVRPG,B076DDVRPG,https://www.amazon.com/dp/B076DDVRPG,5.0,Nice,Exactly what I was looking for.,20250912,,,,Size=11 Count (Pack of 1);Configuration=Ceiling Fan Duster,0
B076DDVRPG,B076DDVRPG,https://www.amazon.com/dp/B076DDVRPG,5.0,Dusters,Love these! Great brand works great,20250907,dust_retention,,,Size=11 Count (Pack of 1);Configuration=Ceiling Fan Duster,0
B076DDVRPG,B076DDVRPG,https://www.amazon.com/dp/B076DDVRPG,5.0,Works well,Great dusters! My wife‘s favorite. Picks up and holds a lot of dust,20250907,dust_retention,,,Size=11 Count (Pack of 1);Configuration=Ceiling Fan Duster,0
B076DDVRPG,B076DDVRPG,https://www.amazon.com/dp/B076DDVRPG,5.0,Can use both sides,These duster work great.  I like the way I can use both sides.,20250906,dust_retention,,,Size=11 Count (Pack of 1);Configuration=Ceiling Fan Duster,0
B001TQ6IHS,B001TQ6IHS,https://www.amazon.com/dp/B001TQ6IHS,5.0,Overpriced but priced for convenience,"These seems little expensive for what they are, if I’m being honest. However, I have purchased them twice because they’re as easy as it gets, they work a long time, and they last for multiple uses.
They’re very portable because it takes up little space. They’re stable because you put them on the wand and they stay in place! Great range due to dusting on all sides. And finally, my toddler seems to think it’s really fun to go around cleaning with it.

The downside is that when I dust my tv and entertainment stand, it’s usually in the sunlight and I see dust fly everywhere! I don’t know much it catches vs how much it just pushes into the air.",20260425,dust_retention; value,,,Size=4 Piece Set,0
B001TQ6IHS,B001TQ6IHS,https://www.amazon.com/dp/B001TQ6IHS,5.0,Makes Dusting High & Hard-to-Reach Spots So Much Easier,"I picked up the Swiffer Duster Kit with 3 ft Extendable Handle, and it’s been a huge upgrade for cleaning those annoying, hard-to-reach places.
The extendable handle is the standout feature—it easily reaches ceiling fans, vents, corners, and even the tops of cabinets without needing a step stool. It feels lightweight but sturdy enough to control where you’re dusting, which makes the whole process quicker and less of a hassle.

The duster heads do a great job trapping dust instead of just pushing it around. You can actually see how much they pick up, especially on fans and vents that tend to collect buildup. It’s especially helpful for maintaining areas that don’t get cleaned as often.

I also like how flexible the head is—it adjusts to different angles, so you can get into tight or awkward spots without struggling.

A couple of minor downsides: the refills can add up over time, and if you’re dealing with really heavy buildup, you might go through a duster pretty quickly. But for regular maintenance, they work really well.

Overall, this kit makes dusting faster, easier, and way more effective—especially for those out-of-reach areas. Definitely worth having on hand.",20260425,dust_retention; fit,,,Size=4 Piece Set,0
B001TQ6IHS,B001TQ6IHS,https://www.amazon.com/dp/B001TQ6IHS,3.0,Floppy wand,The stability of the wand is very flexible and floppy. Unusable to dust many items.,20260424,dust_retention,,,Size=4 Piece Set,0
B001TQ6IHS,B001TQ6IHS,https://www.amazon.com/dp/B001TQ6IHS,5.0,Goodbye cobwebs,It is a bit flimsy but gets the job done.,20260421,,,,Size=4 Piece Set,0
B001TQ6IHS,B001TQ6IHS,https://www.amazon.com/dp/B001TQ6IHS,5.0,Clean your ceiling fan blades,This is tall enough to do most ceiling fans in a regular home the duster is very nice and soft and it‘s an exceptionally good value because it makes cleaning the ceiling fan blades so easy and adjusting attachments are replaceable and they sell them on Amazon for a very reasonable price this is a good value,20260409,dust_retention; value,,,Size=4 Piece Set,0
B001TQ6IHS,B001TQ6IHS,https://www.amazon.com/dp/B001TQ6IHS,5.0,These are great,"I have one upstairs but wanted one downstairs. Makes it so easy, dusting pictures on the wall, reaching up to dust bookshelves. Great little product.",20260330,dust_retention,,,Size=4 Piece Set,0
B001TQ6IHS,B001TQ6IHS,https://www.amazon.com/dp/B001TQ6IHS,5.0,Works well for hard to reach area,Great product easy to use reach is perfect for me dusting is good is a little flimsy on taller reach but overall good results,20260325,dust_retention,,,Size=4 Piece Set,0
B001TQ6IHS,B001TQ6IHS,https://www.amazon.com/dp/B001TQ6IHS,5.0,A good duster to use,"Easy to use, even with arthritic hands. Gets all the dust in all the hard to reach areas. Handle easy to hold. Dusters fit well onto handle. Very sturdy.",20260324,dust_retention; fit,,,Size=4 Piece Set,0
B001TQ6IHS,B001TQ6IHS,https://www.amazon.com/dp/B001TQ6IHS,5.0,GREAT product!!,This is an EXCELLENT product!! Great price and works perfectly!! Also easy to store in a small apartment.,20260316,value,,,Size=4 Piece Set,0
B001TQ6IHS,B001TQ6IHS,https://www.amazon.com/dp/B001TQ6IHS,5.0,I like to recommend the products that have worked for me.,They are excellent quality; all the dust gets trapped in the Swiffer and the surface is left super clean. I recommend them 1000%.,20260316,dust_retention; durability,,,Size=4 Piece Set,0
B001TQ6IHS,B001TQ6IHS,https://www.amazon.com/dp/B001TQ6IHS,5.0,Cleans great,"Great product cleaned fabulously on my window coverings, ceiling fans and way up high spots I can‘t reach",20260311,,,,Size=4 Piece Set,0
B001TQ6IHS,B001TQ6IHS,https://www.amazon.com/dp/B001TQ6IHS,4.0,Works well,Love swingers for dusting but wish this had a longer handle or I was taller as it is at the max for me to reach fan blades but I do have very tall ceilings,20260301,dust_retention; fit,,,Size=4 Piece Set,0
B001TQ6IHS,B001TQ6IHS,https://www.amazon.com/dp/B001TQ6IHS,5.0,Super Handy & Cleans Dust Easily 🧹,"This Swiffer Duster Kit with 3 ft Extendable Handle is a cleaning game-changer! The long handle lets me reach high and low spots without a ladder or bending over, and the heavy-duty dusters grab dust fast.
What I love:

Really long reach — great for ceilings, fans, blinds, and shelves.

Dusters work well — picks up dust without spreading it around.

3 refills included — plenty to get started.

Makes dusting so much quicker and easier — highly recommend! 👍",20260222,dust_retention; fit,,,Size=4 Piece Set,0
B001TQ6IHS,B001TQ6IHS,https://www.amazon.com/dp/B001TQ6IHS,5.0,Is good to reach higher,Great product,20260220,,,,Size=4 Piece Set,0
B001TQ6IHS,B001TQ6IHS,https://www.amazon.com/dp/B001TQ6IHS,5.0,Good for basic cleaning of your ceiling fan‘s.,OMG it worked soo good.. very good investment for general cleaning of your ceiling fans.,20260217,,,,Size=4 Piece Set,0
B001TQ6IHS,B001TQ6IHS,https://www.amazon.com/dp/B001TQ6IHS,5.0,Great Price,Been looking for something like this to reach the return air vents in my house and this is a perfect length and the price is great. Does a great job of removing the dust and highly effective.,20260127,dust_retention; value,,,Size=4 Piece Set,0
B001TQ6IHS,B001TQ6IHS,https://www.amazon.com/dp/B001TQ6IHS,5.0,Perfect Reach for High Dust!,"Quick Summary: This Heavy Duty Swiffer kit changed how I tackle high-up dust around the house. The 3ft extension and tough refills make quick work of fans and shelves without ladders or hassle.
The Good:
Reach is a total game-changer for my home. Full 3 foot extension from compact handle hits ceiling corners and light fixtures effortlessly. Locks firm at any angle, no slipping on my tall furniture.

Heavy-duty fibers eat up thick dust layers. Tested on kitchen cabinets coated in cooking grime, pulled off twice what my rag could manage. Traps pet fur completely, no fallout on floors.

Starter refills are sturdy and simple. Three tough heads pop on fast, expand with one shake. Dual-sided for max coverage, fully dry use keeps everything streak-free.

Room for Improvement:
Pivot works but rigid head misses deep crevices. Need to angle handle creatively for tight spots.

Only three refills to start. Bigger pack would be ideal for heavy cleaning weeks.

Bottom Line: Essential for busy homemakers tired of stepstools. Cut my dusting time by half already. These refills hold up through multiple rooms. Beats all other dusters hands down. Definitely buying the bulk pack next!",20260125,dust_retention; fit; fiber_shedding,,,Size=4 Piece Set,0
B001TQ6IHS,B001TQ6IHS,https://www.amazon.com/dp/B001TQ6IHS,5.0,Game changer for physically limited people!,What a game changer! You can dust high and low with no stooping or getting on a step ladder! Reaches all places easily 👍,20260124,dust_retention,,,Size=4 Piece Set,0
B001TQ6IHS,B001TQ6IHS,https://www.amazon.com/dp/B001TQ6IHS,4.0,These are pretty good but the handles seem a little flimsy,I bought these to be able to reach some high places to dust and get cobb webs. They are decent quality for the money and make the job easier. The handles are a little flimsy feeling to me but I guess you cant expect much more for the price. They do work pretty good for dust removal.,20260124,dust_retention; fit; value; durability,,,Size=4 Piece Set,0
B001TQ6IHS,B001TQ6IHS,https://www.amazon.com/dp/B001TQ6IHS,5.0,The best out there,There is no other duster out there as easy and efficient as Swiffer. The packaging had easy to follow instructions on the side and the extendable wand is very versatile in getting those hard to reach places.,20260122,dust_retention,,,Size=4 Piece Set,0
B001TQ6IHS,B001TQ6IHS,https://www.amazon.com/dp/B001TQ6IHS,4.0,Good product,Really like this. I’m short and these reach spots for me and dust sticks.,20260121,dust_retention,,,Size=4 Piece Set,0
B001TQ6IHS,B001TQ6IHS,https://www.amazon.com/dp/B001TQ6IHS,5.0,Lightweight deep cleaning,"Love it! I have taller ceilings and always had to stand on a chair to dust the walls, vents and ceiling fans. With the extension, I was able to stay safely on the floor. The rod was extremely lightweight and easy to use. I was surprised at how much dust it picked up. I was able to do all walls, baseboards, fans, and vents for my 2 bedroom with one duster. I feel like I got my money’s worth in just one use. My space stays neat and tidy too.",20260115,dust_retention,,,Size=4 Piece Set,0
B001TQ6IHS,B001TQ6IHS,https://www.amazon.com/dp/B001TQ6IHS,5.0,Perfect cleaning tool for my home,This heavy duty swiffer duster is the perfect cleaning tool for my home. I love how it can extend up to 3 feet. The flexible head allows me to dust places that are normally difficult to reach. It also has the ability to be compact when not fully extended. It also includes 3 total duster refills. It is light enough that my 2 year old daughter even enjoys playing and learning to clean.,20260114,dust_retention,,,Size=4 Piece Set,0
B001TQ6IHS,B001TQ6IHS,https://www.amazon.com/dp/B001TQ6IHS,3.0,"Cheap, lightweight plastic","The quality fits the price-point. The entire wand is plastic and feels a bit flimsy. It‘s a little tricky to slip the duster head onto the wand and the duster heads were smaller than expected.
I am able to reach the top of my bookcase and the blades of my ceiling fan (I have 8’ ceilings).

The plus is that the dusters hold the dust instead of pushing it off the surface. I’ll be using a new duster head with each cleaning.",20260110,dust_retention; fit; value; durability,,,Size=4 Piece Set,0
B001TQ6IHS,B001TQ6IHS,https://www.amazon.com/dp/B001TQ6IHS,5.0,Neat Freak!,Best invention! Compact and gets the job done.,20260106,,,,Size=4 Piece Set,0
B001TQ6IHS,B001TQ6IHS,https://www.amazon.com/dp/B001TQ6IHS,5.0,Great for cat hair,They work great for cat hair. I bought more refills because they collect dust on light fixtures and the tops of cabinets.,20260101,dust_retention,,,Size=4 Piece Set,0
B001TQ6IHS,B001TQ6IHS,https://www.amazon.com/dp/B001TQ6IHS,5.0,Low to the Ground Places..works like a charm!,Excellent product. I never thought to use it for underneath the hard to reach spots like under my plant stands that are very low to the ground so much broom doesn‘t quite fit. Under my bookcase was so hard to reach and this works perfectly 👌 it’s very easy to use the pad stays in place the dust clings too it and doesn’t fall off when you move it. We’ll worth the price a definite must have for cleaning!,20251208,dust_retention; fit; value,,,Size=4 Piece Set,0
B001TQ6IHS,B001TQ6IHS,https://www.amazon.com/dp/B001TQ6IHS,4.0,Nice Swiffer that works for me,Not much to say about a swiffer but this works great. The refills are easy to find and the price was right. It allows me to easily hit my ceiling fans and corners of my house,20251206,value,,,Size=4 Piece Set,0
B001TQ6IHS,B001TQ6IHS,https://www.amazon.com/dp/B001TQ6IHS,5.0,Better than other brands,"Love this. The dusters are so good, they take off thick layers of dust really easily and the dust sticks so you don’t make a mess of it. Good value compared to off brands as it works better for a similar cost.",20251116,dust_retention; value,,,Size=4 Piece Set,0
B001TQ6IHS,B001TQ6IHS,https://www.amazon.com/dp/B001TQ6IHS,5.0,Works Well,Easy to use removes dust and the spider webs from the hard to reach areas around the house.,20251016,dust_retention,,,Size=4 Piece Set,0
B001TQ6IHS,B001TQ6IHS,https://www.amazon.com/dp/B001TQ6IHS,5.0,Can‘t live without them,"These are the best dusters so easy to use, I have been using them for years.",20251016,dust_retention,,,Size=4 Piece Set,0
B001TQ6IHS,B001TQ6IHS,https://www.amazon.com/dp/B001TQ6IHS,5.0,Helps me a lot with the dust around the house,Perfect 👌,20251015,dust_retention,,,Size=4 Piece Set,0
B001TQ6IHS,B001TQ6IHS,https://www.amazon.com/dp/B001TQ6IHS,1.0,Defective,The buttons don’t stay in place and it unlocks and shrinks randomly,20251014,fit,,,Size=4 Piece Set,0
B001TQ6IHS,B001TQ6IHS,https://www.amazon.com/dp/B001TQ6IHS,2.0,Child’s Toy,"This duster stinks. It’s like a children’s toy. It has to be held perfectly flat with the surface or else the plastic tongs or the swivel scraps along the surfaces . It only has one exact fragile position where it works.  The swifter pads get caught in lights, blinds and trim where they just slide off, out of reach. It’s easier to use a ladder and a regular swiffer. It’s like dusting with a piece of overcooked spaghetti. The kid’s fishing pole and a rag would be an improvement.",20251014,dust_retention,,,Size=4 Piece Set,0
B001TQ6IHS,B001TQ6IHS,https://www.amazon.com/dp/B001TQ6IHS,2.0,No long enogh,I didn‘t know this ítem comes in a 6 ft.I am not satify . With this size. But the other size Is pricey. I don‘t know  not open the container already.,20251014,value,,,Size=4 Piece Set,0
B001TQ6IHS,B001TQ6IHS,https://www.amazon.com/dp/B001TQ6IHS,5.0,Great for high spots,Works as described. It‘s good for hard to reach fans. Dirt does not fall back on you from above.,20251013,,,,Size=4 Piece Set,0
B001TQ6IHS,B001TQ6IHS,https://www.amazon.com/dp/B001TQ6IHS,4.0,Does the job,"The fabric material was not as full or as plush as it looks in the picture but it did do the job. I also had a little difficulty inserting it onto the wand but overall, its a pretty handy helper!",20251012,,,,Size=4 Piece Set,0
B001TQ6IHS,B001TQ6IHS,https://www.amazon.com/dp/B001TQ6IHS,5.0,Don‘t waste your money on off-brands,Swiffer is the best,20251012,,,,Size=4 Piece Set,0
B001TQ6IHS,B001TQ6IHS,https://www.amazon.com/dp/B001TQ6IHS,4.0,Nice with extension.,Nice for the extension. wouldn‘t waste on furniture,20251012,,,,Size=4 Piece Set,0
B001TQ6IHS,B001TQ6IHS,https://www.amazon.com/dp/B001TQ6IHS,5.0,LOVE THESE,Love how it extends and clicks into various folding positions. Great dust removal. Holds onto dust well!! Perfect size. Makes dusting chore go faster.,20251010,dust_retention,,,Size=4 Piece Set,0
B001TQ6IHS,B001TQ6IHS,https://www.amazon.com/dp/B001TQ6IHS,1.0,Don‘t waste your money,"Piece of garbage, do not waster your money. Small rags that you javelin to try and slide on the stick. Most of the time, the plastic comes through the backside, so when you try to dust, you are scratching the furniture with the plastic instead.Looks NOTHING like what is presented in their commercials. Wish I could get a refund, but I opened the product.Never again will I buy from Swiffer.",20251010,dust_retention,,,Size=4 Piece Set,0
B001TQ6IHS,B001TQ6IHS,https://www.amazon.com/dp/B001TQ6IHS,5.0,Swiffer,As advertised,20251008,,,,Size=4 Piece Set,0
B001TQ6IHS,B001TQ6IHS,https://www.amazon.com/dp/B001TQ6IHS,1.0,Cheap plastic,Cheap plastic that bends as you dust and the dusters do NOT keep the dust on them! Worst product ever. Don’t waste your money.,20251008,dust_retention; value,,,Size=4 Piece Set,0
B001TQ6IHS,B001TQ6IHS,https://www.amazon.com/dp/B001TQ6IHS,5.0,Definitely get it!,Oh my! This swifter is absolutely a MUST HAVE. Perfect to reach high places with ease. Extension allows you to dust in high places without having to use a ladder. Love it!,20251008,dust_retention,,,Size=4 Piece Set,0
B001TQ6IHS,B001TQ6IHS,https://www.amazon.com/dp/B001TQ6IHS,5.0,"Reaches High Spots in My Home Easily, Dusters Attract Dust Well","As a mom with full-time work and school, keeping our home dust-free amid daily chaos is challenging, so I bought the Swiffer Duster Heavy Duty 3 ft Extendable Handle Starter Kit with 3 Refills to tackle high shelves and ceiling fans, and it‘s been a game-changer for quick cleanups.Design and Features: This kit includes a sturdy handle that extends up to 3 feet for reaching without a ladder, plus 3 fluffy, electrostatic dusters that trap dust and pet hair effectively. The flexible head rotates for angled dusting, and the refills snap on securely, making swaps easy during sessions.Performance and Use: The extendable handle lets me dust top cabinets and light fixtures effortlessly, and the dusters grab fine particles like pollen or hair without scattering—perfect for my dry skin as it minimizes airborne irritants. With 3 refills, I can clean multiple rooms before restocking, saving time on busy days.Durability and Convenience: The handle feels solid without wobbling at full extension, and the dusters hold up to vigorous swipes. They‘re disposable but effective, reducing deep cleaning frequency. No issues with breakage, and storage is compact when collapsed.Pros:3 ft extension reaches high, hard-to-clean areas safely.Electrostatic dusters trap particles without mess.Starter kit with refills offers immediate value.Lightweight and maneuverable for quick tasks.Final Thoughts: This Swiffer Heavy Duty kit makes dusting less of a chore, especially for high spots, and I love how it keeps my home fresher with minimal effort. Highly recommend for busy households seeking efficient tools.",20251006,dust_retention; fit; fiber_shedding; value,,,Size=4 Piece Set,0
B001TQ6IHS,B001TQ6IHS,https://www.amazon.com/dp/B001TQ6IHS,1.0,This is not heavy duty.,I have always been a fan of swiffer mop and thought to give the duster a try. I was surprised to see the quality of the duster which is a far cry from what was advertised as “heavy duty“. I thought i received a different product. The duster was so thin there is hardly anything to fluff. The picture from the packaging and website descriptions were so hyped up. It is disappointing and frustrating really. We deserve better for our hard earned money and time. Will not recommend.,20251005,dust_retention; durability,,,Size=4 Piece Set,0
B001TQ6IHS,B001TQ6IHS,https://www.amazon.com/dp/B001TQ6IHS,5.0,Lo mejor para desempolvar,"El mejor producto que puedes usar para desempolvar, principalmente en áreas altas y de difícil acceso.  Buena calidad, fácil de utilizar.  Remueve el polvo fácilmente sin levantarlo.",20251005,,,,Size=4 Piece Set,0
B001TQ6IHS,B001TQ6IHS,https://www.amazon.com/dp/B001TQ6IHS,1.0,Useless,The disposable duster is impossible to put onto the duster prong which makes this product basically useless.,20251004,dust_retention,,,Size=4 Piece Set,0
B001TQ6IHS,B001TQ6IHS,https://www.amazon.com/dp/B001TQ6IHS,2.0,Too thin and flimsy,"There’s nothing heavy duty about the duster. The inserts  used to be nice, full and fluffy. They’re thin and you feel the prong hitting up against the item your dusting.",20251003,dust_retention; fiber_shedding,,,Size=4 Piece Set,0
B001TQ6IHS,B001TQ6IHS,https://www.amazon.com/dp/B001TQ6IHS,2.0,Flimsy piece of junk!,What a flimsy piece of junk! Plus dusting pads are not even close to what is pictured. Save your money and look for something else.,20251002,dust_retention,,,Size=4 Piece Set,0
B001TQ6IHS,B001TQ6IHS,https://www.amazon.com/dp/B001TQ6IHS,1.0,Received broken,Received broken… I just opened this today and was trying to figure out why I couldn’t put it together  when I finally realized it’s because it was cracked & not supposed to be like that.,20251002,,,,Size=4 Piece Set,0
B001TQ6IHS,B001TQ6IHS,https://www.amazon.com/dp/B001TQ6IHS,2.0,Didn’t work well,Would not buy again. One and done,20251001,,,,Size=4 Piece Set,0
B001TQ6IHS,B001TQ6IHS,https://www.amazon.com/dp/B001TQ6IHS,5.0,Perfect,Perfect,20250928,,,,Size=4 Piece Set,0
B001TQ6IHS,B001TQ6IHS,https://www.amazon.com/dp/B001TQ6IHS,5.0,10/10,Mi aliado perfecto en la limpieza de casas y en mi negocio,20250927,,,,Size=4 Piece Set,0
B001TQ6IHS,B001TQ6IHS,https://www.amazon.com/dp/B001TQ6IHS,5.0,Duster,Does the job,20250927,dust_retention,,,Size=4 Piece Set,0
B001TQ6IHS,B001TQ6IHS,https://www.amazon.com/dp/B001TQ6IHS,3.0,Not what I expected,I don‘t like the refills. They don‘t go on easily and might be wrong. Illtry it on my ceiling fans.,20250926,,,,Size=4 Piece Set,0
B001TQ6IHS,B001TQ6IHS,https://www.amazon.com/dp/B001TQ6IHS,5.0,Best product for the money,Very effective for dust removal,20250925,dust_retention,,,Size=4 Piece Set,0
B001TQ6IHS,B001TQ6IHS,https://www.amazon.com/dp/B001TQ6IHS,1.0,Junk,Piece of junk!!,20250923,,,,Size=4 Piece Set,0
B001TQ6IHS,B001TQ6IHS,https://www.amazon.com/dp/B001TQ6IHS,3.0,Flimsy. Awkward to use and removes dust but doesn’t leave it clean and shiny.,Flimsy. Awkward to use and removes dust but doesn’t polish.,20250922,dust_retention,,,Size=4 Piece Set,0
B001TQ6IHS,B001TQ6IHS,https://www.amazon.com/dp/B001TQ6IHS,5.0,Excelente,Lo mejor para limpiar. Excelente,20250922,,,,Size=4 Piece Set,0
B001TQ6IHS,B001TQ6IHS,https://www.amazon.com/dp/B001TQ6IHS,5.0,Exactly as listed,"Arrived on time, product is exactly as pictured/listed",20250920,,,,Size=4 Piece Set,0
B001TQ6IHS,B001TQ6IHS,https://www.amazon.com/dp/B001TQ6IHS,1.0,Nothing like advertised,Not at all what you think you are getting. Im expecting a big fluffy duster and get something that looks absolutely  nothing like the photo.,20250918,dust_retention; fiber_shedding,,,Size=4 Piece Set,0
B001TQ6IHS,B001TQ6IHS,https://www.amazon.com/dp/B001TQ6IHS,5.0,Best money you can spend,"These dusters are a lifesaver! They trap dust so well, even in hard-to-reach spots, and make cleaning quick and easy. My home feels fresher in minutes!",20250918,dust_retention,,,Size=4 Piece Set,0
B001TQ6IHS,B001TQ6IHS,https://www.amazon.com/dp/B001TQ6IHS,1.0,Returned,"I had to look at a YouTube video to figure out how to put the duster on the rod. But I still felt flimsy. They have a good ad running, but it doesn’t work like the ad. I returned it.",20250917,dust_retention,,,Size=4 Piece Set,0
B001TQ6IHS,B001TQ6IHS,https://www.amazon.com/dp/B001TQ6IHS,1.0,Rather buy in store,Didn‘t come packaged as shown. The dusters do not fluff nothing like the picture and they were blue but yellow. Wouldn‘t recommend buying thru Amazon,20250916,dust_retention,,,Size=4 Piece Set,0
B001TQ6IHS,B001TQ6IHS,https://www.amazon.com/dp/B001TQ6IHS,2.0,Does not work as advertised,"The Dusters are great the extension handle with multivariable positions does not work it is to loose and moves if you press to hard against it.,",20250916,dust_retention; fit,,,Size=4 Piece Set,0
B001TQ6IHS,B001TQ6IHS,https://www.amazon.com/dp/B001TQ6IHS,4.0,Love this!,I love this long-reaching dusting wand & I’m almost mad at myself for not buying this sooner! My only complaint lays with the dusting heads in that they’re too small for my liking but they work.,20250916,dust_retention,,,Size=4 Piece Set,0
B001TQ6IHS,B001TQ6IHS,https://www.amazon.com/dp/B001TQ6IHS,5.0,For real.,"Not much to say here.  Swiffer has been around long enough that I don‘t think I could add much to what is known already by most people.  Unless you‘re 9‘ tall, the 3‘ extendable handle has its place in many use cases.  I‘ve worn a couple out over the years but I‘m not going to do without it and neither should you.  Recommended.  Enjoy!",20250915,fit,,,Size=4 Piece Set,0
B001TQ6IHS,B001TQ6IHS,https://www.amazon.com/dp/B001TQ6IHS,1.0,Doesn‘t lock!,Junk,20250915,fit,,,Size=4 Piece Set,0
B001TQ6IHS,B001TQ6IHS,https://www.amazon.com/dp/B001TQ6IHS,5.0,Sturdy and works well,Very sturdy and holds dust well. Several of the reviews say this is very flimsy. I find completely the opposite. The extended device to hold the duster is very well made and sturdy.,20250915,dust_retention,,,Size=4 Piece Set,0
B001TQ6IHS,B001TQ6IHS,https://www.amazon.com/dp/B001TQ6IHS,1.0,"which end of duster slides on?  who knows, don‘t look for instructions.","Useless.  Good luck sliding the dusters onto the prongs.  Tried multiple times, it is not intuitive which end is to be slided onto the prongs.  Stay far away from this product.",20250914,dust_retention,,,Size=4 Piece Set,0
B001TQ6IHS,B001TQ6IHS,https://www.amazon.com/dp/B001TQ6IHS,3.0,won‘t catch dust well as I expected,I feel like this doesnt catch any dust but just  dust them away. I always end up with collecting dust with my hands even after using it.,20250913,dust_retention,,,Size=4 Piece Set,0
B001TQ6IHS,B001TQ6IHS,https://www.amazon.com/dp/B001TQ6IHS,5.0,Good value,Works great at reaching higher spots and everywhere,20250913,value,,,Size=4 Piece Set,0
B001TQ6IHS,B001TQ6IHS,https://www.amazon.com/dp/B001TQ6IHS,5.0,Worth every Penny!,I hate to dust. I haven‘t dusted for 4 years! I have recently hand cleaned everything and my house and it is now virtually dust free. I went away for 6 weeks and came home to a light coating of dust. I purchased a Swiffer duster and re dusted my home. it was very easy to do with my new duster. I will never put off dusting again. Spending so little for a basic product that makes my home cleaner and my life more enjoyable was worth every penny.,20250912,dust_retention,,,Size=4 Piece Set,0
B001TQ6IHS,B001TQ6IHS,https://www.amazon.com/dp/B001TQ6IHS,5.0,Great!!,"Great product.  Use it whenever I dust, or at least annually.  👍",20250912,dust_retention,,,Size=4 Piece Set,0
B001TQ6IHS,B001TQ6IHS,https://www.amazon.com/dp/B001TQ6IHS,5.0,would purchase again,"Easy to use, works well for blinds and ceiling fans.",20250911,,,,Size=4 Piece Set,0
B001TQ6IHS,B001TQ6IHS,https://www.amazon.com/dp/B001TQ6IHS,1.0,do not order this item over priced.,the item is missed described. it not what the discribtion shows on line. in returning i should get free return charges. i‘m not getting free return charges.,20250911,value,,,Size=4 Piece Set,0
B001TQ6IHS,B001TQ6IHS,https://www.amazon.com/dp/B001TQ6IHS,5.0,Súper,Muy útil para los quehaceres del hogar,20250910,,,,Size=4 Piece Set,0
B001TQ6IHS,B001TQ6IHS,https://www.amazon.com/dp/B001TQ6IHS,5.0,It works great!,"We love this swiffer wand because it can reach anywhere in the house I need it, it collects a lot of dust before needing to swap heads. It works great and you can make the wand as short or as long as you need it.",20250910,dust_retention,,,Size=4 Piece Set,0
B001TQ6IHS,B001TQ6IHS,https://www.amazon.com/dp/B001TQ6IHS,5.0,Excellent,Great value super product. Really makes a difference. Will continue to buy refills for duster,20250909,dust_retention; value,,,Size=4 Piece Set,0
B001TQ6IHS,B001TQ6IHS,https://www.amazon.com/dp/B001TQ6IHS,4.0,Gets the job done,"I am not sure if I should give this a three or four star, so I am going with a four because it picks up dust very well. With that said, it is flimsy. I like the ease of use and that it holds onto the dust instead of spreading it. I just wish the wand was stronger. Still, it works.",20250908,dust_retention,,,Size=4 Piece Set,0
B001TQ6IHS,B001TQ6IHS,https://www.amazon.com/dp/B001TQ6IHS,5.0,Great for cleaning,It’s really awesome especially when needing to clean higher items on the wall,20250907,,,,Size=4 Piece Set,0
B001TQ6IHS,B001TQ6IHS,https://www.amazon.com/dp/B001TQ6IHS,1.0,Don‘t buy,Piece of crap. Wand doesn‘t stay extended.,20250905,,,,Size=4 Piece Set,0
B001TQ6IHS,B001TQ6IHS,https://www.amazon.com/dp/B001TQ6IHS,1.0,Not worth it,"Dusters were small, didn’t fluff up and didn’t catch any dust. The regular ones are better than the heavy duty dusters",20250905,dust_retention,,,Size=4 Piece Set,0
B001TQ6IHS,B001TQ6IHS,https://www.amazon.com/dp/B001TQ6IHS,2.0,The Swiffer doesn’t remove spider webs.,"Duster does not catch all the spider webs, need to use rag to remove them.",20250905,dust_retention,,,Size=4 Piece Set,0
B001TQ6IHS,B001TQ6IHS,https://www.amazon.com/dp/B001TQ6IHS,5.0,Works great,Works great,20250904,,,,Size=4 Piece Set,0
B001TQ6IHS,B001TQ6IHS,https://www.amazon.com/dp/B001TQ6IHS,5.0,Makes dusting a lot easier,I love it! It extends so it can clean places you can’t reach. I cleaned top of my bookshelf and lamps. It’s also plus bc you don’t have to bend down to clean the floor either,20250902,dust_retention,,,Size=4 Piece Set,0
B0FPF5HCTM,B0FPF5HCTM,https://www.amazon.com/dp/B0FPF5HCTM,5.0,"Saves money, fit perfect.","These CC work great and after use you drop in washer, saves a lot from buying cloths that you must throw out.",20260515,fit,,,Size=8PCS,0
B0FPF5HCTM,B0FPF5HCTM,https://www.amazon.com/dp/B0FPF5HCTM,3.0,Useful But Tiny,These are very very small. Only 3x4. I will use them but they are not nearly the size of a usual swiffer duster.,20260513,dust_retention,,,Size=8PCS,0
B0FPF5HCTM,B0FPF5HCTM,https://www.amazon.com/dp/B0FPF5HCTM,3.0,They are ok,"They dont stay on the wand very well, but does the job",20260512,,,,Size=6PCS+1Handle,0
B0FPF5HCTM,B0FPF5HCTM,https://www.amazon.com/dp/B0FPF5HCTM,5.0,Best Budget-Friendly Alternative!,"I absolutely love this product. This product is easy to put on and it fits my duster perfectly where they’re not falling off, and it has great quality because it picks up dust and cleans my surfaces, walls, and ceilings with pure ease. It’s microfiber so it’s soft feeling and it’s actually absorbing dust rather than slightly absorbing and spreading around like most dusters do, in my opinion. Instead of being disposables, they’re machine washable, so they last way longer and that makes it worth buying. It comes with 8 of them and my duster only takes 2 at a time, so I think it’s absolutely perfect for what I need and use it for. I think this is a very good budget-friendly alternative!",20260510,dust_retention; fit; fiber_shedding; durability,,,Size=8PCS,0
B0FPF5HCTM,B0FPF5HCTM,https://www.amazon.com/dp/B0FPF5HCTM,4.0,Work well but not many fingers to pick up dust,"I can like these a lot and be disappointed at the same time, right? The short version is that, overall, they work well but I wouldn‘t order them again.
The handle is comfortable to use and the dusters do stay in place without slipping off. The handle and all of the refills at this price is a good deal.

They’re smaller than the Swiffer dusters but I haven’t found that to be a real issue. In some ways, it’s better. I can get in and around smaller places easily without items toppling over.

I’ve always preferred the chenille finger type dusters to the fiber type for picking up dust rather than moving it around. The problem is that there aren’t very many fingers on these dusters so they don’t perform as well as I’d hoped and need to be changed out more often. This is the one thing that would keep me from ordering them again.",20260502,dust_retention; fit; fiber_shedding; value,,,Size=6PCS+1Handle,0
B0FPF5HCTM,B0FPF5HCTM,https://www.amazon.com/dp/B0FPF5HCTM,4.0,Good!,"6Pcs Reusable Duster Refill Compatible with Swiffer Hand Duster +1 Handle, 360 Heavy Duty Duster Refills for Cleaning, Office, Ceiling Fan (6PCS+1Handle)
This is a good quality and value hand duster. Its easy to use and assemble. It The dusters are textured nicely and pick up dust easily. I like that they are washable and they hold up. They stay in place while dusting and are easy to take on and off. They are a nice size and fit in tight spots with no problems. They are versatile. Feels well made and I think they will hold up for quite some time.",20260429,dust_retention; fit; value; durability,,,Size=6PCS+1Handle,0
B0FPF5HCTM,B0FPF5HCTM,https://www.amazon.com/dp/B0FPF5HCTM,1.0,Only covers half of Swiffer head,"The item only fit over one tine of the two on the Swiffer duster head, so I tried putting one each. This made it too heavy and they kept slipping off. It is not effective to just use one. Do not buy.",20260426,dust_retention; fit,,,Size=8PCS,0
B0FPF5HCTM,B0FPF5HCTM,https://www.amazon.com/dp/B0FPF5HCTM,5.0,Picks up dust dry and comes completely clean in the wash,"These are just great. I read very fast and thought I was ordering just the refills. Since I lost track of my Swiffer handle, I was delighted to find there was a handle included in this set making it a complete kit. I stopped using my old swiffer, as the disposable pads seemed a bit wasteful. Since then, I’ve tried many other options including a sheep’s wool duster, which could not be removed from the stick to throw in the wash and looks just gross now, an ostrich feather duster which looks nicer but also could not be washed and just sort of moved dust around, and wet microfiber cloths which just caused dust to bead up and stay on surfaces. All of these things are super frustrating when trying to keep black furniture dusted. These dusters solve all that - no waste as you can reuse these, the puffs are easy to remove and wash, and they don’t need to be wet to attract and hold the dust. The dry dusters seem to pick up well just with static. These duster was near black after taking a quick sweep of the house. After a single wash it was completely clean again (the last photo is after washing), so I expect even just the one will last a long time. Having 6 in the rotation so I don’t have to wash as quickly is even better . This makes my life so much easier. Overall, 5 stars all the way.",20260421,dust_retention; fit; fiber_shedding,,,,0
B0FPF5HCTM,B0FPF5HCTM,https://www.amazon.com/dp/B0FPF5HCTM,4.0,"6 dusters plus the dusting wand, reusable and washable.","These dusters feel pretty solid in material, they are soft. Fluffy. Feel like microfiber fabric on each duster bulb. The product comes with a needing to be assembled plastic dusting wand, that easily assembled, its two pieces that snaps into each other. It comes with 6 washable dusting pads. All ate vibrant orange in color and soft in texture. The overall quality feels durable and like it will last a long time even after being washed. It will collect dust pretty well and replace each duster if it gets too dirty between use to start woth a clean slate while dusting. It is small so it can be easily stored. My only issue is it DID NOT come with something to store it in. I just really appreciate when product comes with storage for items that require being stored in between usage. These little dusters are easy to use. Easy to assemble, they slide right on to the wand dusters stick with ease. It doesnt get any simpler. The instructions state to rub the orange bulbs vigorously to create electrostatic field to make dusters absorb dust better. So try that as you use it and see if it makes a difference for you. Overall I would recommend this product, you get a lot of reusable dusters which make for a good value when you can keep reusing a product instead of having to throw them away, which is wasteful to me. So this is great value for the amount of usage you get from it. I give it 4 stars out of 5 because it lacks provided storage for these 6 dusters and wand.",20260421,dust_retention; fiber_shedding; value; durability,,,,0
B0FPF5HCTM,B0FPF5HCTM,https://www.amazon.com/dp/B0FPF5HCTM,5.0,Reusable Duster Set,"These duster refills are absolutely awesome at removing dust and pet hair. Our household has 3 cats, so we have to vaccum and dust everyday as well as run multiple air purifiers. I used one of these to remove the dust from my air purifier, which I usually need the vaccum for because it otherwise clings to the sides of the airflow slots. This thing grabbed all the dust and was completely unwilling to let it go, it truly worked that awesome! I really love that these are washable too, so much more eco-friendly than the one-and-done dusters. The design of these also ensures the duster stays on the handle, no slipping and falling off with these. I’m beyond impressed with these and highly recommend them.",20260419,dust_retention; fit,,,,0
B0FPF5HCTM,B0FPF5HCTM,https://www.amazon.com/dp/B0FPF5HCTM,5.0,"Versatile, Reusable Swiffer Duster Refill","I own several Swiffer products. This product is compatible with the Swiffer Hand Duster and works with all Swiffer handles, including the ​short handle, ​extendable handle, and ​ceiling fan super extender handle.
I received 6 duster refills and a handle for less than $10. Considering that these are washable, this is a good deal. Furthermore, in some ways this refill is superior to the Swiffer original because it is better designed and much easier to get the duster onto the handle and stay there.

I really like washable cleaning dusters because they‘re more economical and better for the environment. These can be washed more than 100 times.

It’s also an effective duster because it has electrostatic microfibers that actually grab the dust, dirt, etc.

If you are a clean freak like me, you are going to like this product.",20260419,dust_retention; fit; fiber_shedding,,,,0
B0FPF5HCTM,B0FPF5HCTM,https://www.amazon.com/dp/B0FPF5HCTM,5.0,Swiffer duster heads,These fit any swiffer and are washable. Very economic since the swiffer dusters you buy in the store can‘t be washed. Love these!,20260418,dust_retention; fit; fiber_shedding,,,Size=8PCS,0
B0FPF5HCTM,B0FPF5HCTM,https://www.amazon.com/dp/B0FPF5HCTM,3.0,"Good reusable alternative, but size and build feel underwhelming","I ordered this six-piece reusable duster refill set, which is compatible with the Swiffer hand duster, as an alternative to disposable dusters. I liked the idea of a more eco-friendly option that can be washed and reused. Since it comes with six heads plus a handle, it also means you don’t have to wash one immediately after use—you still have backups ready to go. The duster heads are chenille-style with “fingers” designed to pick up dust, and they are 360° so you can rotate and use different sides while cleaning.
When it arrived, it was in a small shrink-wrapped package and I honestly wondered how six duster heads could fit inside. Once opened, everything expands, but my first impression was that the dusters look quite small compared to standard disposable Swiffer refills. I did take a side-by-side photo, and while it doesn’t look as dramatic in the image, in person they definitely appear smaller when mounted on the handle.

The chenille fibers are also more sparse than I expected, and there are visible areas where the backing shows through. I included a close-up photo of that as well. In addition, while the product is described as compatible with Swiffer handles, I found that it doesn’t slide in the same way disposable heads do with fabric sandwiched between the rigid prongs. Instead, it relies on elastic to secure it around the head. It does stay in place and works fine, but it doesn’t attach in quite the same secure way as the originals.

Despite my initial hesitation, I ended up liking these. I expected to be disappointed by the smaller size, but there was an immediate practical benefit I didn’t anticipate. In my home, which has a lot of rustic wood, rough edges, and textured surfaces, traditional disposable dusters tend to snag and leave behind lint fibers on things like picture frames and railings. This reusable version does not do that, and it glides over those rough surfaces much more cleanly.

Dusting actually went faster than it normally does, and I was able to cover more areas, including wooden handrails I normally avoid because they snag fibers. The fact that they are washable and reusable is also a big plus. I would just avoid fabric softener when washing to preserve the dust-grabbing ability.

Overall, I do wish the dusting heads were a bit larger and there were more of the chenille fingers, but functionally they work well and actually solved a problem I had with disposable dusters. Based on performance, I would still recommend them; but just be aware of the size and sparse chenille fingers .",20260418,dust_retention; fit; fiber_shedding,,,,0
B0FPF5HCTM,B0FPF5HCTM,https://www.amazon.com/dp/B0FPF5HCTM,5.0,Easy and washable,I love these. They are easy to use and I love that they are washable! Saves me money! Also price is very reasonable.,20260416,value,,,Size=8PCS,0
B0FPF5HCTM,B0FPF5HCTM,https://www.amazon.com/dp/B0FPF5HCTM,5.0,Better than Swiffer,"Works just as well as Swiffer, but even better. Comes with its own handle (also fits Swiffer handles). Soft yet sturdy, reaches into crevices, and really traps dust instead of spreading it around. Love that it‘s washable and reusable — much less waste. Highly recommend.",20260415,dust_retention; fit,,,,0
B0FPF5HCTM,B0FPF5HCTM,https://www.amazon.com/dp/B0FPF5HCTM,5.0,Great alternative to disposable duster pads,"These dusting cloths fit perfectly and really trap the dust. They are easy to clean, durable, and much cheaper than disposable Swiffer dusting refills. Very satisfied.",20260415,dust_retention; fit; value; durability,,,,0
B0FPF5HCTM,B0FPF5HCTM,https://www.amazon.com/dp/B0FPF5HCTM,5.0,Buy this! Totally worth it!,"Fits perfectly on the swifter handheld duster. Has elastic to keep it better in place, having extras is great for when you can wash laundry quick enough. If you’re living solo, this will help keep your place clean without breaking the bank.",20260330,dust_retention; fit,,,Size=8PCS,0
B0FPF5HCTM,B0FPF5HCTM,https://www.amazon.com/dp/B0FPF5HCTM,4.0,Slips a bit not bad,Easy to put on a swiffer duster handle. It slips off a bit and could be better designed. Otherwise it’s perfect for dusting. I used 2 per swifer wand.,20260330,dust_retention; fit,,,Size=8PCS,0
B0FPF5HCTM,B0FPF5HCTM,https://www.amazon.com/dp/B0FPF5HCTM,5.0,Reusable swiffer dusters,Reusable swiffer dustersThese work great! I was out of refills and saw these and they work better at a cheaper price! Was cleaning at my brother‘s house and he had 2 blue rags tied to his handle....this is far superior!,20260330,dust_retention; fit; value,,,Size=8PCS,0
B0FPF5HCTM,B0FPF5HCTM,https://www.amazon.com/dp/B0FPF5HCTM,5.0,Microfiber dusters,Love these. Just wash throw in dryer and they are ready to use again,20260327,dust_retention; fiber_shedding,,,Size=8PCS,0
B0FPF5HCTM,B0FPF5HCTM,https://www.amazon.com/dp/B0FPF5HCTM,4.0,Reusable swiffer replacements,"It’s exactly what was advertised, showed up promptly. Washable and fits a swiffer duster eliminating the need for the disposable replacement pads.",20260312,dust_retention; fit,,,Size=8PCS,0
B0FPF5HCTM,B0FPF5HCTM,https://www.amazon.com/dp/B0FPF5HCTM,3.0,Not long enough to stay on the handle.,"These are about an inch too short, so the don‘t fit the swifer handle very well. Because they fall short, and the elastic at the end lands about 3/4 of the way down the handle head, the item slips off when you try to use them. Good quality, but just not long enough.",20260308,fit; durability,,,,0
B0FPF5HCTM,B0FPF5HCTM,https://www.amazon.com/dp/B0FPF5HCTM,5.0,Money back in my pocket,"They r so much better than the swifter dusters, cheaper and machine washable.",20260305,dust_retention; value,,,Size=8PCS,0
B0FPF5HCTM,B0FPF5HCTM,https://www.amazon.com/dp/B0FPF5HCTM,3.0,Comparing duster refills,Duster refill fits that particular duster but smaller than swifter and cheaper.,20260304,dust_retention; fit; value,,,,0
B0FPF5HCTM,B0FPF5HCTM,https://www.amazon.com/dp/B0FPF5HCTM,5.0,Excellent Product,This item is very useful and easy to use. Great value for the money. I love how I just throw it in the washing machine to clean. It cleans the dust off of everything. I would recommend this product.,20260302,dust_retention; value,,,Size=8PCS,0
B0FPF5HCTM,B0FPF5HCTM,https://www.amazon.com/dp/B0FPF5HCTM,5.0,Useful and fit on Swifter duster products,"I love these dusters and so do my kids. We have a husky who loves to shake in every room of the house throughout the day.These pick up his hair and whatever dust has settled in that spot.
We keep our house free of clutter so the dog and the kids can play indoors or outdoors so there is a lot of surface area and dirt to keep clean.
With these being reusable, my kids now clean up after themselves and enjoy tossing these in the wash for use again.",20260226,dust_retention; fit,,,Size=8PCS,0
B0FPF5HCTM,B0FPF5HCTM,https://www.amazon.com/dp/B0FPF5HCTM,1.0,Falls apart immediately – not compatible at all,"These “compatible"" refills don‘t actually fit the handle – they either slide right off or won’t stay attached, and the feathers shed everywhere the first time you use them. I ended up with more dust on the floor than I started with. Complete waste of money.",20260226,dust_retention; fit; fiber_shedding,,,Size=8PCS,0
B0FPF5HCTM,B0FPF5HCTM,https://www.amazon.com/dp/B0FPF5HCTM,2.0,Does not stay on the handle at all.,"These refills are incredibly frustrating. As soon as you try to use them to dust anything with even a little bit of resistance, like a ceiling fan blade, they pop right off the handle. They feel cheap and have no grip, so you spend more time reattaching the duster than actually cleaning. Save your money and buy the name brand ones instead.",20260225,dust_retention; fit; value; durability,,,Size=8PCS,0
B0FPF5HCTM,B0FPF5HCTM,https://www.amazon.com/dp/B0FPF5HCTM,1.0,Would not buy again,These are so so. They work ok but don’t fit well. Leaves dust behind.,20260225,dust_retention; fit,,,Size=8PCS,0
B0FPF5HCTM,B0FPF5HCTM,https://www.amazon.com/dp/B0FPF5HCTM,1.0,Doesn’t stay on the handle at all,"These refills are incredibly frustrating because they won’t stay attached to the handle—they pop off the moment you apply any pressure. I also found the dust-trapping power to be weak compared to the name brand, so I ended up just throwing them away.",20260224,dust_retention; fit,,,Size=8PCS,0
B0FPF5HCTM,B0FPF5HCTM,https://www.amazon.com/dp/B0FPF5HCTM,5.0,Reusable and easy,"No more wasting the swiffers. The package comes with 8 duster mitts that I can toss is with the laundry. No more consumables guilt from the throw-away dusters, yay!",20260222,dust_retention,,,Size=8PCS,0
B0FPF5HCTM,B0FPF5HCTM,https://www.amazon.com/dp/B0FPF5HCTM,1.0,Not satisfied,"The dust head are smaller than expected. Doesn‘t have a good a fit on the Swiffer handle. Dust pick up is ok, not as good as the actual swiffer.",20260222,dust_retention; fit,,,Size=8PCS,0
B0FPF5HCTM,B0FPF5HCTM,https://www.amazon.com/dp/B0FPF5HCTM,5.0,Not as described.,Pretty good!,20260221,,,,,0
B0FPF5HCTM,B0FPF5HCTM,https://www.amazon.com/dp/B0FPF5HCTM,5.0,Works great,These are amazing!! I used them on my kitchen blinds they were absolutely filthy when I was finished. Washed up like a dream. So easy to use so easy to wash. Definitely a good buy,20260220,fiber_shedding,,,Size=8PCS,0
B0FPF5HCTM,B0FPF5HCTM,https://www.amazon.com/dp/B0FPF5HCTM,5.0,Heavy duty dusters that get the job done,"I like that these are soft, effective and washable/reusable. I like the large, fat chenille fingers. At first, I thought there might not be two channels for the handle, but there are. They fit snugly and perfectly. I have used just one so far and washed it in the washer and dried it in the dryer. I wasn’t sure if I should have put it in the dryer, fearing it might shrink, but it still fit as it should. I’m not one who loves to dust, but these make it a little more enjoyable.",20260215,dust_retention; fit; fiber_shedding,,,Size=8PCS,0
B0FPF5HCTM,B0FPF5HCTM,https://www.amazon.com/dp/B0FPF5HCTM,2.0,Complete waste of money—do not buy,"These refills claim to be “compatible,"" but they do not stay on the handle at all. The second you try to dust anything above waist level, the whole thing flies off. The material is also cheap and thin compared to the name brand; it just pushes dust around instead of actually picking it up.",20260214,dust_retention; fit; value,,,,0
B0FPF5HCTM,B0FPF5HCTM,https://www.amazon.com/dp/B0FPF5HCTM,1.0,"Not as expected, disappointing","They show swiffer wands (which utilize 2 openings) these only have one opening. Too small to fit both ‘fingers’ in, too large to stay on. Also they seem pretty short. Haven’t washed yet as I just got them today so I don’t know how they hold up. Too lazy to return so I’ll keep but had to hold 2 on with a rubber band - certainly wouldn’t recommend. Keep looking.",20260211,fit; fiber_shedding,,,Size=8PCS,0
B0FPF5HCTM,B0FPF5HCTM,https://www.amazon.com/dp/B0FPF5HCTM,5.0,Very eco friendly dusters,These are very easy to use and are very good at removing dust. They fit my handle perfectly. I love how you can just toss them in the laundry after use.,20260208,dust_retention; fit,,,Size=8PCS,0
B0FPF5HCTM,B0FPF5HCTM,https://www.amazon.com/dp/B0FPF5HCTM,5.0,Does the job!,I was a little skeptical about whether these would actually fit (and stay on) my swiffer duster wands but they definitely do the job! I also do not notice orange lint being left behind the way I have with similar cleaning cloths.,20260202,dust_retention; fit,,,Size=8PCS,0
B0FPF5HCTM,B0FPF5HCTM,https://www.amazon.com/dp/B0FPF5HCTM,5.0,Stop wasting your money!,These work great and wash well.,20260131,,,,Size=8PCS,0
B0FPF5HCTM,B0FPF5HCTM,https://www.amazon.com/dp/B0FPF5HCTM,4.0,Good,Work great but once full of dust it smears the dust around. Beat the dust out and they‘re good to go again,20260131,dust_retention,,,,0
B0FPF5HCTM,B0FPF5HCTM,https://www.amazon.com/dp/B0FPF5HCTM,4.0,Reusable duster refills,These work so well. I also have washed and used again. Sure wish I would have bought them a long time ago.,20260130,dust_retention; fiber_shedding,,,Size=8PCS,0
B0FPF5HCTM,B0FPF5HCTM,https://www.amazon.com/dp/B0FPF5HCTM,5.0,Definitely worth the money!,"These dusters work really well. I‘m so happy with them. They do a good job of removing dust, and it clings to them great. They wash up nicely. All in all a good product.",20260126,dust_retention,,,Size=8PCS,0
B0FPF5HCTM,B0FPF5HCTM,https://www.amazon.com/dp/B0FPF5HCTM,5.0,Great buy!,Love these! They work really well for my cleaning business.,20260120,,,,Size=8PCS,0
B0FPF5HCTM,B0FPF5HCTM,https://www.amazon.com/dp/B0FPF5HCTM,3.0,Poor Fit: Easily Slips Off Swiffer Handle,"I bought these reusable dusters so I could ultimately spend less money on the disposable brand name Swiffer dusters.
These dusters fluff out well and are good at picking up dust. However, they do not want to stay in place on the Swiffer arm where the dusters go. They do seem to be staying in place a bit better on the Swiffer Extend that takes two dusters.

I plan on keeping them, but will ultimately only use them for the Swiffer Extend.",20260119,dust_retention; fit,,,Size=8PCS,0
B0FPF5HCTM,B0FPF5HCTM,https://www.amazon.com/dp/B0FPF5HCTM,3.0,Too small,"These were smaller than I anticipated, smaller than the orginal swifter. And it has a round hole where you would have to use two at a time, one prong for each one. Wasn’t a fan, so will not use.",20260116,,,,Size=8PCS,0
B0FPF5HCTM,B0FPF5HCTM,https://www.amazon.com/dp/B0FPF5HCTM,4.0,Work better than disposables,Got really well. Lifts more dust than disposables. Like that they are washable and cost effective.,20260115,dust_retention,,,Size=8PCS,0
B0FPF5HCTM,B0FPF5HCTM,https://www.amazon.com/dp/B0FPF5HCTM,5.0,Great Dust Collector,Collects dust and pet hair off my wood furniture. Works better than the disposable type because the dust really clings to it. Saves money by being washable.,20260110,dust_retention,,,Size=8PCS,0
B0FPF5HCTM,B0FPF5HCTM,https://www.amazon.com/dp/B0FPF5HCTM,5.0,"Pick up dust, great quality.","Great product, a bit smaller than the disposable swifter, but it gets the job done. Works great with the Swiffer Hand Duster. They are definitely cost effective.",20260107,dust_retention; durability,,,Size=8PCS,0
B0FPF5HCTM,B0FPF5HCTM,https://www.amazon.com/dp/B0FPF5HCTM,1.0,Not What I Expected,"These are A LOT smaller than I thought they were going to be. The quality is ok, but they are kind of a pain to put on the handle because the opening is small. These are just not what I was expecting and I’m kinda disappointed.",20260103,fit; durability,,,Size=8PCS,0
B0FPF5HCTM,B0FPF5HCTM,https://www.amazon.com/dp/B0FPF5HCTM,5.0,Cost-effective solution,"These work great with the Swiffer Hand Duster. They effectively pick up dust; however, they are smaller than the disposable Swiffer dusters. You can toss them in the washer, and they come out looking as good as new. They‘re definitely a cost-effective solution!",20251215,dust_retention,,,Size=8PCS,0
B0FPF5HCTM,B0FPF5HCTM,https://www.amazon.com/dp/B0FPF5HCTM,5.0,A Great Cost Saving Yet Effect Reusable Solution,"I was skeptical at first buying these as the disposable swiffers do such an amazing job grabbing everything but also clog up quickly as well. I took one out of the package and spent the next 20 minutes just dusting WHATEVER I saw and wanted to and never clogged the first one up. With that said the dust retention may not be as good as the originals but still removes the dust easily in one swipe from whatever you‘re cleaning. Having 8 of these to just wash and reuse is amazing, budget and environmentally friendly!",20251127,dust_retention,,,Size=8PCS,0
