review_target_asin,asin,listing_url,rating,review_title,review_text,review_date,pain_point_tags,review_link,verified_purchase,asin_property,helpful
B0CV7H2DLQ,B0CDZJ3B92,https://www.amazon.com/dp/B0CDZJ3B92,5.0,Cute pod canister,Very pretty on my counter next to the nesspresso machine. Holds my capsules.,20260209,,https://www.amazon.com/gp/customer-reviews/R2DH538HTTQ8II,False,"[{""name"":""Color"",""detail"":""Courtly Check""},{""name"":""Size"",""detail"":""Small""}]",0
B0CV7H2DLQ,B0CDZJ3B92,https://www.amazon.com/dp/B0CDZJ3B92,5.0,Cookies,Great cookie jar,20260127,,https://www.amazon.com/gp/customer-reviews/R3A60X2DRK8882,False,"[{""name"":""Color"",""detail"":""Courtly Check""},{""name"":""Size"",""detail"":""Small""}]",0
B0CV7H2DLQ,B0CQNQ4J2D,https://www.amazon.com/dp/B0CQNQ4J2D,4.0,"Poor 1st impression, jar is nice","The product itself was great as far as I’m concern, i didn’t inspect it but seems to be as offered. I’m giving 4 stars though because this is such a high costing brand, paying a good price for a simple product for the desire of the art, yet it came in a basic cardboard box and and basic packaging inserts? I know in a store it would not be shown that way. Feels like very cheap presentation and kind of embarrassing that I gifted it in that packaging…",20260101,value_or_quantity,https://www.amazon.com/gp/customer-reviews/R1SJU8UHKI5QHZ,False,"[{""name"":""Color"",""detail"":""Flower Market White""},{""name"":""Size"",""detail"":""Small""}]",2
B0CV7H2DLQ,B0BZBJCRCR,https://www.amazon.com/dp/B0BZBJCRCR,5.0,Exactly as pictured,Exactly as pictured. My granddaughter will love it!,20251222,,https://www.amazon.com/gp/customer-reviews/R2PA20PSZNOUR0,False,"[{""name"":""Color"",""detail"":""Clear""},{""name"":""Size"",""detail"":""Small""}]",0
B0CV7H2DLQ,B0CQNQ4J2D,https://www.amazon.com/dp/B0CQNQ4J2D,5.0,Good quality,What I expected,20251122,,https://www.amazon.com/gp/customer-reviews/R1V66Z6R3W1L03,False,"[{""name"":""Color"",""detail"":""Flower Market White""},{""name"":""Size"",""detail"":""Small""}]",0
B0CV7H2DLQ,B0CV7H2DLQ,https://www.amazon.com/dp/B0CV7H2DLQ,5.0,Beautiful Mackenzie Childs,BeautifulPerfect size for kitchen counter,20251015,size_fit,https://www.amazon.com/gp/customer-reviews/R3SYRZGKSMY5AI,True,"[{""name"":""Pattern Name"",""detail"":""Rosy Check""}]",0
B0CV7H2DLQ,B0CDZJ3B92,https://www.amazon.com/dp/B0CDZJ3B92,5.0,Sweets jar McK,Nice wuality. Good size for cookies or candy,20250917,size_fit,https://www.amazon.com/gp/customer-reviews/R2KRR1G7CDCCG4,True,"[{""name"":""Pattern Name"",""detail"":""Courtly Check""}]",0
B0CV7H2DLQ,B0CV7H2DLQ,https://www.amazon.com/dp/B0CV7H2DLQ,5.0,Classy Kitchen Storage Container,Bought this for my granddaughters ‘Bridgerton‘ themed bridal shower. We put hersey‘s kisses in it and let our guests take a guess of how many it contained. My granddaughter loved it and can use it in her future home.,20250815,,https://www.amazon.com/gp/customer-reviews/R47AZP8ENZPM9,True,"[{""name"":""Pattern Name"",""detail"":""Rosy Check""}]",0
B0CV7H2DLQ,B0BZBJCRCR,https://www.amazon.com/dp/B0BZBJCRCR,5.0,Perfection,Love this!  I use it for my tea bags.,20250809,,https://www.amazon.com/gp/customer-reviews/RJIQUCBJPTC60,True,"[{""name"":""Pattern Name"",""detail"":""Sterling Check""}]",0
B0CV7H2DLQ,B0CDZJ3B92,https://www.amazon.com/dp/B0CDZJ3B92,4.0,Bonita,"Lo único que no me gusta es que la tapa no cierra herméticamente, pero es bonita",20250804,,https://www.amazon.com/gp/customer-reviews/R2UYBM3XMP34L0,True,"[{""name"":""Pattern Name"",""detail"":""Courtly Check""}]",0
B0CV7H2DLQ,B0BZBJCRCR,https://www.amazon.com/dp/B0BZBJCRCR,5.0,beaurtiful,very pretty Mackenzie Childs!,20250708,,https://www.amazon.com/gp/customer-reviews/R119OW0HURNF4L,True,"[{""name"":""Pattern Name"",""detail"":""Sterling Check""}]",0
B0CV7H2DLQ,B0CDZJ3B92,https://www.amazon.com/dp/B0CDZJ3B92,5.0,A must buy!!!,Too cute for candy jar!!!  Love it. Purchased the sugar bowl also. Now buying the rose sugar bowl.,20250627,,https://www.amazon.com/gp/customer-reviews/R1EZ459YPGYV1X,True,"[{""name"":""Pattern Name"",""detail"":""Courtly Check""}]",0
B0CV7H2DLQ,B0CV7H2DLQ,https://www.amazon.com/dp/B0CV7H2DLQ,5.0,Glad I splurged!,These are so cute. I just keep adding more McKenzie Child to my collection . I use these at our ice cream station. It’s a vibe for sure.,20250522,,https://www.amazon.com/gp/customer-reviews/RGY21PWPP1TIQ,True,"[{""name"":""Pattern Name"",""detail"":""Rosy Check""}]",0
B0CV7H2DLQ,B0CDZJ3B92,https://www.amazon.com/dp/B0CDZJ3B92,5.0,Glad I splurged!,These are so cute. I just keep adding more McKenzie Child to my collection . I use these at our ice cream station. It’s a vibe for sure.,20250522,,https://www.amazon.com/gp/customer-reviews/RGY21PWPP1TIQ,True,[],0
B0CV7H2DLQ,B0CV7H2DLQ,https://www.amazon.com/dp/B0CV7H2DLQ,5.0,Great quality,Very pleased with this cookie jar,20250416,,https://www.amazon.com/gp/customer-reviews/R1Z8CNOICJOS1K,True,"[{""name"":""Pattern Name"",""detail"":""Rosy Check""}]",0
B0CV7H2DLQ,B0CDZJ3B92,https://www.amazon.com/dp/B0CDZJ3B92,5.0,Great quality,Very pleased with this cookie jar,20250416,,https://www.amazon.com/gp/customer-reviews/R1Z8CNOICJOS1K,True,[],0
B0CV7H2DLQ,B0CV7H2DLQ,https://www.amazon.com/dp/B0CV7H2DLQ,5.0,Housewarming Gift,It was a gift and the person adores it,20250311,,https://www.amazon.com/gp/customer-reviews/R1T8WRUZEGHFLM,True,[],0
B0CV7H2DLQ,B0CDZJ3B92,https://www.amazon.com/dp/B0CDZJ3B92,5.0,Housewarming Gift,It was a gift and the person adores it,20250311,,https://www.amazon.com/gp/customer-reviews/R1T8WRUZEGHFLM,True,[],0
B0CV7H2DLQ,B0CQNQ4J2D,https://www.amazon.com/dp/B0CQNQ4J2D,5.0,Wildflower canister,I love it,20250305,,https://www.amazon.com/gp/customer-reviews/R3HI726G72IL4F,True,"[{""name"":""Pattern Name"",""detail"":""White Flower Market""}]",0
B0CV7H2DLQ,B0CDZJ3B92,https://www.amazon.com/dp/B0CDZJ3B92,5.0,Wildflower canister,I love it,20250305,,https://www.amazon.com/gp/customer-reviews/R3HI726G72IL4F,True,[],0
B0CV7H2DLQ,B0CV7H2DLQ,https://www.amazon.com/dp/B0CV7H2DLQ,5.0,Love it,So pretty,20250126,,https://www.amazon.com/gp/customer-reviews/R3MJOYD5OKYTHG,True,[],0
B0CV7H2DLQ,B0CDZJ3B92,https://www.amazon.com/dp/B0CDZJ3B92,5.0,Love it,So pretty,20250126,,https://www.amazon.com/gp/customer-reviews/R3MJOYD5OKYTHG,True,[],0
B0CV7H2DLQ,B0BZBJCRCR,https://www.amazon.com/dp/B0BZBJCRCR,5.0,not cheap,Beautimous,20250125,,https://www.amazon.com/gp/customer-reviews/R3AVYQY8P8NPN2,True,"[{""name"":""Pattern Name"",""detail"":""Sterling Check""}]",0
B0CV7H2DLQ,B0CV7H2DLQ,https://www.amazon.com/dp/B0CV7H2DLQ,5.0,This jar adds the perfect touch to my newly remolded kitchen.,Currently the jar is filled with gold wrapped candy.,20250120,,https://www.amazon.com/gp/customer-reviews/R35XIARK9C2U0D,True,[],0
B0CV7H2DLQ,B0CDZJ3B92,https://www.amazon.com/dp/B0CDZJ3B92,5.0,This jar adds the perfect touch to my newly remolded kitchen.,Currently the jar is filled with gold wrapped candy.,20250120,,https://www.amazon.com/gp/customer-reviews/R35XIARK9C2U0D,True,[],1
B0CV7H2DLQ,B0CV7H2DLQ,https://www.amazon.com/dp/B0CV7H2DLQ,5.0,Perfect size snack container,Love the size of these. Perfect addition to my new set of Rosy Check. My new favorite item.,20250118,size_fit; value_or_quantity,https://www.amazon.com/gp/customer-reviews/R16AX6UGBVTEBQ,True,"[{""name"":""Pattern Name"",""detail"":""Rosy Check""}]",0
B0CV7H2DLQ,B0CDZJ3B92,https://www.amazon.com/dp/B0CDZJ3B92,5.0,Perfect size snack container,Love the size of these. Perfect addition to my new set of Rosy Check. My new favorite item.,20250118,size_fit; value_or_quantity,https://www.amazon.com/gp/customer-reviews/R16AX6UGBVTEBQ,True,[],0
B0CV7H2DLQ,B0CV7H2DLQ,https://www.amazon.com/dp/B0CV7H2DLQ,5.0,Simply the best quality,What’s not to love about this designer. The weight of the canister is just the right weight and is such a great accent to any counter. It’s just enough “pink” to not look childish. Great product.,20250111,,https://www.amazon.com/gp/customer-reviews/R2KF9XVWAEH89F,True,"[{""name"":""Pattern Name"",""detail"":""Rosy Check""}]",1
B0CV7H2DLQ,B0CDZJ3B92,https://www.amazon.com/dp/B0CDZJ3B92,5.0,Simply the best quality,What’s not to love about this designer. The weight of the canister is just the right weight and is such a great accent to any counter. It’s just enough “pink” to not look childish. Great product.,20250111,,https://www.amazon.com/gp/customer-reviews/R2KF9XVWAEH89F,True,[],2
B0CV7H2DLQ,B0CV7H2DLQ,https://www.amazon.com/dp/B0CV7H2DLQ,3.0,Much smaller then believed,Not even half the size of what I expected.,20241224,size_fit,https://www.amazon.com/gp/customer-reviews/R8AAGR52F0SWW,True,[],3
B0CV7H2DLQ,B0CDZJ3B92,https://www.amazon.com/dp/B0CDZJ3B92,3.0,Much smaller then believed,Not even half the size of what I expected.,20241224,size_fit,https://www.amazon.com/gp/customer-reviews/R8AAGR52F0SWW,True,[],4
B0CV7H2DLQ,B0CQNQ4J2D,https://www.amazon.com/dp/B0CQNQ4J2D,5.0,Love this Flower Market pattern from Mac Childs!,Use for grab and go handfuls of m&ms.  Looks cute with seasonal color candy in jar! ,20240628,,https://www.amazon.com/gp/customer-reviews/R1VH9JWUOAL4E6,True,"[{""name"":""Pattern Name"",""detail"":""White Flower Market""}]",0
B0CV7H2DLQ,B0CDZJ3B92,https://www.amazon.com/dp/B0CDZJ3B92,5.0,Love this Flower Market pattern from Mac Childs!,Use for grab and go handfuls of m&ms.  Looks cute with seasonal color candy in jar!,20240628,,https://www.amazon.com/gp/customer-reviews/R1VH9JWUOAL4E6,True,[],0
B0CV7H2DLQ,B0CV7H2DLQ,https://www.amazon.com/dp/B0CV7H2DLQ,5.0,Value,Loved it so cute ,20240509,,https://www.amazon.com/gp/customer-reviews/R3VO1IFGG47YMP,True,[],0
B0CV7H2DLQ,B0CDZJ3B92,https://www.amazon.com/dp/B0CDZJ3B92,5.0,Value,Loved it so cute,20240509,,https://www.amazon.com/gp/customer-reviews/R3VO1IFGG47YMP,True,"[{""name"":""Pattern Name"",""detail"":""Courtly Check""}]",0
B0CV7H2DLQ,B0CV7H2DLQ,https://www.amazon.com/dp/B0CV7H2DLQ,3.0,Small jar,Very small jar ,20240506,size_fit,https://www.amazon.com/gp/customer-reviews/R16TUWK6QJEVA9,True,[],1
B0CV7H2DLQ,B0CDZJ3B92,https://www.amazon.com/dp/B0CDZJ3B92,3.0,Small jar,Very small jar,20240506,size_fit,https://www.amazon.com/gp/customer-reviews/R16TUWK6QJEVA9,True,"[{""name"":""Pattern Name"",""detail"":""Courtly Check""}]",2
B0CV7H2DLQ,B0CV7H2DLQ,https://www.amazon.com/dp/B0CV7H2DLQ,5.0,So pretty!,Absolutely adore this rosy check collection. Received intact and she’s stunning! ,20240501,,https://www.amazon.com/gp/customer-reviews/R33QXVVR6TDQFS,True,"[{""name"":""Pattern Name"",""detail"":""Rosy Check""}]",0
B0CV7H2DLQ,B0CDZJ3B92,https://www.amazon.com/dp/B0CDZJ3B92,5.0,So pretty!,Absolutely adore this rosy check collection. Received intact and she’s stunning!,20240501,,https://www.amazon.com/gp/customer-reviews/R33QXVVR6TDQFS,True,[],0
B0CV7H2DLQ,B0CV7H2DLQ,https://www.amazon.com/dp/B0CV7H2DLQ,5.0,Gorgeous,It’s a beautiful shade of pink!! ,20240309,,https://www.amazon.com/gp/customer-reviews/R3E8TN79FE4GUH,True,"[{""name"":""Pattern Name"",""detail"":""Rosy Check""}]",0
B0CV7H2DLQ,B0CDZJ3B92,https://www.amazon.com/dp/B0CDZJ3B92,5.0,Gorgeous,It’s a beautiful shade of pink!!,20240309,,https://www.amazon.com/gp/customer-reviews/R3E8TN79FE4GUH,True,[],0
B01M1FBYWK,B09YWXW8D3,https://www.amazon.com/dp/B09YWXW8D3,5.0,Love it,Loved the spoon rest,20260428,,https://www.amazon.com/gp/customer-reviews/R2T7PE1RUOE6LL,False,"[{""name"":""Color"",""detail"":""Sterling Check""}]",0
B01M1FBYWK,B01M1FBYWK,https://www.amazon.com/dp/B01M1FBYWK,5.0,Love it,Loved the spoon rest,20260428,,https://www.amazon.com/gp/customer-reviews/R2T7PE1RUOE6LL,False,"[{""name"":""Color"",""detail"":""Sterling Check""}]",0
B01M1FBYWK,B01M1FBYWK,https://www.amazon.com/dp/B01M1FBYWK,5.0,Great brand,Perfect condition. Package nice,20260416,value_or_quantity,https://www.amazon.com/gp/customer-reviews/R1MDQKH7DKSGM3,False,"[{""name"":""Color"",""detail"":""Courtly Check""}]",0
B01M1FBYWK,B01M1FBYWK,https://www.amazon.com/dp/B01M1FBYWK,5.0,Beautiful and good quality,I love it I can’t wait to use it in my new house!,20260406,,https://www.amazon.com/gp/customer-reviews/R1JQFO9AOKIY25,False,,0
B01M1FBYWK,B01M1FBYWK,https://www.amazon.com/dp/B01M1FBYWK,5.0,Flawless,Beautiful,20260325,,https://www.amazon.com/gp/customer-reviews/R150JFAJZ37ZWY,False,"[{""name"":""Color"",""detail"":""Courtly Check""}]",0
B01M1FBYWK,B01M1FBYWK,https://www.amazon.com/dp/B01M1FBYWK,5.0,I love the mocha color,Mackenzie Childs never disappoints!,20260325,,https://www.amazon.com/gp/customer-reviews/R68L7GUZ8H2K8,False,,0
B01M1FBYWK,B09YWXW8D3,https://www.amazon.com/dp/B09YWXW8D3,5.0,Very nice,"If you like the McKenzie child’s products, you will love this spoon rest. It looks so pretty with the rest of the collection.",20260322,,https://www.amazon.com/gp/customer-reviews/R1O3623Z3V19Y8,False,"[{""name"":""Color"",""detail"":""Sterling Check""}]",0
B01M1FBYWK,B01M1FBYWK,https://www.amazon.com/dp/B01M1FBYWK,5.0,Very nice,"If you like the McKenzie child’s products, you will love this spoon rest. It looks so pretty with the rest of the collection.",20260322,,https://www.amazon.com/gp/customer-reviews/R1O3623Z3V19Y8,False,"[{""name"":""Color"",""detail"":""Sterling Check""}]",0
B01M1FBYWK,B01M1FBYWK,https://www.amazon.com/dp/B01M1FBYWK,5.0,"Excellent quality, arrived quickly!",Mackenzie-Childs has beautiful products and excellent quality. A few pieces in the kitchen add so much. I love this!,20260306,,https://www.amazon.com/gp/customer-reviews/R2LXHNCEP91BAE,False,"[{""name"":""Color"",""detail"":""Courtly Check""}]",0
B01M1FBYWK,B0DPKZ12ZN,https://www.amazon.com/dp/B0DPKZ12ZN,5.0,Beautiful,"Does Mackenzie-Childs need another positive review?! Obviously beautiful and so well made. I’ve never seen the green in person before but it is absolutely gorgeous. Great size, easy to clean, and gorgeous to have on your counter.",20260203,cleaning; size_fit,https://www.amazon.com/gp/customer-reviews/R55NZET2VFW8B,False,"[{""name"":""Color"",""detail"":""Emerald Check""}]",0
B01M1FBYWK,B01M1FBYWK,https://www.amazon.com/dp/B01M1FBYWK,5.0,Beautiful,"Does Mackenzie-Childs need another positive review?! Obviously beautiful and so well made. I’ve never seen the green in person before but it is absolutely gorgeous. Great size, easy to clean, and gorgeous to have on your counter.",20260203,cleaning; size_fit,https://www.amazon.com/gp/customer-reviews/R55NZET2VFW8B,False,"[{""name"":""Color"",""detail"":""Emerald Check""}]",0
B01M1FBYWK,B01M1FBYWK,https://www.amazon.com/dp/B01M1FBYWK,5.0,Spoon,Outstanding,20260202,,https://www.amazon.com/gp/customer-reviews/R3U7DE6R96ETBZ,False,"[{""name"":""Color"",""detail"":""Courtly Check""}]",0
B01M1FBYWK,B01M1FBYWK,https://www.amazon.com/dp/B01M1FBYWK,5.0,Great accent piece,"Beautiful piece! Wish I could say it was for me, but it was a gift for a friend. Perfect addition to her space.",20260130,,https://www.amazon.com/gp/customer-reviews/R3TVS55Y4YZIYU,True,"[{""name"":""Color"",""detail"":""Courtly Check""}]",0
B01M1FBYWK,B01M1FBYWK,https://www.amazon.com/dp/B01M1FBYWK,5.0,its beautiful,beautiful,20260114,,https://www.amazon.com/gp/customer-reviews/R337QK8JORMR2H,True,"[{""name"":""Color"",""detail"":""Courtly Check""}]",0
B01M1FBYWK,B01M1FBYWK,https://www.amazon.com/dp/B01M1FBYWK,5.0,Cute metal spoon rest,"The spoon rest is very attractive and well made, could be a little bit larger. Easy to clean.",20251213,cleaning; size_fit,https://www.amazon.com/gp/customer-reviews/R1PQ55VVX6R6OS,True,"[{""name"":""Color"",""detail"":""Courtly Check""}]",0
B01M1FBYWK,B09YWXW8D3,https://www.amazon.com/dp/B09YWXW8D3,4.0,Nice piece,"A tad bit small for the price, but you’re paying for the name.",20251129,size_fit; value_or_quantity,https://www.amazon.com/gp/customer-reviews/RY4DCWWI5NQLS,True,"[{""name"":""Color"",""detail"":""Sterling Check""}]",1
B01M1FBYWK,B01M1FBYWK,https://www.amazon.com/dp/B01M1FBYWK,5.0,Mackenzie Childs Spoon rest,I was so happy with this product. It came without a few days of purchasing and I use it every night cooking dinner. It’s great for actual use or just to have as a timeless decoration in the kitchen!,20251129,,https://www.amazon.com/gp/customer-reviews/R242SWB60GNHQ8,True,"[{""name"":""Color"",""detail"":""Courtly Check""}]",2
B01M1FBYWK,B01M1FBYWK,https://www.amazon.com/dp/B01M1FBYWK,4.0,Nice piece,"A tad bit small for the price, but you’re paying for the name.",20251129,size_fit; value_or_quantity,https://www.amazon.com/gp/customer-reviews/RY4DCWWI5NQLS,False,"[{""name"":""Color"",""detail"":""Sterling Check""}]",2
B01M1FBYWK,B01M1FBYWK,https://www.amazon.com/dp/B01M1FBYWK,5.0,Good product to purchase.,Our daughter enjoyed the spoon rest. Very durable.,20250912,durability,https://www.amazon.com/gp/customer-reviews/RKUK1UZHZ6UNV,True,"[{""name"":""Color"",""detail"":""Courtly Check""}]",0
B01M1FBYWK,B0CV7RBX2G,https://www.amazon.com/dp/B0CV7RBX2G,5.0,Good product to purchase.,Our daughter enjoyed the spoon rest. Very durable.,20250912,durability,https://www.amazon.com/gp/customer-reviews/RKUK1UZHZ6UNV,True,[],0
B01M1FBYWK,B0CV7RBX2G,https://www.amazon.com/dp/B0CV7RBX2G,5.0,Function and Style!,Great product!  So fun!,20250824,,https://www.amazon.com/gp/customer-reviews/R1IOEVEO9MQCQF,True,"[{""name"":""Color"",""detail"":""Rosy Check""}]",0
B01M1FBYWK,B0CV7RBX2G,https://www.amazon.com/dp/B0CV7RBX2G,1.0,not worth the money,"edges had enamel chipped on edges of bottom, ordered twice and the same",20250806,,https://www.amazon.com/gp/customer-reviews/R2JCUI73OG316Y,True,"[{""name"":""Color"",""detail"":""Rosy Check""}]",0
B01M1FBYWK,B01M1FBYWK,https://www.amazon.com/dp/B01M1FBYWK,5.0,Looks good,It’s beautiful but expensive,20250725,value_or_quantity,https://www.amazon.com/gp/customer-reviews/R1U27AQ4AHH4KW,True,[],0
B01M1FBYWK,B0CV7RBX2G,https://www.amazon.com/dp/B0CV7RBX2G,5.0,Looks good,It’s beautiful but expensive,20250725,value_or_quantity,https://www.amazon.com/gp/customer-reviews/R1U27AQ4AHH4KW,True,[],0
B01M1FBYWK,B01M1FBYWK,https://www.amazon.com/dp/B01M1FBYWK,5.0,Love it,My wife and I love the design!,20250720,,https://www.amazon.com/gp/customer-reviews/R1Z0D3MUYSLYDD,True,"[{""name"":""Color"",""detail"":""Courtly Check""}]",0
B01M1FBYWK,B0CV7RBX2G,https://www.amazon.com/dp/B0CV7RBX2G,5.0,Love it,My wife and I love the design!,20250720,,https://www.amazon.com/gp/customer-reviews/R1Z0D3MUYSLYDD,True,[],0
B01M1FBYWK,B0CV7RBX2G,https://www.amazon.com/dp/B0CV7RBX2G,5.0,Pink Beauty,Perfect,20250708,,https://www.amazon.com/gp/customer-reviews/R1V3PXCB4WVP30,True,"[{""name"":""Color"",""detail"":""Rosy Check""}]",0
B01M1FBYWK,B01M1FBYWK,https://www.amazon.com/dp/B01M1FBYWK,5.0,Just another to add to the collection,Came in perfect condition,20250703,,https://www.amazon.com/gp/customer-reviews/ROQKE79NE2QTF,True,"[{""name"":""Color"",""detail"":""Courtly Check""}]",0
B01M1FBYWK,B0CV7RBX2G,https://www.amazon.com/dp/B0CV7RBX2G,5.0,Just another to add to the collection,Came in perfect condition,20250703,,https://www.amazon.com/gp/customer-reviews/ROQKE79NE2QTF,True,[],0
B01M1FBYWK,B01M1FBYWK,https://www.amazon.com/dp/B01M1FBYWK,5.0,Fun accessary,Fun accessory to the racing themed kitchen!,20250629,,https://www.amazon.com/gp/customer-reviews/R2YP8LMM30ECWR,False,"[{""name"":""Color"",""detail"":""Courtly Check""}]",0
B01M1FBYWK,B0CV7RBX2G,https://www.amazon.com/dp/B0CV7RBX2G,5.0,Fun accessary,Fun accessory to the racing themed kitchen!,20250629,,https://www.amazon.com/gp/customer-reviews/R2YP8LMM30ECWR,False,,0
B01M1FBYWK,B01M1FBYWK,https://www.amazon.com/dp/B01M1FBYWK,2.0,Cute but Cheap,"It looks great, but it‘s super cheaply made.  I thougjt it would be a nice ceramic, but it‘s very a lightweight metal.  t shouldn‘t be more than $12.",20250613,,https://www.amazon.com/gp/customer-reviews/R1QRNZK92F18UL,True,[],0
B01M1FBYWK,B0CV7RBX2G,https://www.amazon.com/dp/B0CV7RBX2G,2.0,Cute but Cheap,"It looks great, but it‘s super cheaply made.  I thougjt it would be a nice ceramic, but it‘s very a lightweight metal.  t shouldn‘t be more than $12.",20250613,,https://www.amazon.com/gp/customer-reviews/R1QRNZK92F18UL,True,[],0
B01M1FBYWK,B0CV7RBX2G,https://www.amazon.com/dp/B0CV7RBX2G,1.0,Poor quality,This spoon rest looks very cheaply made and not worth $60.00 . This is a birthday gift and I am not happy with this product. It looks like it was made somewhere else and someone just put a Mackenzies Child’s name on it with made in Vietnam  underneath.,20250528,,https://www.amazon.com/gp/customer-reviews/R2AUEZYUATI7HC,True,"[{""name"":""Color"",""detail"":""Rosy Check""}]",0
B01M1FBYWK,B01M1FBYWK,https://www.amazon.com/dp/B01M1FBYWK,2.0,Not worth it!!,"Quality is cheap. This spoon rest is a very thin piece of metal  and narrow, and is not sturdy enough to hold larger cooking utensils. There’s a small round hole at the end of the handle, looks like it’s made to be more of a decorative item to hang on a wall.",20250518,size_fit,https://www.amazon.com/gp/customer-reviews/R1UF6H90BHERL7,True,[],0
B01M1FBYWK,B0CV7RBX2G,https://www.amazon.com/dp/B0CV7RBX2G,2.0,Not worth it!!,"Quality is cheap. This spoon rest is a very thin piece of metal  and narrow, and is not sturdy enough to hold larger cooking utensils. There’s a small round hole at the end of the handle, looks like it’s made to be more of a decorative item to hang on a wall.",20250518,size_fit,https://www.amazon.com/gp/customer-reviews/R1UF6H90BHERL7,True,[],0
B01M1FBYWK,B01M1FBYWK,https://www.amazon.com/dp/B01M1FBYWK,5.0,Perfect,Beautiful! Just as described! My mother loved it for Mother‘s Day!,20250514,,https://www.amazon.com/gp/customer-reviews/R29WQBP2RQ0RSG,True,[],0
B01M1FBYWK,B0CV7RBX2G,https://www.amazon.com/dp/B0CV7RBX2G,5.0,Perfect,Beautiful! Just as described! My mother loved it for Mother‘s Day!,20250514,,https://www.amazon.com/gp/customer-reviews/R29WQBP2RQ0RSG,True,[],0
B01M1FBYWK,B01M1FBYWK,https://www.amazon.com/dp/B01M1FBYWK,3.0,Not the Quality Expected,This is really small spoon holder and was expecting a heavier ceramic feel for price. Also though it was hand painted but feels like it is plastic.,20250501,size_fit; value_or_quantity,https://www.amazon.com/gp/customer-reviews/R2UJEYBEO6X380,True,[],0
B01M1FBYWK,B0CV7RBX2G,https://www.amazon.com/dp/B0CV7RBX2G,3.0,Not the Quality Expected,This is really small spoon holder and was expecting a heavier ceramic feel for price. Also though it was hand painted but feels like it is plastic.,20250501,size_fit; value_or_quantity,https://www.amazon.com/gp/customer-reviews/R2UJEYBEO6X380,True,[],0
B01M1FBYWK,B01M1FBYWK,https://www.amazon.com/dp/B01M1FBYWK,5.0,The  Tea Kettle . Symbolizes the old within the new!,Love it. My kitchen in very contemporary and this tea kettle adds a bit of uniqueness.,20250426,,https://www.amazon.com/gp/customer-reviews/R1M7QSI9SVIQO,True,[],0
B01M1FBYWK,B0CV7RBX2G,https://www.amazon.com/dp/B0CV7RBX2G,5.0,The  Tea Kettle . Symbolizes the old within the new!,Love it. My kitchen in very contemporary and this tea kettle adds a bit of uniqueness.,20250426,,https://www.amazon.com/gp/customer-reviews/R1M7QSI9SVIQO,True,[],0
B01M1FBYWK,B01M1FBYWK,https://www.amazon.com/dp/B01M1FBYWK,1.0,Mackenzie spoon holder,"It is a very expensive product to receive it without a box, I had to return it",20250410,value_or_quantity,https://www.amazon.com/gp/customer-reviews/R1GOGYSPG2SSYB,True,"[{""name"":""Color"",""detail"":""Courtly Check""}]",0
B01M1FBYWK,B0CV7RBX2G,https://www.amazon.com/dp/B0CV7RBX2G,1.0,Mackenzie spoon holder,"It is a very expensive product to receive it without a box, I had to return it",20250410,value_or_quantity,https://www.amazon.com/gp/customer-reviews/R1GOGYSPG2SSYB,True,[],0
B01M1FBYWK,B01M1FBYWK,https://www.amazon.com/dp/B01M1FBYWK,5.0,Spice up your kitchen,"These are very nice, very durable and love the patterns.",20250304,durability,https://www.amazon.com/gp/customer-reviews/R3AZEV3DYYWS9C,True,[],0
B01M1FBYWK,B0CV7RBX2G,https://www.amazon.com/dp/B0CV7RBX2G,5.0,Spice up your kitchen,"These are very nice, very durable and love the patterns.",20250304,durability,https://www.amazon.com/gp/customer-reviews/R3AZEV3DYYWS9C,True,[],0
B01M1FBYWK,B0CV7RBX2G,https://www.amazon.com/dp/B0CV7RBX2G,5.0,Rose is beautiful <3,I lovvvvvvve this color. This is my first M Kenzie Childs piece and now I’m hooked,20250224,,https://www.amazon.com/gp/customer-reviews/R148TEOTW79SGO,True,"[{""name"":""Color"",""detail"":""Rosy Check""}]",0
B01M1FBYWK,B01M1FBYWK,https://www.amazon.com/dp/B01M1FBYWK,1.0,Came in cheap packaging and damaged! Disappointing.,"Damaged, Im gonna stick with in store purchases on this product. It didn’t seem authentic at all? Or like it was a defect.",20250217,,https://www.amazon.com/gp/customer-reviews/R325HDGMJYEKX0,True,[],0
B01M1FBYWK,B0CV7RBX2G,https://www.amazon.com/dp/B0CV7RBX2G,1.0,Came in cheap packaging and damaged! Disappointing.,"Damaged, Im gonna stick with in store purchases on this product. It didn’t seem authentic at all? Or like it was a defect.",20250217,,https://www.amazon.com/gp/customer-reviews/R325HDGMJYEKX0,True,[],0
B01M1FBYWK,B01M1FBYWK,https://www.amazon.com/dp/B01M1FBYWK,5.0,Spoon rest,Finishes my kitchen look. Love Mackenzie Childs. ,20241112,,https://www.amazon.com/gp/customer-reviews/R1INR1IK8BQ39I,True,"[{""name"":""Color"",""detail"":""Courtly Check""}]",0
B01M1FBYWK,B0CV7RBX2G,https://www.amazon.com/dp/B0CV7RBX2G,5.0,Spoon rest,Finishes my kitchen look. Love Mackenzie Childs.,20241112,,https://www.amazon.com/gp/customer-reviews/R1INR1IK8BQ39I,True,[],0
B01M1FBYWK,B09YWXW8D3,https://www.amazon.com/dp/B09YWXW8D3,5.0,Love it,It matches my kettle and bowls perfectly,20241027,,https://www.amazon.com/gp/customer-reviews/R48JD6CXE0BY6,True,"[{""name"":""Color"",""detail"":""Sterling Check""}]",0
B01M1FBYWK,B01M1FBYWK,https://www.amazon.com/dp/B01M1FBYWK,5.0,Love it,It matches my kettle and bowls perfectly,20241027,,https://www.amazon.com/gp/customer-reviews/R48JD6CXE0BY6,True,[],0
B01M1FBYWK,B0CV7RBX2G,https://www.amazon.com/dp/B0CV7RBX2G,5.0,Love it,It matches my kettle and bowls perfectly,20241027,,https://www.amazon.com/gp/customer-reviews/R48JD6CXE0BY6,True,[],0
B01M1FBYWK,B01M1FBYWK,https://www.amazon.com/dp/B01M1FBYWK,3.0,Smaller than expected,Not impressed with this item. I was excited to add my very first MC piece to my home and I decide to order this spoon rest. I get the item and I‘m kinda shocked at how cheaply thin it feels and how it was so much smaller than expected. No weight to it at all. I decided to keep it but it won‘t be on display like originally planned. Looks awkwardly small on the counter. I expected something more sizeable and sturdy than this. Cute but would not recommend for functionality with larger cooking utensils.,20240906,size_fit,https://www.amazon.com/gp/customer-reviews/RO6E8LUJ4QBK3,True,"[{""name"":""Color"",""detail"":""Courtly Check""}]",0
B01M1FBYWK,B0CV7RBX2G,https://www.amazon.com/dp/B0CV7RBX2G,3.0,Smaller than expected,Not impressed with this item. I was excited to add my very first MC piece to my home and I decide to order this spoon rest. I get the item and I‘m kinda shocked at how cheaply thin it feels and how it was so much smaller than expected. No weight to it at all. I decided to keep it but it won‘t be on display like originally planned. Looks awkwardly small on the counter. I expected something more sizeable and sturdy than this. Cute but would not recommend for functionality with larger cooking utensils.,20240906,size_fit,https://www.amazon.com/gp/customer-reviews/RO6E8LUJ4QBK3,True,[],0
B01M1FBYWK,B01M1FBYWK,https://www.amazon.com/dp/B01M1FBYWK,1.0,Not good for the money,Cheap metal,20240901,,https://www.amazon.com/gp/customer-reviews/R22ZSJ4RGXF0Y3,True,"[{""name"":""Color"",""detail"":""Courtly Check""}]",0
B01M1FBYWK,B0CV7RBX2G,https://www.amazon.com/dp/B0CV7RBX2G,1.0,Not good for the money,Cheap metal,20240901,,https://www.amazon.com/gp/customer-reviews/R22ZSJ4RGXF0Y3,True,[],0
B01M1FBYWK,B01M1FBYWK,https://www.amazon.com/dp/B01M1FBYWK,3.0,It’s ok,I am a mackenzie childs fanatic. Especially the courtly check pattern.The price of this item does not fit the quality. I expected a ceramic or higher quality metal.  I am keeping it because i have not found something that would compliment the rest of my Mackenzie Childs items in my kitchen.,20240819,size_fit; value_or_quantity,https://www.amazon.com/gp/customer-reviews/RGUHH14Y7QLB3,True,"[{""name"":""Color"",""detail"":""Courtly Check""}]",0
B01M1FBYWK,B0CV7RBX2G,https://www.amazon.com/dp/B0CV7RBX2G,3.0,It’s ok,I am a mackenzie childs fanatic. Especially the courtly check pattern.The price of this item does not fit the quality. I expected a ceramic or higher quality metal.  I am keeping it because i have not found something that would compliment the rest of my Mackenzie Childs items in my kitchen.,20240819,size_fit; value_or_quantity,https://www.amazon.com/gp/customer-reviews/RGUHH14Y7QLB3,True,[],0
B01M1FBYWK,B0CV7RBX2G,https://www.amazon.com/dp/B0CV7RBX2G,5.0,Adorable pattern,"Love this new pattern!! So cute and versatile, can be used with different decor styles",20240520,,https://www.amazon.com/gp/customer-reviews/R33EJ3Y9L8FXSG,True,"[{""name"":""Color"",""detail"":""Rosy Check""}]",0
B01M1FBYWK,B01M1FBYWK,https://www.amazon.com/dp/B01M1FBYWK,5.0,Complimets tea kettle,Matches tea kettle on stove top,20240417,,https://www.amazon.com/gp/customer-reviews/RMQJV6D962TUS,False,"[{""name"":""Color"",""detail"":""Courtly Check""}]",0
B01M1FBYWK,B0CV7RBX2G,https://www.amazon.com/dp/B0CV7RBX2G,5.0,Complimets tea kettle,Matches tea kettle on stove top,20240417,,https://www.amazon.com/gp/customer-reviews/RMQJV6D962TUS,False,,0
B01M1FBYWK,B01M1FBYWK,https://www.amazon.com/dp/B01M1FBYWK,5.0,Love it,Beautiful....Love that it is metal and not glass.,20240416,,https://www.amazon.com/gp/customer-reviews/R3M0IMTU45AMLP,True,"[{""name"":""Color"",""detail"":""Courtly Check""}]",0
B01M1FBYWK,B0CV7RBX2G,https://www.amazon.com/dp/B0CV7RBX2G,5.0,Love it,Beautiful....Love that it is metal and not glass.,20240416,,https://www.amazon.com/gp/customer-reviews/R3M0IMTU45AMLP,True,[],0
B01M1FBYWK,B01M1FBYWK,https://www.amazon.com/dp/B01M1FBYWK,5.0,Love McKenzie-Childs,"But, this was a gift for a friend who also loves her!  She‘s re-doing her kitchen and this was part of her wish list!  She was pleased!",20240324,,https://www.amazon.com/gp/customer-reviews/R39HWR9AF5C1XY,True,"[{""name"":""Color"",""detail"":""Courtly Check""}]",0
B01M1FBYWK,B0CV7RBX2G,https://www.amazon.com/dp/B0CV7RBX2G,5.0,Love McKenzie-Childs,"But, this was a gift for a friend who also loves her!  She‘s re-doing her kitchen and this was part of her wish list!  She was pleased!",20240324,,https://www.amazon.com/gp/customer-reviews/R39HWR9AF5C1XY,True,[],0
B01M1FBYWK,B01M1FBYWK,https://www.amazon.com/dp/B01M1FBYWK,1.0,Inconsistent Quality for the Price,Another bad paint job. This is NOT worth the price. Returning. Not ceramic either.,20240320,value_or_quantity,https://www.amazon.com/gp/customer-reviews/R1ZB4RTETA757K,True,"[{""name"":""Color"",""detail"":""Courtly Check""}]",0
B01M1FBYWK,B0CV7RBX2G,https://www.amazon.com/dp/B0CV7RBX2G,1.0,Inconsistent Quality for the Price,Another bad paint job. This is NOT worth the price. Returning. Not ceramic either.,20240320,value_or_quantity,https://www.amazon.com/gp/customer-reviews/R1ZB4RTETA757K,True,[],3
B01M1FBYWK,B09YWXW8D3,https://www.amazon.com/dp/B09YWXW8D3,5.0,"I‘m so happy with Amazon, has everything I need",I likes the quick delivery everything was packed great and I used to redecorate my kitchen,20240123,value_or_quantity,https://www.amazon.com/gp/customer-reviews/R3RWX7OIX6K6PN,True,"[{""name"":""Color"",""detail"":""Sterling Check""}]",0
B01M1FBYWK,B01M1FBYWK,https://www.amazon.com/dp/B01M1FBYWK,5.0,"I‘m so happy with Amazon, has everything I need",I likes the quick delivery everything was packed great and I used to redecorate my kitchen,20240123,value_or_quantity,https://www.amazon.com/gp/customer-reviews/R3RWX7OIX6K6PN,True,[],0
B01M1FBYWK,B0CV7RBX2G,https://www.amazon.com/dp/B0CV7RBX2G,5.0,"I‘m so happy with Amazon, has everything I need",I likes the quick delivery everything was packed great and I used to redecorate my kitchen,20240123,value_or_quantity,https://www.amazon.com/gp/customer-reviews/R3RWX7OIX6K6PN,True,[],0
B01M1FBYWK,B01M1FBYWK,https://www.amazon.com/dp/B01M1FBYWK,5.0,Classic,"I love this so much, and I love the courtly check collection so much. You really can’t go wrong, it’s a kitchen staple, to be honest.",20230718,,https://www.amazon.com/gp/customer-reviews/R2K8GPOL9C2LUG,False,"[{""name"":""Color"",""detail"":""Courtly Check""}]",1
B01M1FBYWK,B0CV7RBX2G,https://www.amazon.com/dp/B0CV7RBX2G,5.0,Classic,"I love this so much, and I love the courtly check collection so much. You really can’t go wrong, it’s a kitchen staple, to be honest.",20230718,,https://www.amazon.com/gp/customer-reviews/R2K8GPOL9C2LUG,False,,3
B01M1FBYWK,B01M1FBYWK,https://www.amazon.com/dp/B01M1FBYWK,5.0,Not for children,"My wife’s name is Makenzie. I thought this was a custom spoon for our child. Turns out it will break if your toddler drops it on the tile. Might be better for another Makenzie’s child, just not mine.",20230601,,https://www.amazon.com/gp/customer-reviews/R2HW6PLUMNEDDK,True,"[{""name"":""Color"",""detail"":""Courtly Check""}]",1
B01M1FBYWK,B0CV7RBX2G,https://www.amazon.com/dp/B0CV7RBX2G,5.0,Not for children,"My wife’s name is Makenzie. I thought this was a custom spoon for our child. Turns out it will break if your toddler drops it on the tile. Might be better for another Makenzie’s child, just not mine.",20230601,,https://www.amazon.com/gp/customer-reviews/R2HW6PLUMNEDDK,True,[],2
B01M1FBYWK,B01M1FBYWK,https://www.amazon.com/dp/B01M1FBYWK,5.0,It arrived in 2 days.,It was purchased for my niece‘s bridal shower.,20230530,,https://www.amazon.com/gp/customer-reviews/R2C7I3POP1SZDF,True,"[{""name"":""Color"",""detail"":""Courtly Check""}]",0
B01M1FBYWK,B0CV7RBX2G,https://www.amazon.com/dp/B0CV7RBX2G,5.0,It arrived in 2 days.,It was purchased for my niece‘s bridal shower.,20230530,,https://www.amazon.com/gp/customer-reviews/R2C7I3POP1SZDF,True,[],0
B01M1FBYWK,B01M1FBYWK,https://www.amazon.com/dp/B01M1FBYWK,3.0,Fragile!,"Very thin, like fine china. Expected a spoon holder to be strong, heavy. This will definitely  get broken. It‘s  lovely but totally impractical. Waste of money. Disappointed.",20230516,durability,https://www.amazon.com/gp/customer-reviews/R6AOAPPYN018W,True,"[{""name"":""Color"",""detail"":""Courtly Check""}]",1
B01M1FBYWK,B0CV7RBX2G,https://www.amazon.com/dp/B0CV7RBX2G,3.0,Fragile!,"Very thin, like fine china. Expected a spoon holder to be strong, heavy. This will definitely  get broken. It‘s  lovely but totally impractical. Waste of money. Disappointed.",20230516,durability,https://www.amazon.com/gp/customer-reviews/R6AOAPPYN018W,True,[],1
B01M1FBYWK,B01M1FBYWK,https://www.amazon.com/dp/B01M1FBYWK,1.0,Lightweight,Again cheap from McKensie Child’s.Disappointing.Some products are good quality - some like this enamel is not.Returning.,20230327,,https://www.amazon.com/gp/customer-reviews/R11KFMPHLWXFVR,True,"[{""name"":""Color"",""detail"":""Courtly Check""}]",1
B01M1FBYWK,B0CV7RBX2G,https://www.amazon.com/dp/B0CV7RBX2G,1.0,Lightweight,Again cheap from McKensie Child’s.Disappointing.Some products are good quality - some like this enamel is not.Returning.,20230327,,https://www.amazon.com/gp/customer-reviews/R11KFMPHLWXFVR,True,[],1
B01M1FBYWK,B01M1FBYWK,https://www.amazon.com/dp/B01M1FBYWK,5.0,Courtly Cute!,I’m in love with this Courtly cute spoon rest.  It is exactly what I expected to receive from Mackenzie Childs.  🖤🤍,20230122,,https://www.amazon.com/gp/customer-reviews/RTLG4LHL4VC0X,True,"[{""name"":""Color"",""detail"":""Courtly Check""}]",0
B01M1FBYWK,B0CV7RBX2G,https://www.amazon.com/dp/B0CV7RBX2G,5.0,Courtly Cute!,I’m in love with this Courtly cute spoon rest.  It is exactly what I expected to receive from Mackenzie Childs.  🖤🤍,20230122,,https://www.amazon.com/gp/customer-reviews/RTLG4LHL4VC0X,True,[],0
B01M1FBYWK,B01M1FBYWK,https://www.amazon.com/dp/B01M1FBYWK,1.0,Low Quality,"Very lightweight, not heavy duty, must be made of some kind of cheap tin vs. a sturdy metal - NOT wortht he price whatsoever.",20221222,value_or_quantity,https://www.amazon.com/gp/customer-reviews/R1GWEEMDABFF24,True,"[{""name"":""Color"",""detail"":""Courtly Check""}]",1
B01M1FBYWK,B0CV7RBX2G,https://www.amazon.com/dp/B0CV7RBX2G,1.0,Low Quality,"Very lightweight, not heavy duty, must be made of some kind of cheap tin vs. a sturdy metal - NOT wortht he price whatsoever.",20221222,value_or_quantity,https://www.amazon.com/gp/customer-reviews/R1GWEEMDABFF24,True,[],1
B01M1FBYWK,B01M1FBYWK,https://www.amazon.com/dp/B01M1FBYWK,5.0,Nice touch,This matches a teapot I have. It is useful near the stove. Very attractive.,20220828,,https://www.amazon.com/gp/customer-reviews/REQXW2F88G87O,True,"[{""name"":""Color"",""detail"":""Courtly Check""}]",0
B01M1FBYWK,B0CV7RBX2G,https://www.amazon.com/dp/B0CV7RBX2G,5.0,Nice touch,This matches a teapot I have. It is useful near the stove. Very attractive.,20220828,,https://www.amazon.com/gp/customer-reviews/REQXW2F88G87O,True,[],0
B01M1FBYWK,B01M1FBYWK,https://www.amazon.com/dp/B01M1FBYWK,5.0,Very nice spoon rest,I enjoy the details of the product and how it complement s the Tea Pot.,20220722,,https://www.amazon.com/gp/customer-reviews/R1FDJJ4NE4N1EA,True,"[{""name"":""Color"",""detail"":""Courtly Check""}]",0
B01M1FBYWK,B0CV7RBX2G,https://www.amazon.com/dp/B0CV7RBX2G,5.0,Very nice spoon rest,I enjoy the details of the product and how it complement s the Tea Pot.,20220722,,https://www.amazon.com/gp/customer-reviews/R1FDJJ4NE4N1EA,True,[],0
B01M1FBYWK,B01M1FBYWK,https://www.amazon.com/dp/B01M1FBYWK,1.0,Chipped,"Item arrived chipped. Item is also tin, as opposed to ceramic. Cheap in appearance. Too expensive for what it is. I have a ceramic spoon holder, super durable, for 1/4 the price. Very unhappy and will be returning. Chipped paint most likely the fault of delivery.",20220504,durability; value_or_quantity,https://www.amazon.com/gp/customer-reviews/R3994CFMS1SRL2,True,"[{""name"":""Color"",""detail"":""Courtly Check""}]",4
B01M1FBYWK,B0CV7RBX2G,https://www.amazon.com/dp/B0CV7RBX2G,1.0,Chipped,"Item arrived chipped. Item is also tin, as opposed to ceramic. Cheap in appearance. Too expensive for what it is. I have a ceramic spoon holder, super durable, for 1/4 the price. Very unhappy and will be returning. Chipped paint most likely the fault of delivery.",20220504,durability; value_or_quantity,https://www.amazon.com/gp/customer-reviews/R3994CFMS1SRL2,True,[],7
B01M1FBYWK,B01M1FBYWK,https://www.amazon.com/dp/B01M1FBYWK,5.0,Great!!!,My wife was super happy with this gift!,20220420,,https://www.amazon.com/gp/customer-reviews/R3VPB5RKV0N0KE,True,"[{""name"":""Color"",""detail"":""Courtly Check""}]",0
B01M1FBYWK,B0CV7RBX2G,https://www.amazon.com/dp/B0CV7RBX2G,5.0,Great!!!,My wife was super happy with this gift!,20220420,,https://www.amazon.com/gp/customer-reviews/R3VPB5RKV0N0KE,True,[],0
B01M1FBYWK,B01M1FBYWK,https://www.amazon.com/dp/B01M1FBYWK,5.0,Spoon rest for my bar next to bar utensils!,As expected! Love it!,20220205,,https://www.amazon.com/gp/customer-reviews/RR5IXPNXY5U15,True,"[{""name"":""Color"",""detail"":""Courtly Check""}]",0
B01M1FBYWK,B0CV7RBX2G,https://www.amazon.com/dp/B0CV7RBX2G,5.0,Spoon rest for my bar next to bar utensils!,As expected! Love it!,20220205,,https://www.amazon.com/gp/customer-reviews/RR5IXPNXY5U15,True,[],0
B01M1FBYWK,B01M1FBYWK,https://www.amazon.com/dp/B01M1FBYWK,5.0,Love this piece,"This is a little smaller than my other spoon rests, however, they match other items in my kitchen and it‘s unbreakable.",20220107,size_fit,https://www.amazon.com/gp/customer-reviews/R1IX6UFGW6WSU9,True,"[{""name"":""Color"",""detail"":""Courtly Check""}]",1
B01M1FBYWK,B0CV7RBX2G,https://www.amazon.com/dp/B0CV7RBX2G,5.0,Love this piece,"This is a little smaller than my other spoon rests, however, they match other items in my kitchen and it‘s unbreakable.",20220107,size_fit,https://www.amazon.com/gp/customer-reviews/R1IX6UFGW6WSU9,True,[],1
B01M1FBYWK,B01M1FBYWK,https://www.amazon.com/dp/B01M1FBYWK,5.0,Quick ship,Quality product,20211212,,https://www.amazon.com/gp/customer-reviews/R1BRO85CNROE6C,True,"[{""name"":""Color"",""detail"":""Courtly Check""}]",0
B01M1FBYWK,B0CV7RBX2G,https://www.amazon.com/dp/B0CV7RBX2G,5.0,Quick ship,Quality product,20211212,,https://www.amazon.com/gp/customer-reviews/R1BRO85CNROE6C,True,[],0
B0G2YFD1GM,B0DS1NT9YL,https://www.amazon.com/dp/B0DS1NT9YL,5.0,Great quality,Anything child McKenzie I’m in love with. I put the small one in my kitchen and sat my blender on top of it. And the big one on my bathroom sink.,20260310,size_fit,https://www.amazon.com/gp/customer-reviews/R2F2HTCQFJ4MFK,False,"[{""name"":""Color"",""detail"":""Sterling Check""},{""name"":""Size"",""detail"":""Set of 2""}]",0
B0G2YFD1GM,B0DS1NT9YL,https://www.amazon.com/dp/B0DS1NT9YL,5.0,Glass cuttingboards,Mackenzie-Childs is definitely a brand worth paying for,20260214,,https://www.amazon.com/gp/customer-reviews/R2QREJVU60S6GH,False,"[{""name"":""Color"",""detail"":""Sterling Check""},{""name"":""Size"",""detail"":""Set of 2""}]",0
B0G2YFD1GM,B0DS1PJ6R7,https://www.amazon.com/dp/B0DS1PJ6R7,5.0,Satisfied,As advertised,20260208,,https://www.amazon.com/gp/customer-reviews/R5B3IB01ZR450,False,"[{""name"":""Color"",""detail"":""Courtly Check""},{""name"":""Size"",""detail"":""Set of 2""}]",0
B0G2YFD1GM,B0DS1Q89Y6,https://www.amazon.com/dp/B0DS1Q89Y6,5.0,beautiful,"Lovvvveee them, strong for being glass. Great quality and looks amazing",20260207,,https://www.amazon.com/gp/customer-reviews/R15L3OJRLJUT2X,False,"[{""name"":""Color"",""detail"":""Rosy Check""},{""name"":""Size"",""detail"":""Set of 2""}]",1
B0G2YFD1GM,B0DS1PJ6R7,https://www.amazon.com/dp/B0DS1PJ6R7,5.0,Dont drop it...other than that: Beautiful,Absolutely BEAUTIFUL....Solid and thick enough..Too pretty to use so I use as decor....Stunning...,20260206,,https://www.amazon.com/gp/customer-reviews/R3NY4KNOU31IKB,False,"[{""name"":""Color"",""detail"":""Courtly Check""},{""name"":""Size"",""detail"":""Set of 2""}]",0
B0G2YFD1GM,B0DS1PJ6R7,https://www.amazon.com/dp/B0DS1PJ6R7,5.0,Beautiful cutting boards,"I love the cutting boards, but the stickers are a pain to remove. They should improve that.",20260131,,https://www.amazon.com/gp/customer-reviews/R3JMVLL1I9CYX4,False,"[{""name"":""Color"",""detail"":""Courtly Check""},{""name"":""Size"",""detail"":""Set of 2""}]",0
B0G2YFD1GM,B0DS1PJ6R7,https://www.amazon.com/dp/B0DS1PJ6R7,5.0,Mckenzie Childs cutting boards.,I Love them they are great quality.I think everyone will Love them as much as I do.,20260119,,https://www.amazon.com/gp/customer-reviews/R7HUIEWN85OA7,False,"[{""name"":""Color"",""detail"":""Courtly Check""},{""name"":""Size"",""detail"":""Set of 2""}]",0
B0G2YFD1GM,B0DS1NT9YL,https://www.amazon.com/dp/B0DS1NT9YL,4.0,Worried how they‘ll hold up over time,"Really nice. A little worried about the design. It‘s literaly just a sticker, that’s stuck on the back of the glass cutting board. Not confident it won’t scrape off and end up destroyed after a few uses. Also, they come stuck together with a sticker. Meaning the smaller one is affixed to the larger one with two large foam stickers - such a pain to scrape off.",20260114,size_fit,https://www.amazon.com/gp/customer-reviews/R21FP68NFSQAO1,False,"[{""name"":""Color"",""detail"":""Sterling Check""},{""name"":""Size"",""detail"":""Set of 2""}]",3
B0G2YFD1GM,B0DS1PJ6R7,https://www.amazon.com/dp/B0DS1PJ6R7,5.0,A little expensive but I love them,Love them,20260113,,https://www.amazon.com/gp/customer-reviews/R3JLHOB6DOMX5W,False,"[{""name"":""Color"",""detail"":""Courtly Check""},{""name"":""Size"",""detail"":""Set of 2""}]",0
B0G2YFD1GM,B0DS1PJ6R7,https://www.amazon.com/dp/B0DS1PJ6R7,4.0,"Beautiful boards, packaging needs work",The cutting boards themselves are lovely but the packaging is giving T3mu. I expected a little more for a $70 set.,20260110,value_or_quantity,https://www.amazon.com/gp/customer-reviews/R33XRLCL0OIHTQ,False,"[{""name"":""Color"",""detail"":""Courtly Check""},{""name"":""Size"",""detail"":""Set of 2""}]",1
B0G2YFD1GM,B0DS1PJ6R7,https://www.amazon.com/dp/B0DS1PJ6R7,5.0,Best deal out there for top-of-the-line brand.,"Beautiful and such an amazing price for TWO cutting boards. I absolutely LOVE this cutting board set. So easy to clean, they fit exactly where I need them and I know we will use them for everything.",20260107,cleaning; size_fit; value_or_quantity,https://www.amazon.com/gp/customer-reviews/R2VMSZALY38YL3,False,"[{""name"":""Color"",""detail"":""Courtly Check""},{""name"":""Size"",""detail"":""Set of 2""}]",0
B0G2YFD1GM,B0DS1PJ6R7,https://www.amazon.com/dp/B0DS1PJ6R7,5.0,High quality and decent price,"Gave these to my best friend as a Christmas gift and she LOVED them. They are super cute and that traditional check pattern is very noticeable. The glass is ver nice, thick and durable.
Reasonable price for a fun gift and two boards!",20260103,durability; value_or_quantity,https://www.amazon.com/gp/customer-reviews/RUF6WJRVHXMV5,False,"[{""name"":""Color"",""detail"":""Courtly Check""},{""name"":""Size"",""detail"":""Set of 2""}]",1
B0G2YFD1GM,B0DS1Q89Y6,https://www.amazon.com/dp/B0DS1Q89Y6,5.0,Mackenzie Childs cutting boards,Making myself a happy corner in my kitchen and these cutting boards were the start of it. I honestly am only using them for looks so I can’t tell you much about durability. They are heavy glass. I would be afraid I’d chip one if using it too much. But they are BEAUTIFUL and that’s the reason I got them anyways 😁,20251231,,https://www.amazon.com/gp/customer-reviews/R1O73DN0Y8OWUP,False,"[{""name"":""Color"",""detail"":""Rosy Check""},{""name"":""Size"",""detail"":""Set of 2""}]",6
B0G2YFD1GM,B0DS1Q89Y6,https://www.amazon.com/dp/B0DS1Q89Y6,5.0,Pretty and Quality Cutting Boards,These look great and work great. I don‘t mind paying extra when things are built with quality.,20251130,,https://www.amazon.com/gp/customer-reviews/R2XYQIL1H55A58,False,"[{""name"":""Color"",""detail"":""Rosy Check""},{""name"":""Size"",""detail"":""Set of 2""}]",2
B0G2YFD1GM,B0DS1NT9YL,https://www.amazon.com/dp/B0DS1NT9YL,1.0,Ehhhh don’t use,The backing was damaged upon arrival. I’m afraid to use and wash and that the backing will come off,20251014,cleaning,https://www.amazon.com/gp/customer-reviews/R2HKC3EGT1WZ8P,True,"[{""name"":""Color"",""detail"":""Sterling Check""},{""name"":""Size"",""detail"":""Set of 2""}]",0
B0G2YFD1GM,B0DS1Q89Y6,https://www.amazon.com/dp/B0DS1Q89Y6,4.0,"Pretty, just as advertised but expensive for their worth.","Just as advertised. They are very pretty in person. I won’t use them as a cutting board, I just wanted some decor. I gave 4 states instead of 5 because as much as I like them, they are more expensive than they need to be, they are just a thin cutting board, you are paying for the brand.",20251013,value_or_quantity,https://www.amazon.com/gp/customer-reviews/R6D3P2G3WEUGB,True,"[{""name"":""Color"",""detail"":""Rosy Check""},{""name"":""Size"",""detail"":""Set of 2""}]",1
B0G2YFD1GM,B0DS1NT9YL,https://www.amazon.com/dp/B0DS1NT9YL,1.0,It fades and holds water on the inside,My cutting board I’ve had for a couple months has completely faded from hand washing itYou can see which cutting board I was definitely using more but the more you washed it the more it started fading and turning green and I can’t get water out of it,20251008,cleaning,https://www.amazon.com/gp/customer-reviews/R3HX8R0GS4YLVO,True,"[{""name"":""Color"",""detail"":""Sterling Check""},{""name"":""Size"",""detail"":""Set of 2""}]",4
B0G2YFD1GM,B0DS1MSDDK,https://www.amazon.com/dp/B0DS1MSDDK,5.0,Love!,Great product. Exceptional quality.,20251001,,https://www.amazon.com/gp/customer-reviews/R1U248IUV6USBV,True,[],0
B0G2YFD1GM,B0DS1MSDDK,https://www.amazon.com/dp/B0DS1MSDDK,4.0,Overpriced,"It‘s lovely, but is way too expensive for a glass cutting board.  That‘s why they lost a star",20250929,value_or_quantity,https://www.amazon.com/gp/customer-reviews/R3SH0YE4RYAESA,True,[],0
B0G2YFD1GM,B0DS1PJ6R7,https://www.amazon.com/dp/B0DS1PJ6R7,5.0,Nice product but beware of the shipping stickers.,Love these. They are so cute and heavy. Only problem is when they shipped them they put stickers on them to separate them to keep them from getting broken and I’ve had them for a couple months and the sticky from those stickers STILL will not come off. So annoying!!!!!!,20250908,durability,https://www.amazon.com/gp/customer-reviews/RQXZYI387IXFX,True,[],0
B0G2YFD1GM,B0DS1Q89Y6,https://www.amazon.com/dp/B0DS1Q89Y6,5.0,Nice product but beware of the shipping stickers.,Love these. They are so cute and heavy. Only problem is when they shipped them they put stickers on them to separate them to keep them from getting broken and I’ve had them for a couple months and the sticky from those stickers STILL will not come off. So annoying!!!!!!,20250908,durability,https://www.amazon.com/gp/customer-reviews/RQXZYI387IXFX,True,"[{""name"":""Color"",""detail"":""Rosy Check""},{""name"":""Size"",""detail"":""Set of 2""}]",2
B0G2YFD1GM,B0DS1PJ6R7,https://www.amazon.com/dp/B0DS1PJ6R7,5.0,Lovely accent,Who doesn‘t love courtly check? Great cutting boards - and they are pretty!,20250827,,https://www.amazon.com/gp/customer-reviews/R3LXODHW7QO0SB,True,[],0
B0G2YFD1GM,B0DS1PJ6R7,https://www.amazon.com/dp/B0DS1PJ6R7,5.0,Pretty,They’re very nice. A beautiful addition to my other MC pieces.,20250824,,https://www.amazon.com/gp/customer-reviews/R2T76L0YEIAUZA,True,[],0
B0G2YFD1GM,B0DS1NT9YL,https://www.amazon.com/dp/B0DS1NT9YL,5.0,Favorite,Love love love these!,20250817,,https://www.amazon.com/gp/customer-reviews/RIHV2OTHYIPWV,True,"[{""name"":""Color"",""detail"":""Sterling Check""},{""name"":""Size"",""detail"":""Set of 2""}]",0
B0G2YFD1GM,B0DS1PJ6R7,https://www.amazon.com/dp/B0DS1PJ6R7,5.0,Favorite,Love love love these!,20250817,,https://www.amazon.com/gp/customer-reviews/RIHV2OTHYIPWV,True,[],0
B0G2YFD1GM,B0DS1PJ6R7,https://www.amazon.com/dp/B0DS1PJ6R7,5.0,Glass cutting board set,The perfect glass cutting board set. Looks beautiful in the kitchen. I use it as a charcuterie board as well when I’m entertaining guests. So far I love everything about it. Also very easy to clean and doesn’t absorb food at all!,20250802,cleaning; value_or_quantity,https://www.amazon.com/gp/customer-reviews/R3OJFFF5GK720Y,True,"[{""name"":""Color"",""detail"":""Courtly Check""},{""name"":""Size"",""detail"":""Set of 2""}]",1
B0G2YFD1GM,B0DS1MSDDK,https://www.amazon.com/dp/B0DS1MSDDK,2.0,The drawing is on paper not the acrylic,"The design is beautiful, but I bought it to use as a cutting board not a backsplash.  First time using it and hand washed, but the backing is bubbling,  I guess the design is on a piece of paper and not worked into the acrylic.  Too expensive for such cheap labor.",20250720,cleaning; value_or_quantity,https://www.amazon.com/gp/customer-reviews/R1SN9E2YW489RT,True,"[{""name"":""Color"",""detail"":""Flower Market""},{""name"":""Size"",""detail"":""Set of 2""}]",1
B0G2YFD1GM,B0DS1PJ6R7,https://www.amazon.com/dp/B0DS1PJ6R7,5.0,Courtly Check,"Well made, beautiful.",20250719,,https://www.amazon.com/gp/customer-reviews/R3JG4K0JCBBHNV,True,"[{""name"":""Color"",""detail"":""Courtly Check""},{""name"":""Size"",""detail"":""Set of 2""}]",0
B0G2YFD1GM,B0DS1PJ6R7,https://www.amazon.com/dp/B0DS1PJ6R7,2.0,"Good Product Initially, but hasn‘t lasted more than a month","We really were enjoying these glass cutting boards, but after about a month of use (and handwashing as detailed in the description) the rubber footers have fallen off and the floral backing has begun to peel off. I just went to try and request a replacement, but was told it was past the return window :/",20250716,cleaning; durability,https://www.amazon.com/gp/customer-reviews/R11CDSX5UZTSWU,True,[],0
B0G2YFD1GM,B0DS1Q89Y6,https://www.amazon.com/dp/B0DS1Q89Y6,2.0,"Good Product Initially, but hasn‘t lasted more than a month","We really were enjoying these glass cutting boards, but after about a month of use (and handwashing as detailed in the description) the rubber footers have fallen off and the floral backing has begun to peel off. I just went to try and request a replacement, but was told it was past the return window :/",20250716,cleaning; durability,https://www.amazon.com/gp/customer-reviews/R11CDSX5UZTSWU,True,"[{""name"":""Color"",""detail"":""Rosy Check""},{""name"":""Size"",""detail"":""Set of 2""}]",1
B0G2YFD1GM,B0DS1PJ6R7,https://www.amazon.com/dp/B0DS1PJ6R7,1.0,Really cheaply made,It’s just paper glued to the back of the glass! Not useful when you are trying to clean it!,20250713,cleaning,https://www.amazon.com/gp/customer-reviews/R1UZNPHF8235UN,True,"[{""name"":""Color"",""detail"":""Courtly Check""},{""name"":""Size"",""detail"":""Set of 2""}]",0
B0G2YFD1GM,B0DS1MSDDK,https://www.amazon.com/dp/B0DS1MSDDK,5.0,Great quality,Great quality glass boards. Use it as a serving board and decoration.,20250711,,https://www.amazon.com/gp/customer-reviews/R1GXIPQOGFA6OA,True,"[{""name"":""Color"",""detail"":""Flower Market""},{""name"":""Size"",""detail"":""Set of 2""}]",0
B0G2YFD1GM,B0DS1PJ6R7,https://www.amazon.com/dp/B0DS1PJ6R7,1.0,Design is only a sticker,The design on the glass is only a sticker.  If you get this too wet the sticker will start to peel and come off.  I do love these but the large one is now ruined.,20250710,size_fit,https://www.amazon.com/gp/customer-reviews/R2IC0Y7GGQTBJK,True,"[{""name"":""Color"",""detail"":""Courtly Check""},{""name"":""Size"",""detail"":""Set of 2""}]",0
B0G2YFD1GM,B0DS1NT9YL,https://www.amazon.com/dp/B0DS1NT9YL,5.0,Beautiful decor cutting boards.,Beautiful high quality cutting boards. Used for decor.,20250709,,https://www.amazon.com/gp/customer-reviews/R9B0GU3Y2DY3T,True,"[{""name"":""Color"",""detail"":""Sterling Check""},{""name"":""Size"",""detail"":""Set of 2""}]",0
B0G2YFD1GM,B0DS1PJ6R7,https://www.amazon.com/dp/B0DS1PJ6R7,5.0,Great cutting boards!,Why did you pick this product vs others?:I liked it! It was just what I wanted.,20250709,,https://www.amazon.com/gp/customer-reviews/R1FXZIAHAH9TSQ,True,"[{""name"":""Color"",""detail"":""Courtly Check""},{""name"":""Size"",""detail"":""Set of 2""}]",0
B0G2YFD1GM,B0DS1PJ6R7,https://www.amazon.com/dp/B0DS1PJ6R7,5.0,Beautiful decor cutting boards.,Beautiful high quality cutting boards. Used for decor.,20250709,,https://www.amazon.com/gp/customer-reviews/R9B0GU3Y2DY3T,True,[],0
B0G2YFD1GM,B0DS1PJ6R7,https://www.amazon.com/dp/B0DS1PJ6R7,1.0,Do not waste your money,Why did you pick this product vs others?:Terrible and waste of money! I even doubt if its a real mckenzie,20250709,,https://www.amazon.com/gp/customer-reviews/RH1ZCB1IN0F8L,True,"[{""name"":""Color"",""detail"":""Courtly Check""},{""name"":""Size"",""detail"":""Set of 2""}]",0
B0G2YFD1GM,B0DS1PJ6R7,https://www.amazon.com/dp/B0DS1PJ6R7,5.0,best cutting board,"bought this for my sister and she is loving it, its a much better alternative then plastic or wood and the design is so pretty. the quality is great, there has been no scratches after daily use for about a month, love that it comes with a large and small one perfect for every use.",20250709,size_fit,https://www.amazon.com/gp/customer-reviews/R3CP12JN8GXVCB,True,"[{""name"":""Color"",""detail"":""Courtly Check""},{""name"":""Size"",""detail"":""Set of 2""}]",0
B0G2YFD1GM,B0DS1PJ6R7,https://www.amazon.com/dp/B0DS1PJ6R7,5.0,Great quality,The quality and design is definitely worth the price.,20250624,value_or_quantity,https://www.amazon.com/gp/customer-reviews/R1SC5IP5WXGLNT,True,"[{""name"":""Color"",""detail"":""Courtly Check""},{""name"":""Size"",""detail"":""Set of 2""}]",0
B0G2YFD1GM,B0DS1MSDDK,https://www.amazon.com/dp/B0DS1MSDDK,1.0,Not well made.,"This is plastic over a pice of glass. I was disappointed because I thought MC products were all high end and well made. When you wash it, the plastic pink pattern slides off.  Would like to return.",20250623,cleaning,https://www.amazon.com/gp/customer-reviews/R3V1UN6KLKDM3O,True,[],0
B0G2YFD1GM,B0DS1PJ6R7,https://www.amazon.com/dp/B0DS1PJ6R7,1.0,Not well made.,"This is plastic over a pice of glass. I was disappointed because I thought MC products were all high end and well made. When you wash it, the plastic pink pattern slides off.  Would like to return.",20250623,cleaning,https://www.amazon.com/gp/customer-reviews/R3V1UN6KLKDM3O,True,[],2
B0G2YFD1GM,B0DS1Q89Y6,https://www.amazon.com/dp/B0DS1Q89Y6,1.0,Not well made.,"This is plastic over a pice of glass. I was disappointed because I thought MC products were all high end and well made. When you wash it, the plastic pink pattern slides off.  Would like to return.",20250623,cleaning,https://www.amazon.com/gp/customer-reviews/R3V1UN6KLKDM3O,True,"[{""name"":""Color"",""detail"":""Rosy Check""},{""name"":""Size"",""detail"":""Set of 2""}]",3
B0G2YFD1GM,B0DS1MSDDK,https://www.amazon.com/dp/B0DS1MSDDK,5.0,Inexpensive Boujee Look,Bought this as a gift and now put it on my registry for our wedding. Great quality and perfect of you want it just for decor! Very inexpensive compared to other products from MC!,20250616,value_or_quantity,https://www.amazon.com/gp/customer-reviews/R1PJMHGGN0O7OZ,True,[],0
B0G2YFD1GM,B0DS1PJ6R7,https://www.amazon.com/dp/B0DS1PJ6R7,5.0,Inexpensive Boujee Look,Bought this as a gift and now put it on my registry for our wedding. Great quality and perfect of you want it just for decor! Very inexpensive compared to other products from MC!,20250616,value_or_quantity,https://www.amazon.com/gp/customer-reviews/R1PJMHGGN0O7OZ,True,"[{""name"":""Color"",""detail"":""Courtly Check""},{""name"":""Size"",""detail"":""Set of 2""}]",0
B0G2YFD1GM,B0DS1MSDDK,https://www.amazon.com/dp/B0DS1MSDDK,5.0,style and classy tonany kitchen,these cutting boards are stylish and classy decor to any kitchen  great product,20250612,,https://www.amazon.com/gp/customer-reviews/R6EX7IJVP4EPS,True,[],0
B0G2YFD1GM,B0DS1PJ6R7,https://www.amazon.com/dp/B0DS1PJ6R7,5.0,style and classy tonany kitchen,these cutting boards are stylish and classy decor to any kitchen  great product,20250612,,https://www.amazon.com/gp/customer-reviews/R6EX7IJVP4EPS,True,"[{""name"":""Color"",""detail"":""Courtly Check""},{""name"":""Size"",""detail"":""Set of 2""}]",0
B0G2YFD1GM,B0DS1MSDDK,https://www.amazon.com/dp/B0DS1MSDDK,5.0,Very well made.  Heavy.  Sturdy,So pretty.  I have pink and white check.  Well packaged.  Hope they last.  So far so good.,20250610,value_or_quantity,https://www.amazon.com/gp/customer-reviews/R1WDXIYV8OZZX9,True,[],0
B0G2YFD1GM,B0DS1PJ6R7,https://www.amazon.com/dp/B0DS1PJ6R7,5.0,Very well made.  Heavy.  Sturdy,So pretty.  I have pink and white check.  Well packaged.  Hope they last.  So far so good.,20250610,value_or_quantity,https://www.amazon.com/gp/customer-reviews/R1WDXIYV8OZZX9,True,[],0
B0G2YFD1GM,B0DS1Q89Y6,https://www.amazon.com/dp/B0DS1Q89Y6,5.0,Very well made.  Heavy.  Sturdy,So pretty.  I have pink and white check.  Well packaged.  Hope they last.  So far so good.,20250610,value_or_quantity,https://www.amazon.com/gp/customer-reviews/R1WDXIYV8OZZX9,True,"[{""name"":""Color"",""detail"":""Rosy Check""},{""name"":""Size"",""detail"":""Set of 2""}]",0
B0G2YFD1GM,B0DS1MSDDK,https://www.amazon.com/dp/B0DS1MSDDK,1.0,Do not purchase,Do not purchase! The design is already peeling on the back. Extremely disappointed and I expected better from this brand.,20250606,,https://www.amazon.com/gp/customer-reviews/R1HJCXVF7L7RF4,True,[],0
B0G2YFD1GM,B0DS1PJ6R7,https://www.amazon.com/dp/B0DS1PJ6R7,1.0,Do not purchase,Do not purchase! The design is already peeling on the back. Extremely disappointed and I expected better from this brand.,20250606,,https://www.amazon.com/gp/customer-reviews/R1HJCXVF7L7RF4,True,[],1
B0G2YFD1GM,B0DS1Q89Y6,https://www.amazon.com/dp/B0DS1Q89Y6,1.0,Do not purchase,Do not purchase! The design is already peeling on the back. Extremely disappointed and I expected better from this brand.,20250606,,https://www.amazon.com/gp/customer-reviews/R1HJCXVF7L7RF4,True,"[{""name"":""Color"",""detail"":""Rosy Check""},{""name"":""Size"",""detail"":""Set of 2""}]",3
B0G2YFD1GM,B0DS1NT9YL,https://www.amazon.com/dp/B0DS1NT9YL,2.0,Be careful when you wash them,The cuttings boards are really cute but sadly the back is just a sticker. I used and washed the I cutting boards once and the back started to peel and bubble up.,20250601,cleaning,https://www.amazon.com/gp/customer-reviews/RJLJ1XD4UOAOY,True,"[{""name"":""Color"",""detail"":""Sterling Check""},{""name"":""Size"",""detail"":""Set of 2""}]",0
B0G2YFD1GM,B0DS1MSDDK,https://www.amazon.com/dp/B0DS1MSDDK,2.0,Be careful when you wash them,The cuttings boards are really cute but sadly the back is just a sticker. I used and washed the I cutting boards once and the back started to peel and bubble up.,20250601,cleaning,https://www.amazon.com/gp/customer-reviews/RJLJ1XD4UOAOY,True,[],0
B0G2YFD1GM,B0DS1PJ6R7,https://www.amazon.com/dp/B0DS1PJ6R7,2.0,Be careful when you wash them,The cuttings boards are really cute but sadly the back is just a sticker. I used and washed the I cutting boards once and the back started to peel and bubble up.,20250601,cleaning,https://www.amazon.com/gp/customer-reviews/RJLJ1XD4UOAOY,True,[],1
B0G2YFD1GM,B0DS1MSDDK,https://www.amazon.com/dp/B0DS1MSDDK,1.0,Looks cheap,They’re cheap looking… just a piece of paper with checks on it put in some weird material and only on one side not both? I feel like I got the wish version. Returning. So disappointed. And I was SO excited. I do not get the hype. For the price?! Do better.,20250525,value_or_quantity,https://www.amazon.com/gp/customer-reviews/R1IFMCK33UERY2,True,[],3
B0G2YFD1GM,B0DS1PJ6R7,https://www.amazon.com/dp/B0DS1PJ6R7,1.0,Looks cheap,They’re cheap looking… just a piece of paper with checks on it put in some weird material and only on one side not both? I feel like I got the wish version. Returning. So disappointed. And I was SO excited. I do not get the hype. For the price?! Do better.,20250525,value_or_quantity,https://www.amazon.com/gp/customer-reviews/R1IFMCK33UERY2,True,[],4
B0G2YFD1GM,B0DS1Q89Y6,https://www.amazon.com/dp/B0DS1Q89Y6,1.0,Looks cheap,They’re cheap looking… just a piece of paper with checks on it put in some weird material and only on one side not both? I feel like I got the wish version. Returning. So disappointed. And I was SO excited. I do not get the hype. For the price?! Do better.,20250525,value_or_quantity,https://www.amazon.com/gp/customer-reviews/R1IFMCK33UERY2,True,"[{""name"":""Color"",""detail"":""Rosy Check""},{""name"":""Size"",""detail"":""Set of 2""}]",0
B0G2YFD1GM,B0DS1NT9YL,https://www.amazon.com/dp/B0DS1NT9YL,4.0,Glass Cutting Board,Very Cute! Love the two sizes.,20250518,size_fit,https://www.amazon.com/gp/customer-reviews/R2JADAK4K9W1OG,True,"[{""name"":""Color"",""detail"":""Sterling Check""},{""name"":""Size"",""detail"":""Set of 2""}]",0
B0G2YFD1GM,B0DS1MSDDK,https://www.amazon.com/dp/B0DS1MSDDK,4.0,Glass Cutting Board,Very Cute! Love the two sizes.,20250518,size_fit,https://www.amazon.com/gp/customer-reviews/R2JADAK4K9W1OG,True,[],0
B0G2YFD1GM,B0DS1PJ6R7,https://www.amazon.com/dp/B0DS1PJ6R7,4.0,Glass Cutting Board,Very Cute! Love the two sizes.,20250518,size_fit,https://www.amazon.com/gp/customer-reviews/R2JADAK4K9W1OG,True,[],0
B0G2YFD1GM,B0DS1MSDDK,https://www.amazon.com/dp/B0DS1MSDDK,3.0,DO NOT wash in dishwasher!,"3 stars because I have one cutting board still in tact, remaining - washed the mini cutting board in the dishwasher only to find that the MC “design” is simply paper glued to the back of the board.  For the price, you would think it would be a higher end product - most MC pieces are such high quality, this is not - now, I have a clear glass cutting board that could’ve been bought at dollar tree",20250517,cleaning; value_or_quantity,https://www.amazon.com/gp/customer-reviews/R2FC3LRL3GZ84B,True,[],0
B0G2YFD1GM,B0DS1PJ6R7,https://www.amazon.com/dp/B0DS1PJ6R7,3.0,DO NOT wash in dishwasher!,"3 stars because I have one cutting board still in tact, remaining - washed the mini cutting board in the dishwasher only to find that the MC “design” is simply paper glued to the back of the board.  For the price, you would think it would be a higher end product - most MC pieces are such high quality, this is not - now, I have a clear glass cutting board that could’ve been bought at dollar tree",20250517,cleaning; value_or_quantity,https://www.amazon.com/gp/customer-reviews/R2FC3LRL3GZ84B,True,[],0
B0G2YFD1GM,B0DS1Q89Y6,https://www.amazon.com/dp/B0DS1Q89Y6,3.0,DO NOT wash in dishwasher!,"3 stars because I have one cutting board still in tact, remaining - washed the mini cutting board in the dishwasher only to find that the MC “design” is simply paper glued to the back of the board.  For the price, you would think it would be a higher end product - most MC pieces are such high quality, this is not - now, I have a clear glass cutting board that could’ve been bought at dollar tree",20250517,cleaning; value_or_quantity,https://www.amazon.com/gp/customer-reviews/R2FC3LRL3GZ84B,True,"[{""name"":""Color"",""detail"":""Rosy Check""},{""name"":""Size"",""detail"":""Set of 2""}]",0
B0G2YFD1GM,B0DS1MSDDK,https://www.amazon.com/dp/B0DS1MSDDK,5.0,Great product,Great! Love MacKenzie Childs,20250511,,https://www.amazon.com/gp/customer-reviews/R1X7LJAS9S4D6I,True,[],0
B0G2YFD1GM,B0DS1PJ6R7,https://www.amazon.com/dp/B0DS1PJ6R7,5.0,Great product,Great! Love MacKenzie Childs,20250511,,https://www.amazon.com/gp/customer-reviews/R1X7LJAS9S4D6I,True,"[{""name"":""Color"",""detail"":""Courtly Check""},{""name"":""Size"",""detail"":""Set of 2""}]",0
B0G2YFD1GM,B0DS1MSDDK,https://www.amazon.com/dp/B0DS1MSDDK,5.0,Love this.,love this.,20250501,,https://www.amazon.com/gp/customer-reviews/R30SVKNWSOH4KG,True,[],1
B0G2YFD1GM,B0DS1PJ6R7,https://www.amazon.com/dp/B0DS1PJ6R7,5.0,Love this.,love this.,20250501,,https://www.amazon.com/gp/customer-reviews/R30SVKNWSOH4KG,True,"[{""name"":""Color"",""detail"":""Courtly Check""},{""name"":""Size"",""detail"":""Set of 2""}]",0
B0G2YFD1GM,B0DS1MSDDK,https://www.amazon.com/dp/B0DS1MSDDK,1.0,"Cheap, cheap product",Cheaply made.  The backing not secure and peeling off.,20250427,,https://www.amazon.com/gp/customer-reviews/R2Q3TDPG57ZA72,True,[],0
B0G2YFD1GM,B0DS1PJ6R7,https://www.amazon.com/dp/B0DS1PJ6R7,1.0,"Cheap, cheap product",Cheaply made.  The backing not secure and peeling off.,20250427,,https://www.amazon.com/gp/customer-reviews/R2Q3TDPG57ZA72,True,"[{""name"":""Color"",""detail"":""Courtly Check""},{""name"":""Size"",""detail"":""Set of 2""}]",0
B0G2YFD1GM,B0DS1MSDDK,https://www.amazon.com/dp/B0DS1MSDDK,5.0,Gorgeous!,These are my absolute favorite cutting boards! Beautiful!,20250420,,https://www.amazon.com/gp/customer-reviews/R3QDHQVHQVP7K8,True,[],0
B0G2YFD1GM,B0DS1PJ6R7,https://www.amazon.com/dp/B0DS1PJ6R7,5.0,Gorgeous!,These are my absolute favorite cutting boards! Beautiful!,20250420,,https://www.amazon.com/gp/customer-reviews/R3QDHQVHQVP7K8,True,[],0
B0G2YFD1GM,B0DS1Q89Y6,https://www.amazon.com/dp/B0DS1Q89Y6,5.0,Gorgeous!,These are my absolute favorite cutting boards! Beautiful!,20250420,,https://www.amazon.com/gp/customer-reviews/R3QDHQVHQVP7K8,True,"[{""name"":""Color"",""detail"":""Rosy Check""},{""name"":""Size"",""detail"":""Set of 2""}]",0
B0G2YFD1GM,B0DS1MSDDK,https://www.amazon.com/dp/B0DS1MSDDK,5.0,Great quality cutting board,Bought as a Chistmas gift and it was a hit!She loved the quality and size.,20250417,size_fit,https://www.amazon.com/gp/customer-reviews/R741HVBE9RG5U,True,[],0
B0G2YFD1GM,B0DS1PJ6R7,https://www.amazon.com/dp/B0DS1PJ6R7,5.0,Great quality cutting board,Bought as a Chistmas gift and it was a hit!She loved the quality and size.,20250417,size_fit,https://www.amazon.com/gp/customer-reviews/R741HVBE9RG5U,True,[],0
B0G2YFD1GM,B0DS1Q89Y6,https://www.amazon.com/dp/B0DS1Q89Y6,5.0,Great quality cutting board,Bought as a Chistmas gift and it was a hit!She loved the quality and size.,20250417,size_fit,https://www.amazon.com/gp/customer-reviews/R741HVBE9RG5U,True,[],0
B0G2YFD1GM,B0DS1MSDDK,https://www.amazon.com/dp/B0DS1MSDDK,5.0,Review,"Had to replace my old one, but this time I also got a smaller one that came with it.",20250322,size_fit,https://www.amazon.com/gp/customer-reviews/RYFI9H7VPNRIW,True,"[{""name"":""Color"",""detail"":""Flower Market""},{""name"":""Size"",""detail"":""Set of 2""}]",0
B0G2YFD1GM,B0DS1MSDDK,https://www.amazon.com/dp/B0DS1MSDDK,2.0,Yellow and black Not white and black!,"Color of the actual glass in a neon yellow. Not white and black. So for the price, or to match other items from the same collection... It‘s  a no go!",20250321,value_or_quantity,https://www.amazon.com/gp/customer-reviews/R2M1FISI7P2J6C,True,[],0
B0G2YFD1GM,B0DS1PJ6R7,https://www.amazon.com/dp/B0DS1PJ6R7,2.0,Yellow and black Not white and black!,"Color of the actual glass in a neon yellow. Not white and black. So for the price, or to match other items from the same collection... It‘s  a no go!",20250321,value_or_quantity,https://www.amazon.com/gp/customer-reviews/R2M1FISI7P2J6C,True,[],0
B0G2YFD1GM,B0DS1Q89Y6,https://www.amazon.com/dp/B0DS1Q89Y6,2.0,Yellow and black Not white and black!,"Color of the actual glass in a neon yellow. Not white and black. So for the price, or to match other items from the same collection... It‘s  a no go!",20250321,value_or_quantity,https://www.amazon.com/gp/customer-reviews/R2M1FISI7P2J6C,True,[],0
B0G2YFD1GM,B0DS1MSDDK,https://www.amazon.com/dp/B0DS1MSDDK,1.0,NOT DISHWASHER SAFE,do not put in dishwasher.  the material is paper on glass.,20250311,cleaning,https://www.amazon.com/gp/customer-reviews/R2V0KTP47JOTWT,True,[],1
B0G2YFD1GM,B0DS1PJ6R7,https://www.amazon.com/dp/B0DS1PJ6R7,1.0,NOT DISHWASHER SAFE,do not put in dishwasher.  the material is paper on glass.,20250311,cleaning,https://www.amazon.com/gp/customer-reviews/R2V0KTP47JOTWT,True,[],0
B0G2YFD1GM,B0DS1Q89Y6,https://www.amazon.com/dp/B0DS1Q89Y6,1.0,NOT DISHWASHER SAFE,do not put in dishwasher.  the material is paper on glass.,20250311,cleaning,https://www.amazon.com/gp/customer-reviews/R2V0KTP47JOTWT,True,"[{""name"":""Color"",""detail"":""Rosy Check""},{""name"":""Size"",""detail"":""Set of 2""}]",1
B0G2YFD1GM,B0DS1MSDDK,https://www.amazon.com/dp/B0DS1MSDDK,5.0,Gift,Pretty and nice quality,20250216,,https://www.amazon.com/gp/customer-reviews/R3J7ON9M39XMZJ,True,[],0
B0G2YFD1GM,B0DS1PJ6R7,https://www.amazon.com/dp/B0DS1PJ6R7,5.0,Gift,Pretty and nice quality,20250216,,https://www.amazon.com/gp/customer-reviews/R3J7ON9M39XMZJ,True,[],0
B0G2YFD1GM,B0DS1Q89Y6,https://www.amazon.com/dp/B0DS1Q89Y6,5.0,Gift,Pretty and nice quality,20250216,,https://www.amazon.com/gp/customer-reviews/R3J7ON9M39XMZJ,True,[],0
B0G2YFD1GM,B0DS1MSDDK,https://www.amazon.com/dp/B0DS1MSDDK,5.0,BEAUTIFUL,bright colors very nice exactly what the description said,20250210,durability,https://www.amazon.com/gp/customer-reviews/RMKY051I2O10L,True,[],2
B0G2YFD1GM,B0DS1PJ6R7,https://www.amazon.com/dp/B0DS1PJ6R7,5.0,BEAUTIFUL,bright colors very nice exactly what the description said,20250210,durability,https://www.amazon.com/gp/customer-reviews/RMKY051I2O10L,True,[],2
B0G2YFD1GM,B0DS1Q89Y6,https://www.amazon.com/dp/B0DS1Q89Y6,5.0,BEAUTIFUL,bright colors very nice exactly what the description said,20250210,durability,https://www.amazon.com/gp/customer-reviews/RMKY051I2O10L,True,[],2
B0G2YFD1GM,B0DS1MSDDK,https://www.amazon.com/dp/B0DS1MSDDK,5.0,Never dissapointed in MacKenzie Child products,I used this cutting board on my counter good quality and very whimsical for Christmas,20250124,,https://www.amazon.com/gp/customer-reviews/R1TEUB7NP7IFD0,True,[],1
B0G2YFD1GM,B0DS1PJ6R7,https://www.amazon.com/dp/B0DS1PJ6R7,5.0,Never dissapointed in MacKenzie Child products,I used this cutting board on my counter good quality and very whimsical for Christmas,20250124,,https://www.amazon.com/gp/customer-reviews/R1TEUB7NP7IFD0,True,[],1
B0G2YFD1GM,B0DS1Q89Y6,https://www.amazon.com/dp/B0DS1Q89Y6,5.0,Never dissapointed in MacKenzie Child products,I used this cutting board on my counter good quality and very whimsical for Christmas,20250124,,https://www.amazon.com/gp/customer-reviews/R1TEUB7NP7IFD0,True,[],1
B0G2YFD1GM,B0DS1MSDDK,https://www.amazon.com/dp/B0DS1MSDDK,5.0,Well built,Great size match‘s other kitchen items very Classy,20250119,size_fit,https://www.amazon.com/gp/customer-reviews/R25YP7GFA2CFW,True,[],2
B0G2YFD1GM,B0DS1PJ6R7,https://www.amazon.com/dp/B0DS1PJ6R7,5.0,Well built,Great size match‘s other kitchen items very Classy,20250119,size_fit,https://www.amazon.com/gp/customer-reviews/R25YP7GFA2CFW,True,[],2
B0G2YFD1GM,B0DS1Q89Y6,https://www.amazon.com/dp/B0DS1Q89Y6,5.0,Well built,Great size match‘s other kitchen items very Classy,20250119,size_fit,https://www.amazon.com/gp/customer-reviews/R25YP7GFA2CFW,True,[],2
B0G2YFD1GM,B0DS1MSDDK,https://www.amazon.com/dp/B0DS1MSDDK,5.0,Quality,Excellent product… of course made of glass but very thick and the pattern is not fussy ( ie: floral ) it blends in well with kitchens …,20250116,,https://www.amazon.com/gp/customer-reviews/R1R1PXGDTXK1EA,True,[],1
B0G2YFD1GM,B0DS1PJ6R7,https://www.amazon.com/dp/B0DS1PJ6R7,5.0,Quality,Excellent product… of course made of glass but very thick and the pattern is not fussy ( ie: floral ) it blends in well with kitchens …,20250116,,https://www.amazon.com/gp/customer-reviews/R1R1PXGDTXK1EA,True,[],1
B0G2YFD1GM,B0DS1Q89Y6,https://www.amazon.com/dp/B0DS1Q89Y6,5.0,Quality,Excellent product… of course made of glass but very thick and the pattern is not fussy ( ie: floral ) it blends in well with kitchens …,20250116,,https://www.amazon.com/gp/customer-reviews/R1R1PXGDTXK1EA,True,[],1
B0G2YFD1GM,B0DS1MSDDK,https://www.amazon.com/dp/B0DS1MSDDK,3.0,"Not that bright, bot high-quality, not the same",The colors are not that bright in real life and it is different from its line - the white flower market. The material of the pattern  is not that high-quality  the size is useful for everyday usage  5he value for the money is moderate,20250114,size_fit; value_or_quantity,https://www.amazon.com/gp/customer-reviews/R3R900RIXDCSH,True,[],8
B0G2YFD1GM,B0DS1PJ6R7,https://www.amazon.com/dp/B0DS1PJ6R7,3.0,"Not that bright, bot high-quality, not the same",The colors are not that bright in real life and it is different from its line - the white flower market. The material of the pattern  is not that high-quality  the size is useful for everyday usage  5he value for the money is moderate,20250114,size_fit; value_or_quantity,https://www.amazon.com/gp/customer-reviews/R3R900RIXDCSH,True,[],2
B004HICOPA,B09YWXR5SC,https://www.amazon.com/dp/B09YWXR5SC,5.0,Great design 🙂,Mackenzie Childs designs are so fun and whimsical. This is the second one I’ve purchased for a gift. It’s a great piece. I do wish it was a whistling kettle.,20260514,,https://www.amazon.com/gp/customer-reviews/R2NS7FXR9R6X2U,False,"[{""name"":""Color"",""detail"":""Sterling Check""},{""name"":""Size"",""detail"":""2 Quarts""}]",0
B004HICOPA,B004HICOPA,https://www.amazon.com/dp/B004HICOPA,5.0,Work of Art,I’ve been wanting one of these teapots forever! It is absolutely worth every penny. I will not be using it for its functionality. Instead I have it on display as one would a lovely art piece.,20260508,,https://www.amazon.com/gp/customer-reviews/R2N6JFYI3KLKLO,False,"[{""name"":""Color"",""detail"":""Courtly Check""},{""name"":""Size"",""detail"":""2 Quarts""}]",0
B004HICOPA,B004HICOPA,https://www.amazon.com/dp/B004HICOPA,5.0,Charming teapot,"A cute teapot. I had the larger one for years and it got chipped and was never the same. Love the look, but went for the smaller one this time. Great choice.",20260430,size_fit,https://www.amazon.com/gp/customer-reviews/R280NK7LQUHIQL,False,"[{""name"":""Color"",""detail"":""Courtly Check""},{""name"":""Size"",""detail"":""2 Quarts""}]",1
B004HICOPA,B004HICOPA,https://www.amazon.com/dp/B004HICOPA,5.0,Whimsical!,"I’m in loooove with this adorable little teapot! It’s a great addition to my growing MC collection! So well made and stylish, the pattern really catches your eye and adds a bit of whimsy to your kitchen decor!",20260425,,https://www.amazon.com/gp/customer-reviews/R2JF5R1PE5W6HZ,False,"[{""name"":""Color"",""detail"":""Courtly Check""},{""name"":""Size"",""detail"":""2 Quarts""}]",2
B004HICOPA,B0DS1M67NS,https://www.amazon.com/dp/B0DS1M67NS,4.0,"It’s pretty, and pretty expensive",It’s pretty but it’s not worth no 180.00It’s just a brand thing. If ya got one people know it cost 💲,20260425,,https://www.amazon.com/gp/customer-reviews/R260EJIKWWQ505,False,"[{""name"":""Color"",""detail"":""Emerald Check""},{""name"":""Size"",""detail"":""2 Quarts""}]",0
B004HICOPA,B004HICOPA,https://www.amazon.com/dp/B004HICOPA,5.0,"Great quality, beautiful design",Love this. So beautiful in my kitchen.,20260419,,https://www.amazon.com/gp/customer-reviews/R2T1I770ACKOP6,False,"[{""name"":""Color"",""detail"":""Courtly Check""},{""name"":""Size"",""detail"":""2 Quarts""}]",0
B004HICOPA,B004HICOPA,https://www.amazon.com/dp/B004HICOPA,5.0,Love it. So beautiful!,Arrived in great condition! Very beautiful.,20260418,,https://www.amazon.com/gp/customer-reviews/R2AHO8EMJ9EKIZ,False,"[{""name"":""Color"",""detail"":""Courtly Check""},{""name"":""Size"",""detail"":""2 Quarts""}]",0
B004HICOPA,B07PJ1QYW6,https://www.amazon.com/dp/B07PJ1QYW6,5.0,Made in USA,"Beautiful design, handmade piece",20260416,,https://www.amazon.com/gp/customer-reviews/RXVJJLMKOQJ9F,False,"[{""name"":""Color"",""detail"":""Royal Check""},{""name"":""Size"",""detail"":""2 Quarts""}]",0
B004HICOPA,B09YWPVH56,https://www.amazon.com/dp/B09YWPVH56,5.0,Lovely item,Beautiful! Larger than I expected.,20260412,size_fit,https://www.amazon.com/gp/customer-reviews/RL0VP1MRYXBYQ,False,"[{""name"":""Color"",""detail"":""Sterling Check""},{""name"":""Size"",""detail"":""3 Quarts""}]",0
B004HICOPA,B07QR16Q5R,https://www.amazon.com/dp/B07QR16Q5R,5.0,Lovely kettle,"This is a reeeaaaaly nice kettle. I bought it for a friend. I only wish it came in red. I would have surely buy one for myself, as red is my kitchen decor. PLEASE MAKE IT IN RED :) but overall, I would highly recommend. Quality is very good, packaging and shipment was great, and was received in a quick time",20260409,value_or_quantity,https://www.amazon.com/gp/customer-reviews/R3U41EIZLBDK2Y,False,"[{""name"":""Color"",""detail"":""Royal Check""},{""name"":""Size"",""detail"":""3 Quarts""}]",0
B004HICOPA,B07PJ1QYW6,https://www.amazon.com/dp/B07PJ1QYW6,5.0,Stunning!,"OMG absolutely beautiful!!I first ordered the 3qt
It was toooo big for my kitchen
This blue 2qt is just perfect 🤩",20260328,,https://www.amazon.com/gp/customer-reviews/R2MMLH9ZI1U202,False,"[{""name"":""Color"",""detail"":""Royal Check""},{""name"":""Size"",""detail"":""2 Quarts""}]",0
B004HICOPA,B004HICOPA,https://www.amazon.com/dp/B004HICOPA,5.0,Perfect teapot,"I honestly didn’t think I’d care this much about a teapot, but I love this one. I use it every day now it just makes my whole tea routine feel a little more calming and put together. It pours so smoothly no annoying drips everywhere and I don’t have to worry about burning my hand on the handle.
It also keeps my tea warm longer than I expected, which is perfect because I’m always getting distracted and forgetting about my cup. Plus, it just looks really nice sitting on my counter it makes everything feel a bit more cozy.",20260325,durability,https://www.amazon.com/gp/customer-reviews/R1L712HFFSDN4M,False,"[{""name"":""Color"",""detail"":""Courtly Check""},{""name"":""Size"",""detail"":""2 Quarts""}]",0
B004HICOPA,B004HICOPA,https://www.amazon.com/dp/B004HICOPA,5.0,Tea pot,Bought to make pour over coffee. Love the design and color.,20260311,,https://www.amazon.com/gp/customer-reviews/R3NJPSFJGP52IJ,False,"[{""name"":""Color"",""detail"":""Courtly Check""},{""name"":""Size"",""detail"":""2 Quarts""}]",0
B004HICOPA,B004HICOPA,https://www.amazon.com/dp/B004HICOPA,4.0,MACKENZIE CHILDS TEA KETTLE,"Beautiful tea kettle, I think it is just very overpriced.",20260310,value_or_quantity,https://www.amazon.com/gp/customer-reviews/R75IHKIKW3QDR,False,"[{""name"":""Color"",""detail"":""Courtly Check""},{""name"":""Size"",""detail"":""2 Quarts""}]",0
B004HICOPA,B004HICOPA,https://www.amazon.com/dp/B004HICOPA,5.0,MacKenzie-Childs teapot,I love it!,20260302,,https://www.amazon.com/gp/customer-reviews/R1FTWLWOKVWY7Z,False,"[{""name"":""Color"",""detail"":""Courtly Check""},{""name"":""Size"",""detail"":""2 Quarts""}]",0
B004HICOPA,B0FXY487PY,https://www.amazon.com/dp/B0FXY487PY,4.0,Purple,"Unfortunately, had to return because of its color. Would like to let shoppers buying sight unseen know, while beautifully made and pretty with the dressy crystal knob, a lovely little tea kettle…and the two quart is little, the ”violet” shade is actually a quite saturated vivid purple, in my opinion, not the ethereal shade of violets alongside pastel shades of springtime as the color introduction describes. It’s straight up vivid purple.",20260211,,https://www.amazon.com/gp/customer-reviews/R1YYJYQ3NLMQNK,False,"[{""name"":""Color"",""detail"":""Violet Check""},{""name"":""Size"",""detail"":""2 Quarts""}]",3
B004HICOPA,B004HICOPA,https://www.amazon.com/dp/B004HICOPA,5.0,Beautiful,Perfect size. I‘ve always wanted one of these Tea Kettles. It arrived on time and very well wrapped.,20260208,size_fit,https://www.amazon.com/gp/customer-reviews/R2YCRPU081P9KM,False,"[{""name"":""Color"",""detail"":""Courtly Check""},{""name"":""Size"",""detail"":""2 Quarts""}]",0
B004HICOPA,B004HICOPA,https://www.amazon.com/dp/B004HICOPA,5.0,Tea kettle review,Si darn cute !,20260205,,https://www.amazon.com/gp/customer-reviews/R15GHBC774JJLP,False,"[{""name"":""Color"",""detail"":""Courtly Check""},{""name"":""Size"",""detail"":""2 Quarts""}]",1
B004HICOPA,B0DS1M67NS,https://www.amazon.com/dp/B0DS1M67NS,5.0,love it!,Cuter in real life - if that‘s possible!,20260129,,https://www.amazon.com/gp/customer-reviews/R11C6IL35BVVPG,True,"[{""name"":""Color"",""detail"":""Emerald Check""},{""name"":""Size"",""detail"":""2 Quarts""}]",0
B004HICOPA,B004FG0LWC,https://www.amazon.com/dp/B004FG0LWC,5.0,Teapot,Beautiful! Fast delivery.,20260106,,https://www.amazon.com/gp/customer-reviews/R2S3EFEKD5KZ8V,True,"[{""name"":""Color"",""detail"":""Courtly Check""},{""name"":""Size"",""detail"":""3 Quarts""}]",0
B004HICOPA,B0CV799KTC,https://www.amazon.com/dp/B0CV799KTC,5.0,So beautiful,Looks great and I bought the toaster to match itThey both look great in my kitchen I love them !!,20260105,,https://www.amazon.com/gp/customer-reviews/R9YZF0ULKEQA8,True,"[{""name"":""Color"",""detail"":""Rosy Check""},{""name"":""Size"",""detail"":""3 Quarts""}]",0
B004HICOPA,B09YWXR5SC,https://www.amazon.com/dp/B09YWXR5SC,5.0,Awesome!,This tea pot is done so well and is exactly as described order arrived when shipper said it would.,20260104,,https://www.amazon.com/gp/customer-reviews/R2CH9IL3IH4VWA,True,"[{""name"":""Color"",""detail"":""Sterling Check""},{""name"":""Size"",""detail"":""2 Quarts""}]",0
B004HICOPA,B004HICOPA,https://www.amazon.com/dp/B004HICOPA,5.0,Perfect Mackenzie Childs Tea kettle,It‘s beautiful!,20251226,,https://www.amazon.com/gp/customer-reviews/R14TQNFW74DYL1,True,"[{""name"":""Color"",""detail"":""Courtly Check""},{""name"":""Size"",""detail"":""2 Quarts""}]",0
B004HICOPA,B07PJ1QYW6,https://www.amazon.com/dp/B07PJ1QYW6,5.0,Stunning,"Gorgeous. A real stand out in my kitchen. I saw this on many sites, but I trust Amazon. Arrived quickly and packaged well. Rarely is a kitchen gadget so beautiful as well as practical.",20251223,value_or_quantity,https://www.amazon.com/gp/customer-reviews/R3BSXUAP4XUEVC,True,"[{""name"":""Color"",""detail"":""Royal Check""},{""name"":""Size"",""detail"":""2 Quarts""}]",0
B004HICOPA,B09YWPVH56,https://www.amazon.com/dp/B09YWPVH56,5.0,Timeless Beauty and Grace….,"There is nothing like a Mackenzie-Childs Tea Kettle…. I remember seeing one in a friend’s house when I was growing up, and knew that I’d have one, too, one day. I was recently reminded of this when helping a friend decorate her house and Makenzie-Childs’ fun patterns came up as an interesting pop of personality and texture to add to her kitchen decor.
Personally, I had thought of adding their pieces in our kitchen, but in my mind, the Courtly Check would not “flow well” with my cool and creamy soft tones that the room is comprised of. However, while looking for different products to include in my friend’s kitchen, I saw that they had a whole array of “new” color ways!

I was so excited and started to immediately mull over which one would be the most streamline fit, and the sterling was the winner by far! It goes so subtlety beautiful with my color scheme of cream, white and grey, along with the paint color, Sea Salt, but it especially highlights my mother-of-pearl backsplash above the oven, where it sits.

After receiving it and seeing in-person how well it worked, I happily purchased a bunch of other accessories in the sterling for my kitchen and cannot wait to see it all come together!

I believe that these pieces are a great investment because if I can remember them from when I was a kid, they have truly stood the test of time. Now that I’m older, I’m more prone to purchase items that are more everlasting than trendy…. I guess it’s partially for sentimental reasons, but there’s also something so comforting in knowing that you’re always going to love a special item rather than constantly look for the next “in” thing to replace it with.",20251205,size_fit,https://www.amazon.com/gp/customer-reviews/R27RV3HMZA5ZU6,True,"[{""name"":""Color"",""detail"":""Sterling Check""},{""name"":""Size"",""detail"":""3 Quarts""}]",6
B004HICOPA,B09YWXR5SC,https://www.amazon.com/dp/B09YWXR5SC,5.0,Mackenzie-Childs teapot,It is beautiful. Just what I expected.,20251009,,https://www.amazon.com/gp/customer-reviews/R2A2XRGEW3ETF2,True,"[{""name"":""Color"",""detail"":""Sterling Check""},{""name"":""Size"",""detail"":""2 Quarts""}]",0
B004HICOPA,B07PJ1QYW6,https://www.amazon.com/dp/B07PJ1QYW6,5.0,Great gift,"Bought as a birthday gift for my wife and she loves it. As they say…Happy wife, happy life!",20251001,,https://www.amazon.com/gp/customer-reviews/R3DFZ0GCDPUWBY,True,"[{""name"":""Color"",""detail"":""Royal Check""},{""name"":""Size"",""detail"":""2 Quarts""}]",0
B004HICOPA,B004HICOPA,https://www.amazon.com/dp/B004HICOPA,5.0,Dream come true for me,What can you say..it is great.,20250929,,https://www.amazon.com/gp/customer-reviews/R2F5EYAIU6CDOP,True,"[{""name"":""Color"",""detail"":""Courtly Check""},{""name"":""Size"",""detail"":""2 Quarts""}]",0
B004HICOPA,B09YWXR5SC,https://www.amazon.com/dp/B09YWXR5SC,3.0,"Beautiful, but not functional.","This is beautiful! Maybe I was expecting too much, thinking that it would be both functional and beautiful?! It’s not very functional… Steam/hot water fly out of the top when it starts boiling (the top doesn’t tightly fit!), and there is no whistling. Depending on what kind of stove you have, it’s actually a bit of a fire hazard. While it is beautiful, I think I need to order a new tea kettle that is actually functional as well.",20250928,size_fit,https://www.amazon.com/gp/customer-reviews/R1WNPXXL8DK2LR,True,"[{""name"":""Color"",""detail"":""Sterling Check""},{""name"":""Size"",""detail"":""2 Quarts""}]",0
B004HICOPA,B07PJ1QYW6,https://www.amazon.com/dp/B07PJ1QYW6,1.0,Buyer beware,I bought this tea kettle.  It litterly discolored and the top fell apart. Paid big money for a cheap item. Buyer beware!!,20250927,,https://www.amazon.com/gp/customer-reviews/RLJWI1A2QDGZK,False,"[{""name"":""Color"",""detail"":""Royal Check""},{""name"":""Size"",""detail"":""2 Quarts""}]",0
B004HICOPA,B0DS1M67NS,https://www.amazon.com/dp/B0DS1M67NS,2.0,Rusting on the inside,"It’s a beautiful teapot, but unfortunately, it started rusting on the inside after only a month of use. The return window is closed, which is quite disappointing since it wasn’t an expensive purchase. It shouldn’t have rusted that quickly.",20250919,value_or_quantity,https://www.amazon.com/gp/customer-reviews/R2GISNNVE6XP7B,True,"[{""name"":""Color"",""detail"":""Emerald Check""},{""name"":""Size"",""detail"":""2 Quarts""}]",0
B004HICOPA,B004HICOPA,https://www.amazon.com/dp/B004HICOPA,5.0,Besutiful,Exactly as described.  Looks so nice sitting on my stove.,20250917,,https://www.amazon.com/gp/customer-reviews/RVUWLETB3S7A,True,"[{""name"":""Color"",""detail"":""Courtly Check""},{""name"":""Size"",""detail"":""2 Quarts""}]",0
B004HICOPA,B004HICOPA,https://www.amazon.com/dp/B004HICOPA,1.0,Desperdicio de dinero lata mal pintada,Demasiado dinero para una tetera de lata mal pintada algunas cosas de esta serie realmente sólo son como las socialites no sirven para nada pero están ahí figurando no gaste tu dinero no para presumir están hechas en Vietnam ? Cuánto les pagarán al día artesanos que las malpitan?,20250912,,https://www.amazon.com/gp/customer-reviews/R214OGJ6PBX2GU,True,"[{""name"":""Color"",""detail"":""Courtly Check""},{""name"":""Size"",""detail"":""2 Quarts""}]",0
B004HICOPA,B09YWXR5SC,https://www.amazon.com/dp/B09YWXR5SC,5.0,Very good,"absolutely loved this product! The kettle heats water very quickly and makes my coffee taste amazing. The material feels high-quality, and the design is beautiful, matching perfectly with my kitchen. Highly recommend it to anyone who enjoys convenience and great coffee!”",20250903,,https://www.amazon.com/gp/customer-reviews/R1DS72JV4T978J,True,"[{""name"":""Color"",""detail"":""Sterling Check""},{""name"":""Size"",""detail"":""2 Quarts""}]",0
B004HICOPA,B09YWPVH56,https://www.amazon.com/dp/B09YWPVH56,1.0,Package Must be addressed!!!,Item came defective,20250825,,https://www.amazon.com/gp/customer-reviews/R2CVEWYM0IGGJE,True,"[{""name"":""Color"",""detail"":""Sterling Check""},{""name"":""Size"",""detail"":""3 Quarts""}]",0
B004HICOPA,B004FG0LWC,https://www.amazon.com/dp/B004FG0LWC,1.0,Rust spot on the inside after only 4 months?,"Bought this in mid April 2025 here on Amazon and by the first week of August, a small rust spot is at the bottom of the kettle on the inside. We just noticed it recently so it may have been there for a while. Not the most ergonomically useful tea kettle either. I didn’t like it to start but the developing rust spot makes it 0 stars for me. Big waste of money. We had to buy another brand.",20250813,size_fit,https://www.amazon.com/gp/customer-reviews/R1Q3Y6HGATD43Q,False,"[{""name"":""Color"",""detail"":""Courtly Check""},{""name"":""Size"",""detail"":""3 Quarts""}]",0
B004HICOPA,B004HICOPA,https://www.amazon.com/dp/B004HICOPA,5.0,Mckenzie Childs teapot,Love this teapot ordered the 3 quart first but was a little too big on the stove so I ordered the 2 quart and it‘s perfect,20250806,,https://www.amazon.com/gp/customer-reviews/R1C1FR8ZQE5W99,True,"[{""name"":""Color"",""detail"":""Courtly Check""},{""name"":""Size"",""detail"":""2 Quarts""}]",0
B004HICOPA,B004HICOPA,https://www.amazon.com/dp/B004HICOPA,5.0,Cartoon look,"I got this as a gift for somebody. She loved it because she simply wanted it. I personally like it for the color scheme, but I’m not really into the whole cartoon look.",20250804,,https://www.amazon.com/gp/customer-reviews/R3OE2IGX9MY9O9,True,"[{""name"":""Color"",""detail"":""Courtly Check""},{""name"":""Size"",""detail"":""2 Quarts""}]",0
B004HICOPA,B004HICOPA,https://www.amazon.com/dp/B004HICOPA,5.0,Beautiful,Perfectly beautiful. Was very well packaged too.,20250804,value_or_quantity,https://www.amazon.com/gp/customer-reviews/R2NI2SVMDVXEND,True,"[{""name"":""Color"",""detail"":""Courtly Check""},{""name"":""Size"",""detail"":""2 Quarts""}]",0
B004HICOPA,B004HICOPA,https://www.amazon.com/dp/B004HICOPA,4.0,It does not whistle.,"Perfect, except it does not whistle. Be sure to order the one that does. The only draw back.",20250802,,https://www.amazon.com/gp/customer-reviews/R1BLKOCNFOJIWA,True,"[{""name"":""Color"",""detail"":""Courtly Check""},{""name"":""Size"",""detail"":""2 Quarts""}]",0
B004HICOPA,B0DS1M67NS,https://www.amazon.com/dp/B0DS1M67NS,5.0,La amé 10 /10,"Es realmente hermosa le da un toque a mi cocina muy bello , me encantó la recomendaría siempre aun si no tomas té es una decoración q no te puede faltar además de q el producto es de muy buena calidad",20250731,,https://www.amazon.com/gp/customer-reviews/R2QE1AG31X0S23,True,"[{""name"":""Color"",""detail"":""Emerald Check""},{""name"":""Size"",""detail"":""2 Quarts""}]",0
B004HICOPA,B004FG0LWC,https://www.amazon.com/dp/B004FG0LWC,5.0,Beautiful,Beautiful piece. I get compliments on it all the time. I loved it so much I bought more of the set.,20250728,value_or_quantity,https://www.amazon.com/gp/customer-reviews/R2YJM8N2CU6G7Y,True,[],0
B004HICOPA,B004HICOPA,https://www.amazon.com/dp/B004HICOPA,5.0,Preciosa,Es preciosa. El pedido llegó antes de lo esperado.,20250728,,https://www.amazon.com/gp/customer-reviews/RFD3OL6477EK5,True,"[{""name"":""Color"",""detail"":""Courtly Check""},{""name"":""Size"",""detail"":""2 Quarts""}]",1
B004HICOPA,B004HICOPA,https://www.amazon.com/dp/B004HICOPA,5.0,Beautiful,Beautiful piece. I get compliments on it all the time. I loved it so much I bought more of the set.,20250728,value_or_quantity,https://www.amazon.com/gp/customer-reviews/R2YJM8N2CU6G7Y,True,[],0
B004HICOPA,B0CV7GNWFX,https://www.amazon.com/dp/B0CV7GNWFX,5.0,Beautiful,Beautiful piece. I get compliments on it all the time. I loved it so much I bought more of the set.,20250728,value_or_quantity,https://www.amazon.com/gp/customer-reviews/R2YJM8N2CU6G7Y,True,[],0
B004HICOPA,B0CV7GNWFX,https://www.amazon.com/dp/B0CV7GNWFX,5.0,Wedding gift,Beautiful tea kettle,20250726,,https://www.amazon.com/gp/customer-reviews/RWYCN0N24NMU6,False,"[{""name"":""Color"",""detail"":""Rosy Check""},{""name"":""Size"",""detail"":""2 Quarts""}]",0
B004HICOPA,B07PJ1QYW6,https://www.amazon.com/dp/B07PJ1QYW6,5.0,Design is adorable,A bit lightweight from other kettles but you pay for the design which is adorable! Reminds me of Alice In Wonderland. Haven’t used it yet but it’s so nice looking. Really stands out in my kitchen.,20250725,,https://www.amazon.com/gp/customer-reviews/R2JT0UQHSVEOCW,True,"[{""name"":""Color"",""detail"":""Royal Check""},{""name"":""Size"",""detail"":""2 Quarts""}]",0
B004HICOPA,B0CV799KTC,https://www.amazon.com/dp/B0CV799KTC,5.0,Beautiful Tea Kettle,This tea kettle looks amazing on the stove and in my kitchen.,20250724,,https://www.amazon.com/gp/customer-reviews/R1WPX3PBKR21Q4,True,"[{""name"":""Color"",""detail"":""Rosy Check""},{""name"":""Size"",""detail"":""3 Quarts""}]",0
B004HICOPA,B0CV7GNWFX,https://www.amazon.com/dp/B0CV7GNWFX,5.0,Brightens the kitchen,"When my adult daughter was asked what she wanted for her Birthday, she said that she had wanted this tea kettle for years.  Arrived on the date promised and sits on her stove top and brightens up her kitchen.",20250724,,https://www.amazon.com/gp/customer-reviews/R14K1DQYUT2N3R,True,"[{""name"":""Color"",""detail"":""Rosy Check""},{""name"":""Size"",""detail"":""2 Quarts""}]",0
B004HICOPA,B0DS1KRJB2,https://www.amazon.com/dp/B0DS1KRJB2,5.0,Gorgeous,In love with this teapot,20250721,,https://www.amazon.com/gp/customer-reviews/R2B688V0YMX4V7,True,"[{""name"":""Color"",""detail"":""Mocha Check""},{""name"":""Size"",""detail"":""3 Quarts""}]",0
B004HICOPA,B004HICOPA,https://www.amazon.com/dp/B004HICOPA,5.0,Gorgeous,In love with this teapot,20250721,,https://www.amazon.com/gp/customer-reviews/R2B688V0YMX4V7,True,[],0
B004HICOPA,B0CV7GNWFX,https://www.amazon.com/dp/B0CV7GNWFX,5.0,Gorgeous,In love with this teapot,20250721,,https://www.amazon.com/gp/customer-reviews/R2B688V0YMX4V7,True,[],0
B004HICOPA,B0CV7GNWFX,https://www.amazon.com/dp/B0CV7GNWFX,1.0,"POOR overall - Not all steel, not quality parts","LOWEST QUALITY! Thin metal, look closely, it appears to be cobbled together from old hardware parts. There are plastic gaskets at the hinges that melt. The only good quality about this is that water heats quickly because the metal is barely a millimeter thick. I‘m almost certain the only actual steel in the construction is the top, which has an insert that fits into the body of the kettle. The kettle itself seems to be a pot metal with enamel covering the fact that it is absolute garbage. Definitely cute enough to pay $20 TOPS. Otherwise, this is a complete rip off.",20250717,freshness_or_drying; size_fit; durability,https://www.amazon.com/gp/customer-reviews/R2XLHWTAXNB91A,True,"[{""name"":""Color"",""detail"":""Rosy Check""},{""name"":""Size"",""detail"":""2 Quarts""}]",2
B004HICOPA,B07PJ1QYW6,https://www.amazon.com/dp/B07PJ1QYW6,2.0,Not worth the price,"I appreciate the pattern and color. However,  the quality is abscent. Several years ago I ordered a Teapot from Mckenzie childs. It was hefty on your hand and lasted long enough for me to justify the price.This doesn‘t apply to this purchase. The price isn‘t justified by the quality.  The price is only based on the brand. Sadly, the brand is going downhill. Half the price can be justified - no more. I don‘t anticipate the Teapot will last  two yeras.",20250713,smell_or_wax; value_or_quantity,https://www.amazon.com/gp/customer-reviews/RU3ZW762P4T4C,True,"[{""name"":""Color"",""detail"":""Royal Check""},{""name"":""Size"",""detail"":""2 Quarts""}]",0
B004HICOPA,B07PJ1QYW6,https://www.amazon.com/dp/B07PJ1QYW6,5.0,Just what my wife wanted,Fast ship so cute,20250713,,https://www.amazon.com/gp/customer-reviews/R236CULN6I8U1G,True,"[{""name"":""Color"",""detail"":""Royal Check""},{""name"":""Size"",""detail"":""2 Quarts""}]",0
B004HICOPA,B004FG0LWC,https://www.amazon.com/dp/B004FG0LWC,1.0,Not friendly use,This item is not friendly use first of all if you have gas stove the handle gets very hot and the lid is so tight you have to struggle to open it . I did and it broke and there is no way you can fix . Overall it looks good but not good to use every day,20250710,,https://www.amazon.com/gp/customer-reviews/R2Q9PJVOK8MCH5,True,[],5
B004HICOPA,B004HICOPA,https://www.amazon.com/dp/B004HICOPA,1.0,Not friendly use,This item is not friendly use first of all if you have gas stove the handle gets very hot and the lid is so tight you have to struggle to open it . I did and it broke and there is no way you can fix . Overall it looks good but not good to use every day,20250710,,https://www.amazon.com/gp/customer-reviews/R2Q9PJVOK8MCH5,True,[],2
B004HICOPA,B0CV7GNWFX,https://www.amazon.com/dp/B0CV7GNWFX,1.0,Not friendly use,This item is not friendly use first of all if you have gas stove the handle gets very hot and the lid is so tight you have to struggle to open it . I did and it broke and there is no way you can fix . Overall it looks good but not good to use every day,20250710,,https://www.amazon.com/gp/customer-reviews/R2Q9PJVOK8MCH5,True,[],1
B004HICOPA,B09YWPVH56,https://www.amazon.com/dp/B09YWPVH56,5.0,Love the look! Lot of compliments,Heats up water for tea! Great decoration piece too!,20250709,,https://www.amazon.com/gp/customer-reviews/R32NFW9N6ZKHMQ,True,"[{""name"":""Color"",""detail"":""Sterling Check""},{""name"":""Size"",""detail"":""3 Quarts""}]",1
B004HICOPA,B004HICOPA,https://www.amazon.com/dp/B004HICOPA,1.0,Horrible,TRASH PRODUCT! After two uses the entire coating inside and out peeled off. Since it’s not sold thru Mackienze Childs website no one will help you!!!!! DO NOT BUY THIS JUNK,20250708,,https://www.amazon.com/gp/customer-reviews/R1JAQX0AQP4HRJ,True,"[{""name"":""Color"",""detail"":""Courtly Check""},{""name"":""Size"",""detail"":""2 Quarts""}]",1
B004HICOPA,B004HICOPA,https://www.amazon.com/dp/B004HICOPA,5.0,Nice!!,Christmas present for my DIL she loved it!,20250628,,https://www.amazon.com/gp/customer-reviews/REBKTHQ92LSIT,True,"[{""name"":""Color"",""detail"":""Courtly Check""},{""name"":""Size"",""detail"":""2 Quarts""}]",0
B004HICOPA,B004FG0LWC,https://www.amazon.com/dp/B004FG0LWC,5.0,Great volume for kettle,Great Tea Kettle! Very large for our family to use of 6 people. I love the design and how quick it can be heated. Great for family gatherings and friends night out of 18 people.,20250624,size_fit,https://www.amazon.com/gp/customer-reviews/R1DH5ZLCTXBZ62,True,"[{""name"":""Color"",""detail"":""Courtly Check""},{""name"":""Size"",""detail"":""3 Quarts""}]",0
B004HICOPA,B004FG0LWC,https://www.amazon.com/dp/B004FG0LWC,5.0,Treat Your Kitchen With Elegance,I absolutely love it!  It is beautiful and sturdy!,20250623,,https://www.amazon.com/gp/customer-reviews/RXFQ0UCZ46B3N,True,[],0
B004HICOPA,B07PJ1QYW6,https://www.amazon.com/dp/B07PJ1QYW6,5.0,Really nice,I got this for my mom despite all of the mixed reviews and she loved it. Theres a lot of people saying that the painting is not perfect and “sloppy” but that is the point. It’s supposed to look like that. Overall it was worth it,20250623,,https://www.amazon.com/gp/customer-reviews/R1JYVO6ELX7035,True,"[{""name"":""Color"",""detail"":""Royal Check""},{""name"":""Size"",""detail"":""2 Quarts""}]",0
B004HICOPA,B004HICOPA,https://www.amazon.com/dp/B004HICOPA,5.0,Treat Your Kitchen With Elegance,I absolutely love it!  It is beautiful and sturdy!,20250623,,https://www.amazon.com/gp/customer-reviews/RXFQ0UCZ46B3N,True,[],0
B004HICOPA,B0CV7GNWFX,https://www.amazon.com/dp/B0CV7GNWFX,5.0,Treat Your Kitchen With Elegance,I absolutely love it!  It is beautiful and sturdy!,20250623,,https://www.amazon.com/gp/customer-reviews/RXFQ0UCZ46B3N,True,[],0
B004HICOPA,B004HICOPA,https://www.amazon.com/dp/B004HICOPA,5.0,Perfect teapot,Great teapotHad about 2 months and no complaintsRecommended and durable,20250622,durability,https://www.amazon.com/gp/customer-reviews/R3P7BG8RIJIA44,True,"[{""name"":""Color"",""detail"":""Courtly Check""},{""name"":""Size"",""detail"":""2 Quarts""}]",0
B004HICOPA,B004FG0LWC,https://www.amazon.com/dp/B004FG0LWC,5.0,Well made,"Love, love, love",20250620,,https://www.amazon.com/gp/customer-reviews/R2TATSLQCDNR4C,True,"[{""name"":""Color"",""detail"":""Courtly Check""},{""name"":""Size"",""detail"":""3 Quarts""}]",0
B004HICOPA,B004HICOPA,https://www.amazon.com/dp/B004HICOPA,5.0,Whimsical Charm in every pour!,"I purchased this Beautiful MacKenzie Childs check teapot for a friend for her birthday and she was over the moon!  It’s super elegant and functional.  Pros:  super artistic design, conversation piece, solid craftsmanship, heats well, definitely display worthy.  Cons:  handwash only.  If you are looking for a beautiful functional teapot, this is it.",20250619,cleaning,https://www.amazon.com/gp/customer-reviews/RI3A20CVWKV6T,True,"[{""name"":""Color"",""detail"":""Courtly Check""},{""name"":""Size"",""detail"":""2 Quarts""}]",0
B004HICOPA,B0DS1M67NS,https://www.amazon.com/dp/B0DS1M67NS,1.0,Damaged Kettle,"I am extremely disappointed with my purchase. The kettle arrived not just “used,“ but completely damaged—with chipped paint, noticeable dents, and clear signs of mishandling. The packaging was careless and offered little protection, resulting in a product that is essentially ruined. I expected far better quality and care…",20250619,value_or_quantity,https://www.amazon.com/gp/customer-reviews/R3E0BKH15XRTQO,True,"[{""name"":""Color"",""detail"":""Emerald Check""},{""name"":""Size"",""detail"":""2 Quarts""}]",0
B004HICOPA,B07PJ1QYW6,https://www.amazon.com/dp/B07PJ1QYW6,5.0,Absolutely Beautiful!,This tea pot is stunning!  Great quality solid so no seams to leak.  I use it constantly.  My daughter has one I well.,20250616,,https://www.amazon.com/gp/customer-reviews/R2RDQ2VSAZX92U,True,"[{""name"":""Color"",""detail"":""Royal Check""},{""name"":""Size"",""detail"":""2 Quarts""}]",0
B004HICOPA,B09YWPVH56,https://www.amazon.com/dp/B09YWPVH56,4.0,Beauty over function,"Gorgeous and looks great on stovetop. Doesn’t whistle, takes a long time to boil water due to heat restrictions",20250616,,https://www.amazon.com/gp/customer-reviews/R3KPW4QUME2QCM,True,"[{""name"":""Color"",""detail"":""Sterling Check""},{""name"":""Size"",""detail"":""3 Quarts""}]",0
B004HICOPA,B0CV7GNWFX,https://www.amazon.com/dp/B0CV7GNWFX,5.0,The bride loved her gift,It was a shower gift and the bride absolutely loved it!,20250616,,https://www.amazon.com/gp/customer-reviews/R1OQ3WERWAZ708,True,"[{""name"":""Color"",""detail"":""Rosy Check""},{""name"":""Size"",""detail"":""2 Quarts""}]",0
B004HICOPA,B004FG0LWC,https://www.amazon.com/dp/B004FG0LWC,5.0,Looks just like the product shows. Larger also.,Beautiful with tons of compliments,20250612,,https://www.amazon.com/gp/customer-reviews/R18V7RB6P0FZVR,True,[],0
B004HICOPA,B004HICOPA,https://www.amazon.com/dp/B004HICOPA,5.0,Looks just like the product shows. Larger also.,Beautiful with tons of compliments,20250612,,https://www.amazon.com/gp/customer-reviews/R18V7RB6P0FZVR,True,[],0
B004HICOPA,B004HICOPA,https://www.amazon.com/dp/B004HICOPA,5.0,Perfect size for my stove!❤️❤️,Beautiful! 🥰 Perfect size I love it!,20250612,size_fit,https://www.amazon.com/gp/customer-reviews/R2SCFR2T14NHI0,True,"[{""name"":""Color"",""detail"":""Courtly Check""},{""name"":""Size"",""detail"":""2 Quarts""}]",0
B004HICOPA,B0CV7GNWFX,https://www.amazon.com/dp/B0CV7GNWFX,5.0,Looks just like the product shows. Larger also.,Beautiful with tons of compliments,20250612,,https://www.amazon.com/gp/customer-reviews/R18V7RB6P0FZVR,True,[],0
B004HICOPA,B004HICOPA,https://www.amazon.com/dp/B004HICOPA,1.0,The kettle is hideous.  Great lookingo in,Obviously quality control is not the mfg. strong suit!!! You cannot make it right. It’s a disaster. Great looking in the Amazon pics. Not,20250607,,https://www.amazon.com/gp/customer-reviews/R20BLT3JFMPIV,True,"[{""name"":""Color"",""detail"":""Courtly Check""},{""name"":""Size"",""detail"":""2 Quarts""}]",0
B004HICOPA,B0DS1M67NS,https://www.amazon.com/dp/B0DS1M67NS,5.0,Worth it!,"So so happy with this purchase. I’ve had my eye on this kettle for some time now. I use a pour over coffee maker and make tea daily so I was needing a kettle of great quality that will last me years. I highly recommend if you use a kettle often. But let’s be honest, even if you didn’t use a kettle too often this one is absolutely stunning just sitting on top of the stovetop. Kitchen decor at its finest. It’s beautiful, light weight, easy to clean, great functionality and heirloom quality- great durability. Worth the price in my opinion. Can’t go wrong with this one.",20250607,cleaning; value_or_quantity,https://www.amazon.com/gp/customer-reviews/R2LTIBBSG34UG7,True,"[{""name"":""Color"",""detail"":""Emerald Check""},{""name"":""Size"",""detail"":""2 Quarts""}]",0
B004HICOPA,B004HICOPA,https://www.amazon.com/dp/B004HICOPA,5.0,Good,Thank you,20250603,,https://www.amazon.com/gp/customer-reviews/R20I85ICB7ULRN,True,"[{""name"":""Color"",""detail"":""Courtly Check""},{""name"":""Size"",""detail"":""2 Quarts""}]",0
B004HICOPA,B004HICOPA,https://www.amazon.com/dp/B004HICOPA,5.0,Tea pot,It was perfect just what I expected! Very good delivery and on time.,20250602,,https://www.amazon.com/gp/customer-reviews/RD8E2QP11LECN,True,"[{""name"":""Color"",""detail"":""Courtly Check""},{""name"":""Size"",""detail"":""2 Quarts""}]",0
B004HICOPA,B004HICOPA,https://www.amazon.com/dp/B004HICOPA,5.0,As described,Beautiful tea kettle,20250601,,https://www.amazon.com/gp/customer-reviews/R31WQ5KM2917TJ,True,"[{""name"":""Color"",""detail"":""Courtly Check""},{""name"":""Size"",""detail"":""2 Quarts""}]",0
B004HICOPA,B004HICOPA,https://www.amazon.com/dp/B004HICOPA,3.0,Mackenzie Childs Tea Kettle,The black part of the tea kettle looks like it ran onto the white part which makes me wonder if this is a copy and not the real Mackenzie Childs.,20250522,,https://www.amazon.com/gp/customer-reviews/R36QH2CLPRAXY4,True,"[{""name"":""Color"",""detail"":""Courtly Check""},{""name"":""Size"",""detail"":""2 Quarts""}]",0
B004HICOPA,B004HICOPA,https://www.amazon.com/dp/B004HICOPA,3.0,A tea kettle that doesn’t whistle,It’s very cute but the disappointment is that it doesn’t whistle.  That’s what I get for assuming all kettles whistled.  Who knew!!!! #makeitmakesense,20250519,,https://www.amazon.com/gp/customer-reviews/R3K0ME5T0MGPRG,True,"[{""name"":""Color"",""detail"":""Courtly Check""},{""name"":""Size"",""detail"":""2 Quarts""}]",1
B004HICOPA,B004FG0LWC,https://www.amazon.com/dp/B004FG0LWC,5.0,As Advertised,Pretty,20250518,,https://www.amazon.com/gp/customer-reviews/R2P855ZHFCIPJS,True,"[{""name"":""Color"",""detail"":""Courtly Check""},{""name"":""Size"",""detail"":""3 Quarts""}]",1
B004HICOPA,B004HICOPA,https://www.amazon.com/dp/B004HICOPA,5.0,As Advertised,Pretty,20250518,,https://www.amazon.com/gp/customer-reviews/R2P855ZHFCIPJS,True,[],1
B004HICOPA,B004HICOPA,https://www.amazon.com/dp/B004HICOPA,5.0,Mackenzie Childs Teapot,Got this as a Mother’s Day present from my daughter. I absolutely love this!  Since it’s a collection my son in law is sending me more pieces. Yay !Btw the Amazon gift bag is so pretty!,20250512,,https://www.amazon.com/gp/customer-reviews/RH2FUOSODZNVE,False,"[{""name"":""Color"",""detail"":""Courtly Check""},{""name"":""Size"",""detail"":""2 Quarts""}]",1
B004HICOPA,B004FG0LWC,https://www.amazon.com/dp/B004FG0LWC,5.0,Lovely,This was perfect,20250507,,https://www.amazon.com/gp/customer-reviews/RF517UWF946F,True,[],1
B004HICOPA,B004HICOPA,https://www.amazon.com/dp/B004HICOPA,5.0,Lovely,This was perfect,20250507,,https://www.amazon.com/gp/customer-reviews/RF517UWF946F,True,[],1
B004HICOPA,B0DS1M67NS,https://www.amazon.com/dp/B0DS1M67NS,5.0,Lovely,This was perfect,20250507,,https://www.amazon.com/gp/customer-reviews/RF517UWF946F,True,[],1
B004HICOPA,B0CV7GNWFX,https://www.amazon.com/dp/B0CV7GNWFX,5.0,Lovely,This was perfect,20250507,,https://www.amazon.com/gp/customer-reviews/RF517UWF946F,True,[],1
B004HICOPA,B09YWXR5SC,https://www.amazon.com/dp/B09YWXR5SC,5.0,Tea time must have,Each of my daughters have this tea pot myself included it’s just the perfect addition to anyone’s kitchen.,20250424,,https://www.amazon.com/gp/customer-reviews/R3MQUWHYWG5LNH,True,"[{""name"":""Color"",""detail"":""Sterling Check""},{""name"":""Size"",""detail"":""2 Quarts""}]",0
B004HICOPA,B09YWPVH56,https://www.amazon.com/dp/B09YWPVH56,1.0,Pretty but not perfect,No whistle no dice,20250406,,https://www.amazon.com/gp/customer-reviews/R2BQV7O4YQ4A6P,True,"[{""name"":""Color"",""detail"":""Sterling Check""},{""name"":""Size"",""detail"":""3 Quarts""}]",0
B004HICOPA,B004FG0LWC,https://www.amazon.com/dp/B004FG0LWC,5.0,Wow. This tea kettle is very large.,This thing is really large. Much larger than my other kettles.,20250404,size_fit,https://www.amazon.com/gp/customer-reviews/RVNUMKWQI3IE1,True,"[{""name"":""Color"",""detail"":""Courtly Check""},{""name"":""Size"",""detail"":""3 Quarts""}]",0
B004HICOPA,B004HICOPA,https://www.amazon.com/dp/B004HICOPA,5.0,Wow. This tea kettle is very large.,This thing is really large. Much larger than my other kettles.,20250404,size_fit,https://www.amazon.com/gp/customer-reviews/RVNUMKWQI3IE1,True,[],1
B004HICOPA,B004HICOPA,https://www.amazon.com/dp/B004HICOPA,4.0,Too bad......,"This looks really good in my black kitchen and I do love it for that reason only.  Otherwise, it is not very practical.  The lid is very hard to get off.  I stopped trying and just put the water in the spout.  But for all the effort not to be able to take the lid off, it leaks steam.  So....when reaching for the not very ergonomic handle (stresses my wrist) there is a need for protection from the steam.  Too bad that it couldn‘t also be a daily user.  It seems it could still be interesting to look at and work better.  The handle would look just as nice at an angle and the lid could fit better.  So I love it and it‘s just a frivolous purchase.",20250402,freshness_or_drying; size_fit,https://www.amazon.com/gp/customer-reviews/R2P0I3XDFRQW6A,True,"[{""name"":""Color"",""detail"":""Courtly Check""},{""name"":""Size"",""detail"":""2 Quarts""}]",1
B004HICOPA,B004HICOPA,https://www.amazon.com/dp/B004HICOPA,1.0,Not the same as product actual Mackenzie-Childs Store,Missing pieces. Not same product & not boxed like original tea kettles from the actual store.Poor. Returned.,20250402,,https://www.amazon.com/gp/customer-reviews/R170MBO9MQZKY1,True,"[{""name"":""Color"",""detail"":""Courtly Check""},{""name"":""Size"",""detail"":""2 Quarts""}]",1
B004HICOPA,B004FG0LWC,https://www.amazon.com/dp/B004FG0LWC,2.0,Best ever!!,My teapot is a joy to me!!,20250401,,https://www.amazon.com/gp/customer-reviews/R31NUQV8N5ZK2L,True,[],0
B004HICOPA,B07PJ1QYW6,https://www.amazon.com/dp/B07PJ1QYW6,5.0,Happy,I love my teapot,20250401,,https://www.amazon.com/gp/customer-reviews/RUBTYX7SZZUQ8,True,"[{""name"":""Color"",""detail"":""Royal Check""},{""name"":""Size"",""detail"":""2 Quarts""}]",0
B004HICOPA,B07QR16Q5R,https://www.amazon.com/dp/B07QR16Q5R,2.0,Best ever!!,My teapot is a joy to me!!,20250401,,https://www.amazon.com/gp/customer-reviews/R31NUQV8N5ZK2L,True,"[{""name"":""Color"",""detail"":""Royal Check""},{""name"":""Size"",""detail"":""3 Quarts""}]",0
B07G1DLLHC,B07G1DLLHC,https://www.amazon.com/dp/B07G1DLLHC,5.0,Fast and kind delivery!,The quality of the item was both maintained and carried with caution :),20260427,,https://www.amazon.com/gp/customer-reviews/R3US9YO9UWSC0M,False,"[{""name"":""Color"",""detail"":""Black-and-white Courtly Check""}]",0
B07G1DLLHC,B07G1DLLHC,https://www.amazon.com/dp/B07G1DLLHC,5.0,Just love it!,Just love it… only improvement would be a silicone seal around the lid to make it air tight for other items. Not the container to use for items the can absorb moisture like flour.,20260424,moisture_or_mold,https://www.amazon.com/gp/customer-reviews/R2F6PAZF5R4OJT,False,"[{""name"":""Color"",""detail"":""Black-and-white Courtly Check""}]",0
B07G1DLLHC,B0BR48TL6V,https://www.amazon.com/dp/B0BR48TL6V,5.0,Value and product,Perfect for my coffee pods!,20260416,,https://www.amazon.com/gp/customer-reviews/R15DIJ16BKJ0CQ,False,"[{""name"":""Color"",""detail"":""Gray-and-white Sterling Check""}]",0
B07G1DLLHC,B07G1DLLHC,https://www.amazon.com/dp/B07G1DLLHC,4.0,not air tight sealing lid,"Bigger size cookie jar, great addition to my kitchen. I would have liked it even more if the lid sealed (not air tight)",20260319,size_fit,https://www.amazon.com/gp/customer-reviews/R35XTOH6X9VSMN,False,"[{""name"":""Color"",""detail"":""Black-and-white Courtly Check""}]",0
B07G1DLLHC,B07G1DLLHC,https://www.amazon.com/dp/B07G1DLLHC,5.0,Definitely worth the money,I use it for my nespresso coffee cups. But its so stylish for my kitchen. The size “ jer “ is definitely bigger then I thought it would be. It fits over 100 nespresso cups.,20260224,size_fit,https://www.amazon.com/gp/customer-reviews/R2EWXENYQOHNIU,False,"[{""name"":""Color"",""detail"":""Black-and-white Courtly Check""}]",0
B07G1DLLHC,B0BR48TL6V,https://www.amazon.com/dp/B0BR48TL6V,5.0,It’s gorgeous!,"Bigger than I imagined, but simply gorgeous!It’s great quality, the pattern and gold button is stunning! It makes my kitchen look so beautiful. I love it, and so does my husband.",20260215,,https://www.amazon.com/gp/customer-reviews/RD168BVQE1AUA,False,"[{""name"":""Color"",""detail"":""Gray-and-white Sterling Check""}]",0
B07G1DLLHC,B07G1DLLHC,https://www.amazon.com/dp/B07G1DLLHC,5.0,Beautiful,It was beautiful! Bought it as a birthday gift and she loved it.,20260120,,https://www.amazon.com/gp/customer-reviews/R2SR2WCBW8HSLF,True,"[{""name"":""Color"",""detail"":""Black-and-white Courtly Check""}]",0
B07G1DLLHC,B0BR48TL6V,https://www.amazon.com/dp/B0BR48TL6V,5.0,Always Quality,You pay the price but very good quality. Works well in my kitchen.,20260108,value_or_quantity,https://www.amazon.com/gp/customer-reviews/RF49JP24R073Q,True,"[{""name"":""Color"",""detail"":""Gray-and-white Sterling Check""}]",0
B07G1DLLHC,B07G1DLLHC,https://www.amazon.com/dp/B07G1DLLHC,5.0,Perfection!,"Perfect gift!Came packaged in manufacturers box and was in perfect condition!
This was the best Christmas present for my mom",20260107,value_or_quantity,https://www.amazon.com/gp/customer-reviews/RO3RAS8JC13D4,True,"[{""name"":""Color"",""detail"":""Black-and-white Courtly Check""}]",0
B07G1DLLHC,B07G1DLLHC,https://www.amazon.com/dp/B07G1DLLHC,5.0,Great product,"Great gift, my niece loved it. 👍",20251221,,https://www.amazon.com/gp/customer-reviews/R1S9KZV34BRNK6,True,"[{""name"":""Color"",""detail"":""Black-and-white Courtly Check""}]",0
B07G1DLLHC,B07G1DLLHC,https://www.amazon.com/dp/B07G1DLLHC,5.0,It’s so practical and beautiful.,I love MACKENZIE-CHILDS and this cookie jar was just as expected. It’s really a beautiful addition to my kitchen.,20251217,,https://www.amazon.com/gp/customer-reviews/R2BMK6WCLEXMRP,True,"[{""name"":""Color"",""detail"":""Black-and-white Courtly Check""}]",0
B07G1DLLHC,B0BR48TL6V,https://www.amazon.com/dp/B0BR48TL6V,5.0,Beautiful jar- I use for dog food!,"I love this cookie jar. It’s a beautiful design and the blue color is beautiful as well. In fact, I love this Mackenzie Childs line so much I bought almost all of the matching pieces for my kitchen!
I use it for my dogs pill pockets since I have to take them out every night, lol. It is big enough to fit an entire bag of dog food in it though, as I used it for that before.

Very high quality. Thick material, doesn’t shatter like glass would.",20251120,size_fit,https://www.amazon.com/gp/customer-reviews/R2NLNR2GHE9JR0,True,"[{""name"":""Color"",""detail"":""Gray-and-white Sterling Check""}]",1
B07G1DLLHC,B07G1DLLHC,https://www.amazon.com/dp/B07G1DLLHC,5.0,True to picture,Exactly as advertised.,20250923,,https://www.amazon.com/gp/customer-reviews/R2IR9ZYOKLJQZC,True,"[{""name"":""Color"",""detail"":""Black-and-white Courtly Check""}]",0
B07G1DLLHC,B07G1DLLHC,https://www.amazon.com/dp/B07G1DLLHC,5.0,Marika,Absolutely beautiful.,20250910,,https://www.amazon.com/gp/customer-reviews/R13KFNCRC5XVM9,True,"[{""name"":""Color"",""detail"":""Black-and-white Courtly Check""}]",0
B07G1DLLHC,B07G1DLLHC,https://www.amazon.com/dp/B07G1DLLHC,1.0,NOT AIRTIGHT AS STATED!,"I love Mackenzie Child items. But I finally splurged on this cookie jar that I’ve been eyeing for years. The description stated that it was airtight, but the lid came with no gasket, leaving it open to the air and stale cookies. For $90 I was surprised to find this to be the case. I can get an airtight glass cookie jar for a fraction of the price, so this is going back unfortunately.",20250831,freshness_or_drying; durability; value_or_quantity,https://www.amazon.com/gp/customer-reviews/R2NI5HB6S2GDH9,True,"[{""name"":""Color"",""detail"":""Black-and-white Courtly Check""}]",0
B07G1DLLHC,B07G1DLLHC,https://www.amazon.com/dp/B07G1DLLHC,5.0,Perfect,Gorgeous and shipped fast. Faster than the website.,20250804,,https://www.amazon.com/gp/customer-reviews/R1U3OGHP1GUVDP,True,"[{""name"":""Color"",""detail"":""Black-and-white Courtly Check""}]",0
B07G1DLLHC,B07G1DLLHC,https://www.amazon.com/dp/B07G1DLLHC,5.0,Love this!!!,"Great price, great piece, love the size…",20250726,size_fit; value_or_quantity,https://www.amazon.com/gp/customer-reviews/RXDQLEY9NQLYX,True,"[{""name"":""Color"",""detail"":""Black-and-white Courtly Check""}]",0
B07G1DLLHC,B07G1DLLHC,https://www.amazon.com/dp/B07G1DLLHC,1.0,It’s a lovely piece that was not packed securely,Broken into many pieces in shipping,20250721,durability,https://www.amazon.com/gp/customer-reviews/RXTU96K5MN5UI,True,[],0
B07G1DLLHC,B0CV7P7ZY4,https://www.amazon.com/dp/B0CV7P7ZY4,2.0,Overpriced,Why did you pick this product vs others?:Quality does not match the price.,20250715,value_or_quantity,https://www.amazon.com/gp/customer-reviews/R1A6HL6UYXVR88,True,"[{""name"":""Color"",""detail"":""Pink-and-white Rosy Check""}]",0
B07G1DLLHC,B07G1DLLHC,https://www.amazon.com/dp/B07G1DLLHC,5.0,Glad we added this one,Very nice 1gal great deal,20250702,,https://www.amazon.com/gp/customer-reviews/R2I02Q2XP5W8BI,True,"[{""name"":""Color"",""detail"":""Black-and-white Courtly Check""}]",0
B07G1DLLHC,B07G1DLLHC,https://www.amazon.com/dp/B07G1DLLHC,5.0,It adds class to our kitchen and looks great on the marble countertops.,We absolutely love it.,20250614,,https://www.amazon.com/gp/customer-reviews/R3SDS2WSQQEWVS,True,[],0
B07G1DLLHC,B07G1DLLHC,https://www.amazon.com/dp/B07G1DLLHC,4.0,"Stylish Storage with a Catch — Beautiful, But Not Airtight","I recently purchased the MACKENZIE-CHILDS Cookie Jar with Enamel Lid in the Gray-and-White Sterling Check, and while the design is absolutely charming, I was left a bit disappointed. The color scheme fits perfectly with my kitchen decor, and the craftsmanship is what you’d expect from MacKenzie-Childs — elegant, whimsical, and visually striking.One thing I will say right away: it was packaged extremely well. Everything arrived in perfect condition, securely wrapped and protected — a clear sign of the brand’s attention to detail and care in shipping.However, the functionality didn’t quite meet my expectations. The jar lacks a gasket or any kind of airtight seal, which is a big miss for something marketed as a cookie jar. Unfortunately, that means anything perishable like cookies, crackers, or baked goods will go stale fairly quickly.Because of this, I’ve decided to repurpose it for individually wrapped snacks. It still looks great on the counter, but it’s definitely more form than function. I had originally planned on buying the full canister set to match, but now I’m hesitant. If those canisters also lack a proper seal, I’m afraid I’ll run into the same issue — and that just doesn’t work for everyday kitchen storage.",20250613,freshness_or_drying; size_fit; value_or_quantity,https://www.amazon.com/gp/customer-reviews/R1SUSJX5515S8S,True,[],1
B07G1DLLHC,B0BR48TL6V,https://www.amazon.com/dp/B0BR48TL6V,4.0,"Stylish Storage with a Catch — Beautiful, But Not Airtight","I recently purchased the MACKENZIE-CHILDS Cookie Jar with Enamel Lid in the Gray-and-White Sterling Check, and while the design is absolutely charming, I was left a bit disappointed. The color scheme fits perfectly with my kitchen decor, and the craftsmanship is what you’d expect from MacKenzie-Childs — elegant, whimsical, and visually striking.One thing I will say right away: it was packaged extremely well. Everything arrived in perfect condition, securely wrapped and protected — a clear sign of the brand’s attention to detail and care in shipping.However, the functionality didn’t quite meet my expectations. The jar lacks a gasket or any kind of airtight seal, which is a big miss for something marketed as a cookie jar. Unfortunately, that means anything perishable like cookies, crackers, or baked goods will go stale fairly quickly.Because of this, I’ve decided to repurpose it for individually wrapped snacks. It still looks great on the counter, but it’s definitely more form than function. I had originally planned on buying the full canister set to match, but now I’m hesitant. If those canisters also lack a proper seal, I’m afraid I’ll run into the same issue — and that just doesn’t work for everyday kitchen storage.",20250613,freshness_or_drying; size_fit; value_or_quantity,https://www.amazon.com/gp/customer-reviews/R1SUSJX5515S8S,True,"[{""name"":""Color"",""detail"":""Gray-and-white Sterling Check""}]",0
B07G1DLLHC,B07G1DLLHC,https://www.amazon.com/dp/B07G1DLLHC,5.0,Satisfied,Well packaged and insulated by bubble wrap.  Prompt shipping.,20250605,value_or_quantity,https://www.amazon.com/gp/customer-reviews/R2X9XL4Q43GZU6,True,"[{""name"":""Color"",""detail"":""Black-and-white Courtly Check""}]",0
B07G1DLLHC,B07G1DLLHC,https://www.amazon.com/dp/B07G1DLLHC,1.0,Cheap product.,"I couldn’t wait to get the cookie jar. I was so excited when it got here, but returned it. The glass is cheap. It’s got the line through it.and label reads from China and the lid labels from Taiwan. The lid, the gold part is a dull gold compare your lids and you’ll see what I’m talking about. It sure did not match my teapot very disappointed. The one on the left is my teapot lid. The one on the right belongs to the cookie jar. You can see some shine, but that’s just the lighting in the kitchen. For those that are happy with their purchase have you checked the lid if the gold is the same you were probably just too excited to get the cookie jar..",20250602,,https://www.amazon.com/gp/customer-reviews/R3OGV8FHAXY95S,True,[],0
B07G1DLLHC,B0BR48TL6V,https://www.amazon.com/dp/B0BR48TL6V,1.0,Cheap product.,"I couldn’t wait to get the cookie jar. I was so excited when it got here, but returned it. The glass is cheap. It’s got the line through it.and label reads from China and the lid labels from Taiwan. The lid, the gold part is a dull gold compare your lids and you’ll see what I’m talking about. It sure did not match my teapot very disappointed. The one on the left is my teapot lid. The one on the right belongs to the cookie jar. You can see some shine, but that’s just the lighting in the kitchen. For those that are happy with their purchase have you checked the lid if the gold is the same you were probably just too excited to get the cookie jar..",20250602,,https://www.amazon.com/gp/customer-reviews/R3OGV8FHAXY95S,True,"[{""name"":""Color"",""detail"":""Gray-and-white Sterling Check""}]",0
B07G1DLLHC,B0CV7P7ZY4,https://www.amazon.com/dp/B0CV7P7ZY4,3.0,Mackenzie And Child,Don’t know if it’s safe to put food items that aren’t wrapped there is no seal…,20250517,,https://www.amazon.com/gp/customer-reviews/R2XL0R4U00QPFQ,True,"[{""name"":""Color"",""detail"":""Pink-and-white Rosy Check""}]",0
B07G1DLLHC,B07G1DLLHC,https://www.amazon.com/dp/B07G1DLLHC,1.0,Misleading description,"Don‘t buy it! It is not airtight as described. For the price, it should be!",20250510,freshness_or_drying; value_or_quantity,https://www.amazon.com/gp/customer-reviews/R26UC75PZSICCC,True,"[{""name"":""Color"",""detail"":""Black-and-white Courtly Check""}]",0
B07G1DLLHC,B07G1DLLHC,https://www.amazon.com/dp/B07G1DLLHC,3.0,"Great jar, no freshness seal.","The MK cookie jar came very well packaged and shipping was quick.The lid is beautifully done, very attractive and compliments the kitchen decor but stands out and calls attention to the cookie jar.The glass jar seems to be thin which is concerning.The lid doesn‘t have a freshness seal like the cannisters do.  We‘ve found after a few days the cookies are hard as little rocks so we started putting the cookies in a zip lock bag to keep them fresh, which takes away from the appearance of the cookie jar.For the price, would it be so difficult to provide a lid that has a freshness seal?",20250423,freshness_or_drying; durability; value_or_quantity,https://www.amazon.com/gp/customer-reviews/R3AAEUZJZMHS8N,True,"[{""name"":""Color"",""detail"":""Black-and-white Courtly Check""}]",0
B07G1DLLHC,B07G1DLLHC,https://www.amazon.com/dp/B07G1DLLHC,5.0,mackenzie cookie jar,beautiful well packed and quick delivery,20250421,value_or_quantity,https://www.amazon.com/gp/customer-reviews/R2OHYCD5AG277Q,True,"[{""name"":""Color"",""detail"":""Black-and-white Courtly Check""}]",0
B07G1DLLHC,B07G1DLLHC,https://www.amazon.com/dp/B07G1DLLHC,5.0,Candy jar,Luv!😂🌷✌️💖,20250412,,https://www.amazon.com/gp/customer-reviews/R2CJQ7P79C1DND,True,"[{""name"":""Color"",""detail"":""Black-and-white Courtly Check""}]",0
B07G1DLLHC,B07G1DLLHC,https://www.amazon.com/dp/B07G1DLLHC,5.0,Beautiful!,So pretty! I bought for my Daughter in law  bridal shower gift! She loved it! Just starting her Mckenzie Childs Collection!,20250407,,https://www.amazon.com/gp/customer-reviews/R16131MMG8HGHJ,True,[],0
B07G1DLLHC,B07G1DLLHC,https://www.amazon.com/dp/B07G1DLLHC,4.0,Cute but overpriced,"I love this cookie jar  it‘s so adorable  the only thing I don‘t like the seam that it has on the glass down the center  usually you see this with cheep glass  for the price I expected better, in addition it doesn‘t have a seal for freshness  or to keep it air tight  it‘s just glass on metal. Also the cap is loose  definitely over priced for the quality. I gave it four stars because eit is pretty only",20250214,freshness_or_drying; value_or_quantity,https://www.amazon.com/gp/customer-reviews/R3A5G90Y5U5X18,True,"[{""name"":""Color"",""detail"":""Black-and-white Courtly Check""}]",1
B07G1DLLHC,B07G1DLLHC,https://www.amazon.com/dp/B07G1DLLHC,5.0,Beautiful,So quick and beautiful!,20250207,,https://www.amazon.com/gp/customer-reviews/RF0QKL7RTJ1WM,True,[],0
B07G1DLLHC,B07G1DLLHC,https://www.amazon.com/dp/B07G1DLLHC,5.0,must have,"love my mackenzie childs and wanted this  piece for my pantry to hold my honey buns lol  , i have another one also..these are the best cookie jar or honey bun jar ever.. For you Mk lovers this is a must have.  came well packed and got it super quick..",20250131,value_or_quantity,https://www.amazon.com/gp/customer-reviews/R1OQBSPM85M505,True,"[{""name"":""Color"",""detail"":""Black-and-white Courtly Check""}]",0
B07G1DLLHC,B07G1DLLHC,https://www.amazon.com/dp/B07G1DLLHC,5.0,Love this courtly pattern,"So far, am using it for a candy jar.",20250127,,https://www.amazon.com/gp/customer-reviews/R3SW5CBCY79KH3,True,"[{""name"":""Color"",""detail"":""Black-and-white Courtly Check""}]",0
B07G1DLLHC,B07G1DLLHC,https://www.amazon.com/dp/B07G1DLLHC,2.0,My opinion,"A little bit on a cheap side, not impressed with the quality",20250122,,https://www.amazon.com/gp/customer-reviews/R37IPPOPW6S62A,True,"[{""name"":""Color"",""detail"":""Black-and-white Courtly Check""}]",0
B07G1DLLHC,B004EHKU50,https://www.amazon.com/dp/B004EHKU50,5.0,Q es los mas bello y lo mas bonito que e visto en mi vida,Me encanto el producto  una belleza,20250118,,https://www.amazon.com/gp/customer-reviews/RA1PKUAX75FMK,True,"[{""name"":""Color"",""detail"":""White Flower Market""}]",0
B07G1DLLHC,B07G1DLLHC,https://www.amazon.com/dp/B07G1DLLHC,1.0,Cookie Jar buy Mackenzie Childs,No seal for it.And for the price Not worth it if I don’t have a seal,20250115,value_or_quantity,https://www.amazon.com/gp/customer-reviews/R3FEEDIR1CNZ3B,True,"[{""name"":""Color"",""detail"":""Black-and-white Courtly Check""}]",2
B07G1DLLHC,B07G1DLLHC,https://www.amazon.com/dp/B07G1DLLHC,5.0,This was a gift,This glass canister was so well packed! I was concerned ordering at the holidays packages sometimes aren’t as carefully delivered. It came enclosed in very thick packing and was a beautiful gift.,20250106,value_or_quantity,https://www.amazon.com/gp/customer-reviews/R29VRQNU3O18SD,True,[],1
B07G1DLLHC,B07G1DLLHC,https://www.amazon.com/dp/B07G1DLLHC,5.0,perfect gift,Mackenzie - Childs who doesn‘t like receiving ,20241212,,https://www.amazon.com/gp/customer-reviews/R2GLDGMKJ5K4ET,True,"[{""name"":""Color"",""detail"":""Black-and-white Courtly Check""}]",0
B07G1DLLHC,B07G1DLLHC,https://www.amazon.com/dp/B07G1DLLHC,5.0,Bfalk,Quality product.,20241027,,https://www.amazon.com/gp/customer-reviews/REOM2QGER3HB2,False,"[{""name"":""Color"",""detail"":""Black-and-white Courtly Check""}]",0
B07G1DLLHC,B07G1DLLHC,https://www.amazon.com/dp/B07G1DLLHC,5.0,"My cookie jar is very beautiful, and stylish.","I give it a five out of five, it enhances my Tea pot. I love McKenzie Child’s products.",20241024,,https://www.amazon.com/gp/customer-reviews/RU09R8MU7J06W,True,"[{""name"":""Color"",""detail"":""Black-and-white Courtly Check""}]",0
B07G1DLLHC,B07G1DLLHC,https://www.amazon.com/dp/B07G1DLLHC,5.0,It’s just what I imagined,Beautiful and perfect,20240715,,https://www.amazon.com/gp/customer-reviews/R1GGMSYS7HZNQI,True,"[{""name"":""Color"",""detail"":""Black-and-white Courtly Check""}]",0
B07G1DLLHC,B004EHKU50,https://www.amazon.com/dp/B004EHKU50,5.0,Beautiful,Bought it as a gift and it’s beautiful and matches the rest of the set.,20240525,value_or_quantity,https://www.amazon.com/gp/customer-reviews/R17C70K6OZY1GM,True,"[{""name"":""Color"",""detail"":""White Flower Market""}]",0
B07G1DLLHC,B07G1DLLHC,https://www.amazon.com/dp/B07G1DLLHC,5.0,Beautiful!,We LOVE Mackenzie Child and these were the perfect containers for our dog station! We put our dogs bones in them and love that it dresses up our counter in our mud room!,20231113,,https://www.amazon.com/gp/customer-reviews/R1U0ECBH22NIKF,True,"[{""name"":""Color"",""detail"":""Black-and-white Courtly Check""}]",0
B07G1DLLHC,B07G1DLLHC,https://www.amazon.com/dp/B07G1DLLHC,5.0,Just a wonderful thing to see. Stylish in every way,Nothing better,20210315,,https://www.amazon.com/gp/customer-reviews/R3ME82J7K6EITT,True,"[{""name"":""Color"",""detail"":""Black-and-white Courtly Check""}]",0
B07G1DLLHC,B07G1DLLHC,https://www.amazon.com/dp/B07G1DLLHC,5.0,Versatile candy or cookie jar!,"GREAT BRAND, nicely made.",20200817,,https://www.amazon.com/gp/customer-reviews/RS06CDEK2QURN,True,"[{""name"":""Color"",""detail"":""Black-and-white Courtly Check""}]",0
B07G1DLLHC,B07G1DLLHC,https://www.amazon.com/dp/B07G1DLLHC,1.0,DEFECTIVE LID,Lid had a chink out of enamel on lower edge.,20200522,,https://www.amazon.com/gp/customer-reviews/R1BRL7VBC0CBHX,True,"[{""name"":""Color"",""detail"":""Black-and-white Courtly Check""}]",1
B07G1DLLHC,B004EHKU50,https://www.amazon.com/dp/B004EHKU50,5.0,Love This Cookie Jar,"This jar is beautiful and you can always see what is in it, very happy.",20191112,,https://www.amazon.com/gp/customer-reviews/R2KAWEP8TDIZ4C,True,"[{""name"":""Color"",""detail"":""White Flower Market""}]",0
B07G1DLLHC,B07G1DLLHC,https://www.amazon.com/dp/B07G1DLLHC,1.0,Poor quality,Top slides no freshness seal,20190717,freshness_or_drying,https://www.amazon.com/gp/customer-reviews/R3VFA8E6K10H58,True,"[{""name"":""Color"",""detail"":""Black-and-white Courtly Check""}]",4
B07G1DLLHC,B004EHKU50,https://www.amazon.com/dp/B004EHKU50,5.0,Great cookie jar!,My wife just loves it and I am happy that I brought for her!,20190701,,https://www.amazon.com/gp/customer-reviews/R11AKZ0VNVMQR1,True,"[{""name"":""Color"",""detail"":""White Flower Market""}]",0
B07G1DLLHC,B07G1DLLHC,https://www.amazon.com/dp/B07G1DLLHC,4.0,Nice addition to decor,Looks great on counter,20190616,,https://www.amazon.com/gp/customer-reviews/RC8F23XMRROJI,True,"[{""name"":""Color"",""detail"":""Black-and-white Courtly Check""}]",0
B07G1DLLHC,B07G1DLLHC,https://www.amazon.com/dp/B07G1DLLHC,1.0,Made in China Junk,"Don‘t appreciate the lie by Wiliiams Sonoma / Mackenzie Childs that this is made in the USA. They even place a Made in USA sticker on the box. However, the glass jar has a Made in Indonesia sticker and the lid has a Made in China sticker. Please explain how this is made in USA  Feels like junk.",20190607,,https://www.amazon.com/gp/customer-reviews/R3HXN140C97MLA,False,"[{""name"":""Color"",""detail"":""Black-and-white Courtly Check""}]",4
B07G1DLLHC,B004EHKU50,https://www.amazon.com/dp/B004EHKU50,5.0,Holds a lot of cookies,Just beautiful!,20190518,,https://www.amazon.com/gp/customer-reviews/R1M2TB46D05U5M,True,"[{""name"":""Color"",""detail"":""White Flower Market""}]",4
B07G1DLLHC,B07G1DLLHC,https://www.amazon.com/dp/B07G1DLLHC,5.0,Great purchase!,Exactly what I wanted I love it and it was delivered very quickly! Thank you,20190215,,https://www.amazon.com/gp/customer-reviews/RPUHWL8ZKZTJ,True,"[{""name"":""Color"",""detail"":""Black-and-white Courtly Check""}]",1
B07G1DLLHC,B004EHKU50,https://www.amazon.com/dp/B004EHKU50,5.0,Beautiful,Bought as a gift! My Grand Daughter loved it!,20181219,,https://www.amazon.com/gp/customer-reviews/RKIUJHUSPJI2N,True,"[{""name"":""Color"",""detail"":""White Flower Market""}]",0
B07G1DLLHC,B004EHKU50,https://www.amazon.com/dp/B004EHKU50,5.0,This cookie jar is great,I purchased several of these as gifts as well as for myself.  They are very pretty and very practical as well.,20140111,,https://www.amazon.com/gp/customer-reviews/R31BL0JMJ9LS71,True,"[{""name"":""Color"",""detail"":""White Flower Market""}]",0
B07QMTNWHV,B09YX3WRS7,https://www.amazon.com/dp/B09YX3WRS7,5.0,Can‘t wait to use yellow roses!,Looks beautiful with my flowers each week!,20260428,,https://www.amazon.com/gp/customer-reviews/R106G837I95CCJ,False,"[{""name"":""Color"",""detail"":""Sterling Check""}]",0
B07QMTNWHV,B0CV79GD2K,https://www.amazon.com/dp/B0CV79GD2K,5.0,Best product ever.,"I love this, it elegant.",20260427,,https://www.amazon.com/gp/customer-reviews/RALDJ2WZK5F7Y,False,"[{""name"":""Color"",""detail"":""Rosy Check""}]",0
B07QMTNWHV,B07QMTNWHV,https://www.amazon.com/dp/B07QMTNWHV,5.0,Great Find!,"While you may be paying for the name brand, the quality is 100% there. Great piece and such a fun way to add some verity to your kitchen.",20260423,,https://www.amazon.com/gp/customer-reviews/R3FTBD0QQ0F0HF,False,"[{""name"":""Color"",""detail"":""Royal Check""}]",1
B07QMTNWHV,B0CV79GD2K,https://www.amazon.com/dp/B0CV79GD2K,5.0,Love this beautiful piece!,I love this piece. It goes perfectly in my kitchen.,20260418,,https://www.amazon.com/gp/customer-reviews/R1UUX3Q2CQBRUJ,False,"[{""name"":""Color"",""detail"":""Rosy Check""}]",0
B07QMTNWHV,B0CV79GD2K,https://www.amazon.com/dp/B0CV79GD2K,5.0,Cute set,"Finally got it so cute could be a little more space inside to hold more utensils, but cute",20260324,,https://www.amazon.com/gp/customer-reviews/R3GWS769E6HJJK,False,"[{""name"":""Color"",""detail"":""Rosy Check""}]",0
B07QMTNWHV,B0F5S4T1FH,https://www.amazon.com/dp/B0F5S4T1FH,5.0,"Color, size & beautiful MacKensie utensil holder",This is a Beautiful design from MacKensie Childs. Display your utensils in style!,20260314,,https://www.amazon.com/gp/customer-reviews/RKL330HJVPJTM,False,"[{""name"":""Color"",""detail"":""Brown Wild Rose""}]",0
B07QMTNWHV,B09YX3WRS7,https://www.amazon.com/dp/B09YX3WRS7,5.0,Looks great. Very stylish,These look great and very stylish,20260313,,https://www.amazon.com/gp/customer-reviews/RB1OW9ZH7SYL3,False,"[{""name"":""Color"",""detail"":""Sterling Check""}]",0
B07QMTNWHV,B0FY2KW51W,https://www.amazon.com/dp/B0FY2KW51W,5.0,Purple Perfection,Perfect for collectors of MC or newbies and it’s practical for different uses! It’s technically a utensil holder but I’m using it to store my coffee pods. I can see using it as a vase also! It’s midsize so items stored shouldn’t be bulky. It did feel a bit thin. But still sturdy and easy to use and clean. Adds a pop of color and whimsy to your kitchen if that’s your style!,20260302,cleaning; size_fit,https://www.amazon.com/gp/customer-reviews/R3P4UNBJX9I8AL,False,"[{""name"":""Color"",""detail"":""Violet Check""}]",0
B07QMTNWHV,B0DS1L5TZP,https://www.amazon.com/dp/B0DS1L5TZP,5.0,"Dear reader, it‘s expensive & worth it!",Pointing to the canister in question for size reference next to the medium size canister. It is absolutely gorgeous and elevates my small and old kitchen space easily. It‘s the kitchen facelift I needed. So happy and satisfied with my purchase. Shipping took a little over a week. But this piece Is sold out elsewhere so I am very happy with the wait & it was delivered with care.,20260227,size_fit,https://www.amazon.com/gp/customer-reviews/R2YAS7DCXYB00Y,False,"[{""name"":""Color"",""detail"":""Mocha Check""}]",0
B07QMTNWHV,B0DS1L5TZP,https://www.amazon.com/dp/B0DS1L5TZP,5.0,Great kitchen decor,So pretty great quality! Love McKenzie Childs,20260220,,https://www.amazon.com/gp/customer-reviews/RBFM1W2G30TQB,False,"[{""name"":""Color"",""detail"":""Mocha Check""}]",0
B07QMTNWHV,B07QMTNWHV,https://www.amazon.com/dp/B07QMTNWHV,5.0,Beautiful utensil holder!,"I love everything Mackenzie Childs especially this royal utensil holder! It’s gorgeous and beautifully made. Adds so much to my kitchen, is the perfect height and holds all of the utensils I need! Couldn’t be more pleased!",20260123,,https://www.amazon.com/gp/customer-reviews/RO25PI5ZETPSH,True,"[{""name"":""Color"",""detail"":""Royal Check""}]",0
B07QMTNWHV,B09YX3WRS7,https://www.amazon.com/dp/B09YX3WRS7,5.0,Elegant Container,Perfect!,20260109,,https://www.amazon.com/gp/customer-reviews/R3D4E9FAYAQK3F,True,"[{""name"":""Color"",""detail"":""Sterling Check""}]",0
B07QMTNWHV,B0F5S4T1FH,https://www.amazon.com/dp/B0F5S4T1FH,5.0,LOVE,Love love love this MacKenzie Child print! I was so happy when my husband surprised me and we added to our collection. It looks so beautiful on my kitchen counter.,20251229,,https://www.amazon.com/gp/customer-reviews/R3J54RXVPBQCDI,False,"[{""name"":""Color"",""detail"":""Brown Wild Rose""}]",2
B07QMTNWHV,B0CV79GD2K,https://www.amazon.com/dp/B0CV79GD2K,5.0,Would purchase again!,"Purchased for bridal shower gift. First experience with Mackenzie-Childs and while it’s still overpriced, it was nicer in person than I expected. The bride was thrilled so that’s all that really matters.",20251224,value_or_quantity,https://www.amazon.com/gp/customer-reviews/RUK14ORHKH69A,True,"[{""name"":""Color"",""detail"":""Rosy Check""}]",0
B07QMTNWHV,B07QMTNWHV,https://www.amazon.com/dp/B07QMTNWHV,5.0,Pretty holder,The best utensils holder & so pretty.,20251220,,https://www.amazon.com/gp/customer-reviews/R1AR3809GIEMYP,True,"[{""name"":""Color"",""detail"":""Royal Check""}]",1
B07QMTNWHV,B07QMTNWHV,https://www.amazon.com/dp/B07QMTNWHV,5.0,"The Perfect Finishing Touch for a Luxe, Pristine Kitchen!","I purchased this MacKenzie-Childs utensil holder along with the entire matching canister set, and it completely transformed my kitchen. The hand-painted blue-and-white checks add the perfect pop of color against my white countertops and backsplash, creating such a pristine, luxurious look.
The utensil holder itself is beautifully made—substantial, sturdy, and elegant. The gold trim and brass nameplate give it that high-end feel you just don’t find anywhere else. It holds a generous amount of wooden utensils without tipping or wobbling, and it looks like a designer piece sitting right next to my stove.

Styling the full set together truly made my whole kitchen look polished and intentional. These pieces are functional, but honestly… they’re kitchen jewelry. I absolutely love the way they elevate the space.",20251213,value_or_quantity,https://www.amazon.com/gp/customer-reviews/R3MJCFDB3L81UL,True,"[{""name"":""Color"",""detail"":""Royal Check""}]",3
B07QMTNWHV,B0CV79GD2K,https://www.amazon.com/dp/B0CV79GD2K,5.0,Adds beauty and enhance the aesthetic of a space,I’m currently using it as a floral arrangement vase. Beautiful 🥰 seeing it before going to bed (🌙) and waking up in the morning (☀️).,20250911,,https://www.amazon.com/gp/customer-reviews/R3KWHF6TO8G058,True,"[{""name"":""Color"",""detail"":""Rosy Check""}]",1
B07QMTNWHV,B07QMTNWHV,https://www.amazon.com/dp/B07QMTNWHV,5.0,Blue check McKenzie Childs,Beautiful color! Love all of McKenzie Childs!!!! It was packaged very well and arrived on time.,20250830,value_or_quantity,https://www.amazon.com/gp/customer-reviews/R1W32LHHJSONMD,True,"[{""name"":""Color"",""detail"":""Royal Check""}]",0
B07QMTNWHV,B0CV79GD2K,https://www.amazon.com/dp/B0CV79GD2K,1.0,Don’t waste your money,Stained and ugly,20250824,cleaning,https://www.amazon.com/gp/customer-reviews/R3K7NIT9JUIDT2,True,"[{""name"":""Color"",""detail"":""Rosy Check""}]",1
B07QMTNWHV,B0DS1LZFD4,https://www.amazon.com/dp/B0DS1LZFD4,5.0,⭐️⭐️⭐️⭐️⭐️ Obsessed with This Utensil Holder!,"I purchased the MACKENZIE-CHILDS Enamel Utensil Holder in the green-and-white Emerald Check, and I am completely obsessed. It’s both functional and stunning—a true statement piece on my countertop. The quality is exceptional, and it instantly adds charm and character to my kitchen. Now I want the whole collection!",20250809,,https://www.amazon.com/gp/customer-reviews/R5CT9K0MGWH4S,True,"[{""name"":""Color"",""detail"":""Emerald Check""}]",0
B07QMTNWHV,B07QMTNWHV,https://www.amazon.com/dp/B07QMTNWHV,5.0,Cutest flower vase!,Got as a gift for my aunt as a flower vase and she loved!,20250808,,https://www.amazon.com/gp/customer-reviews/R2X11027UV71WE,True,"[{""name"":""Color"",""detail"":""Royal Check""}]",0
B07QMTNWHV,B09YX3WRS7,https://www.amazon.com/dp/B09YX3WRS7,5.0,Gorgeous,Absolutely gorgeous!! Didn’t realize it was tin material but still love!,20250802,,https://www.amazon.com/gp/customer-reviews/RLEGR8QFW7IZE,True,[],0
B07QMTNWHV,B0CV79GD2K,https://www.amazon.com/dp/B0CV79GD2K,5.0,Utensil Holder,Beautiful utensil holder. Looks great in the kitchen.,20250724,,https://www.amazon.com/gp/customer-reviews/R2KEV7GM45MB1E,True,"[{""name"":""Color"",""detail"":""Rosy Check""}]",0
B07QMTNWHV,B07QMTNWHV,https://www.amazon.com/dp/B07QMTNWHV,4.0,As expected,Beautiful but overpriced,20250703,value_or_quantity,https://www.amazon.com/gp/customer-reviews/R171GZW1ZC9VRO,True,"[{""name"":""Color"",""detail"":""Royal Check""}]",0
B07QMTNWHV,B07QMTNWHV,https://www.amazon.com/dp/B07QMTNWHV,5.0,Tin,Beautiful but made of tin which surprised me.,20250612,,https://www.amazon.com/gp/customer-reviews/R3NN108KKXWEJ,True,"[{""name"":""Color"",""detail"":""Royal Check""}]",0
B07QMTNWHV,B09YX3WRS7,https://www.amazon.com/dp/B09YX3WRS7,5.0,New Collector,I fell in love with the mocha color of Mackenzie Childs.  Its immediately become one of my favorite pieces and proudly displayed on my counter. I‘ve used it as a vase on my mantle at first and it was just as beautiful so I‘ll probably get another one in another color.,20250605,,https://www.amazon.com/gp/customer-reviews/R1M2RHTPSH9SQZ,True,[],0
B07QMTNWHV,B0DS1LZFD4,https://www.amazon.com/dp/B0DS1LZFD4,5.0,New Collector,I fell in love with the mocha color of Mackenzie Childs.  Its immediately become one of my favorite pieces and proudly displayed on my counter. I‘ve used it as a vase on my mantle at first and it was just as beautiful so I‘ll probably get another one in another color.,20250605,,https://www.amazon.com/gp/customer-reviews/R1M2RHTPSH9SQZ,True,[],0
B07QMTNWHV,B0DS1LZFD4,https://www.amazon.com/dp/B0DS1LZFD4,5.0,Chic Home decor,"McKenzie Child’s my favorite brand for home decor, authentic, elegant. It came just in time!! I love this product on my kitchen, it looks chic!!!",20250526,,https://www.amazon.com/gp/customer-reviews/R42DQKSZ5V6SK,True,[],1
B07QMTNWHV,B09YX3WRS7,https://www.amazon.com/dp/B09YX3WRS7,5.0,Beautiful,Love it,20250522,,https://www.amazon.com/gp/customer-reviews/R3R19KJOTLYVMG,True,"[{""name"":""Color"",""detail"":""Sterling Check""}]",0
B07QMTNWHV,B09YX3WRS7,https://www.amazon.com/dp/B09YX3WRS7,5.0,Metal utensil holder,Matches perfectly with teapot love that it is metal.,20250518,,https://www.amazon.com/gp/customer-reviews/RQ4LKOTBY0Z4X,True,"[{""name"":""Color"",""detail"":""Sterling Check""}]",0
B07QMTNWHV,B09YX3WRS7,https://www.amazon.com/dp/B09YX3WRS7,5.0,"Exceptional quality, always!","This item, in sterling, was perfect for my daughter’s new gray/white kitchen countertop. It’s for cooking utensils, but since it was Mother’s Day, it’s currently serving as a beautiful vase! This product does not disappoint. So much to love in this line!",20250514,,https://www.amazon.com/gp/customer-reviews/R27ULQYMTIVYJK,False,"[{""name"":""Color"",""detail"":""Sterling Check""}]",0
B07QMTNWHV,B00TOMDRSC,https://www.amazon.com/dp/B00TOMDRSC,3.0,Received used product and paid for new,I am not very happy. I received used product shipped  in not original factory packaging. This was for mother day present. I decided to keep this because it’s too late for replacement.,20250508,value_or_quantity,https://www.amazon.com/gp/customer-reviews/R14QY82PP8RYUA,True,"[{""name"":""Color"",""detail"":""Flower Market White""}]",0
B07QMTNWHV,B09YX3WRS7,https://www.amazon.com/dp/B09YX3WRS7,5.0,"5 Stars – Finally, My Whisks Have a Throne","I bought the M. C. Check Utensil Holder after realizing my old mason jar situation was giving “DIY divorcee.” This baby? This says “my spatulas are curated.”It’s not just a utensil holder—it’s a statement. A lifestyle. A warning to guests that I will serve you lemon bars on a tray that matches my oven mitts. The second I placed it on the counter, my entire kitchen transformed into a space where the ghost of Julia Child might stop by for a Negroni and a little gossip.And let’s be honest: it holds exactly the kind of utensils you only use for show. I haven’t touched my balloon whisk since 2019, but now? It sits upright like it pays rent.Bonus: every time I catch my reflection in the glossy checks, I remember I’m a woman of taste, mystery, and 3 types of Maldon salt.Highly recommend—unless you’re my cousin Cheryl, in which case please stick with IKEA.",20250505,,https://www.amazon.com/gp/customer-reviews/RGMW63VWL0H6P,True,[],9
B07QMTNWHV,B07QMTNWHV,https://www.amazon.com/dp/B07QMTNWHV,5.0,Blue checkered,Perfect,20250317,,https://www.amazon.com/gp/customer-reviews/R1TXS0LJR5W5D,True,"[{""name"":""Color"",""detail"":""Royal Check""}]",0
B07QMTNWHV,B0DS1L5TZP,https://www.amazon.com/dp/B0DS1L5TZP,5.0,Utensil holder,Perfect! I think this is my best itemFromCollection,20250310,,https://www.amazon.com/gp/customer-reviews/R33R0ZGC26K9Y8,True,"[{""name"":""Color"",""detail"":""Mocha Check""}]",0
B07QMTNWHV,B0DS1L5TZP,https://www.amazon.com/dp/B0DS1L5TZP,5.0,Love it!,Beautiful piece! Adds the perfect touch to my kitchen!,20250310,,https://www.amazon.com/gp/customer-reviews/R1GKSXGD19CARV,True,"[{""name"":""Color"",""detail"":""Mocha Check""}]",0
B07QMTNWHV,B09YX3WRS7,https://www.amazon.com/dp/B09YX3WRS7,5.0,Utensil holder,Perfect! I think this is my best itemFromCollection,20250310,,https://www.amazon.com/gp/customer-reviews/R33R0ZGC26K9Y8,True,[],1
B07QMTNWHV,B09YX3WRS7,https://www.amazon.com/dp/B09YX3WRS7,5.0,Love it!,Beautiful piece! Adds the perfect touch to my kitchen!,20250310,,https://www.amazon.com/gp/customer-reviews/R1GKSXGD19CARV,True,[],1
B07QMTNWHV,B07QMTNWHV,https://www.amazon.com/dp/B07QMTNWHV,5.0,BEAUTIFUL!,I absolutely love this on my counter!,20250308,,https://www.amazon.com/gp/customer-reviews/R1K31TYC106RLQ,True,"[{""name"":""Color"",""detail"":""Royal Check""}]",0
B07QMTNWHV,B0DS1L5TZP,https://www.amazon.com/dp/B0DS1L5TZP,5.0,Very happy!,It’s the perfect utensil holder! Now I need to get the whole collection😂,20250304,,https://www.amazon.com/gp/customer-reviews/R3SG3848A8QSAQ,True,"[{""name"":""Color"",""detail"":""Mocha Check""}]",0
B07QMTNWHV,B09YX3WRS7,https://www.amazon.com/dp/B09YX3WRS7,5.0,Very happy!,It’s the perfect utensil holder! Now I need to get the whole collection😂,20250304,,https://www.amazon.com/gp/customer-reviews/R3SG3848A8QSAQ,True,[],1
B07QMTNWHV,B0CV79GD2K,https://www.amazon.com/dp/B0CV79GD2K,5.0,Love my Mackenzie Childs!,Love being able to get Mackenzie Childs super fast! Perfect!,20250128,,https://www.amazon.com/gp/customer-reviews/R1VB5ISU83DJVM,True,[],0
B07QMTNWHV,B07QMTNWHV,https://www.amazon.com/dp/B07QMTNWHV,5.0,Love my Mackenzie Childs!,Love being able to get Mackenzie Childs super fast! Perfect!,20250128,,https://www.amazon.com/gp/customer-reviews/R1VB5ISU83DJVM,True,[],0
B07QMTNWHV,B09YX3WRS7,https://www.amazon.com/dp/B09YX3WRS7,5.0,Love my Mackenzie Childs!,Love being able to get Mackenzie Childs super fast! Perfect!,20250128,,https://www.amazon.com/gp/customer-reviews/R1VB5ISU83DJVM,True,"[{""name"":""Color"",""detail"":""Sterling Check""}]",0
B07QMTNWHV,B07QMTNWHV,https://www.amazon.com/dp/B07QMTNWHV,5.0,Cute Utensil Bin / Vase,Love all McKenzie Childs Kitchen Decor. This is great as a utensil bin or even a vase!,20250116,,https://www.amazon.com/gp/customer-reviews/R1WEYRUJQHUZR4,True,"[{""name"":""Color"",""detail"":""Royal Check""}]",0
B07QMTNWHV,B07QMTNWHV,https://www.amazon.com/dp/B07QMTNWHV,5.0,Love it,"It speaks for its self, adds a nice pop of color to kitchen",20250116,,https://www.amazon.com/gp/customer-reviews/R2VVTG6V5CM705,True,"[{""name"":""Color"",""detail"":""Royal Check""}]",0
B07QMTNWHV,B0CV79GD2K,https://www.amazon.com/dp/B0CV79GD2K,5.0,Stunning Piece,I love this brand and it’s nice to use for cooking utensils.,20250110,,https://www.amazon.com/gp/customer-reviews/RCXS14M2OYK8C,True,"[{""name"":""Color"",""detail"":""Rosy Check""}]",0
B07QMTNWHV,B07QMTNWHV,https://www.amazon.com/dp/B07QMTNWHV,5.0,So fancy. Love this and its so well made,What i wanted and more. It brings so much class to my kitchen.,20250108,,https://www.amazon.com/gp/customer-reviews/R39EMH9ZF81JPF,True,"[{""name"":""Color"",""detail"":""Royal Check""}]",0
B07QMTNWHV,B07QMTNWHV,https://www.amazon.com/dp/B07QMTNWHV,5.0,Beautiful!,Beautiful! Would buy again. Bigger than I thought it would be.,20250107,,https://www.amazon.com/gp/customer-reviews/R2HDCEEJR36KEW,False,"[{""name"":""Color"",""detail"":""Royal Check""}]",0
B07QMTNWHV,B07QMTNWHV,https://www.amazon.com/dp/B07QMTNWHV,5.0,It’s beautiful,I love it,20250104,,https://www.amazon.com/gp/customer-reviews/R201BVOS416PQ0,True,"[{""name"":""Color"",""detail"":""Royal Check""}]",0
B07QMTNWHV,B0CV79GD2K,https://www.amazon.com/dp/B0CV79GD2K,5.0,Beautiful Products,They added some Class to my Kitchen,20241231,,https://www.amazon.com/gp/customer-reviews/R37LO4149RAMDX,True,[],0
B07QMTNWHV,B07QMTNWHV,https://www.amazon.com/dp/B07QMTNWHV,5.0,Beautiful Products,They added some Class to my Kitchen,20241231,,https://www.amazon.com/gp/customer-reviews/R37LO4149RAMDX,True,[],0
B07QMTNWHV,B09YX3WRS7,https://www.amazon.com/dp/B09YX3WRS7,5.0,Beautiful Products,They added some Class to my Kitchen,20241231,,https://www.amazon.com/gp/customer-reviews/R37LO4149RAMDX,True,"[{""name"":""Color"",""detail"":""Sterling Check""}]",0
B07QMTNWHV,B0CV79GD2K,https://www.amazon.com/dp/B0CV79GD2K,5.0,"Over priced, but looks great and is exactly what my wife wanted as one of her Christmas presents..",Can’t go wrong.,20241229,,https://www.amazon.com/gp/customer-reviews/R3J1GTVQHFGTLA,True,[],0
B07QMTNWHV,B07QMTNWHV,https://www.amazon.com/dp/B07QMTNWHV,5.0,"Over priced, but looks great and is exactly what my wife wanted as one of her Christmas presents..",Can’t go wrong.,20241229,,https://www.amazon.com/gp/customer-reviews/R3J1GTVQHFGTLA,True,[],0
B07QMTNWHV,B09YX3WRS7,https://www.amazon.com/dp/B09YX3WRS7,5.0,"Over priced, but looks great and is exactly what my wife wanted as one of her Christmas presents..",Can’t go wrong.,20241229,,https://www.amazon.com/gp/customer-reviews/R3J1GTVQHFGTLA,True,"[{""name"":""Color"",""detail"":""Sterling Check""}]",0
B07QMTNWHV,B09YX3WRS7,https://www.amazon.com/dp/B09YX3WRS7,5.0,Beautiful Addition!,"Perfect, love the color! ",20241128,,https://www.amazon.com/gp/customer-reviews/R3SMFDMUGZPBCJ,True,"[{""name"":""Color"",""detail"":""Sterling Check""}]",0
B07QMTNWHV,B0CV79GD2K,https://www.amazon.com/dp/B0CV79GD2K,5.0,"Gorgeous!  Beautiful on line, even more in person.",Mackenzie Child‘s has a beautiful collection. in many colors.  For Home or office.,20241120,,https://www.amazon.com/gp/customer-reviews/RZSVTQ76O0CS6,True,[],0
B07QMTNWHV,B07QMTNWHV,https://www.amazon.com/dp/B07QMTNWHV,5.0,"Gorgeous!  Beautiful on line, even more in person.",Mackenzie Child‘s has a beautiful collection. in many colors.  For Home or office.,20241120,,https://www.amazon.com/gp/customer-reviews/RZSVTQ76O0CS6,True,[],0
B07QMTNWHV,B09YX3WRS7,https://www.amazon.com/dp/B09YX3WRS7,5.0,"Gorgeous!  Beautiful on line, even more in person.",Mackenzie Child‘s has a beautiful collection. in many colors.  For Home or office.,20241120,,https://www.amazon.com/gp/customer-reviews/RZSVTQ76O0CS6,True,[],0
B07QMTNWHV,B09YX3WRS7,https://www.amazon.com/dp/B09YX3WRS7,5.0,Best purchase I‘ve ever made!,Read more,20241113,,https://www.amazon.com/gp/customer-reviews/R3H3WF6URETFS1,True,"[{""name"":""Color"",""detail"":""Sterling Check""}]",0
B07QMTNWHV,B09YX3WRS7,https://www.amazon.com/dp/B09YX3WRS7,5.0,Great purchase!,"Just like I had hoped it would be, true to the picture.  Very happy with my purchase, looks great in my kitchen! ",20241109,,https://www.amazon.com/gp/customer-reviews/RBWJID11VVS9U,True,"[{""name"":""Color"",""detail"":""Sterling Check""}]",0
B07QMTNWHV,B07QMTNWHV,https://www.amazon.com/dp/B07QMTNWHV,5.0,Beautiful,How can you go wrong with anything by Mackenzie childs- never disappoints.,20241021,,https://www.amazon.com/gp/customer-reviews/R9J6I9BFH0YNL,True,"[{""name"":""Color"",""detail"":""Royal Check""}]",0
B07QMTNWHV,B0CV79GD2K,https://www.amazon.com/dp/B0CV79GD2K,5.0,Worth the cost,Beautiful and useful,20240823,,https://www.amazon.com/gp/customer-reviews/RECAIR4AV3DE8,True,[],0
B07QMTNWHV,B09YX3WRS7,https://www.amazon.com/dp/B09YX3WRS7,5.0,Worth the cost,Beautiful and useful,20240823,,https://www.amazon.com/gp/customer-reviews/RECAIR4AV3DE8,True,[],0
B07QMTNWHV,B09YX3WRS7,https://www.amazon.com/dp/B09YX3WRS7,5.0,Love. Love. Love.,All things sterling check….thats the goalI  absolutely love the sterling check.,20240819,,https://www.amazon.com/gp/customer-reviews/R19XW7CI7FQGC7,True,"[{""name"":""Color"",""detail"":""Sterling Check""}]",0
B07QMTNWHV,B0CV79GD2K,https://www.amazon.com/dp/B0CV79GD2K,5.0,Mckenzie Childs 🥰,What Can I Say......Its Mckenzie-Childs🥰 Easy To Clean & Sturdy...Color Was Beautifully Done🎊 A Little Pricey But Worth Every Cent🎉,20240807,cleaning; value_or_quantity,https://www.amazon.com/gp/customer-reviews/R2Q9UVCWR5IGHF,True,"[{""name"":""Color"",""detail"":""Rosy Check""}]",0
B07QMTNWHV,B00TOMDRSC,https://www.amazon.com/dp/B00TOMDRSC,4.0,Kitchen addition,Tops off my kitchen after it was remolded.,20240727,moisture_or_mold,https://www.amazon.com/gp/customer-reviews/R3N9JIRO05CEBJ,True,"[{""name"":""Color"",""detail"":""Flower Market White""}]",0
B07QMTNWHV,B0CV79GD2K,https://www.amazon.com/dp/B0CV79GD2K,5.0,Beautiful addition to our counter top,"Looking for something that would make my wife smile while working in the kitchen for Mother‘s Day.  She loves butterflies and this colorful container not only hold a few spatulas, an egg beater, pasta thingy, a couple of spoons and a pair of tongs.  It is of great construction and good weight.  While very useful, it is really the look going with any color scheme and its a beautiful addition to the countertop and adds a few more butterflies in her life.",20240708,,https://www.amazon.com/gp/customer-reviews/R1HEUEDDQDAY3K,True,[],1
B07QMTNWHV,B07QMTNWHV,https://www.amazon.com/dp/B07QMTNWHV,5.0,Beautiful addition to our counter top,"Looking for something that would make my wife smile while working in the kitchen for Mother‘s Day.  She loves butterflies and this colorful container not only hold a few spatulas, an egg beater, pasta thingy, a couple of spoons and a pair of tongs.  It is of great construction and good weight.  While very useful, it is really the look going with any color scheme and its a beautiful addition to the countertop and adds a few more butterflies in her life.",20240708,,https://www.amazon.com/gp/customer-reviews/R1HEUEDDQDAY3K,True,[],1
B07QMTNWHV,B09YX3WRS7,https://www.amazon.com/dp/B09YX3WRS7,5.0,Beautiful addition to our counter top,"Looking for something that would make my wife smile while working in the kitchen for Mother‘s Day.  She loves butterflies and this colorful container not only hold a few spatulas, an egg beater, pasta thingy, a couple of spoons and a pair of tongs.  It is of great construction and good weight.  While very useful, it is really the look going with any color scheme and its a beautiful addition to the countertop and adds a few more butterflies in her life.",20240708,,https://www.amazon.com/gp/customer-reviews/R1HEUEDDQDAY3K,True,[],1
B07QMTNWHV,B09YX3WRS7,https://www.amazon.com/dp/B09YX3WRS7,5.0,Gorgeous,An heirloom of a collectors piece that looks so stunning in my kitchen. I really really love it.,20240626,,https://www.amazon.com/gp/customer-reviews/R2VEPVNKQGEWP3,True,"[{""name"":""Color"",""detail"":""Sterling Check""}]",0
B07QMTNWHV,B0CV79GD2K,https://www.amazon.com/dp/B0CV79GD2K,5.0,Utensils,Beautiful piece and had floral arrangement for my daughter’s wedding shower.  She loved it,20240507,,https://www.amazon.com/gp/customer-reviews/R2YOQMGS74BE5F,True,"[{""name"":""Color"",""detail"":""Rosy Check""}]",4
B07QMTNWHV,B0CV79GD2K,https://www.amazon.com/dp/B0CV79GD2K,5.0,This brand has so many options!,"I have had many people tell me they give this brand as Holiday presents. It’s made very well and theirAre many color options to match anyone’s decor which is wonderful. I will give a bowl and put in soaps,Hand lotions, perfume. You can also bring people cookies for the Holidays on their beautiful platters!Great chcoices and they keep making different patterns and colors!  i think their is something for allPresents!  sincerely, Sharon",20240501,,https://www.amazon.com/gp/customer-reviews/R2VFYEC020VH5I,True,"[{""name"":""Color"",""detail"":""Rosy Check""}]",0
B07QMTNWHV,B0CV79GD2K,https://www.amazon.com/dp/B0CV79GD2K,5.0,McKensie Childs Gotta Have It!,"I just love McKenzie Childs pieces. I have a blue and yellow kitchen and have ordered several pieces in the royal check blue and to complement that I also have ordered some pieces in parchment check. Canister featured in parchment. It looks lovely against the blue granite that I have in my kitchen. Nicely complements the overall decor; color coordinates with the rest of my kitchen. I have blue check, kitchen towels, and hydrangea flowers, which look really nice. These items can be purchased directly from the company, but for me, it’s so much easier to get it from Amazon as I find Amazon a breeze to deal with. I don’t have to wait for deliveries; everything comes quickly. Nothing has ever been broken that I can recall. It just makes the experience easier if you like, McKenzie Childs, you’ll love this.  Their stuff is very creative , whimsical and fun.",20240328,durability,https://www.amazon.com/gp/customer-reviews/R1KKHFL12ILAEE,True,[],0
B07QMTNWHV,B07QMTNWHV,https://www.amazon.com/dp/B07QMTNWHV,5.0,McKensie Childs Gotta Have It!,"I just love McKenzie Childs pieces. I have a blue and yellow kitchen and have ordered several pieces in the royal check blue and to complement that I also have ordered some pieces in parchment check. Canister featured in parchment. It looks lovely against the blue granite that I have in my kitchen. Nicely complements the overall decor; color coordinates with the rest of my kitchen. I have blue check, kitchen towels, and hydrangea flowers, which look really nice. These items can be purchased directly from the company, but for me, it’s so much easier to get it from Amazon as I find Amazon a breeze to deal with. I don’t have to wait for deliveries; everything comes quickly. Nothing has ever been broken that I can recall. It just makes the experience easier if you like, McKenzie Childs, you’ll love this.  Their stuff is very creative , whimsical and fun.",20240328,durability,https://www.amazon.com/gp/customer-reviews/R1KKHFL12ILAEE,True,[],0
B07QMTNWHV,B09YX3WRS7,https://www.amazon.com/dp/B09YX3WRS7,5.0,McKensie Childs Gotta Have It!,"I just love McKenzie Childs pieces. I have a blue and yellow kitchen and have ordered several pieces in the royal check blue and to complement that I also have ordered some pieces in parchment check. Canister featured in parchment. It looks lovely against the blue granite that I have in my kitchen. Nicely complements the overall decor; color coordinates with the rest of my kitchen. I have blue check, kitchen towels, and hydrangea flowers, which look really nice. These items can be purchased directly from the company, but for me, it’s so much easier to get it from Amazon as I find Amazon a breeze to deal with. I don’t have to wait for deliveries; everything comes quickly. Nothing has ever been broken that I can recall. It just makes the experience easier if you like, McKenzie Childs, you’ll love this.  Their stuff is very creative , whimsical and fun.",20240328,durability,https://www.amazon.com/gp/customer-reviews/R1KKHFL12ILAEE,True,[],0
B07QMTNWHV,B0CV79GD2K,https://www.amazon.com/dp/B0CV79GD2K,5.0,Gorgeous piece,I absolutely love my utensil holder in the beautiful Rosy check pattern! It’s such a timeless piece and looks perfect on my countertop.,20240327,,https://www.amazon.com/gp/customer-reviews/RM03C1TVPOAA9,True,"[{""name"":""Color"",""detail"":""Rosy Check""}]",4
B07QMTNWHV,B09YX3WRS7,https://www.amazon.com/dp/B09YX3WRS7,5.0,Very nice canister,I’ve only bought a few Mackenzie child canisters.  They look nice however the design can be very busy looking.  Shipping took 3 days.  Price a bit high.,20240311,value_or_quantity,https://www.amazon.com/gp/customer-reviews/R2SN7RKXMOXUVD,True,"[{""name"":""Color"",""detail"":""Sterling Check""}]",1
B07QMTNWHV,B00TOMDRSC,https://www.amazon.com/dp/B00TOMDRSC,5.0,Nice utensil holder,"The utensil holder is very love and large! I was going to use it to hold my tooth brushes in the bathroom, but it was too big. It is the perfect size to hold your kitchen utensils!",20240304,size_fit,https://www.amazon.com/gp/customer-reviews/R3VVFOGU87IH11,True,"[{""name"":""Color"",""detail"":""Flower Market White""}]",0
B07QMTNWHV,B09YX3WRS7,https://www.amazon.com/dp/B09YX3WRS7,4.0,Expensive,"To expensive for the type of product, I’ll keep it, it goes well with my kitchen decor",20240219,value_or_quantity,https://www.amazon.com/gp/customer-reviews/R3AFJVQ4SXB4GK,True,"[{""name"":""Color"",""detail"":""Sterling Check""}]",0
B07QMTNWHV,B0CV79GD2K,https://www.amazon.com/dp/B0CV79GD2K,5.0,Catch all,A very pretty piece to place on your countertop and it’s useful. The best of all worlds.,20240208,,https://www.amazon.com/gp/customer-reviews/R2J7GVW2CWN282,True,[],0
B07QMTNWHV,B09YX3WRS7,https://www.amazon.com/dp/B09YX3WRS7,5.0,Catch all,A very pretty piece to place on your countertop and it’s useful. The best of all worlds.,20240208,,https://www.amazon.com/gp/customer-reviews/R2J7GVW2CWN282,True,[],0
B07QMTNWHV,B07QMTNWHV,https://www.amazon.com/dp/B07QMTNWHV,5.0,Utensil Next Level Holder,This is a very beautiful utensil holder. Guest will comment every time on how fancy it is and “where did you get this?”,20240206,,https://www.amazon.com/gp/customer-reviews/R3464DI5V8NEMJ,True,"[{""name"":""Color"",""detail"":""Royal Check""}]",1
B07QMTNWHV,B0CV79GD2K,https://www.amazon.com/dp/B0CV79GD2K,5.0,Beautiful holder,Got as a christmas present and came in and it was beautiful very happy with the product.,20231227,,https://www.amazon.com/gp/customer-reviews/R17FPS66QNMP6C,True,[],1
B07QMTNWHV,B07QMTNWHV,https://www.amazon.com/dp/B07QMTNWHV,5.0,Beautiful holder,Got as a christmas present and came in and it was beautiful very happy with the product.,20231227,,https://www.amazon.com/gp/customer-reviews/R17FPS66QNMP6C,True,[],1
B07QMTNWHV,B09YX3WRS7,https://www.amazon.com/dp/B09YX3WRS7,5.0,A perfect gift!,This was a gift for my daughter. She loves it!,20231227,,https://www.amazon.com/gp/customer-reviews/R80LWFFCJ3LRT,True,"[{""name"":""Color"",""detail"":""Sterling Check""}]",0
B07QMTNWHV,B09YX3WRS7,https://www.amazon.com/dp/B09YX3WRS7,5.0,Beautiful holder,Got as a christmas present and came in and it was beautiful very happy with the product.,20231227,,https://www.amazon.com/gp/customer-reviews/R17FPS66QNMP6C,True,[],1
B07QMTNWHV,B09YX3WRS7,https://www.amazon.com/dp/B09YX3WRS7,5.0,Christmas Gift for someone,"Christmas Gift for someone, looks grea,t as pictured",20231223,,https://www.amazon.com/gp/customer-reviews/R16AI3KYCUA72F,True,"[{""name"":""Color"",""detail"":""Sterling Check""}]",0
B07QMTNWHV,B00TOMDRSC,https://www.amazon.com/dp/B00TOMDRSC,5.0,Attractive and cheerful addition to your counter,Attractive well-made piece by Mackenzie Childs as you would expect. Exuberant floral print you may be tempted to use for more than just kitchen utensils.,20231206,,https://www.amazon.com/gp/customer-reviews/R12E6YRD7L4264,False,"[{""name"":""Color"",""detail"":""Flower Market White""}]",0
B07QMTNWHV,B0CV79GD2K,https://www.amazon.com/dp/B0CV79GD2K,5.0,Beautiful,This is just the right size. I love the flowers too!,20230810,size_fit,https://www.amazon.com/gp/customer-reviews/R1L7N8QC5YLU8H,True,[],0
B07QMTNWHV,B09YX3WRS7,https://www.amazon.com/dp/B09YX3WRS7,5.0,Beautiful,This is just the right size. I love the flowers too!,20230810,size_fit,https://www.amazon.com/gp/customer-reviews/R1L7N8QC5YLU8H,True,[],0
B07QMTNWHV,B00TOMDRSC,https://www.amazon.com/dp/B00TOMDRSC,2.0,Not worth the money,"I bought this item due to name brand and found it was definitely not worth it. It arrived with the emblem peeled partially off, had to push it down to stick it back on. Has a ding in it and is NOT white like the picture or the ad states, it’s off white. It is made in Vietnam and the rim is tarnished. Cheap product with a brand name sticker! Very disappointed!",20230720,,https://www.amazon.com/gp/customer-reviews/R30FUAP8YDAFAY,True,"[{""name"":""Color"",""detail"":""Flower Market White""}]",1
B07QMTNWHV,B0CV79GD2K,https://www.amazon.com/dp/B0CV79GD2K,5.0,Pre,It is huge it’s so tall that my utensils barely stick out of the top but it’s pretty,20230704,,https://www.amazon.com/gp/customer-reviews/R1XF9O2HD9Z45R,True,[],0
B07QMTNWHV,B09YX3WRS7,https://www.amazon.com/dp/B09YX3WRS7,5.0,Pre,It is huge it’s so tall that my utensils barely stick out of the top but it’s pretty,20230704,,https://www.amazon.com/gp/customer-reviews/R1XF9O2HD9Z45R,True,[],0
B07QMTNWHV,B0CV79GD2K,https://www.amazon.com/dp/B0CV79GD2K,1.0,DON‘T BE FOOLED - MADE IN CHINA,All Chinese companies or companies operating and manufacturing in China try to deceive you.,20230607,,https://www.amazon.com/gp/customer-reviews/RC6UEKRDMWO8D,False,,0
B07QMTNWHV,B09YX3WRS7,https://www.amazon.com/dp/B09YX3WRS7,1.0,DON‘T BE FOOLED - MADE IN CHINA,All Chinese companies or companies operating and manufacturing in China try to deceive you.,20230607,,https://www.amazon.com/gp/customer-reviews/RC6UEKRDMWO8D,False,,0
B07QMTNWHV,B07QMTNWHV,https://www.amazon.com/dp/B07QMTNWHV,5.0,Love MC,Love MC,20230304,,https://www.amazon.com/gp/customer-reviews/R15Q6RIRM28YLD,True,"[{""name"":""Color"",""detail"":""Royal Check""}]",0
B07QMTNWHV,B00TOMDRSC,https://www.amazon.com/dp/B00TOMDRSC,5.0,She loved it !,Bought this for my mom to add to her collection she loves it !,20230217,,https://www.amazon.com/gp/customer-reviews/ROQOVZB9TAFSF,True,"[{""name"":""Color"",""detail"":""Flower Market White""}]",0
B07QM72ZXL,B09YWMGZWQ,https://www.amazon.com/dp/B09YWMGZWQ,5.0,Just Beautiful!,So Beautiful - we bought all of them,20260428,,https://www.amazon.com/gp/customer-reviews/R1IE675IFD7KYH,False,"[{""name"":""Color"",""detail"":""Sterling Check""}]",0
B07QM72ZXL,B09YWMGZWQ,https://www.amazon.com/dp/B09YWMGZWQ,5.0,Mackenzie Childs enamel canister,Mackenzie Childs enamel canister is so beautiful! It came perfectly and safely packaged and was delivered within days!,20260424,value_or_quantity,https://www.amazon.com/gp/customer-reviews/R3PTIIRSL6YHOI,False,"[{""name"":""Color"",""detail"":""Sterling Check""}]",0
B07QM72ZXL,B0DS1JZS11,https://www.amazon.com/dp/B0DS1JZS11,5.0,Beautiful!,Absolutely beautiful and quality throughout,20260421,,https://www.amazon.com/gp/customer-reviews/R1XELJF7S4A0JA,False,"[{""name"":""Color"",""detail"":""Emerald Check""}]",0
B07QM72ZXL,B09YWMGZWQ,https://www.amazon.com/dp/B09YWMGZWQ,5.0,Added to collection!,Love Mackenzie Child’s! So classic and clean!,20260417,cleaning,https://www.amazon.com/gp/customer-reviews/R2YUHQQR1CFNKH,False,"[{""name"":""Color"",""detail"":""Sterling Check""}]",0
B07QM72ZXL,B07QM72ZXL,https://www.amazon.com/dp/B07QM72ZXL,5.0,Beautiful Function,So beautiful! The quality is consistently great.,20260328,,https://www.amazon.com/gp/customer-reviews/R19TI9BJ52M4ST,False,"[{""name"":""Color"",""detail"":""Courtly Check""}]",0
B07QM72ZXL,B07QM72ZXL,https://www.amazon.com/dp/B07QM72ZXL,5.0,Great quality,Exactly what my wife was looking for. Compliments the other canisters she has. Quality product. Highly recommended.,20260328,,https://www.amazon.com/gp/customer-reviews/R3E57LL6RHMRI1,False,"[{""name"":""Color"",""detail"":""Courtly Check""}]",0
B07QM72ZXL,B07QSWVDY9,https://www.amazon.com/dp/B07QSWVDY9,5.0,Beautiful jar. Splurged on it.,I love this jar! It brings me joy 🤩 I got the big one and it’s just right to keep my coffee beans in.,20260318,,https://www.amazon.com/gp/customer-reviews/RC8NG1EVKHYR4,False,"[{""name"":""Color"",""detail"":""Royal Check""}]",0
B07QM72ZXL,B07QM72ZXL,https://www.amazon.com/dp/B07QM72ZXL,5.0,Mackenzie Childs canister,"Beautiful piece,",20260304,,https://www.amazon.com/gp/customer-reviews/R28X6SRYZEL4F9,False,"[{""name"":""Color"",""detail"":""Courtly Check""}]",0
B07QM72ZXL,B0DS1LBP6G,https://www.amazon.com/dp/B0DS1LBP6G,5.0,McKenzie canister,Nice quality. I love it! I wish they’d make an even bigger one.,20260228,,https://www.amazon.com/gp/customer-reviews/R2QV34U5SLGA70,False,"[{""name"":""Color"",""detail"":""Mocha Check""}]",0
B07QM72ZXL,B07QM72ZXL,https://www.amazon.com/dp/B07QM72ZXL,5.0,Versatile and lasting,"Any lover of MC knows that she is her own standard for beautiful enamel. Decorative and functional, this canister goes with my aesthetic and serves a purpose. I actually use mine as part of my bedroom decor to hold perfume samples lol. This is a large container that will hold a lot however you choose. It is a lasting piece that keeps its color and while pricey it is always a vibe.",20260111,size_fit; value_or_quantity,https://www.amazon.com/gp/customer-reviews/R1DQHRC82383CG,False,"[{""name"":""Color"",""detail"":""Courtly Check""}]",0
B07QM72ZXL,B07QM72ZXL,https://www.amazon.com/dp/B07QM72ZXL,5.0,Love,Absolutely love it!!! Its perfect for my coffee,20251230,,https://www.amazon.com/gp/customer-reviews/R2LZ5I7T2VJ163,False,"[{""name"":""Color"",""detail"":""Courtly Check""}]",0
B07QM72ZXL,B07QM72ZXL,https://www.amazon.com/dp/B07QM72ZXL,5.0,Coffee bar with style!,Perfect touch for my coffee bar!,20251207,,https://www.amazon.com/gp/customer-reviews/R2V2Y7R10Y9U40,False,"[{""name"":""Color"",""detail"":""Courtly Check""}]",0
B07QM72ZXL,B09YWMGZWQ,https://www.amazon.com/dp/B09YWMGZWQ,4.0,There are variations in color depending upon where the product was made.,These canisters are slightly lighter in color than those that I bought directly from MC (which were made in a different country).,20251109,,https://www.amazon.com/gp/customer-reviews/R2PNYUBIA38QDU,False,"[{""name"":""Color"",""detail"":""Sterling Check""}]",0
B07QM72ZXL,B07QM72ZXL,https://www.amazon.com/dp/B07QM72ZXL,5.0,Holds a good amount,I use it to store my coffee grounds and it works and looks beautiful.,20251024,,https://www.amazon.com/gp/customer-reviews/R1K1ANX2Z5RE7Y,False,"[{""name"":""Color"",""detail"":""Courtly Check""}]",0
B07QM72ZXL,B07QM72ZXL,https://www.amazon.com/dp/B07QM72ZXL,5.0,Beautiful and well made!,Beautiful and well made,20251019,,https://www.amazon.com/gp/customer-reviews/R3HFJ9H1TSDO0H,True,"[{""name"":""Color"",""detail"":""Courtly Check""}]",0
B07QM72ZXL,B09YWMGZWQ,https://www.amazon.com/dp/B09YWMGZWQ,5.0,Love,Beautiful!,20250919,,https://www.amazon.com/gp/customer-reviews/R3B4YCYTWETJ3S,True,"[{""name"":""Color"",""detail"":""Sterling Check""}]",0
B07QM72ZXL,B07QM72ZXL,https://www.amazon.com/dp/B07QM72ZXL,5.0,MUST have gift,"Beautiful  addition to any room. The iconic print is stunning. Great quality, and perfect as a gift.",20250918,,https://www.amazon.com/gp/customer-reviews/R1XF78KZNCOQ0U,True,"[{""name"":""Color"",""detail"":""Courtly Check""}]",0
B07QM72ZXL,B07QM72ZXL,https://www.amazon.com/dp/B07QM72ZXL,5.0,As described,Looks amazing,20250824,,https://www.amazon.com/gp/customer-reviews/R2E2VBMOJ5V38Q,True,"[{""name"":""Color"",""detail"":""Courtly Check""}]",0
B07QM72ZXL,B07QM72ZXL,https://www.amazon.com/dp/B07QM72ZXL,5.0,Quality and cuteness all in one,I am obsessed!! I can’t wait to finish my collection 🖤🤍,20250809,,https://www.amazon.com/gp/customer-reviews/R2SX6G5CBI6KRP,True,"[{""name"":""Color"",""detail"":""Courtly Check""}]",0
B07QM72ZXL,B07QSWVDY9,https://www.amazon.com/dp/B07QSWVDY9,5.0,Me encanta,Bellas,20250718,,https://www.amazon.com/gp/customer-reviews/R2ZOF7PS6NXCHK,True,"[{""name"":""Color"",""detail"":""Royal Check""}]",0
B07QM72ZXL,B07QM72ZXL,https://www.amazon.com/dp/B07QM72ZXL,5.0,“Large“ is relative,This canister held one pound of espresso roasted coffee beans (was filled to the brim).,20250714,,https://www.amazon.com/gp/customer-reviews/RTSIG5HAFKWYS,True,"[{""name"":""Color"",""detail"":""Courtly Check""}]",0
B07QM72ZXL,B07QM72ZXL,https://www.amazon.com/dp/B07QM72ZXL,5.0,At Long Last!,I have been a Mackenzie Childs fan for a few years now and have bought several items from the website every now and then. I literally have coveted this Courtly Check canister set for a good while now but it was too pricey for my fixed retirement budget. I was thrilled when Amazon started selling the MC line. I was able to use some Amazon gift cards and Discover card cash back dollars to make it affordable and to practically cover the total price. It is worth every penny regardless of how they end up in your kitchen! Next purchase down the road….the MK Child cooking utensil holder!!,20250711,value_or_quantity,https://www.amazon.com/gp/customer-reviews/R16Y1CTNZ6X8IG,True,"[{""name"":""Color"",""detail"":""Courtly Check""}]",1
B07QM72ZXL,B07QM72ZXL,https://www.amazon.com/dp/B07QM72ZXL,5.0,It’s a splurge for sure,Holds a lot but I bought it mainly for the aesthetics.  It was pricey but it adds so much to my kitchen so after debating with myself for days I pulled the trigger.  Very happy with the 3 pieces I bought.,20250706,value_or_quantity,https://www.amazon.com/gp/customer-reviews/R2FL7VF3XFEQ93,True,"[{""name"":""Color"",""detail"":""Courtly Check""}]",0
B07QM72ZXL,B0DS1LBP6G,https://www.amazon.com/dp/B0DS1LBP6G,5.0,Classic color!,Perfect color that matches my new countertops.,20250629,,https://www.amazon.com/gp/customer-reviews/R27FBL6ZWS5LG1,True,"[{""name"":""Color"",""detail"":""Mocha Check""}]",0
B07QM72ZXL,B0DS1JZS11,https://www.amazon.com/dp/B0DS1JZS11,5.0,Classic color!,Perfect color that matches my new countertops.,20250629,,https://www.amazon.com/gp/customer-reviews/R27FBL6ZWS5LG1,True,[],2
B07QM72ZXL,B07QM72ZXL,https://www.amazon.com/dp/B07QM72ZXL,5.0,Classic color!,Perfect color that matches my new countertops.,20250629,,https://www.amazon.com/gp/customer-reviews/R27FBL6ZWS5LG1,True,[],1
B07QM72ZXL,B0CV7PVJC4,https://www.amazon.com/dp/B0CV7PVJC4,5.0,So pretty!,So pretty! I had given this jar to my daughter and son in  law as an anniversary gift.So worth it.  I ordered the pink!,20250619,,https://www.amazon.com/gp/customer-reviews/R276N9T933CWF6,True,"[{""name"":""Color"",""detail"":""Rosy Check""}]",0
B07QM72ZXL,B07QM72ZXL,https://www.amazon.com/dp/B07QM72ZXL,5.0,MacKenzie Childs Large Cannister,"I purchased this Beautiful MacKenzie Childs large Canister for a friend as a gift.  My friend was in awe with the design and noted how useful it was.  She proudly displays this in her kitchen.  Pros:  stunning design and elegance, generous capacity, quality craftsmanship and versatile.  Cons:  a bit pricey but you are paying for craftsmanship and design, handwashing only - not a big deal but worth noting.",20250619,cleaning; size_fit; value_or_quantity,https://www.amazon.com/gp/customer-reviews/R36D2PGAXW3DOY,True,"[{""name"":""Color"",""detail"":""Courtly Check""}]",0
B07QM72ZXL,B0DS1LBP6G,https://www.amazon.com/dp/B0DS1LBP6G,5.0,Perfect for dog treats!,"Perfect size for my dog treats! I love the mocha color it matches so well in my kitchen, neutral but still adding some character!",20250612,size_fit,https://www.amazon.com/gp/customer-reviews/R1T0HQXE50MV6U,True,"[{""name"":""Color"",""detail"":""Mocha Check""}]",0
B07QM72ZXL,B0DS1JZS11,https://www.amazon.com/dp/B0DS1JZS11,5.0,Perfect for dog treats!,"Perfect size for my dog treats! I love the mocha color it matches so well in my kitchen, neutral but still adding some character!",20250612,size_fit,https://www.amazon.com/gp/customer-reviews/R1T0HQXE50MV6U,True,[],0
B07QM72ZXL,B07QM72ZXL,https://www.amazon.com/dp/B07QM72ZXL,5.0,Perfect for dog treats!,"Perfect size for my dog treats! I love the mocha color it matches so well in my kitchen, neutral but still adding some character!",20250612,size_fit,https://www.amazon.com/gp/customer-reviews/R1T0HQXE50MV6U,True,[],2
B07QM72ZXL,B07QM72ZXL,https://www.amazon.com/dp/B07QM72ZXL,5.0,Good quality,Holds 25 large nespresso pods. The colour appears the same as the photo. It doesn’t change colours or rust.,20250608,size_fit,https://www.amazon.com/gp/customer-reviews/R3N4AYSS9FX4NO,True,"[{""name"":""Color"",""detail"":""Courtly Check""}]",0
B07QM72ZXL,B07QM72ZXL,https://www.amazon.com/dp/B07QM72ZXL,5.0,Original Canister,Beautiful Canister for storing coffee and it is well made.,20250603,,https://www.amazon.com/gp/customer-reviews/R16IAKF3DJSCJ1,True,"[{""name"":""Color"",""detail"":""Courtly Check""}]",0
B07QM72ZXL,B0DS1LBP6G,https://www.amazon.com/dp/B0DS1LBP6G,2.0,Not what I expected!,Save your money.  Basically just a tin with a lid!  Very disappointing!,20250531,,https://www.amazon.com/gp/customer-reviews/R1G0R2QYHZ9OSD,True,"[{""name"":""Color"",""detail"":""Mocha Check""}]",0
B07QM72ZXL,B0DS1JZS11,https://www.amazon.com/dp/B0DS1JZS11,2.0,Not what I expected!,Save your money.  Basically just a tin with a lid!  Very disappointing!,20250531,,https://www.amazon.com/gp/customer-reviews/R1G0R2QYHZ9OSD,True,[],1
B07QM72ZXL,B07QM72ZXL,https://www.amazon.com/dp/B07QM72ZXL,2.0,Not what I expected!,Save your money.  Basically just a tin with a lid!  Very disappointing!,20250531,,https://www.amazon.com/gp/customer-reviews/R1G0R2QYHZ9OSD,True,[],1
B07QM72ZXL,B0DS1LBP6G,https://www.amazon.com/dp/B0DS1LBP6G,5.0,Gorgeous,Love love love this,20250529,,https://www.amazon.com/gp/customer-reviews/RLD5OEXUGNHDB,True,[],0
B07QM72ZXL,B09YWMGZWQ,https://www.amazon.com/dp/B09YWMGZWQ,5.0,Gorgeous,Love love love this,20250529,,https://www.amazon.com/gp/customer-reviews/RLD5OEXUGNHDB,True,"[{""name"":""Color"",""detail"":""Sterling Check""}]",0
B07QM72ZXL,B0DS1LBP6G,https://www.amazon.com/dp/B0DS1LBP6G,5.0,McKenzie child,Love! Nicely packed. Love this color!,20250522,value_or_quantity,https://www.amazon.com/gp/customer-reviews/RBHGU5ZXAEN9Z,True,"[{""name"":""Color"",""detail"":""Mocha Check""}]",0
B07QM72ZXL,B0DS1JZS11,https://www.amazon.com/dp/B0DS1JZS11,5.0,McKenzie child,Love! Nicely packed. Love this color!,20250522,value_or_quantity,https://www.amazon.com/gp/customer-reviews/RBHGU5ZXAEN9Z,True,[],1
B07QM72ZXL,B07QM72ZXL,https://www.amazon.com/dp/B07QM72ZXL,5.0,McKenzie child,Love! Nicely packed. Love this color!,20250522,value_or_quantity,https://www.amazon.com/gp/customer-reviews/RBHGU5ZXAEN9Z,True,[],1
B07QM72ZXL,B0CV7PVJC4,https://www.amazon.com/dp/B0CV7PVJC4,5.0,Great customer service with beautiful products,Beautiful product. Great seller.,20250518,,https://www.amazon.com/gp/customer-reviews/R167A7W8YLLWJY,True,"[{""name"":""Color"",""detail"":""Rosy Check""}]",0
B07QM72ZXL,B0DS1LBP6G,https://www.amazon.com/dp/B0DS1LBP6G,1.0,Very Disappointed!!,It was cracked in four places and the lip was scratched half the way around the lid.The packaging on this fragile item was horrible!Very disappointed!!!,20250505,value_or_quantity,https://www.amazon.com/gp/customer-reviews/R1GBSY4JZUWY2G,True,"[{""name"":""Color"",""detail"":""Mocha Check""}]",0
B07QM72ZXL,B0DS1JZS11,https://www.amazon.com/dp/B0DS1JZS11,1.0,Very Disappointed!!,It was cracked in four places and the lip was scratched half the way around the lid.The packaging on this fragile item was horrible!Very disappointed!!!,20250505,value_or_quantity,https://www.amazon.com/gp/customer-reviews/R1GBSY4JZUWY2G,True,[],0
B07QM72ZXL,B07QM72ZXL,https://www.amazon.com/dp/B07QM72ZXL,1.0,Very Disappointed!!,It was cracked in four places and the lip was scratched half the way around the lid.The packaging on this fragile item was horrible!Very disappointed!!!,20250505,value_or_quantity,https://www.amazon.com/gp/customer-reviews/R1GBSY4JZUWY2G,True,[],0
B07QM72ZXL,B0CV7PVJC4,https://www.amazon.com/dp/B0CV7PVJC4,5.0,Great quality,This canister can be used all different ways. I have coffee pods in mine.,20250416,,https://www.amazon.com/gp/customer-reviews/RA8W5E9WIJ6RG,True,"[{""name"":""Color"",""detail"":""Rosy Check""}]",0
B07QM72ZXL,B07QM72ZXL,https://www.amazon.com/dp/B07QM72ZXL,5.0,Pricy but made to last!,So pretty! I got this to complete my set. I love these canisters since they are slimmer than other bands but still a great size. They look less cluttered on the counter. It’s a nice decorative piece with functionality. Would recommend to an MC lover.,20250401,size_fit; value_or_quantity,https://www.amazon.com/gp/customer-reviews/R394XJEKNBID8Y,True,"[{""name"":""Color"",""detail"":""Courtly Check""}]",0
B07QM72ZXL,B07QSWVDY9,https://www.amazon.com/dp/B07QSWVDY9,4.0,This canister is small. Not normal size.,Beautiful. A bit small. But I made it work.,20250303,size_fit,https://www.amazon.com/gp/customer-reviews/R2TUCEW884QYMA,True,"[{""name"":""Color"",""detail"":""Royal Check""}]",0
B07QM72ZXL,B07QM72ZXL,https://www.amazon.com/dp/B07QM72ZXL,5.0,If you know what it is then you already know,The item came in perfectly and I can’t wait to add it to my collection.,20250201,,https://www.amazon.com/gp/customer-reviews/RCCKILN61OC7Y,True,"[{""name"":""Color"",""detail"":""Courtly Check""}]",0
B07QM72ZXL,B07QM72ZXL,https://www.amazon.com/dp/B07QM72ZXL,5.0,Love,Love these ! Bought the whole set . Love Mackenzie Childs Courtly Check! And love the fast shipping ,20241212,value_or_quantity,https://www.amazon.com/gp/customer-reviews/R29333V6GDRZNT,True,"[{""name"":""Color"",""detail"":""Courtly Check""}]",0
B07QM72ZXL,B07QM72ZXL,https://www.amazon.com/dp/B07QM72ZXL,5.0,Excellent quality,"I added this large canister to my MC coffee station at home. It‘s perfectly sized for 2.5 bags of artisanal grounds. It looks delightful next to my KitchenAid coffee maker and just below the two sizes of sweets jars (currently housing dog treats.) I have the Molimoli coffee syrup dispensers and everything is tied together with an MC relish dish-- perfectly sized for my stirring spoon. I can‘t recommend buying your Mackenzie-Childs on Amazon highly enough-- especially when the MC website is experiencing backorders or warehouse delays. Only drawback is you won‘t get your MC loyalty points, but that‘s minor if you get to receive your purchase next day eligible. LOVE this purchase from Amazon!",20241025,size_fit,https://www.amazon.com/gp/customer-reviews/R1YE2A3HM9RN2P,True,"[{""name"":""Color"",""detail"":""Courtly Check""}]",0
B07QM72ZXL,B07QM72ZXL,https://www.amazon.com/dp/B07QM72ZXL,5.0,Beautiful piece,I love it! looking forward to get more of Mackenzie & Childs product.,20241021,,https://www.amazon.com/gp/customer-reviews/R31K418JLA19TM,True,"[{""name"":""Color"",""detail"":""Courtly Check""}]",0
B07QM72ZXL,B07QM72ZXL,https://www.amazon.com/dp/B07QM72ZXL,5.0,nice,NICE,20241004,,https://www.amazon.com/gp/customer-reviews/R3BWNIIUFXT3X7,True,"[{""name"":""Color"",""detail"":""Courtly Check""}]",0
B07QM72ZXL,B07QM72ZXL,https://www.amazon.com/dp/B07QM72ZXL,5.0,Love it!,Love it!,20240923,,https://www.amazon.com/gp/customer-reviews/R3H2OP5LO996VA,True,"[{""name"":""Color"",""detail"":""Courtly Check""}]",0
B07QM72ZXL,B07QM72ZXL,https://www.amazon.com/dp/B07QM72ZXL,5.0,Perfect,Loved this and it came super fast!,20240710,,https://www.amazon.com/gp/customer-reviews/R2IFI6RAN3IH11,True,"[{""name"":""Color"",""detail"":""Courtly Check""}]",0
B07QM72ZXL,B0DS1LBP6G,https://www.amazon.com/dp/B0DS1LBP6G,5.0,Beautifully functional!,Just as advertised! So pretty!!!,20240607,,https://www.amazon.com/gp/customer-reviews/R1GLTJ1AZYMHV1,True,[],2
B07QM72ZXL,B09YWMGZWQ,https://www.amazon.com/dp/B09YWMGZWQ,5.0,Beautifully functional!,Just as advertised! So pretty!!!,20240607,,https://www.amazon.com/gp/customer-reviews/R1GLTJ1AZYMHV1,True,"[{""name"":""Color"",""detail"":""Sterling Check""}]",4
B07QM72ZXL,B07QM72ZXL,https://www.amazon.com/dp/B07QM72ZXL,5.0,Beautifully functional!,Just as advertised! So pretty!!!,20240607,,https://www.amazon.com/gp/customer-reviews/R1GLTJ1AZYMHV1,True,[],2
B07QM72ZXL,B07QM72ZXL,https://www.amazon.com/dp/B07QM72ZXL,4.0,McKenzie Childs,"I love it! I‘m really only using it as decoration in my kitchen. We rent, and although the kitchen was completely renovated, it is overly neutral done in grey and white. I wanted to bring in color. I added a red, black and white carpet, and some McKenzie Child‘s decor, and now my kitchen pops!",20240114,,https://www.amazon.com/gp/customer-reviews/R4EGV51YA7M3K,True,"[{""name"":""Color"",""detail"":""Courtly Check""}]",1
B07QM72ZXL,B07QM72ZXL,https://www.amazon.com/dp/B07QM72ZXL,5.0,Beautiful and well made!!,These canisters brighten up my coffee station!!,20231228,,https://www.amazon.com/gp/customer-reviews/RDQCNVOMC1HNZ,True,"[{""name"":""Color"",""detail"":""Courtly Check""}]",1
B07QM72ZXL,B07QM72ZXL,https://www.amazon.com/dp/B07QM72ZXL,5.0,Maravilloso,Único y hermoso!! Y los recibí el mismo día 👏🏼,20231228,,https://www.amazon.com/gp/customer-reviews/R3NMF01TJ5YWDJ,True,"[{""name"":""Color"",""detail"":""Courtly Check""}]",0
B07QM72ZXL,B07QM72ZXL,https://www.amazon.com/dp/B07QM72ZXL,5.0,Touch Of Class!,"Absolutely beautiful! I have the matching teapot and this piece completed the pop of color and classy look l was looking for, not my last purchase!",20230819,,https://www.amazon.com/gp/customer-reviews/R31OJCVHIO7XBY,True,"[{""name"":""Color"",""detail"":""Courtly Check""}]",1
B07QM72ZXL,B07QM72ZXL,https://www.amazon.com/dp/B07QM72ZXL,5.0,Beautiful,Very Beautiful!,20230817,,https://www.amazon.com/gp/customer-reviews/R1SRTZ4QSAJZRX,True,"[{""name"":""Color"",""detail"":""Courtly Check""}]",4
B07QM72ZXL,B0DS1LBP6G,https://www.amazon.com/dp/B0DS1LBP6G,5.0,Beautiful piece,What a unique beautiful piece. I will be getting the other sizes. I was liking the idea of yellow but has a hint of green which I love even better. Great quality and just a beautiful addition to your kitchen.,20230519,size_fit,https://www.amazon.com/gp/customer-reviews/R34KQH13CGGA41,True,[],2
B07QM72ZXL,B0DS1JZS11,https://www.amazon.com/dp/B0DS1JZS11,5.0,Beautiful piece,What a unique beautiful piece. I will be getting the other sizes. I was liking the idea of yellow but has a hint of green which I love even better. Great quality and just a beautiful addition to your kitchen.,20230519,size_fit,https://www.amazon.com/gp/customer-reviews/R34KQH13CGGA41,True,[],2
B07QM72ZXL,B07QM72ZXL,https://www.amazon.com/dp/B07QM72ZXL,5.0,Beautiful piece,What a unique beautiful piece. I will be getting the other sizes. I was liking the idea of yellow but has a hint of green which I love even better. Great quality and just a beautiful addition to your kitchen.,20230519,size_fit,https://www.amazon.com/gp/customer-reviews/R34KQH13CGGA41,True,[],2
B07QM72ZXL,B0DS1LBP6G,https://www.amazon.com/dp/B0DS1LBP6G,5.0,Canister set,Fabulous!!  Love the quality and pattern!  I also have two other pieces,20220127,,https://www.amazon.com/gp/customer-reviews/R3LFSI16NB11F,True,[],1
B07QM72ZXL,B0DS1JZS11,https://www.amazon.com/dp/B0DS1JZS11,5.0,Canister set,Fabulous!!  Love the quality and pattern!  I also have two other pieces,20220127,,https://www.amazon.com/gp/customer-reviews/R3LFSI16NB11F,True,[],1
B07QM72ZXL,B07QM72ZXL,https://www.amazon.com/dp/B07QM72ZXL,5.0,Canister set,Fabulous!!  Love the quality and pattern!  I also have two other pieces,20220127,,https://www.amazon.com/gp/customer-reviews/R3LFSI16NB11F,True,[],1
B07QM72ZXL,B07QSWVDY9,https://www.amazon.com/dp/B07QSWVDY9,5.0,Canister,I wish they have medium size available too. But looks v nice and elegant.,20210306,size_fit,https://www.amazon.com/gp/customer-reviews/R1P4EM39F50PT1,True,"[{""name"":""Color"",""detail"":""Royal Check""}]",0
B07QM72ZXL,B07QSWVDY9,https://www.amazon.com/dp/B07QSWVDY9,5.0,Gorgeous!!!,"Really really beautiful and much larger than I realized which was a wonderful surprise and great value. For those not familiar with the company history, they are produced in some areas in Eastern Asia so that’s why it will say made in China for authentic pieces. There were slight hairline scratches on my plaque, but I am ocd and notice tiny details that most wouldn’t flinch at or catch. I don’t think that’s the seller’s fault, I just think that’s just part of the artisan experience; the pottery is getting handled much during design and careful packaging. It’s not damaged in any way and was wrapped very superbly and that is so appreciated! Really fast shipping too. Great experience and five stars all around! Gorgeous blue check color is my fav!!",20201218,size_fit; value_or_quantity,https://www.amazon.com/gp/customer-reviews/R3SHAPYCI46P9D,True,"[{""name"":""Color"",""detail"":""Royal Check""}]",4
B07QM72ZXL,B0DS1LBP6G,https://www.amazon.com/dp/B0DS1LBP6G,4.0,Read carefully what you are buying.,I like it it’s beautiful. But what was not clear is that I could not get the other sizes. I thought I was paying for all three. And now I can’t get the other  sizes. It was displayed with all three not one.,20201001,size_fit,https://www.amazon.com/gp/customer-reviews/RX7PDKT3NLW38,True,[],3
B07QM72ZXL,B0DS1JZS11,https://www.amazon.com/dp/B0DS1JZS11,4.0,Read carefully what you are buying.,I like it it’s beautiful. But what was not clear is that I could not get the other sizes. I thought I was paying for all three. And now I can’t get the other  sizes. It was displayed with all three not one.,20201001,size_fit,https://www.amazon.com/gp/customer-reviews/RX7PDKT3NLW38,True,[],4
B07QM72ZXL,B07QM72ZXL,https://www.amazon.com/dp/B07QM72ZXL,4.0,Read carefully what you are buying.,I like it it’s beautiful. But what was not clear is that I could not get the other sizes. I thought I was paying for all three. And now I can’t get the other  sizes. It was displayed with all three not one.,20201001,size_fit,https://www.amazon.com/gp/customer-reviews/RX7PDKT3NLW38,True,[],3
B07QM72ZXL,B07QSWVDY9,https://www.amazon.com/dp/B07QSWVDY9,5.0,Very Happy,Super Happy with my order it arrived a few day early thank you,20190712,,https://www.amazon.com/gp/customer-reviews/R3PDAT0GTZZRXX,True,"[{""name"":""Color"",""detail"":""Royal Check""}]",1
B07QM72ZXL,B0DS1LBP6G,https://www.amazon.com/dp/B0DS1LBP6G,3.0,Three Stars,Too expensive for made in China!,20180501,value_or_quantity,https://www.amazon.com/gp/customer-reviews/R1I0LPEWG7VWSC,True,[],3
B07QM72ZXL,B0DS1JZS11,https://www.amazon.com/dp/B0DS1JZS11,3.0,Three Stars,Too expensive for made in China!,20180501,value_or_quantity,https://www.amazon.com/gp/customer-reviews/R1I0LPEWG7VWSC,True,[],4
B07QM72ZXL,B07QM72ZXL,https://www.amazon.com/dp/B07QM72ZXL,3.0,Three Stars,Too expensive for made in China!,20180501,value_or_quantity,https://www.amazon.com/gp/customer-reviews/R1I0LPEWG7VWSC,True,[],3
B0DSJLHJCW,B0DSJLHJCW,https://www.amazon.com/dp/B0DSJLHJCW,4.0,Smaller than expected but cute,Smaller than I thought. Will have to be refilled often.,20260418,size_fit,https://www.amazon.com/gp/customer-reviews/R14GNJ2BGMMWEM,False,"[{""name"":""Color"",""detail"":""Courtly Check""}]",0
B0DSJLHJCW,B0DSJLLM68,https://www.amazon.com/dp/B0DSJLLM68,3.0,Pretty but too small oil cruet,This was pretty but I had to return it. It was way too small for what I wanted to use it for.,20260417,size_fit,https://www.amazon.com/gp/customer-reviews/R2L8F76FM5IB35,False,"[{""name"":""Color"",""detail"":""Sterling Check""}]",0
B0DSJLHJCW,B0DSJLLM68,https://www.amazon.com/dp/B0DSJLLM68,1.0,This product leaks!,"Disappointed with the quality and customer service for this item. I expected more for the price. I own a lot of MC things and this is the only one that I have had an issue with. I had this for 6 months before it started to leak. I reached out for some help and did not get a response. For the price of this, it should have lasted longer. If you buy it, make sure you don’t love whatever it is going to leak on!",20260401,value_or_quantity,https://www.amazon.com/gp/customer-reviews/R2H6M2WAAA6554,False,"[{""name"":""Color"",""detail"":""Sterling Check""}]",0
B0DSJLHJCW,B0DSJLHJCW,https://www.amazon.com/dp/B0DSJLHJCW,2.0,"It’s nice, but very small",It’s very small only problem,20260327,size_fit,https://www.amazon.com/gp/customer-reviews/R2OFBDRKJQYV0E,False,"[{""name"":""Color"",""detail"":""Courtly Check""}]",0
B0DSJLHJCW,B0DSJLHJCW,https://www.amazon.com/dp/B0DSJLHJCW,5.0,Very nice product,Nice decor to your kitchen - please note that you’d need only able to hold around 14 oz of oil in it,20260316,,https://www.amazon.com/gp/customer-reviews/R24QBM2A9LK8N7,False,"[{""name"":""Color"",""detail"":""Courtly Check""}]",0
B0DSJLHJCW,B0F4TFXFTD,https://www.amazon.com/dp/B0F4TFXFTD,5.0,Rosey check,"Cute Rosey check,just wish it was bigger!Pours very well",20260302,,https://www.amazon.com/gp/customer-reviews/R1DPE1MACO6ONA,False,"[{""name"":""Color"",""detail"":""Rosy Check""}]",1
B0DSJLHJCW,B0DSJLLM68,https://www.amazon.com/dp/B0DSJLLM68,3.0,Nice but small,Very small!!,20260226,size_fit,https://www.amazon.com/gp/customer-reviews/R1JMTEKN9RCWKO,False,"[{""name"":""Color"",""detail"":""Sterling Check""}]",1
B0DSJLHJCW,B0DSJLHJCW,https://www.amazon.com/dp/B0DSJLHJCW,4.0,Smaller then it looks in the picture,"So adorable, but much smaller the. i thought it would be.",20260224,size_fit,https://www.amazon.com/gp/customer-reviews/R3BZIY7F8X6QPU,False,"[{""name"":""Color"",""detail"":""Courtly Check""}]",1
B0DSJLHJCW,B0DSJLLM68,https://www.amazon.com/dp/B0DSJLLM68,5.0,Well made,Working on acquiring the sterling kitchen set. Oil crust is worth is well made,20260214,freshness_or_drying; value_or_quantity,https://www.amazon.com/gp/customer-reviews/R3EL9A3XBQCQND,False,"[{""name"":""Color"",""detail"":""Sterling Check""}]",0
B0DSJLHJCW,B0DSJLLM68,https://www.amazon.com/dp/B0DSJLLM68,5.0,Perfect size!,Perfect size not too big notToo small fit on the stove with the matching salt and pepper shakers 😍,20260127,size_fit,https://www.amazon.com/gp/customer-reviews/R1L9W0QXF39MPQ,False,"[{""name"":""Color"",""detail"":""Sterling Check""}]",0
B0DSJLHJCW,B0DSJLHJCW,https://www.amazon.com/dp/B0DSJLHJCW,2.0,Meh,"I really don’t like it. Being that it’s ceramic, it really takes away from the whole Mcenzie child’s look alongside my other pieces. I wish it was enameled steel like everything else. That’s just my opinion though. It bothers me but it may not bother someone else. Being that the medium is different, it doesn’t give me the same feel as the other pieces do. Also, it’s very small.",20260112,size_fit,https://www.amazon.com/gp/customer-reviews/R27FRSXKBTP19L,False,"[{""name"":""Color"",""detail"":""Courtly Check""}]",0
B0DSJLHJCW,B0DSJLLM68,https://www.amazon.com/dp/B0DSJLLM68,3.0,"Smaller than imaged, but great product",The bottle is beautiful but it was much smaller than expected.,20260102,size_fit,https://www.amazon.com/gp/customer-reviews/R21EHGUGF17NNU,False,"[{""name"":""Color"",""detail"":""Sterling Check""}]",0
B0DSJLHJCW,B0DSJLLM68,https://www.amazon.com/dp/B0DSJLLM68,5.0,So pretty!,The colors are so pretty! Gave as a gift to add to their collection.,20260101,,https://www.amazon.com/gp/customer-reviews/R15Z3278RY6CCT,False,"[{""name"":""Color"",""detail"":""Sterling Check""}]",0
B0DSJLHJCW,B0DSJLHJCW,https://www.amazon.com/dp/B0DSJLHJCW,1.0,TODDLER SİZE! So small…,It’s not a joke. It’s a toddler size oil dispenser! I’m so disappointed.Smaller than their salt shakers.,20251231,size_fit,https://www.amazon.com/gp/customer-reviews/R3TJWHYGR8GUD8,False,"[{""name"":""Color"",""detail"":""Courtly Check""}]",0
B0DSJLHJCW,B0DSJLLM68,https://www.amazon.com/dp/B0DSJLLM68,4.0,Squirt,Smaller than expected. But I love this bottle for my olive oil. I love this pattern.Did I mention that I love Mackenzie Childs. Please lower your prices.,20251230,size_fit; value_or_quantity,https://www.amazon.com/gp/customer-reviews/R1REGL9MV2RVDX,False,"[{""name"":""Color"",""detail"":""Sterling Check""}]",0
B0DSJLHJCW,B0DSJLLM68,https://www.amazon.com/dp/B0DSJLLM68,5.0,STUNNING!,Beautiful well made Mackenzie Childs oil Cruet absolutely love it! Goes so well with all my other MC Sterling Check kitchen decor.,20251111,,https://www.amazon.com/gp/customer-reviews/RN7LWN4XFYIE5,False,"[{""name"":""Color"",""detail"":""Sterling Check""}]",1
B0DSJLHJCW,B0F4TFXFTD,https://www.amazon.com/dp/B0F4TFXFTD,2.0,Size is way too small to be functional!,"I just started my MacKenzie collection, and love the first few pieces, but this product is way too small. While it is pretty, for the price I expected it to be bigger, I am returning this product.",20251018,size_fit; value_or_quantity,https://www.amazon.com/gp/customer-reviews/R26VT1I0F9Z63R,True,"[{""name"":""Color"",""detail"":""Rosy Check""}]",0
B0DSJLHJCW,B0DSJLLM68,https://www.amazon.com/dp/B0DSJLLM68,5.0,"Mackenzie-childs, enough said","It‘s mackenzie-childs, enough said. I love it. It‘s smaller than I expected but that didn‘t bother me. It sits on my counter for easy use and looks super cute. You can see the size comparison next to the utensil holder.",20251011,size_fit,https://www.amazon.com/gp/customer-reviews/R2Q4SL5OWH3FWH,True,"[{""name"":""Color"",""detail"":""Sterling Check""}]",0
B0DSJLHJCW,B0DSJLLM68,https://www.amazon.com/dp/B0DSJLLM68,2.0,READ REVIEWS!,"Should have read the reviews but figured it would be nice due to the brand name. I actually thought it was a joke when I opened it it’s TINY! Would not hold a standard 500mL bottle of oil. It’s more of an oil and vinegar holder for tabletop dinners if you are serving a salad. Not something you would keep on your counter for cooking purposes, which is what I had intended. It is beautiful though.",20251009,,https://www.amazon.com/gp/customer-reviews/R3BRD1OPFDDDMV,True,"[{""name"":""Color"",""detail"":""Sterling Check""}]",0
B0DSJLHJCW,B0DSJLLM68,https://www.amazon.com/dp/B0DSJLLM68,1.0,Disappointed,"This is so small and came in a beat up box, for the price and the brand I would think nice packaging would be included.",20251004,size_fit; value_or_quantity,https://www.amazon.com/gp/customer-reviews/R26W5I42XOVH66,True,"[{""name"":""Color"",""detail"":""Sterling Check""}]",0
B0DSJLHJCW,B0F4TFXFTD,https://www.amazon.com/dp/B0F4TFXFTD,2.0,Don’t purchase,Got this for a gift for my mom and the top of the it doesn’t fit the opening. Way too big so the top falls off every time she pours it.,20251003,size_fit,https://www.amazon.com/gp/customer-reviews/R2YAKZ4DIOAQ28,True,[],0
B0DSJLHJCW,B0DSJLLM68,https://www.amazon.com/dp/B0DSJLLM68,5.0,Small but will add charm to your collection!,"I just recently started to build my Mackenzie Childs collection so I am happy to share with you one of the first items I bought. First I did appreciate how fast Amazon delivery is! I received it in one day.  You can’t find everything from this brand on Amazon but it’s a great option while I wait from more items to come from Williams Sonoma.  Be warned this is not a big item, not your typical olive oil dispenser, but if you don’t need it to be a particular size this will do the trick! Or I suggest you get another one and display them side by side.  Nonetheless I went into knowing it was on the smaller end so I am happy with it! Great quality, the color is on point. The packaging was very good and kept the item from breaking during its transit.",20250715,size_fit; value_or_quantity,https://www.amazon.com/gp/customer-reviews/R1KT0HABEDEEWV,True,[],0
B0DSJLHJCW,B0DSJLHJCW,https://www.amazon.com/dp/B0DSJLHJCW,5.0,Small but will add charm to your collection!,"I just recently started to build my Mackenzie Childs collection so I am happy to share with you one of the first items I bought. First I did appreciate how fast Amazon delivery is! I received it in one day.  You can’t find everything from this brand on Amazon but it’s a great option while I wait from more items to come from Williams Sonoma.  Be warned this is not a big item, not your typical olive oil dispenser, but if you don’t need it to be a particular size this will do the trick! Or I suggest you get another one and display them side by side.  Nonetheless I went into knowing it was on the smaller end so I am happy with it! Great quality, the color is on point. The packaging was very good and kept the item from breaking during its transit.",20250715,size_fit; value_or_quantity,https://www.amazon.com/gp/customer-reviews/R1KT0HABEDEEWV,True,[],0
B0DSJLHJCW,B0F4TFXFTD,https://www.amazon.com/dp/B0F4TFXFTD,5.0,Small but will add charm to your collection!,"I just recently started to build my Mackenzie Childs collection so I am happy to share with you one of the first items I bought. First I did appreciate how fast Amazon delivery is! I received it in one day.  You can’t find everything from this brand on Amazon but it’s a great option while I wait from more items to come from Williams Sonoma.  Be warned this is not a big item, not your typical olive oil dispenser, but if you don’t need it to be a particular size this will do the trick! Or I suggest you get another one and display them side by side.  Nonetheless I went into knowing it was on the smaller end so I am happy with it! Great quality, the color is on point. The packaging was very good and kept the item from breaking during its transit.",20250715,size_fit; value_or_quantity,https://www.amazon.com/gp/customer-reviews/R1KT0HABEDEEWV,True,[],0
B0DSJLHJCW,B0DSJLLM68,https://www.amazon.com/dp/B0DSJLLM68,1.0,Don’t waste your money!,"Complete waste of money!!Too small. Looks ridiculousPlus stopper does not securely attachI have many other  McKenzie Childs  items, all very nice.But, this was a big disappointment",20250714,size_fit,https://www.amazon.com/gp/customer-reviews/R37RTOQ7KQKNGG,False,"[{""name"":""Color"",""detail"":""Sterling Check""}]",0
B0DSJLHJCW,B0DSJLLM68,https://www.amazon.com/dp/B0DSJLLM68,5.0,Everything about it!,This Sterling check is so beautiful.,20250712,,https://www.amazon.com/gp/customer-reviews/R2LI74RKSRNCYS,True,"[{""name"":""Color"",""detail"":""Sterling Check""}]",0
B0DSJLHJCW,B0DSJLLM68,https://www.amazon.com/dp/B0DSJLLM68,4.0,Smaller than expected,"Small but has a nice design, afterall it‘s MacKenzie-Childs",20250612,size_fit,https://www.amazon.com/gp/customer-reviews/R19PRN9ZOQF6VQ,True,"[{""name"":""Color"",""detail"":""Sterling Check""}]",0
B0DSJLHJCW,B0DSJLLM68,https://www.amazon.com/dp/B0DSJLLM68,3.0,The size was deceiving. Returned.,"I absolutely love Mackenzie Childs, and will continuously build my collection, but this one was not it. When it arrived, I was pretty disappointed in the size. I was expecting it to be a normal, adult-sized olive oil dispenser to have on display, but it would honestly fit better in my daughter‘s play kitchen.",20250530,size_fit,https://www.amazon.com/gp/customer-reviews/R1XFYFQIR777QJ,True,[],0
B0DSJLHJCW,B0DSJLHJCW,https://www.amazon.com/dp/B0DSJLHJCW,3.0,The size was deceiving. Returned.,"I absolutely love Mackenzie Childs, and will continuously build my collection, but this one was not it. When it arrived, I was pretty disappointed in the size. I was expecting it to be a normal, adult-sized olive oil dispenser to have on display, but it would honestly fit better in my daughter‘s play kitchen.",20250530,size_fit,https://www.amazon.com/gp/customer-reviews/R1XFYFQIR777QJ,True,[],0
B0DSJLHJCW,B0F4TFXFTD,https://www.amazon.com/dp/B0F4TFXFTD,3.0,The size was deceiving. Returned.,"I absolutely love Mackenzie Childs, and will continuously build my collection, but this one was not it. When it arrived, I was pretty disappointed in the size. I was expecting it to be a normal, adult-sized olive oil dispenser to have on display, but it would honestly fit better in my daughter‘s play kitchen.",20250530,size_fit,https://www.amazon.com/gp/customer-reviews/R1XFYFQIR777QJ,True,[],0
B0DSJLHJCW,B0DSJLLM68,https://www.amazon.com/dp/B0DSJLLM68,1.0,SMALL!!!!!,"So tiny it’s ridiculous.  Made in China. NOT hand painted like McKenzie  Childs claims. So disappointed in this purchase. If you cook on a daily basis and use this for olive oil, you will have to refill it about every three days….stupid.",20250524,,https://www.amazon.com/gp/customer-reviews/R19W4WTD99D9IG,True,[],0
B0DSJLHJCW,B0DSJLHJCW,https://www.amazon.com/dp/B0DSJLHJCW,1.0,SMALL!!!!!,"So tiny it’s ridiculous.  Made in China. NOT hand painted like McKenzie  Childs claims. So disappointed in this purchase. If you cook on a daily basis and use this for olive oil, you will have to refill it about every three days….stupid.",20250524,,https://www.amazon.com/gp/customer-reviews/R19W4WTD99D9IG,True,[],0
B0DSJLHJCW,B0F4TFXFTD,https://www.amazon.com/dp/B0F4TFXFTD,1.0,SMALL!!!!!,"So tiny it’s ridiculous.  Made in China. NOT hand painted like McKenzie  Childs claims. So disappointed in this purchase. If you cook on a daily basis and use this for olive oil, you will have to refill it about every three days….stupid.",20250524,,https://www.amazon.com/gp/customer-reviews/R19W4WTD99D9IG,True,[],0
B0DSJLHJCW,B0DSJLLM68,https://www.amazon.com/dp/B0DSJLLM68,5.0,Always quality,Nothing with a MacKenzie Childs label on it is less than perfect.  It is smaller than I imagined but that really just adds to the uniqueness of it.,20250519,size_fit,https://www.amazon.com/gp/customer-reviews/R33XWL4C9RYV28,True,[],0
B0DSJLHJCW,B0DSJLHJCW,https://www.amazon.com/dp/B0DSJLHJCW,5.0,Always quality,Nothing with a MacKenzie Childs label on it is less than perfect.  It is smaller than I imagined but that really just adds to the uniqueness of it.,20250519,size_fit,https://www.amazon.com/gp/customer-reviews/R33XWL4C9RYV28,True,[],0
B0DSJLHJCW,B0F4TFXFTD,https://www.amazon.com/dp/B0F4TFXFTD,5.0,Always quality,Nothing with a MacKenzie Childs label on it is less than perfect.  It is smaller than I imagined but that really just adds to the uniqueness of it.,20250519,size_fit,https://www.amazon.com/gp/customer-reviews/R33XWL4C9RYV28,True,[],1
B0DSJLHJCW,B0DSJLLM68,https://www.amazon.com/dp/B0DSJLLM68,5.0,McKenzie Childs oil,"Bought this as a wedding present, I adore McKenzie Childs  and this new bride may want to build her own collection.",20250514,,https://www.amazon.com/gp/customer-reviews/R2OJUIN6M1WNG9,True,[],0
B0DSJLHJCW,B0DSJLHJCW,https://www.amazon.com/dp/B0DSJLHJCW,5.0,McKenzie Childs oil,"Bought this as a wedding present, I adore McKenzie Childs  and this new bride may want to build her own collection.",20250514,,https://www.amazon.com/gp/customer-reviews/R2OJUIN6M1WNG9,True,[],0
B0DSJLHJCW,B0F4TFXFTD,https://www.amazon.com/dp/B0F4TFXFTD,5.0,McKenzie Childs oil,"Bought this as a wedding present, I adore McKenzie Childs  and this new bride may want to build her own collection.",20250514,,https://www.amazon.com/gp/customer-reviews/R2OJUIN6M1WNG9,True,[],0
B0DSJLHJCW,B0DSJLLM68,https://www.amazon.com/dp/B0DSJLLM68,1.0,Ok,I put oil in it and the top of always up like if it wants to come off would just use it as a decor not good for oil,20250506,,https://www.amazon.com/gp/customer-reviews/R39AJRRPOVV45,True,[],0
B0DSJLHJCW,B0DSJLHJCW,https://www.amazon.com/dp/B0DSJLHJCW,1.0,Ok,I put oil in it and the top of always up like if it wants to come off would just use it as a decor not good for oil,20250506,,https://www.amazon.com/gp/customer-reviews/R39AJRRPOVV45,True,[],0
B0DSJLHJCW,B0F4TFXFTD,https://www.amazon.com/dp/B0F4TFXFTD,1.0,Ok,I put oil in it and the top of always up like if it wants to come off would just use it as a decor not good for oil,20250506,,https://www.amazon.com/gp/customer-reviews/R39AJRRPOVV45,True,[],0
B0DSJLHJCW,B0DSJLLM68,https://www.amazon.com/dp/B0DSJLLM68,5.0,Love it!!!,Love it!!!,20250419,,https://www.amazon.com/gp/customer-reviews/R30XHQSF52YPC1,True,[],0
B0DSJLHJCW,B0DSJLHJCW,https://www.amazon.com/dp/B0DSJLHJCW,5.0,Love it!!!,Love it!!!,20250419,,https://www.amazon.com/gp/customer-reviews/R30XHQSF52YPC1,True,[],0
B0DSJLHJCW,B0F4TFXFTD,https://www.amazon.com/dp/B0F4TFXFTD,5.0,Love it!!!,Love it!!!,20250419,,https://www.amazon.com/gp/customer-reviews/R30XHQSF52YPC1,True,[],0
B0DSJLHJCW,B0DSJLLM68,https://www.amazon.com/dp/B0DSJLLM68,3.0,Small,Very smallMaybe hold 8oz,20250416,size_fit,https://www.amazon.com/gp/customer-reviews/R3JYDHOXQD0VSY,True,"[{""name"":""Color"",""detail"":""Sterling Check""}]",0
B0DSJLHJCW,B0DSJLLM68,https://www.amazon.com/dp/B0DSJLLM68,5.0,Great oil cruet,"It is the perfect size for the table, sleek and stylish. It pours smoothly without dripping, and the design looks really cute. East to refill and clean.",20250219,cleaning; size_fit; durability,https://www.amazon.com/gp/customer-reviews/R25FNFN7KSC5QD,True,"[{""name"":""Color"",""detail"":""Sterling Check""}]",1
B0F5SNL928,B0F5SNZHF6,https://www.amazon.com/dp/B0F5SNZHF6,5.0,Good quality,Perfect gift,20251018,,https://www.amazon.com/gp/customer-reviews/R1NVL6L2944J9L,True,"[{""name"":""Color"",""detail"":""Mocha Check""}]",0
B0F5SNL928,B0F5SNZHF6,https://www.amazon.com/dp/B0F5SNZHF6,1.0,Not the same color,It‘s a different color than the mocha check,20250921,,https://www.amazon.com/gp/customer-reviews/R1GH38V067UAH9,True,"[{""name"":""Color"",""detail"":""Mocha Check""}]",1
B0F5SNL928,B0F5SNL928,https://www.amazon.com/dp/B0F5SNL928,1.0,Not the same color,It‘s a different color than the mocha check,20250921,,https://www.amazon.com/gp/customer-reviews/R1GH38V067UAH9,True,[],0
B0DS1QH1VF,B0DS1QH1VF,https://www.amazon.com/dp/B0DS1QH1VF,5.0,McKenzie childs,Great quality,20260228,,https://www.amazon.com/gp/customer-reviews/R3IO1E0IEQFC3T,False,,0
B0DS1QH1VF,B0DS1QH1VF,https://www.amazon.com/dp/B0DS1QH1VF,5.0,Love MC salt and pepper shakers,This item has been on back order on the MC website for months. So glad I was able to get it on Amazon.,20260204,,https://www.amazon.com/gp/customer-reviews/RR5R32J9HDP2Y,False,,0
B0DS1QH1VF,B0DS1QH1VF,https://www.amazon.com/dp/B0DS1QH1VF,5.0,Love them!,They are a good size! And a better price than the more popular style of MC. Wish they came in more colors.,20260102,size_fit; value_or_quantity,https://www.amazon.com/gp/customer-reviews/R37CW1BA2MV06M,False,,0
B0DS1QH1VF,B0DS1QH1VF,https://www.amazon.com/dp/B0DS1QH1VF,5.0,Perfect MC Salt & Pepper Shakers,"Love these MC Salt & Pepper shakers. Great size, feel great in your hands, beautiful on a table.",20251218,size_fit,https://www.amazon.com/gp/customer-reviews/R3NHW0GYYHOJ63,False,,1
B0DS1QH1VF,B0DS1QH1VF,https://www.amazon.com/dp/B0DS1QH1VF,5.0,Great quality,"These salt and pepper shakers are so pretty and functional! I love Mackenzie Childs products! The size is nice, we use them daily!",20251127,size_fit,https://www.amazon.com/gp/customer-reviews/R5G83I77U01WX,False,,0
B0DS1QH1VF,B0DS1QH1VF,https://www.amazon.com/dp/B0DS1QH1VF,2.0,Look like a dupe,These literally look like a dupe and don‘t match my other courtly check pieces. I hate that they are using this transfer design stuff now. :(,20250706,,https://www.amazon.com/gp/customer-reviews/R2AFSEJ73J1Y63,False,,4
B0DS1QH1VF,B0DS1QH1VF,https://www.amazon.com/dp/B0DS1QH1VF,5.0,Expensive yet worth it!!!,I love McKenzie child’s home decor I been collecting different pieces give my kitchen a great look and place for gathering,20250609,,https://www.amazon.com/gp/customer-reviews/R2NXOZE6GUWXQM,True,[],0
B0DS1QH1VF,B0DS1QH1VF,https://www.amazon.com/dp/B0DS1QH1VF,5.0,Great salt and pepper shakers,It‘s mackenzie childs..no need for review.  Quality is understood.,20250605,,https://www.amazon.com/gp/customer-reviews/R3NJZV2T4VM7JX,True,[],0
B0DS1QH1VF,B0DS1QH1VF,https://www.amazon.com/dp/B0DS1QH1VF,2.0,Beware: Appearance is not of MacKenzie Childs quality,"The appearance of these does not look like authentic MacKenzie Childs quality. Instead of the yellowish stain, there are blue splotches all over the white squares, which is not shown in the advertisement picture.They definitely were not a discounted price as a mishap or factory reject. Next time, I will just order from the original website for quality. They were advertised as authentic quality; however, they are not!Therefore, I would not recommend ordering your MacKenzie Childs from here.",20250521,cleaning; value_or_quantity,https://www.amazon.com/gp/customer-reviews/R3UAB9IYO4U2CU,True,[],1
B0DS1QH1VF,B0DS1QH1VF,https://www.amazon.com/dp/B0DS1QH1VF,5.0,Beautiful,Beautiful just what I was looking for to match the napkin holder. Great detail,20250519,,https://www.amazon.com/gp/customer-reviews/RKX77FI0R9882,True,[],0
