review_target_asin,asin,listing_url,rating,review_title,review_text,review_date,pain_point_tags,review_link,verified_purchase,asin_property,helpful
B0FS1YH17C,B0FS1YH17C,https://www.amazon.com/dp/B0FS1YH17C,4.0,Nice,Nice bread bags. Easy to open and clean when needed.,20260503,cleaning,https://www.amazon.com/gp/customer-reviews/R13XNDYEBKNXLL,False,"[{""name"":""Color"",""detail"":""White - Little Bee""}]",0
B0FS1YH17C,B0FS1YH17C,https://www.amazon.com/dp/B0FS1YH17C,5.0,Beeswax bread bags,These bags are awesome hoping that they provide me with longevity for my bread,20260421,,https://www.amazon.com/gp/customer-reviews/R3UKVOCPPTJVDS,False,"[{""name"":""Color"",""detail"":""White - Little Bee""}]",0
B0FS1YH17C,B0FS1YH17C,https://www.amazon.com/dp/B0FS1YH17C,5.0,Bread last few days longer than plastic container,I love these for my home made bread. U get two. The zipper is decent Quality its sturdy and the seams are double stictched. The inside is plastic looking but I guess that is the wax finish. I have used this twice now and each time bread last couple days longer in terms of softness. I like the design but I wish it had a hard bad so the bread would stay upright but otherwise no faults.,20260420,freshness_or_drying; smell_or_wax; durability,https://www.amazon.com/gp/customer-reviews/R2QQR4E7TM9DCE,False,"[{""name"":""Color"",""detail"":""White - Little Bee""}]",0
B0FS1YH17C,B0FS1YH17C,https://www.amazon.com/dp/B0FS1YH17C,4.0,Great product!,Great product!,20260415,,https://www.amazon.com/gp/customer-reviews/R2ALXU4F7IL3WA,False,"[{""name"":""Color"",""detail"":""White - Little Bee""}]",0
B0FS1YH17C,B0FS1YH17C,https://www.amazon.com/dp/B0FS1YH17C,5.0,Cute beeswax bread bags,I love this two cute bread bags! They are nice quality including the zipper. They keep fresh my bread longer and I it is very easy to use. You can use it in both the refrigerator and the freezer. I like that the design make it easier to clean when need it.,20260415,freshness_or_drying; cleaning; durability,https://www.amazon.com/gp/customer-reviews/R13BBAILTT85F8,False,"[{""name"":""Color"",""detail"":""White - Little Bee""}]",0
B0FS1YH17C,B0FS1YH17C,https://www.amazon.com/dp/B0FS1YH17C,5.0,No need for plasticbread bags,"This product really intrigued me because of the beeswax. It took me a bit to get used to the idea but I actually like them. There bags are so cute, and cutting back of plastic waste makes these worth it.",20260408,smell_or_wax,https://www.amazon.com/gp/customer-reviews/RW3T6UTCS1Y4X,False,"[{""name"":""Color"",""detail"":""White - Little Bee""}]",0
B0FS1YH17C,B0FS1YH17C,https://www.amazon.com/dp/B0FS1YH17C,5.0,Great quality!,Keeps my fresh baked breads much longer,20260407,freshness_or_drying,https://www.amazon.com/gp/customer-reviews/R1FMGIBTJZRU6V,False,"[{""name"":""Color"",""detail"":""White - Little Bee""}]",0
B0FS1YH17C,B0FS1YH17C,https://www.amazon.com/dp/B0FS1YH17C,5.0,GOOD PRODUCT,"Good idea, decent execution but not perfect.Best fo reco-conscious bakers who want reusable storage
Not ideal if you expect ,bakery-fresh crust for a week.",20260405,freshness_or_drying,https://www.amazon.com/gp/customer-reviews/RJFG4Z06MVLG3,False,"[{""name"":""Color"",""detail"":""White - Little Bee""}]",0
B0FS1YH17C,B0FS1YH17C,https://www.amazon.com/dp/B0FS1YH17C,5.0,Keeps bread fresh longer,"I love these bags 🍞. The quality is great and the material feels durable yet breathable, perfect for sourdough bread. My bread stays fresh longer without getting hard too quickly. I also like that they are reusable and eco-friendly. The XL size is perfect for large loaves and the zipper works well. I would definitely buy them again.",20260405,freshness_or_drying; size_fit; durability,https://www.amazon.com/gp/customer-reviews/R239ZS50IU0JFC,True,"[{""name"":""Color"",""detail"":""White - Little Bee""}]",0
B0FS1YH17C,B0FS1YH17C,https://www.amazon.com/dp/B0FS1YH17C,5.0,love these bread bags,Very pleased with these bread bags. They are extremely large and pleasing design.,20260402,size_fit,https://www.amazon.com/gp/customer-reviews/R1FIQTHYCC5Y9F,False,"[{""name"":""Color"",""detail"":""White - Little Bee""}]",0
B0FS1YH17C,B0FS1YH17C,https://www.amazon.com/dp/B0FS1YH17C,5.0,Good quality and cute!,First glance they seem well made and are cute! I’ve only used them to hold fresh bread but am curious how they’ll do in the freezer as that’s an option.,20260402,freshness_or_drying,https://www.amazon.com/gp/customer-reviews/R17BI8SD1BXHG0,False,"[{""name"":""Color"",""detail"":""White - Little Bee""}]",0
B0FS1YH17C,B0FS1YH17C,https://www.amazon.com/dp/B0FS1YH17C,5.0,Prettiest bread bags!,"I got these yesterday along with some other ones to gift bread and keep some on the counter. I love homemade bread and it makes great gifts and something like this makes it super cute as a hostess gift. Plus it can be reused while the bread is consumed! Love the prints on these, super pretty! Plus we have bees so the print is perfect!",20260331,,https://www.amazon.com/gp/customer-reviews/RUXIE1CZG7IK0,False,"[{""name"":""Color"",""detail"":""White - Little Bee""}]",0
B0FS1YH17C,B0FS1YH17C,https://www.amazon.com/dp/B0FS1YH17C,5.0,REALLY Keeps Sourdough Bread Fresh!,"I am so surprised at how well these bags work to keep my freshly made sourdough loaves at peak condition. The crust stays firm and the interior of the bread stays moist for DAYS on end! I read the reviews before buying these and thought if they are even half true I will be happy, but it turns out that these are better than I could’ve ever imagined. I highly recommend them!",20260330,freshness_or_drying; moisture_or_mold; size_fit,https://www.amazon.com/gp/customer-reviews/R22J4SUPOZRVS9,False,"[{""name"":""Color"",""detail"":""White - Little Bee""}]",0
B0FS1YH17C,B0FS1YH17C,https://www.amazon.com/dp/B0FS1YH17C,5.0,They keep my homemade bread fresh,These bags are great for keeping my homemade bread fresh.,20260328,freshness_or_drying,https://www.amazon.com/gp/customer-reviews/RB2O7B9XUQ5L4,True,"[{""name"":""Color"",""detail"":""White - Little Bee""}]",0
B0FS1YH17C,B0FS1YH17C,https://www.amazon.com/dp/B0FS1YH17C,5.0,Love these,these bags are great for keeping homemade bread fresh. Bread lasted a full week and still tastes great,20260327,freshness_or_drying,https://www.amazon.com/gp/customer-reviews/R35A6CNASUNZ5Q,False,"[{""name"":""Color"",""detail"":""White - Little Bee""}]",0
B0FS1YH17C,B0FS1YH17C,https://www.amazon.com/dp/B0FS1YH17C,1.0,Bad product,Not the right product. The wax is on inside not woven into cotton bag. Bread turns moldy in 4 days,20260327,moisture_or_mold; smell_or_wax,https://www.amazon.com/gp/customer-reviews/RAKWVNBF7L34L,True,"[{""name"":""Color"",""detail"":""White - Little Bee""}]",0
B0FS1YH17C,B0FS1YH17C,https://www.amazon.com/dp/B0FS1YH17C,5.0,Gifting Bread.,"These bags are amazing.  They are reusable, beeswax bags for sourdough bread.  These are much better to use than plastic these days.  They function really well and they fold flat for storage.  They are really easy to use and were a great value for the money that I paid.  They are very lightweight as they are only paper so I believe they will work well to store the bread for a day or two.  You could also gift bread in these bags.",20251117,smell_or_wax; size_fit; value_or_quantity,https://www.amazon.com/gp/customer-reviews/R10F9SFOP3I818,True,[],0
B0FS1YH17C,B0FS1YH17C,https://www.amazon.com/dp/B0FS1YH17C,5.0,Good quality,Nice quality bags,20251117,,https://www.amazon.com/gp/customer-reviews/R19K2FHHJV5UYP,True,[],0
B0FS1YH17C,B0FS1YH17C,https://www.amazon.com/dp/B0FS1YH17C,5.0,Reusable and easy to clean,"I have this friend who makes sourdough bread, so I got these and gifted them to her. Then she gave me bread! Win win! She said she got more, and they keep her bread fresh longer, and she even uses them to freeze bread!",20251116,freshness_or_drying; size_fit,https://www.amazon.com/gp/customer-reviews/R3VJEUI91CLTS6,True,[],0
B0FS1YH17C,B0FS1YH17C,https://www.amazon.com/dp/B0FS1YH17C,5.0,Keep bread fresh and kitchen cute,These beeswax bread bags are the best. I love the design and how it keeps my kitchen looking cute. These keep my breads super fresh. They Easley hold fruit and veggies too making them multifunctional.,20251116,freshness_or_drying; smell_or_wax,https://www.amazon.com/gp/customer-reviews/R5B98VNIZS68B,True,[],0
B0FS1YH17C,B0FS1YH17C,https://www.amazon.com/dp/B0FS1YH17C,5.0,Love these beeswax bags,Love these bags!  Will buy again!,20251116,,https://www.amazon.com/gp/customer-reviews/R1SJPW6LF1D73O,True,[],0
B0FS1YH17C,B0FS1YH17C,https://www.amazon.com/dp/B0FS1YH17C,1.0,Three Days Later - Stale Bread,"I really don‘t know why people will sell products that are not even close to how they are to use.I put my baked rye bread into the bag, and 3 days later; stale and hard as a rock.  I do not recommend this product.I‘m going back to using a plastic bak that is open slightly at the top.",20251114,freshness_or_drying,https://www.amazon.com/gp/customer-reviews/R2UIM5LSWQFM9,True,"[{""name"":""Color"",""detail"":""White - Little Bee""}]",0
B0FS1YH17C,B0FS1YH17C,https://www.amazon.com/dp/B0FS1YH17C,5.0,Keeps bread at perfect texture,These bread bags are perfect for the bread baker. They keep the homemade bread at the right texture because of the beeswax coating. The bread stays soft on the inside & crusty on the outside. Also the bags are easy to clean—just a quick wipe with water & good to go. Can even use them for freezing the bread for up to 3 months.,20251114,freshness_or_drying; smell_or_wax; cleaning,https://www.amazon.com/gp/customer-reviews/R1FTD1VRNZJFN7,True,[],0
B0FS1YH17C,B0FS1YH17C,https://www.amazon.com/dp/B0FS1YH17C,5.0,Large and roomy,"Large bags, can easily fit two of my loaves in one bag. Very durable, quality material. Nice price too!",20251112,size_fit; durability; value_or_quantity,https://www.amazon.com/gp/customer-reviews/R3574LU8B10KP8,True,"[{""name"":""Color"",""detail"":""White - Little Bee""}]",0
B0FS1YH17C,B0FS1YH17C,https://www.amazon.com/dp/B0FS1YH17C,5.0,Plenty of room,I was pleasantly surprised at how big the bags are! Plenty of room for a full loaf of bread. It has a nice zipper with a large opening making it easy to use and clean. The beeswax coating is not super heavy so it is not sticky but has enough to prevent rips and tears.,20251112,smell_or_wax; cleaning; size_fit; durability,https://www.amazon.com/gp/customer-reviews/RSK0F5VYASBE,True,"[{""name"":""Color"",""detail"":""White - Little Bee""}]",0
B0FS1YH17C,B0FS1YH17C,https://www.amazon.com/dp/B0FS1YH17C,5.0,Keeps Bread Fresh,"Sturdy beeswax bags with a wide zipper and XL size, great for homemade loaves. Keeps bread fresh longer and reduces plastic use. Love that they’re reusable.",20251110,freshness_or_drying; smell_or_wax; size_fit; durability,https://www.amazon.com/gp/customer-reviews/RRHMLR6G4X6IT,True,[],0
B0FS1YH17C,B0FS1YH17C,https://www.amazon.com/dp/B0FS1YH17C,5.0,Excellent bread bags,So convenient for storing sourdough! Love!,20251110,size_fit,https://www.amazon.com/gp/customer-reviews/R1VGGMHT86K663,True,[],0
B0FS1YH17C,B0FS1YH17C,https://www.amazon.com/dp/B0FS1YH17C,5.0,Best holiday gift,cute item with good price. Buy it as my friend holiday gift. The cotton and beeswax lining is born as bread bag! They’re reusable and easy to clean. Very eco-friendly,20251110,smell_or_wax; cleaning; value_or_quantity,https://www.amazon.com/gp/customer-reviews/R3R360FH83L5IX,True,[],0
B0FS1YH17C,B0FS1YH17C,https://www.amazon.com/dp/B0FS1YH17C,5.0,Stylish,Perfect size for sourdough bread!!! Amazing product. Easy to clean and bread fits right in,20251108,cleaning; size_fit,https://www.amazon.com/gp/customer-reviews/R895OO0IRFE9X,True,"[{""name"":""Color"",""detail"":""White - Little Bee""}]",0
B0FS1YH17C,B0FS1YH17C,https://www.amazon.com/dp/B0FS1YH17C,5.0,Great value,Great size. I love the material. I bought this to replace the plastic zip bag. I know I Will get a lot of use of these. Great value for the long run.,20251108,size_fit; durability; value_or_quantity,https://www.amazon.com/gp/customer-reviews/R2LV27LAKSQ4CX,True,[],0
B0FS1YH17C,B0FS1YH17C,https://www.amazon.com/dp/B0FS1YH17C,5.0,Good value for money,I really like the functionality of the bread bags.  Easy to clean the inside.  Good value for money.,20251107,cleaning; value_or_quantity,https://www.amazon.com/gp/customer-reviews/R2XLTK5K0L7OUX,True,[],0
B0FS1YH17C,B0FS1YH17C,https://www.amazon.com/dp/B0FS1YH17C,5.0,Excellent product!,"The bread bags are excellent! They’re adorable first off - cute design! They’re also spacious and can hold multiple loaves. Whether using for homemade breads or pastry items, these are perfect for longer lasting breads!",20251107,,https://www.amazon.com/gp/customer-reviews/RRVSAN611Z0NE,True,[],0
B0FS1YH17C,B0FS1YH17C,https://www.amazon.com/dp/B0FS1YH17C,5.0,My favorite bags,I have used these everywhere. We even traveled with one of them with pepperoni rolls. They stayed fresh. These bags are very well made. I‘ve been making bread for years and so far these are my favorite bags.,20251107,freshness_or_drying,https://www.amazon.com/gp/customer-reviews/RK2FN9KLBNZJR,True,[],0
B0FS1YH17C,B0FS1YH17C,https://www.amazon.com/dp/B0FS1YH17C,5.0,"Keeps My Sourdough Fresh, and I Love the Zipper Design","I bake sourdough every week, and this bag has quickly become my favorite way to store it. The beeswax lining keeps the crust perfectly crisp while the inside stays soft and chewy—exactly how sourdough should be. I especially appreciate the zipper design, which makes opening and closing the bag super convenient while still sealing in freshness. It’s sturdy, reusable, and does a much better job than plastic. Excellent quality for homemade bread lovers!",20251107,freshness_or_drying; smell_or_wax; size_fit; durability,https://www.amazon.com/gp/customer-reviews/R2ZI4HZUQ1FKRH,False,"[{""name"":""Color"",""detail"":""White - Little Bee""}]",0
B0FS1YH17C,B0FS1YH17C,https://www.amazon.com/dp/B0FS1YH17C,5.0,Great for Freezing Fresh Bread,"These bags are amazing for batch baking. I freeze my cooled loaves in them, and even after 2–3 months, the bread still tastes fresh with great texture. Much better than freezer bags because the beeswax coating helps protect the bread from freezer burn. Highly recommend for anyone who freezes homemade bread.",20251107,freshness_or_drying; smell_or_wax,https://www.amazon.com/gp/customer-reviews/RQJOEG37ZYEM,False,"[{""name"":""Color"",""detail"":""White - Little Bee""}]",0
B0FS1YH17C,B0FS1YH17C,https://www.amazon.com/dp/B0FS1YH17C,5.0,Eco-friendly and Easy to Clean,"I’m trying to cut down on single-use plastic, and these reusable bags are a fantastic alternative. After using them, I just wipe with cool water and let them air-dry—super simple. The quality feels durable, and the slight beeswax smell disappeared after a day, just as the instructions said.",20251107,freshness_or_drying; smell_or_wax; durability,https://www.amazon.com/gp/customer-reviews/R3B2NGA8W1H0HL,False,"[{""name"":""Color"",""detail"":""White - Little Bee""}]",0
B0FS1YH17C,B0FS1YH17C,https://www.amazon.com/dp/B0FS1YH17C,5.0,So cool,So I started to collect all bread making essentials. And I was so happy to come across this. To store healthy food in a health bag! I’m still wondering how this is made with bee wax,20251106,smell_or_wax,https://www.amazon.com/gp/customer-reviews/R2ENN1S22JIS7H,True,[],0
B0FS1YH17C,B0FS1YH17C,https://www.amazon.com/dp/B0FS1YH17C,4.0,Large and reusable,"These are really nice bread bags. They could not be more simple and straight forward to use - can fit a large loaf or several pastries and still have room to roll closed. I also love that they are eco-friendly and can be reused for a very long time due to their durablility and quality build. However I am not sure if they are necessarily better at keeping my bread fresher than other storage methods. I still got the occasional mold spots and it‘s hard to clean from the beeswax. I feel like you can never truly remove all the spores safely because of the gentle washing the bag requires, and therefore food molds more quickly after that first outbreak. I eventually had to throw one bag away due to mold but fortunately still have the second one in good condition.",20251106,freshness_or_drying; moisture_or_mold; smell_or_wax; cleaning; size_fit,https://www.amazon.com/gp/customer-reviews/R3C5I63OQ3PFKW,False,,9
B0FS1YH17C,B0FS1YH17C,https://www.amazon.com/dp/B0FS1YH17C,5.0,Great quality. Perfect for sourdough,These bags are great for storing fresh sourdough bread. Using cling-wrap wasn’t cutting it and my bread had been going stale so fast. Since having these bags my bread is more soft and gets eaten before it even has the chance to go stale,20251105,freshness_or_drying; size_fit,https://www.amazon.com/gp/customer-reviews/R11YFYJJDD2HQE,True,[],0
B0FS1YH17C,B0FS1YH17C,https://www.amazon.com/dp/B0FS1YH17C,5.0,Such a great reusable bread bag option,Really nice size bags! My daughter-in-law has been making sourdough bread so this will definitely get lots of use. They are reusable and the beeswax lining can be reapplied if it starts to wear off.,20251105,smell_or_wax; size_fit,https://www.amazon.com/gp/customer-reviews/R2PHC3B9OWW0DS,True,[],0
B0FS1YH17C,B0FS1YH17C,https://www.amazon.com/dp/B0FS1YH17C,5.0,Very good,"Wow, it looks great! The fabric is very high-quality and thick.",20251104,,https://www.amazon.com/gp/customer-reviews/R1OEIDRY5PP591,True,[],0
B0FS1YH17C,B0FS1YH17C,https://www.amazon.com/dp/B0FS1YH17C,5.0,Eco-friendly food storage bags with beeswax lining,"These food storage bags are made from organic cotton lined with beeswax, they feel natural and well-made. The stitching is neat, the fabric texture is pleasant, and the bags hold their shape. A great eco-friendly choice for storing snacks or food when sustainability matters.",20251104,smell_or_wax; cleaning; durability,https://www.amazon.com/gp/customer-reviews/R24UHG9A7SPUJ3,True,[],0
B0FS1YH17C,B0FS1YH17C,https://www.amazon.com/dp/B0FS1YH17C,5.0,Kitchen essential for bread baking lovers,"I’ve looking a while for these reusable beeswax bread bags for my sourdough loaves and bagels and I finally got them. They have quickly become a kitchen essential.  This bags keep the bread fresh and crusty longer than plastic or paper, while still allowing it to breathe naturally, no more soggy crusts! I love that they’re eco-friendly, beautifully made, easy to clean and reuse, making them a sustainable and charming alternative for bread storage. Perfect for anyone who bakes often or simply loves quality bread, like me.",20251103,freshness_or_drying; smell_or_wax; cleaning; size_fit,https://www.amazon.com/gp/customer-reviews/R1V5QXF8NQYFK,True,[],0
B0FS1YH17C,B0FS1YH17C,https://www.amazon.com/dp/B0FS1YH17C,5.0,Awesome bread bag!!!,"Great, high quality material! Comes with 2 bags! So easy to use and to clean, highly recommend!",20251101,cleaning,https://www.amazon.com/gp/customer-reviews/R16EN7519G1EC0,True,[],0
B0FS1YH17C,B0FS1YH17C,https://www.amazon.com/dp/B0FS1YH17C,5.0,Cute and practical!!,"This BeasWax Bread Bag is as practical as it is adorable!The cute design adds charm to your kitchen, while the beeswax lining keeps bread fresh and the bag easy to clean and reuse. I use it for my fresh sourdough loaves. Bonus — it’s freezer-safe, making it perfect for long-term storage. Eco-friendly, functional, and stylish!",20251031,freshness_or_drying; smell_or_wax; cleaning; size_fit,https://www.amazon.com/gp/customer-reviews/R1NPPF0NFUQ4CC,True,[],0
B0FS1YH17C,B0FS1YH17C,https://www.amazon.com/dp/B0FS1YH17C,5.0,Sustainable way to store bread,"If you enjoy using wax paper, you are going to love these. So easy to use, look cute and keep your bread fresh longer",20251031,freshness_or_drying; smell_or_wax,https://www.amazon.com/gp/customer-reviews/RP4364LY9I0UW,True,[],0
B0FS1YH17C,B0FS1YH17C,https://www.amazon.com/dp/B0FS1YH17C,5.0,Nice large size bags!,I am impressed with the large size. I bake sourdough bread once a week and am looking forward to using one of these bags to keep my loaves fresh. The clips are easy to use. The size will be good for large round loaves or pan shaped loaves! Great value,20251029,freshness_or_drying; size_fit; value_or_quantity,https://www.amazon.com/gp/customer-reviews/R12OWW38RARF93,True,[],0
B0FS1YH17C,B0FS1YH17C,https://www.amazon.com/dp/B0FS1YH17C,5.0,Bread bag,"Ease in cleaning, quality.",20251029,cleaning,https://www.amazon.com/gp/customer-reviews/RUV2PRHXNZ5RS,True,[],0
B0FS1YH17C,B0FS1YH17C,https://www.amazon.com/dp/B0FS1YH17C,5.0,Keeps bread fresh,This bag is awesome. Theres instructions that are easy to follow to keep the bags clean and what best to do to maintain freshness of sourdough. It’s also just overall very cute bag.,20251029,freshness_or_drying; cleaning; size_fit,https://www.amazon.com/gp/customer-reviews/R8RG9JQ7RFWYJ,True,[],0
B0FS1YH17C,B0FS1YH17C,https://www.amazon.com/dp/B0FS1YH17C,5.0,"Nice quality, and look great on the counter","lovedThese bags meet my food safety requirement by being made of organic cotton and being coated in beeswax, which provides just enough of a barrier on the inside of the bag to keep bread fresh for days longer than expected, even when stored in a pantry.",20251029,freshness_or_drying; smell_or_wax,https://www.amazon.com/gp/customer-reviews/R34O8J4K1BF285,True,[],0
B0FS1YH17C,B0FS1YH17C,https://www.amazon.com/dp/B0FS1YH17C,5.0,5 stars,These bread bags are great for keeping bread I buy from the farmers market fresh for longer! Great buy.,20251028,freshness_or_drying,https://www.amazon.com/gp/customer-reviews/R2B4Q4E2Y1K2ZF,True,[],0
B0FS1YH17C,B0FS1YH17C,https://www.amazon.com/dp/B0FS1YH17C,5.0,Keeps Homemade Bread fresh longer,"As a home bread baker, I know how important it is to store bread properly to keep it from going stale or  fungus. These reusable beeswax bread bags help keep my home made bread  fresh for days without drying out, and I love that they’re made from natural, organic materials. The XL size easily fits large loaves, and they work great both on the table and in freezer. Try not to keep your bread in the fridge.",20251028,freshness_or_drying; smell_or_wax; size_fit,https://www.amazon.com/gp/customer-reviews/R1ZMWBAYYOF3D3,True,[],0
B0FS1YH17C,B0FS1YH17C,https://www.amazon.com/dp/B0FS1YH17C,5.0,Good quality,Nice material and quality. Perfect for my homemade sourdough,20251028,size_fit,https://www.amazon.com/gp/customer-reviews/R36128J82K9RN1,True,[],0
B0FS1YH17C,B0FS1YH17C,https://www.amazon.com/dp/B0FS1YH17C,5.0,Reusable,"These sourdough bread bags are an excellent choice for anyone who loves baking homemade bread. I bake bread regularly, and these bags really help keep it fresh, soft, and flavorful for longer. The material is strong, breathable, and reusable, which makes it both eco-friendly and practical. I’m very satisfied and highly recommend it to any home baker",20251026,freshness_or_drying; size_fit,https://www.amazon.com/gp/customer-reviews/R1N0MEOWZ3WQ8,True,[],0
B0FS1YH17C,B0FS1YH17C,https://www.amazon.com/dp/B0FS1YH17C,5.0,Cute design and easy to use.,Cute design and love I have a way to keep my bread fresh. I know feel like an official sourdough bread maker! I also like the fact it’s reusable and I no longer have to wrap my bread in plastic wrap!,20251025,freshness_or_drying; size_fit,https://www.amazon.com/gp/customer-reviews/R2DMBSRAU9KTQL,True,[],0
B0FS1YH17C,B0FS1YH17C,https://www.amazon.com/dp/B0FS1YH17C,5.0,High-quality products.,"A sturdy, roomy bag. I managed to fit two large loaves of bread in it. It has a clasp that helps close the bag tightly. Excellent price for such a high-quality product.",20251023,size_fit; value_or_quantity,https://www.amazon.com/gp/customer-reviews/R2EU7YIJNZ7E5I,True,[],0
B0FS1YH17C,B0FS1YH17C,https://www.amazon.com/dp/B0FS1YH17C,5.0,Keeps My bread Fresh and Crusty,"I love these beeswax bread bags! They keep my homemade bread perfectly fresh,crispy on the outside and soft inside for days. The quality feels premium, and I appreciate that they’re reusable and eco-friendly. Super cute design too. Totally worth it for anyone who bakes bread regularly!",20251023,freshness_or_drying; smell_or_wax,https://www.amazon.com/gp/customer-reviews/R2XMQE8ALVO2MP,False,,0
B0FS1YH17C,B0FS1YH17C,https://www.amazon.com/dp/B0FS1YH17C,5.0,"Large enough for your bread loaves, keeps them fresh","These bread bags are very nice, they keep the products fresh and are very large which means there is enough room for the loaves, I just roll the bread bags up click to seal and that‘s it, done",20251019,freshness_or_drying; size_fit,https://www.amazon.com/gp/customer-reviews/R16HZX98DW953N,True,[],0
B0CW1ZBP6P,B0CW1YDB1M,https://www.amazon.com/dp/B0CW1YDB1M,5.0,Perfect for bread gift giving!,Beautiful design and great quality. It keeps bread fresh and is perfect for sharing my homemade baking with friends and family. Enjoyed this baking bag!,20260422,freshness_or_drying,https://www.amazon.com/gp/customer-reviews/R30VO2T38IJ8T7,False,"[{""name"":""Number of Items"",""detail"":""100""}]",0
B0CW1ZBP6P,B0CW1ZBP6P,https://www.amazon.com/dp/B0CW1ZBP6P,5.0,Great product,These bags are great for any sourdough baker. They are sturdy with the window so you can see what the bread looks like without opening the package they come with adorable stickers to make giftgiving fun.,20260422,size_fit; value_or_quantity,https://www.amazon.com/gp/customer-reviews/R1N3S411RESSP3,False,"[{""name"":""Number of Items"",""detail"":""50""}]",0
B0CW1ZBP6P,B0CW1ZBP6P,https://www.amazon.com/dp/B0CW1ZBP6P,5.0,Keeps bread fresher longer,"Keeps the homage bread fresh for weeks. Great for all size breads, round or loaf. Easy to use and strong enough to hold a hefty bread. Just fold for sealing and you are all set. No plastic bags so safe for all you put into it.!",20260407,freshness_or_drying; size_fit; value_or_quantity,https://www.amazon.com/gp/customer-reviews/R3LLLK5SDHYHWO,False,"[{""name"":""Number of Items"",""detail"":""50""}]",0
B0CW1ZBP6P,B0CW1ZBP6P,https://www.amazon.com/dp/B0CW1ZBP6P,5.0,perfect size that works great for sourdough bread!,very nice that works perfect for sourdough bread!!,20260407,size_fit,https://www.amazon.com/gp/customer-reviews/R6L25VKL0NIQ1,False,"[{""name"":""Number of Items"",""detail"":""50""}]",0
B0CW1ZBP6P,B0CW1ZBP6P,https://www.amazon.com/dp/B0CW1ZBP6P,5.0,Ideal for gifting or storing baked goods.,"Great bread bags. They’re thick, sturdy and the window makes homemade loaves look really nice. Perfect size for sourdough or larger breads and the included stickers and ties make packaging super easy. Ideal for gifting or storing baked goods.",20260407,size_fit; value_or_quantity,https://www.amazon.com/gp/customer-reviews/RSI54H276NF7I,False,"[{""name"":""Number of Items"",""detail"":""50""}]",0
B0CW1ZBP6P,B0CW1YDB1M,https://www.amazon.com/dp/B0CW1YDB1M,5.0,Cute and practical for homemade bread – great for gifting,"I bought these bags for homemade bread and baked goods, and overall I’m really happy with them. The paper isn’t super thick, but it’s still sturdy enough for regular use.
What I really like is the window design — it makes the bread look much nicer and more presentable. It’s perfect when you want to share homemade bread with friends or neighbors.

The included stickers are a great touch. They make the packaging feel more thoughtful and a bit more “gift-ready,” which I really appreciate.

If you’re baking at home and want something simple but nice-looking to package your bread, these work really well. I’ve already used them and they make everything look much more polished. Easy to carry and price for 100 pieces is good.

Would buy again!",20260330,value_or_quantity,https://www.amazon.com/gp/customer-reviews/R3GD5H07A173I2,False,"[{""name"":""Number of Items"",""detail"":""100""}]",0
B0CW1ZBP6P,B0CW1ZBP6P,https://www.amazon.com/dp/B0CW1ZBP6P,5.0,Perfect for sharing products,"Excellent product , looks good, holds dozen rolls and 6 burger buns.",20260330,,https://www.amazon.com/gp/customer-reviews/R2VFSMBM8IYKDI,False,"[{""name"":""Number of Items"",""detail"":""50""}]",0
B0CW1ZBP6P,B0CW1ZBP6P,https://www.amazon.com/dp/B0CW1ZBP6P,5.0,Cute and practical for homemade bread – great for gifting,"I bought these bags for homemade bread and baked goods, and overall I’m really happy with them. The paper isn’t super thick, but it’s still sturdy enough for regular use.
What I really like is the window design — it makes the bread look much nicer and more presentable. It’s perfect when you want to share homemade bread with friends or neighbors.

The included stickers are a great touch. They make the packaging feel more thoughtful and a bit more “gift-ready,” which I really appreciate.

If you’re baking at home and want something simple but nice-looking to package your bread, these work really well. I’ve already used them and they make everything look much more polished. Easy to carry and price for 100 pieces is good.

Would buy again!",20260330,value_or_quantity,https://www.amazon.com/gp/customer-reviews/R3GD5H07A173I2,False,"[{""name"":""Number of Items"",""detail"":""100""}]",0
B0CW1ZBP6P,B0CW1YDB1M,https://www.amazon.com/dp/B0CW1YDB1M,5.0,Nice bread bags,"Perfect size for homemade bread and cookies . Sturdy, looks great with the window, and the stickers are a nice bonus. Would buy again!",20260329,size_fit,https://www.amazon.com/gp/customer-reviews/R2LNCW71ZPKFLD,False,"[{""name"":""Number of Items"",""detail"":""100""}]",0
B0CW1ZBP6P,B0CW1YDB1M,https://www.amazon.com/dp/B0CW1YDB1M,5.0,nice,"nice I am extremely impressed with the quality of these bread packaging bags! The paper is thick and sturdy, providing a premium feel compared to thinner alternatives. What stands out most is the generous capacity—it easily fits two large pieces of bread without feeling cramped or squished.The clear window design is a fantastic touch, perfectly showcasing the baked goods while keeping them fresh and hygienic. I also love the included “Thank You"" stickers, which add a professional and thoughtful finish. These bags are both practical and aesthetically pleasing—highly recommended for anyone looking for reliable bread storage!",20260325,freshness_or_drying; size_fit; value_or_quantity,https://www.amazon.com/gp/customer-reviews/RQ10JPGLP6Y0E,False,"[{""name"":""Number of Items"",""detail"":""100""}]",1
B0CW1ZBP6P,B0CW1ZBP6P,https://www.amazon.com/dp/B0CW1ZBP6P,5.0,nice,"nice I am extremely impressed with the quality of these bread packaging bags! The paper is thick and sturdy, providing a premium feel compared to thinner alternatives. What stands out most is the generous capacity—it easily fits two large pieces of bread without feeling cramped or squished.The clear window design is a fantastic touch, perfectly showcasing the baked goods while keeping them fresh and hygienic. I also love the included “Thank You"" stickers, which add a professional and thoughtful finish. These bags are both practical and aesthetically pleasing—highly recommended for anyone looking for reliable bread storage!",20260325,freshness_or_drying; size_fit; value_or_quantity,https://www.amazon.com/gp/customer-reviews/RQ10JPGLP6Y0E,False,"[{""name"":""Number of Items"",""detail"":""100""}]",5
B0CW1ZBP6P,B0CW1ZBP6P,https://www.amazon.com/dp/B0CW1ZBP6P,5.0,Very useful and great for sourdough bread,Great bags. I used them to give away my sourdough bread. It makes my bread look professionally made.,20260307,size_fit,https://www.amazon.com/gp/customer-reviews/R2EYBXICOC6DTL,False,"[{""name"":""Number of Items"",""detail"":""50""}]",0
B0CW1ZBP6P,B0CW1ZBP6P,https://www.amazon.com/dp/B0CW1ZBP6P,5.0,Professional look for my sourdough loaves!,"I’ve been gifting a lot of my homemade sourdough lately, and these 25 Pcs Bread Bags have made such a difference in the presentation. They make my home kitchen look like a professional bakery!Why I’m a fan:
• Clear Window: The transparent window is a great touch—it lets you see the crust and crumb without having to open the bag.
• Bulk Value: Getting a pack of 25 is perfect for a consistent baker; it lasts a while and the price point is very reasonable.
• Sturdy Material: The paper is high-quality and doesn‘t tear easily, even when I’m sliding in a crusty, rustic loaf.
• Freshness: These are ideal for gifting bread on the same day it’s baked, keeping the crust crisp while still looking beautiful.
Bottom Line: If you bake sourdough or any homemade bread, these are a must-have for your pantry. They take your “gift loaves"" to the next level.",20260222,freshness_or_drying; cleaning; size_fit; durability; value_or_quantity,https://www.amazon.com/gp/customer-reviews/RTK2GSUDDANC,False,"[{""name"":""Number of Items"",""detail"":""25""}]",3
B0CW1ZBP6P,B0D2TN5DB6,https://www.amazon.com/dp/B0D2TN5DB6,5.0,Professional look for my sourdough loaves!,"I’ve been gifting a lot of my homemade sourdough lately, and these 25 Pcs Bread Bags have made such a difference in the presentation. They make my home kitchen look like a professional bakery!Why I’m a fan:
• Clear Window: The transparent window is a great touch—it lets you see the crust and crumb without having to open the bag.
• Bulk Value: Getting a pack of 25 is perfect for a consistent baker; it lasts a while and the price point is very reasonable.
• Sturdy Material: The paper is high-quality and doesn‘t tear easily, even when I’m sliding in a crusty, rustic loaf.
• Freshness: These are ideal for gifting bread on the same day it’s baked, keeping the crust crisp while still looking beautiful.
Bottom Line: If you bake sourdough or any homemade bread, these are a must-have for your pantry. They take your “gift loaves"" to the next level.",20260222,freshness_or_drying; cleaning; size_fit; durability; value_or_quantity,https://www.amazon.com/gp/customer-reviews/RTK2GSUDDANC,False,"[{""name"":""Number of Items"",""detail"":""25""}]",0
B0CW1ZBP6P,B0CW1ZBP6P,https://www.amazon.com/dp/B0CW1ZBP6P,5.0,Pretty bread bags,"These bags are great! The perfect size for sourdough loaves (like a regular size store bought French loaf). They are sturdy and don‘t tear, and the stickers are really cute too. I will rebuy when I run out.",20260208,size_fit; durability,https://www.amazon.com/gp/customer-reviews/R1P6ESO57STVSE,False,"[{""name"":""Number of Items"",""detail"":""50""}]",3
B0CW1ZBP6P,B0CW1ZBP6P,https://www.amazon.com/dp/B0CW1ZBP6P,5.0,Exactly what I wanted,"Perfect size and great quality. Looks like will be a good seal, stickers are really cute. Price is perfect for what you get!",20260205,size_fit; value_or_quantity,https://www.amazon.com/gp/customer-reviews/R71R6WXVRZ74J,True,"[{""name"":""Number of Items"",""detail"":""50""}]",0
B0CW1ZBP6P,B0DDB3XNZ4,https://www.amazon.com/dp/B0DDB3XNZ4,5.0,Exactly what I wanted,"Perfect size and great quality. Looks like will be a good seal, stickers are really cute. Price is perfect for what you get!",20260205,size_fit; value_or_quantity,https://www.amazon.com/gp/customer-reviews/R71R6WXVRZ74J,False,"[{""name"":""Number of Items"",""detail"":""50""}]",0
B0CW1ZBP6P,B0CW1ZBP6P,https://www.amazon.com/dp/B0CW1ZBP6P,5.0,Great bags for my sourdough loaves- with stickers!!,I am absolutely loving these bags. I have used about half of them and they are SO GREAT for presentation! I also love the fact that they come with cute stickers to keep them sealed. The size is perfect and I’m able to fold it over a couple of times for freshness to seal it with a sticker. I found that the loaves that I’ve kept in these bags are fresher longer than those I’ve attempted to store in zipped plastic bags. It just works for my sourdough loaves and makes it easy to gift/sell/store them. I will definitely be ordering more!,20260204,freshness_or_drying; size_fit; durability,https://www.amazon.com/gp/customer-reviews/R38OG85KK7KBJA,False,"[{""name"":""Number of Items"",""detail"":""50""}]",0
B0CW1ZBP6P,B0DDB3XNZ4,https://www.amazon.com/dp/B0DDB3XNZ4,5.0,Great bags for my sourdough loaves- with stickers!!,I am absolutely loving these bags. I have used about half of them and they are SO GREAT for presentation! I also love the fact that they come with cute stickers to keep them sealed. The size is perfect and I’m able to fold it over a couple of times for freshness to seal it with a sticker. I found that the loaves that I’ve kept in these bags are fresher longer than those I’ve attempted to store in zipped plastic bags. It just works for my sourdough loaves and makes it easy to gift/sell/store them. I will definitely be ordering more!,20260204,freshness_or_drying; size_fit; durability,https://www.amazon.com/gp/customer-reviews/R38OG85KK7KBJA,False,"[{""name"":""Number of Items"",""detail"":""50""}]",0
B0CW1ZBP6P,B0CW1ZBP6P,https://www.amazon.com/dp/B0CW1ZBP6P,5.0,Great bags for my bread!,"I absolutely love these bread bags! They do a great job keeping bread fresh, and the quality is excellent. I’ve started a little home business and decided to try these—and I’m so glad I did. The included stickers made my packaging look polished and professional, and my neighbors were very impressed. I’ll be sticking with this brand going forward!",20260113,freshness_or_drying; value_or_quantity,https://www.amazon.com/gp/customer-reviews/RR4K30DG2925D,True,"[{""name"":""Number of Items"",""detail"":""50""}]",3
B0CW1ZBP6P,B0DDB3XNZ4,https://www.amazon.com/dp/B0DDB3XNZ4,5.0,Great bags for my bread!,"I absolutely love these bread bags! They do a great job keeping bread fresh, and the quality is excellent. I’ve started a little home business and decided to try these—and I’m so glad I did. The included stickers made my packaging look polished and professional, and my neighbors were very impressed. I’ll be sticking with this brand going forward!",20260113,freshness_or_drying; value_or_quantity,https://www.amazon.com/gp/customer-reviews/RR4K30DG2925D,False,"[{""name"":""Number of Items"",""detail"":""50""}]",4
B0CW1ZBP6P,B0CW1ZBP6P,https://www.amazon.com/dp/B0CW1ZBP6P,5.0,You get so many for the price!,"These bags can hold a massive loaf of sourdough bread. They come with stickers to help seal it so your bread stays fresh for longer. The quality of the bags are great, they don’t rip when putting your bread in.",20260110,freshness_or_drying; size_fit; durability,https://www.amazon.com/gp/customer-reviews/R2XPWJWDJA4CD7,True,"[{""name"":""Number of Items"",""detail"":""50""}]",0
B0CW1ZBP6P,B0DDB3XNZ4,https://www.amazon.com/dp/B0DDB3XNZ4,5.0,You get so many for the price!,"These bags can hold a massive loaf of sourdough bread. They come with stickers to help seal it so your bread stays fresh for longer. The quality of the bags are great, they don’t rip when putting your bread in.",20260110,freshness_or_drying; size_fit; durability,https://www.amazon.com/gp/customer-reviews/R2XPWJWDJA4CD7,False,"[{""name"":""Number of Items"",""detail"":""50""}]",1
B0CW1ZBP6P,B0CW1ZBP6P,https://www.amazon.com/dp/B0CW1ZBP6P,5.0,Perfect Bread Bags with Clear Viewing Windows,"These bread bags are exactly what I needed for sandwich loaves. The size is just right, the material is sturdy, and the clear viewing window is a great feature—it makes it easy to see what’s inside without opening the bag.They keep homemade bread fresh and protected while still looking professional and presentable. I also appreciate how easy they are to use and close, whether for home baking, gifting, or storage.
If you bake sandwich loaves regularly, these bags are a great choice. I will definitely be ordering more.",20260107,freshness_or_drying; size_fit,https://www.amazon.com/gp/customer-reviews/RD53DM54VIMN,True,"[{""name"":""Number of Items"",""detail"":""200""}]",2
B0CW1ZBP6P,B0DDB3XNZ4,https://www.amazon.com/dp/B0DDB3XNZ4,5.0,Perfect Bread Bags with Clear Viewing Windows,"These bread bags are exactly what I needed for sandwich loaves. The size is just right, the material is sturdy, and the clear viewing window is a great feature—it makes it easy to see what’s inside without opening the bag.They keep homemade bread fresh and protected while still looking professional and presentable. I also appreciate how easy they are to use and close, whether for home baking, gifting, or storage.
If you bake sandwich loaves regularly, these bags are a great choice. I will definitely be ordering more.",20260107,freshness_or_drying; size_fit,https://www.amazon.com/gp/customer-reviews/RD53DM54VIMN,True,"[{""name"":""Number of Items"",""detail"":""200""}]",2
B0CW1ZBP6P,B0CW1ZBP6P,https://www.amazon.com/dp/B0CW1ZBP6P,5.0,Perfect for Gifting Homemade Sourdough,"These bags are perfect for gifting my homemade sourdough loaves. They’re sturdy, high quality, and make the bread look so polished and thoughtful. I love that they’re breathable enough to keep the crust nice while still protecting the loaf.
They’ve completely elevated my sourdough gifts and always get compliments. The are the perfect size to fit most any loaf I make, they always fit! The stickers they come with also add a beautiful touch.",20260106,freshness_or_drying; size_fit,https://www.amazon.com/gp/customer-reviews/R3EBKAY5S92XDP,True,"[{""name"":""Number of Items"",""detail"":""50""}]",5
B0CW1ZBP6P,B0DDB3XNZ4,https://www.amazon.com/dp/B0DDB3XNZ4,5.0,Perfect for Gifting Homemade Sourdough,"These bags are perfect for gifting my homemade sourdough loaves. They’re sturdy, high quality, and make the bread look so polished and thoughtful. I love that they’re breathable enough to keep the crust nice while still protecting the loaf.
They’ve completely elevated my sourdough gifts and always get compliments. The are the perfect size to fit most any loaf I make, they always fit! The stickers they come with also add a beautiful touch.",20260106,freshness_or_drying; size_fit,https://www.amazon.com/gp/customer-reviews/R3EBKAY5S92XDP,False,"[{""name"":""Number of Items"",""detail"":""50""}]",8
B0CW1ZBP6P,B0CW1ZBP6P,https://www.amazon.com/dp/B0CW1ZBP6P,5.0,Good product.,Perfect for packing up baked goods and looks good as a gift bag too. The paper doesn’t get too soggy it holds well for more than a couple hours so your baked goods are safe in them. It’s a good product!!,20260105,value_or_quantity,https://www.amazon.com/gp/customer-reviews/R34XHJ9X2RWSWO,True,,0
B0CW1ZBP6P,B0CW1ZBP6P,https://www.amazon.com/dp/B0CW1ZBP6P,5.0,Love these bags!,"We took a sourdough making class, trying to be healthier! Tried to store the bread in a plane lunch-style paper bag and it seemed to actually take the moisture out of the bread. Came across these on a search and gave them a try. They‘re wonderful! I love how easy it is to use them and to seal / reseal the bags. We’ve kept the bread in the fridge for up to 2-weeks without it drying out. (You may have to warm the bread up though after having it in fridge). Good storage capacity and really cute design in case you’re making bread to give as gifts or resell. Will definitely buy more!",20260105,freshness_or_drying; moisture_or_mold; size_fit,https://www.amazon.com/gp/customer-reviews/R12AZTFHTPW25N,False,"[{""name"":""Number of Items"",""detail"":""50""}]",3
B0CW1ZBP6P,B0DDB3XNZ4,https://www.amazon.com/dp/B0DDB3XNZ4,5.0,Love these bags!,"We took a sourdough making class, trying to be healthier! Tried to store the bread in a plane lunch-style paper bag and it seemed to actually take the moisture out of the bread. Came across these on a search and gave them a try. They‘re wonderful! I love how easy it is to use them and to seal / reseal the bags. We’ve kept the bread in the fridge for up to 2-weeks without it drying out. (You may have to warm the bread up though after having it in fridge). Good storage capacity and really cute design in case you’re making bread to give as gifts or resell. Will definitely buy more!",20260105,freshness_or_drying; moisture_or_mold; size_fit,https://www.amazon.com/gp/customer-reviews/R12AZTFHTPW25N,False,"[{""name"":""Number of Items"",""detail"":""50""}]",3
B0CW1ZBP6P,B0CW1ZBP6P,https://www.amazon.com/dp/B0CW1ZBP6P,5.0,Great product,Perfect bags for homemade bread. Just wish they were perforated! I would recommend,20260104,,https://www.amazon.com/gp/customer-reviews/R3L61VCND75NA8,True,"[{""name"":""Number of Items"",""detail"":""50""}]",0
B0CW1ZBP6P,B0CW1ZBP6P,https://www.amazon.com/dp/B0CW1ZBP6P,4.0,Cute and sturdy bags!,Love these bags for my sourdough bread and cookies. They are super easy to assemble. The quality is great- bags are super sturdy and can hold a lot of weight and goodies without any issues. I love the little clear windows that showcase the baked goods and looks so cute for gifting. My only complaint is once you put the sticker on and then open the bag you can’t reseal with the same sticker so you either had to use a new sticker or find another way to store to keep fresh.,20251229,freshness_or_drying; size_fit,https://www.amazon.com/gp/customer-reviews/R2UPLVZ0GSHNSF,True,"[{""name"":""Number of Items"",""detail"":""50""}]",3
B0CW1ZBP6P,B0DDB3XNZ4,https://www.amazon.com/dp/B0DDB3XNZ4,4.0,Cute and sturdy bags!,Love these bags for my sourdough bread and cookies. They are super easy to assemble. The quality is great- bags are super sturdy and can hold a lot of weight and goodies without any issues. I love the little clear windows that showcase the baked goods and looks so cute for gifting. My only complaint is once you put the sticker on and then open the bag you can’t reseal with the same sticker so you either had to use a new sticker or find another way to store to keep fresh.,20251229,freshness_or_drying; size_fit,https://www.amazon.com/gp/customer-reviews/R2UPLVZ0GSHNSF,False,"[{""name"":""Number of Items"",""detail"":""50""}]",4
B0CW1ZBP6P,B0CW1ZBP6P,https://www.amazon.com/dp/B0CW1ZBP6P,5.0,Super cute and functional,I bake sourdough and I was tired of putting loaves for friends/family in gallon bags which were a squeeze and didn’t look the cutest. These bags are amazing! There’s plenty of room for my loaf and they really elevate giving a loaf of bread to someone. I bring flavored sourdough into the office sometimes and everyone thinks these bags are such a nice touch that make it seem almost like they’re from a bakery.,20251119,size_fit,https://www.amazon.com/gp/customer-reviews/R3FZZ1N5I6XCMK,True,,9
B0CW1ZBP6P,B0CW1ZBP6P,https://www.amazon.com/dp/B0CW1ZBP6P,3.0,No folds,You have to make the crease for folds yourself,20251013,,https://www.amazon.com/gp/customer-reviews/R2J64G92S357MH,True,"[{""name"":""Number of Items"",""detail"":""50""}]",0
B0CW1ZBP6P,B0D2TN5DB6,https://www.amazon.com/dp/B0D2TN5DB6,4.0,Good bags for the price,These are great bags for the price. Second time ordering and I will continue.  They come with cute stickers that you can use to seal the bag.,20251013,value_or_quantity,https://www.amazon.com/gp/customer-reviews/R2NYYYYU0QNMLB,True,"[{""name"":""Number of Items"",""detail"":""25""}]",0
B0CW1ZBP6P,B0CW1ZBP6P,https://www.amazon.com/dp/B0CW1ZBP6P,5.0,Nice bags,"My 23 year old son is a baker, I bought these bags for him since he is always baking bread and giving it away.",20251011,,https://www.amazon.com/gp/customer-reviews/R38N4X46NOKQJB,True,[],0
B0CW1ZBP6P,B0CW1ZBP6P,https://www.amazon.com/dp/B0CW1ZBP6P,5.0,LOVE,"These are really nice and has lasted me a long time. They have fit all of my sandwich loafs, and sourdough loafs.",20251011,size_fit,https://www.amazon.com/gp/customer-reviews/RFWTHODQLT5W4,True,"[{""name"":""Number of Items"",""detail"":""50""}]",0
B0CW1ZBP6P,B0CW1ZBP6P,https://www.amazon.com/dp/B0CW1ZBP6P,5.0,Bread bags,No issues. Nice clean bread bag with stickers to close.,20251010,cleaning,https://www.amazon.com/gp/customer-reviews/R3F9AFMH45P32P,True,"[{""name"":""Number of Items"",""detail"":""50""}]",0
B0CW1ZBP6P,B0D2TN5DB6,https://www.amazon.com/dp/B0D2TN5DB6,5.0,Good size,These are great! Holds a decent sized artisan loaf. Easy to get bread in and out. The stickers make it easy to keep it closed,20251010,size_fit,https://www.amazon.com/gp/customer-reviews/R83TAQWH0QTAW,True,"[{""name"":""Number of Items"",""detail"":""25""}]",0
B0CW1ZBP6P,B0CW1ZBP6P,https://www.amazon.com/dp/B0CW1ZBP6P,5.0,Bread bags,Love these bags!  They are perfect for sourdough,20251007,size_fit,https://www.amazon.com/gp/customer-reviews/R15SYF4FUNNWO2,True,"[{""name"":""Number of Items"",""detail"":""50""}]",0
B0CW1ZBP6P,B0CW1ZBP6P,https://www.amazon.com/dp/B0CW1ZBP6P,5.0,These are great.,Initially bought to store sour dough from stores  You can’t make fake Sour Dough last.  Real Sour Dough will not get hard with this cellophane and brown bag.,20251003,freshness_or_drying,https://www.amazon.com/gp/customer-reviews/R2TA6JHC0Q22U7,True,"[{""name"":""Number of Items"",""detail"":""50""}]",0
B0CW1ZBP6P,B0CW1ZBP6P,https://www.amazon.com/dp/B0CW1ZBP6P,5.0,Good Quality Bags,Great for homemade bread.,20251003,,https://www.amazon.com/gp/customer-reviews/R3RMWXBCP7V6YE,True,"[{""name"":""Number of Items"",""detail"":""50""}]",0
B0CW1ZBP6P,B0CW1ZBP6P,https://www.amazon.com/dp/B0CW1ZBP6P,5.0,Great for Warm Bread and Gifting,These have changed giving sour dough loaves from a plastic bag (that gets bread steamy) to keeping it the right temperature and beautiful presentation.,20250929,,https://www.amazon.com/gp/customer-reviews/R2IMQPSJQXIX8W,True,"[{""name"":""Number of Items"",""detail"":""50""}]",0
B0CW1ZBP6P,B0CW1ZBP6P,https://www.amazon.com/dp/B0CW1ZBP6P,5.0,Professional presentation for home bakers,These bags are absolutely fantastic and make your bread look professionally done. They even come with little stickers to hold the bag closed. For me a home Baker it really makes the presentation of the bread fabulous. The bags are good quality and have worked well,20250928,,https://www.amazon.com/gp/customer-reviews/R2092MSD6UBT9Y,True,"[{""name"":""Number of Items"",""detail"":""50""}]",1
B0CW1ZBP6P,B0D2TN5DB6,https://www.amazon.com/dp/B0D2TN5DB6,5.0,Good quality. Perfect size for our sourdough bread.,Perfect for our homemade bread. Will purchase again when we run low!,20250927,,https://www.amazon.com/gp/customer-reviews/RIWZ8VCKU4QYI,True,"[{""name"":""Number of Items"",""detail"":""25""}]",0
B0CW1ZBP6P,B0DDB3XNZ4,https://www.amazon.com/dp/B0DDB3XNZ4,5.0,Perfect for Homemade Sourdough – Keeps Bread Fresh and Beautifully Stored,"I bake sourdough at home weekly, and these bread bags have completely upgraded my storage and selling game. I’ve noticed a definite improvement in freshness compared to using plastic bags.The bags are generously sized – I can easily fit a large loaf of sourdough bread.If you’re serious about your bread baking (or gifting your loaves), these bags are worth every penny. Stylish, practical, and they make your sourdough feel like it came straight from an artisan bakery.",20250925,freshness_or_drying; size_fit,https://www.amazon.com/gp/customer-reviews/R2OQFR3NOVVWEY,True,"[{""name"":""Number of Items"",""detail"":""200""}]",0
B0CW1ZBP6P,B0CW1ZBP6P,https://www.amazon.com/dp/B0CW1ZBP6P,5.0,Nice product,Keep bread nicely!,20250924,,https://www.amazon.com/gp/customer-reviews/RV1RW93THYGQC,True,"[{""name"":""Number of Items"",""detail"":""50""}]",0
B0CW1ZBP6P,B0CW1ZBP6P,https://www.amazon.com/dp/B0CW1ZBP6P,5.0,My favorite sourdough bread  bags,My favorite bread bag! I make very LARGE loaves of sourdough bread and they fit like a glove in the bags! You can roll the bag to seal or use a sticker but it is an open top. When tightly rolled or stick down the food stays fresh! They are medium thickness so they can easily move to fit around your baked item and are quite durable!,20250923,freshness_or_drying; size_fit; durability,https://www.amazon.com/gp/customer-reviews/R2BJP976BTBC0F,True,"[{""name"":""Number of Items"",""detail"":""50""}]",2
B0CW1ZBP6P,B0CW1ZBP6P,https://www.amazon.com/dp/B0CW1ZBP6P,5.0,Love,Love,20250922,,https://www.amazon.com/gp/customer-reviews/R2WH9VZDE2ZRY7,True,"[{""name"":""Number of Items"",""detail"":""50""}]",0
B0CW1ZBP6P,B0CW1ZBP6P,https://www.amazon.com/dp/B0CW1ZBP6P,4.0,Bread bags,"Great bags to pack and save sourdough bread. Roomy and have stickers to keep closed. Not as resilient as I would like in the clear area. It has ripped a few times. Also, you get a lot of bags, so you won‘t quickly run out.",20250922,size_fit; durability; value_or_quantity,https://www.amazon.com/gp/customer-reviews/R1TWYK184GGN1L,True,"[{""name"":""Number of Items"",""detail"":""50""}]",0
B0CW1ZBP6P,B0CW1ZBP6P,https://www.amazon.com/dp/B0CW1ZBP6P,4.0,Baking,Easy to use but a bit thinner,20250920,,https://www.amazon.com/gp/customer-reviews/R2NA97XHJ5ZYRH,True,"[{""name"":""Number of Items"",""detail"":""50""}]",0
B0CW1ZBP6P,B0CW1ZBP6P,https://www.amazon.com/dp/B0CW1ZBP6P,5.0,Perfect for sourdough,These are the perfect way to store my sourdough boules. One boule per bag fits perfectly. It doesn‘t let my bread dry out etc.,20250919,freshness_or_drying; size_fit,https://www.amazon.com/gp/customer-reviews/RPU4Y36VLIP8,True,"[{""name"":""Number of Items"",""detail"":""50""}]",0
B0CW1ZBP6P,B0CW1ZBP6P,https://www.amazon.com/dp/B0CW1ZBP6P,5.0,Bread,The cutest bread bag keeps it neat and nice and comes to sticker.,20250918,,https://www.amazon.com/gp/customer-reviews/R1JGK88XROA8E7,True,"[{""name"":""Number of Items"",""detail"":""50""}]",0
B0CW1ZBP6P,B0CW1ZBP6P,https://www.amazon.com/dp/B0CW1ZBP6P,1.0,Poor quality,Poorly made and ripped,20250917,durability,https://www.amazon.com/gp/customer-reviews/R1102T2G97OQQS,True,"[{""name"":""Number of Items"",""detail"":""50""}]",0
B0CW1ZBP6P,B0CW1ZBP6P,https://www.amazon.com/dp/B0CW1ZBP6P,5.0,Great for gifts or just putting on the counter,"These work best if you add a paper towel to the bag to keep the bread from getting soggy. They hold the moisture, so the bread does not get dry, but sometimes if it is still a little warm, it has too much moisture, but the paper towel makes it perfect.",20250914,freshness_or_drying; moisture_or_mold,https://www.amazon.com/gp/customer-reviews/R2POI14SDGF1MO,True,"[{""name"":""Number of Items"",""detail"":""50""}]",0
B0CW1ZBP6P,B0CW1ZBP6P,https://www.amazon.com/dp/B0CW1ZBP6P,1.0,Bags too thin.,"The bags were so thin, they ripped open when I tried to put the bread inside.",20250913,durability,https://www.amazon.com/gp/customer-reviews/R1IIYE6669D4RO,True,"[{""name"":""Number of Items"",""detail"":""50""}]",0
B0CW1ZBP6P,B0CW1ZBP6P,https://www.amazon.com/dp/B0CW1ZBP6P,1.0,Paper Trash bags are better,Extremely thin. Tears very easy.,20250910,durability,https://www.amazon.com/gp/customer-reviews/R3ETSNU6RCYJL9,True,"[{""name"":""Number of Items"",""detail"":""50""}]",0
B0CW1ZBP6P,B0CW1ZBP6P,https://www.amazon.com/dp/B0CW1ZBP6P,5.0,Bread bag,My go to always for fresh bread ❤️,20250910,freshness_or_drying,https://www.amazon.com/gp/customer-reviews/R2BRWZ9IR32NCQ,True,[],0
B0CW1ZBP6P,B0CW1ZBP6P,https://www.amazon.com/dp/B0CW1ZBP6P,5.0,has cute stickers,perfect for gifting sour dough. very popular in my circles,20250909,,https://www.amazon.com/gp/customer-reviews/R2HBC1NSAJ556D,True,[],0
B0CW1ZBP6P,B0DDB3XNZ4,https://www.amazon.com/dp/B0DDB3XNZ4,5.0,Excellent product!,"These are by far my favorite bread bags I’ve tried! Very sturdy and don’t rip easily, large enough for my sourdough loaves and I love the fun shape of the stickers that come with them",20250908,size_fit; durability,https://www.amazon.com/gp/customer-reviews/R38BFGMV54USM1,False,"[{""name"":""Number of Items"",""detail"":""200""}]",0
B0CW1ZBP6P,B0CW1ZBP6P,https://www.amazon.com/dp/B0CW1ZBP6P,4.0,Nice storage option,Nice durable bags. Work great for keeping my sourdough fresh. Good value for the cost.,20250907,freshness_or_drying; size_fit; durability; value_or_quantity,https://www.amazon.com/gp/customer-reviews/R2ZJ0B2P0678VK,True,"[{""name"":""Number of Items"",""detail"":""50""}]",0
B0CW1ZBP6P,B0CW1ZBP6P,https://www.amazon.com/dp/B0CW1ZBP6P,5.0,VERY USEFUL,"Great, & useful, perfect",20250907,,https://www.amazon.com/gp/customer-reviews/R2HXNIFMBJS0E4,True,"[{""name"":""Number of Items"",""detail"":""50""}]",0
B0CW1ZBP6P,B0CW1ZBP6P,https://www.amazon.com/dp/B0CW1ZBP6P,5.0,Great bread bags!,Love these bags for my homemade bread!!,20250904,,https://www.amazon.com/gp/customer-reviews/R33XC1FGEL1VV0,True,"[{""name"":""Number of Items"",""detail"":""50""}]",0
B0CW1ZBP6P,B0CW1ZBP6P,https://www.amazon.com/dp/B0CW1ZBP6P,4.0,"Extra glue in bags, a pain!","Really like the bags‘ construction and quality, as well as the stickers are a nice, larger size.My issue was that one of the folds long-wise on all of my bags had a thin glue residue that stuck the fold to the bag. I have to gingerly tear the parts apart to be able to open the bag. I think it‘s extra glue from the plastic window, but it‘s a pain. I‘ve torn a couple bags while trying to separate the paper. Most seem to not have this issue though,  so that‘s good!Update: 09/05/25About a half of the bags are tearing when dealing with the above described issue.  Should probably just return them.  Going down to 1 star site to the frustration...Update: 2/10/25Finally just returned the bad batch for a new order (thanks Amazon). Received the the batch today and they are AWESOME! Shoulda just done this WAY sooner. Moving my review to 4 Stars for great product minus the hassle.",20250902,size_fit; durability,https://www.amazon.com/gp/customer-reviews/R2YW0MVREPNKEZ,True,[],0
B0CW1ZBP6P,B0CW1ZBP6P,https://www.amazon.com/dp/B0CW1ZBP6P,1.0,Dont buy,Every bag was stuck together the glue must not have been dry for the plastic part of the bags. I had to pry every bag apart to use and some ripped when I tried to open them. worst bags,20250830,freshness_or_drying; durability,https://www.amazon.com/gp/customer-reviews/R14R92HJ9S22FZ,True,[],0
B0CW1ZBP6P,B0CW1ZBP6P,https://www.amazon.com/dp/B0CW1ZBP6P,1.0,Not good,This is not the bag I received. The bag I received  does not have the bottom that makes it bigger. Useless. That’s the reason I bought it.,20250829,,https://www.amazon.com/gp/customer-reviews/R3DWZ0E43CZQKM,True,"[{""name"":""Number of Items"",""detail"":""50""}]",0
B0CW1ZBP6P,B0CW1ZBP6P,https://www.amazon.com/dp/B0CW1ZBP6P,1.0,stickers,The stickers do not work.,20250824,,https://www.amazon.com/gp/customer-reviews/R3GQVXZQUES015,True,"[{""name"":""Number of Items"",""detail"":""50""}]",0
B0CW1ZBP6P,B0CW1ZBP6P,https://www.amazon.com/dp/B0CW1ZBP6P,1.0,These bags fall apart,"These bags are terrible. The plastic detaches from the paper so easily, leaving your bread exposed to the air. I would not buy them again.",20250823,,https://www.amazon.com/gp/customer-reviews/R33HWUTUIEY2S2,True,"[{""name"":""Number of Items"",""detail"":""50""}]",0
B0CW1ZBP6P,B0CW1ZBP6P,https://www.amazon.com/dp/B0CW1ZBP6P,3.0,Not great quality,"Not crazy about these bags. Bread doesn’t stay fresh very long and the sticker doesn’t secure the whole back. The larger loaves do fit in these, but the plastic does rip easily.",20250823,freshness_or_drying; size_fit; durability,https://www.amazon.com/gp/customer-reviews/R1KSKFOFWKAU2W,True,"[{""name"":""Number of Items"",""detail"":""50""}]",0
B0CW1ZBP6P,B0CW1ZBP6P,https://www.amazon.com/dp/B0CW1ZBP6P,5.0,Professional!!!,"I thought these felt very thin at first, but used the first one for some chicken nuggets I just cooked , to give away... Keeps food warm and fresh not soggy. The window to see the food is nice and did not break open. Darling little seals to seal the bag. I think the quality is very nice and I will be proud to give away my muffins and scones in these beautiful bags this winter.",20250823,freshness_or_drying,https://www.amazon.com/gp/customer-reviews/R2X6MCHXIW99Y0,True,"[{""name"":""Number of Items"",""detail"":""50""}]",1
B0CW1ZBP6P,B0CW1ZBP6P,https://www.amazon.com/dp/B0CW1ZBP6P,5.0,Sturdy and cute,I bought these bags to give my sourdough loaves as gifts. They come with the cutest stickers. I also use these for my personal loves and I just use the bag over and over again cause they’re so durable.,20250823,size_fit; durability,https://www.amazon.com/gp/customer-reviews/RECPE4790NE8I,True,"[{""name"":""Number of Items"",""detail"":""50""}]",0
B0CW1ZBP6P,B0CW1ZBP6P,https://www.amazon.com/dp/B0CW1ZBP6P,5.0,Nice bags!,I make sourdough and these have been perfect for my loafs. Easy to fold open and come with cute stickers!,20250823,size_fit,https://www.amazon.com/gp/customer-reviews/R5NMDM9A804GZ,True,"[{""name"":""Number of Items"",""detail"":""50""}]",0
B0CW1ZBP6P,B0CW1ZBP6P,https://www.amazon.com/dp/B0CW1ZBP6P,5.0,Very easy to use,"Very useful, ready to use",20250823,,https://www.amazon.com/gp/customer-reviews/R15PWVOEYEIE4Y,True,[],0
B0CW1ZBP6P,B0CW1ZBP6P,https://www.amazon.com/dp/B0CW1ZBP6P,5.0,Great price,Loved it,20250823,,https://www.amazon.com/gp/customer-reviews/R2E14XS4LRPWI,True,"[{""name"":""Number of Items"",""detail"":""50""}]",0
B0CW1ZBP6P,B0CW1ZBP6P,https://www.amazon.com/dp/B0CW1ZBP6P,5.0,Just what l needed,It is very good quality and perfect for storing or gifting your home made bread.,20250820,,https://www.amazon.com/gp/customer-reviews/R1O3X3NXF9XPZ0,True,"[{""name"":""Number of Items"",""detail"":""50""}]",0
B0CW1ZBP6P,B0CW1ZBP6P,https://www.amazon.com/dp/B0CW1ZBP6P,5.0,"Cute,",Exactly as pictured. Comes with cute stickers to seal the bag shut. Great if you make sourdough or baked goods all the time and don’t have tupperwares to be giving out endlessly.Long enough for baguettes if needed.,20250819,size_fit,https://www.amazon.com/gp/customer-reviews/R120GIOYH010I1,True,"[{""name"":""Number of Items"",""detail"":""50""}]",0
B0CW1ZBP6P,B0CW1YDB1M,https://www.amazon.com/dp/B0CW1YDB1M,5.0,Great for holiday gifts!,Great for packaging my sourdough bread! Cute stickers to seal the bag make it fun to give to friends and family. Great inexpensive option when it comes to gifting for the holidays.,20250818,size_fit; value_or_quantity,https://www.amazon.com/gp/customer-reviews/RECKC5Z3TX53J,True,"[{""name"":""Number of Items"",""detail"":""100""}]",0
B0CW1ZBP6P,B0CW1ZBP6P,https://www.amazon.com/dp/B0CW1ZBP6P,5.0,Nice bread bags,"I use these to store the bread I make with my bread maker as well as when I bring loaves to family members. They look nicer than regular plastic bread bags, I just use a bag clip to keep them closed. The stickers are a nice touch to seal them when giving loaves to other people.",20250818,,https://www.amazon.com/gp/customer-reviews/R2YAEJFER4I89M,True,"[{""name"":""Number of Items"",""detail"":""50""}]",0
B0CW1ZBP6P,B0CW1ZBP6P,https://www.amazon.com/dp/B0CW1ZBP6P,5.0,The bread bags work nicely with my homemade sour dough loaves.,The bread bags are very nice. A good weight of paper and the see through part makes it very nice for those who receive the gift of homemade bread.The ONLY thing I would suggest is to either change the sticker to say “Enjoy” or leave it blank.,20250818,,https://www.amazon.com/gp/customer-reviews/R1Q49K9A28GFO0,True,"[{""name"":""Number of Items"",""detail"":""50""}]",0
B0CW1ZBP6P,B0CW1ZBP6P,https://www.amazon.com/dp/B0CW1ZBP6P,1.0,Not what is pictured,I did not get the product that is pictured. The bags I was sent does not have a flat bottom. They will fit the bread I make but I am disappointed that the picture does not match the product.,20250817,size_fit,https://www.amazon.com/gp/customer-reviews/R1ZSBA49WZSYWF,True,"[{""name"":""Number of Items"",""detail"":""50""}]",0
B0CW1ZBP6P,B0CW1ZBP6P,https://www.amazon.com/dp/B0CW1ZBP6P,5.0,Better then a towel,"If you leave sourdough on the counter or cover it in a towel, it will turn into a brick, which is handy for masonry but not eating. If you put it into a plastic bag, it will get soft and goopy...yuck. So this is the alternative. Luckily, you now have three days before it can be used to build your dream home, but until then, you get glorious sandwiches. It holds bigger boules than you think it will, which is handy when it poofs up and over. Wish there was a better way to seal the ends. I don‘t use the dainty stickers because they‘re pointless. I just use a chip clip or tape the whole thing.",20250817,size_fit,https://www.amazon.com/gp/customer-reviews/R1YAC4NW8NVHCT,True,"[{""name"":""Number of Items"",""detail"":""50""}]",0
B0CW1ZBP6P,B0CW1ZBP6P,https://www.amazon.com/dp/B0CW1ZBP6P,5.0,Great product,Great product,20250815,,https://www.amazon.com/gp/customer-reviews/R2JOE6NESGQ205,True,"[{""name"":""Number of Items"",""detail"":""50""}]",0
B0CW1ZBP6P,B0CW1ZBP6P,https://www.amazon.com/dp/B0CW1ZBP6P,3.0,Tears easy,They tear easily and no way to reseal once open,20250814,durability,https://www.amazon.com/gp/customer-reviews/R1X09BPV08X98T,True,"[{""name"":""Number of Items"",""detail"":""50""}]",0
B0CW1ZBP6P,B0CW1ZBP6P,https://www.amazon.com/dp/B0CW1ZBP6P,5.0,An attractive way to share or sell bread,"These paper bread bags are a solid choice for packaging sourdough, especially for home bakers who value freshness and presentation. These bags allow the bread to breathe, preserving the crust’s crisp texture while minimizing moisture buildup that can lead to spoilage. They’re also eco-friendly and lend a charming, rustic look that complements the artisanal nature of sourdough. While they’re not ideal for long-term storage, they’re perfect for same-day sales, gifts, or short-term use. Overall, they offer a great balance of practicality, sustainability, and aesthetic appeal.  I will purchase again.",20250814,freshness_or_drying; moisture_or_mold; cleaning; size_fit; value_or_quantity,https://www.amazon.com/gp/customer-reviews/R3603N4FFM9SK4,True,"[{""name"":""Number of Items"",""detail"":""50""}]",1
B0CW1ZBP6P,B0CW1ZBP6P,https://www.amazon.com/dp/B0CW1ZBP6P,2.0,Didn‘t find them useful,Cannot figure out how to insert bread into bag.  Don‘t understand directions.  Bags are sturdy enough. Won‘t reorder.,20250813,,https://www.amazon.com/gp/customer-reviews/RE2GGCS9UFVQ5,True,"[{""name"":""Number of Items"",""detail"":""50""}]",0
B0CW1ZBP6P,B0CW1ZBP6P,https://www.amazon.com/dp/B0CW1ZBP6P,5.0,Quality,"Great product never had a rip or tear, and fit all of our big sourdough loafs.",20250813,size_fit; durability,https://www.amazon.com/gp/customer-reviews/R1FFNNT2WJU50L,True,[],0
B0CW1ZBP6P,B0CW1ZBP6P,https://www.amazon.com/dp/B0CW1ZBP6P,5.0,Great,Very nice.  Needed it for my sourdough,20250813,size_fit,https://www.amazon.com/gp/customer-reviews/R1TEXH1AYHTYQH,True,"[{""name"":""Number of Items"",""detail"":""50""}]",0
B0CW1ZBP6P,B0CW1ZBP6P,https://www.amazon.com/dp/B0CW1ZBP6P,5.0,Perfect for my bread,Perfect packaging!,20250813,value_or_quantity,https://www.amazon.com/gp/customer-reviews/RVYDCN4292XT6,True,[],0
B0CW1ZBP6P,B0CW1ZBP6P,https://www.amazon.com/dp/B0CW1ZBP6P,5.0,Worth the buy!,These are perfect for gifting and storing bread!,20250811,,https://www.amazon.com/gp/customer-reviews/R2P51D41P646Y6,True,"[{""name"":""Number of Items"",""detail"":""50""}]",0
B0CW1ZBP6P,B0CW1ZBP6P,https://www.amazon.com/dp/B0CW1ZBP6P,5.0,They work great!,Love these! Seem to be high quality and keep my homemade bread fresh for days. Good material and nice enough to bag the bread for gifting. Definitely recommend.,20250811,freshness_or_drying,https://www.amazon.com/gp/customer-reviews/R3OJT8ZT91ZJUK,True,"[{""name"":""Number of Items"",""detail"":""50""}]",0
B0CW1ZBP6P,B0CW1ZBP6P,https://www.amazon.com/dp/B0CW1ZBP6P,5.0,Great product to hold my baking needs!,Super cute and durable bags I use for all my farm stand needs. Seals well with stickers to keep my large sour dough loaves fresh. I order these every time I run out for my farm-stand at home because they are a great value!,20250810,freshness_or_drying; size_fit; durability; value_or_quantity,https://www.amazon.com/gp/customer-reviews/R1LJ2JEMLG74Z7,True,"[{""name"":""Number of Items"",""detail"":""50""}]",0
B0CW1ZBP6P,B0CW1ZBP6P,https://www.amazon.com/dp/B0CW1ZBP6P,5.0,Fresh,Loved kept bread fresh on my counter,20250808,freshness_or_drying,https://www.amazon.com/gp/customer-reviews/RCCP5NH1P1F3D,True,"[{""name"":""Number of Items"",""detail"":""50""}]",0
B0CW1ZBP6P,B0CW1ZBP6P,https://www.amazon.com/dp/B0CW1ZBP6P,5.0,Large enough to hold my sourdough bread and reasonably priced,These bakery bags were purchased with the intent to use them for sourdough bread that I give to friends and family.  I had been putting the bread in plastic bags which makes the bread retain too much moisture.These bags are large enough to hold the large loaf and enough extra room to create a nice fold to place a sticker (included) to close the bag.  The bags are thick enough that they haven‘t torn yet and the sticker on back creates an almost professional look.  I feel as though these bags were reasonably priced and I‘m happy I made the purchase.,20250808,moisture_or_mold; size_fit; value_or_quantity,https://www.amazon.com/gp/customer-reviews/R1VQYF8XN2RALK,True,[],1
B0CW1ZBP6P,B0CW1P76F2,https://www.amazon.com/dp/B0CW1P76F2,5.0,Large enough to hold my sourdough bread and reasonably priced,These bakery bags were purchased with the intent to use them for sourdough bread that I give to friends and family.  I had been putting the bread in plastic bags which makes the bread retain too much moisture.These bags are large enough to hold the large loaf and enough extra room to create a nice fold to place a sticker (included) to close the bag.  The bags are thick enough that they haven‘t torn yet and the sticker on back creates an almost professional look.  I feel as though these bags were reasonably priced and I‘m happy I made the purchase.,20250808,moisture_or_mold; size_fit; value_or_quantity,https://www.amazon.com/gp/customer-reviews/R1VQYF8XN2RALK,True,"[{""name"":""Number of Items"",""detail"":""30""}]",0
B0CW1ZBP6P,B0CW1ZBP6P,https://www.amazon.com/dp/B0CW1ZBP6P,1.0,False advertising,They are nice but not as advertised. They don’t have the  flat part on bottom,20250807,,https://www.amazon.com/gp/customer-reviews/R2EZ7WIACOLKBV,True,"[{""name"":""Number of Items"",""detail"":""50""}]",0
B0CW1ZBP6P,B0CW1ZBP6P,https://www.amazon.com/dp/B0CW1ZBP6P,4.0,Thin but good bags,Love these for sourdough. Stickers don’t really keep the bag sealed but they do help keep bread fresh for transport. The bags are thinner than some but I haven’t had one tear.,20250806,freshness_or_drying; size_fit; durability,https://www.amazon.com/gp/customer-reviews/R2IYISAQ013VI4,True,"[{""name"":""Number of Items"",""detail"":""50""}]",0
B0CW1ZBP6P,B0CW1ZBP6P,https://www.amazon.com/dp/B0CW1ZBP6P,5.0,Great product,"Good bang for your buck, easy closure, perfect size for closure storage capability, durability, easy closure design rip resistant are great.",20250806,size_fit; durability,https://www.amazon.com/gp/customer-reviews/R1TPMFEK9M5S18,True,"[{""name"":""Number of Items"",""detail"":""50""}]",0
B0CW1ZBP6P,B0DQTZH4J9,https://www.amazon.com/dp/B0DQTZH4J9,2.0,Not as pictured. Thin bag.,Product as pictured is not what I received. This showed a flat bottom on the bag and what I received was not that. Bag quality is ok but it can rip easily.,20250806,durability,https://www.amazon.com/gp/customer-reviews/R2W9EIQ91C9O42,True,"[{""name"":""Number of Items"",""detail"":""102""}]",0
B0CW1ZBP6P,B0CW1ZBP6P,https://www.amazon.com/dp/B0CW1ZBP6P,5.0,Makes the bread look bougie.,Upgraded how my breads look by a lot wow.,20250805,,https://www.amazon.com/gp/customer-reviews/R2X3POECE0EYLB,True,"[{""name"":""Number of Items"",""detail"":""50""}]",0
B0FQV6G5JB,B0FQV6G5JB,https://www.amazon.com/dp/B0FQV6G5JB,5.0,MUST BUY!!,"This kit is awesome ans so inexpensive for how much you get!!!!! It comes with 2 proofing baskets, bags to give out your loaves, a jar, scoring lame, stencils and so much more than I was expecting when ordering this and it’s all incredibly good quality",20260426,value_or_quantity,https://www.amazon.com/gp/customer-reviews/R2X3QL5IJAYTN1,False,,0
B0FQV6G5JB,B0FQV6G5JB,https://www.amazon.com/dp/B0FQV6G5JB,5.0,Good gift!,"Bough for a friend, included all items, they‘ve been lasting great. Good quality and easy to use. Clean pretty easily as well.",20260418,cleaning,https://www.amazon.com/gp/customer-reviews/RCSOF961H2SDQ,False,,0
B0FQV6G5JB,B0FQV6G5JB,https://www.amazon.com/dp/B0FQV6G5JB,5.0,Good price for good quality,Started making sourdough and this kit has everything you need at a very good price.,20260413,size_fit; value_or_quantity,https://www.amazon.com/gp/customer-reviews/R1S0PFOIZJJIV3,False,,0
B0FQV6G5JB,B0FQV6G5JB,https://www.amazon.com/dp/B0FQV6G5JB,5.0,Bread starting kit .,"Excellent ,beautiful and practical !!",20260408,,https://www.amazon.com/gp/customer-reviews/RT0G53I5F8LH6,False,,0
B0FQV6G5JB,B0FQV6G5JB,https://www.amazon.com/dp/B0FQV6G5JB,5.0,Quality,Perfect kit !! I love every item that comes in the package.,20260407,value_or_quantity,https://www.amazon.com/gp/customer-reviews/R95MHV3GB6JZ8,False,,0
B0FQV6G5JB,B0FQV6G5JB,https://www.amazon.com/dp/B0FQV6G5JB,3.0,Ok but not great,Everything was ok quality not great but did the job. Except for the dough hook broke on third use and the lane wasn’t good at all,20260406,,https://www.amazon.com/gp/customer-reviews/R3UEYCCX6FT7BD,False,,0
B0FQV6G5JB,B0FQV6G5JB,https://www.amazon.com/dp/B0FQV6G5JB,5.0,Perfect Starter Kit for Beginners!,"Perfect sourdough kit for beginners! This comes with everything you need to start your sourdough journey — the baskets, containers, and tools are all great quality and made the whole process feel way less intimidating. As someone just starting out, this kit really helped me feel more confident and organized. Definitely worth it!",20260331,size_fit,https://www.amazon.com/gp/customer-reviews/R882GFLU6RQC2,False,,0
B0FQV6G5JB,B0FQV6G5JB,https://www.amazon.com/dp/B0FQV6G5JB,5.0,Great purchase,This is a lot of stuff for a little money. Haven‘t had a chance to use it yet but am anxious you get to it.,20260328,,https://www.amazon.com/gp/customer-reviews/R173AEH7RA3Y3B,False,,0
B0FQV6G5JB,B0FQV6G5JB,https://www.amazon.com/dp/B0FQV6G5JB,5.0,Highly recommended for sourdough starter kit,"This had literally everything I needed for spurdough plus some items I had to lookup. Had some stencils in there for bread, one oddball was a pot leaf. Used it for fun but not expected 😅 the baskets and scrapers were perfect for helping my sourdough along.",20260325,size_fit,https://www.amazon.com/gp/customer-reviews/R3BXJFXMZQACDR,False,,0
B0FQV6G5JB,B0FQV6G5JB,https://www.amazon.com/dp/B0FQV6G5JB,5.0,The recipe is good,Love the items that are in the box just what I needed,20260316,,https://www.amazon.com/gp/customer-reviews/R3IK1WI5S9HRAP,False,,0
B0FQV6G5JB,B0FQV6G5JB,https://www.amazon.com/dp/B0FQV6G5JB,5.0,Great Starter Kit!,Has everything you need to start your sourdough journey. Everything is great in quality. Whole kit is totally worth teh price.,20260316,size_fit; value_or_quantity,https://www.amazon.com/gp/customer-reviews/R2WRVVT0UQMWE7,False,,0
B0FQV6G5JB,B0FQV6G5JB,https://www.amazon.com/dp/B0FQV6G5JB,5.0,Amazing Quality,You could never buy all of this for this price! I love everything about this! I am confident I will have this for years to come!,20260310,value_or_quantity,https://www.amazon.com/gp/customer-reviews/R2KWIUTPRXJRJ9,False,,0
B0FQV6G5JB,B0FQV6G5JB,https://www.amazon.com/dp/B0FQV6G5JB,5.0,Perfect for Sourdough Beginners,Great starter kit. Probably more than you’ll ever use but it’s great to have everything you’ll possibly need.,20260226,,https://www.amazon.com/gp/customer-reviews/RJIKOJIFF888K,False,,0
B0FQV6G5JB,B0FQV6G5JB,https://www.amazon.com/dp/B0FQV6G5JB,5.0,Great kit for beginners,Love this kit. Definitely recommend.,20260223,,https://www.amazon.com/gp/customer-reviews/RY7064M57KUXW,False,,0
B0FQV6G5JB,B0FQV6G5JB,https://www.amazon.com/dp/B0FQV6G5JB,5.0,Amazing,Absolutely love this kit! Came with everything I needed.,20260220,,https://www.amazon.com/gp/customer-reviews/R36YVBZCFKE0PX,False,,0
B0FQV6G5JB,B0FQV6G5JB,https://www.amazon.com/dp/B0FQV6G5JB,5.0,Perfection! Great quality,I cannot believe what you get and the quality for the price!! It’s perfect. I’m super excited to use it all.,20260217,value_or_quantity,https://www.amazon.com/gp/customer-reviews/R110M1518SFG5P,False,,1
B0FQV6G5JB,B0FQV6G5JB,https://www.amazon.com/dp/B0FQV6G5JB,5.0,Great price for all you get,Bought for a friend to start baking with sourdough and loves it!,20260214,size_fit,https://www.amazon.com/gp/customer-reviews/R29Y9EIQKGLT4N,False,,0
B0FQV6G5JB,B0FQV6G5JB,https://www.amazon.com/dp/B0FQV6G5JB,4.0,Bread maker gift set.,"This box set , has everything to start with. Great price and good quality items . Brought it as gift , well worth it , would buy again for myself.",20260209,value_or_quantity,https://www.amazon.com/gp/customer-reviews/R328PF7MW316M1,False,,0
B0FQV6G5JB,B0FQV6G5JB,https://www.amazon.com/dp/B0FQV6G5JB,5.0,Great buy.,"Everything you need to start making your sourdough. The glass container has different markings on it that could be very useful if they didn‘t come off with the first wash, I can do my own markings so, not a deal breaker. The price is great for all the things that come in this package.",20260209,cleaning; size_fit; value_or_quantity,https://www.amazon.com/gp/customer-reviews/R1UA9LKW5VO0RO,False,,0
B0FQV6G5JB,B0FQV6G5JB,https://www.amazon.com/dp/B0FQV6G5JB,5.0,Perfect gift,Wife loved it made her first sourdough bread easy to use affordable everything worked as described good quality blade,20260207,size_fit,https://www.amazon.com/gp/customer-reviews/RGEVEH8YATOI5,False,,0
B0FQV6G5JB,B0FQV6G5JB,https://www.amazon.com/dp/B0FQV6G5JB,5.0,Great kit for starters,Loved everything in this kit!!,20260205,,https://www.amazon.com/gp/customer-reviews/R2LH8C41KQ0C9T,False,,0
B0FQV6G5JB,B0FQV6G5JB,https://www.amazon.com/dp/B0FQV6G5JB,3.0,Ok kit,So far so good except for the fact the measurement tape stickers all over the jar have rubbed right off. Not sure what that’s about I’d like to know how I can replace the measurement markers. It’s like the sticker wasn’t meant to be placed on glass or something with how easily the decal removed itself. Other than that. The thermometer works great and so does the stretch band that goes around the glass. It’s not day 8 of my starter and I’ve had 0 issues with it except maybe forgetting to feed it.,20260205,,https://www.amazon.com/gp/customer-reviews/R2SIIH7T6GWN2U,False,,0
B0FQV6G5JB,B0FQV6G5JB,https://www.amazon.com/dp/B0FQV6G5JB,5.0,Go for it! <3,Amateur sourdough baker here!! Started off with my own kitchen supplies and within a week knew I needed a kit like this. The very first use of everything did NOT disappoint 😍 highly recommend just wish it came with that silicon slip thing to set the bread in the Dutch oven on and grab it out but parchment paper is serving the purpose just fine.,20260204,size_fit; value_or_quantity,https://www.amazon.com/gp/customer-reviews/R2SVL7NHY6VOWN,False,,0
B0FQV6G5JB,B0FQV6G5JB,https://www.amazon.com/dp/B0FQV6G5JB,3.0,Not the best,A lot for a little. Decent quality but the banneton baskets had splinters and the cloth liner was rough and thin. I will still try it though. It’s a good beginner set.,20260201,value_or_quantity,https://www.amazon.com/gp/customer-reviews/R23WEFJ1VR881Z,False,,0
B0FQV6G5JB,B0FQV6G5JB,https://www.amazon.com/dp/B0FQV6G5JB,5.0,Great purchase,Love this sourdough kit.,20260130,size_fit,https://www.amazon.com/gp/customer-reviews/R3L5CPSBPN7P05,True,,0
B0FQV6G5JB,B0FQV6G5JB,https://www.amazon.com/dp/B0FQV6G5JB,5.0,A great purchase for the beginner sourdough maker!!,My mother in law LOVED this kit I got her for Christmas. We were so happy with the quality of the set and were impressed by how many different tools came along with it. She was thrilled to add this to her collection and has been loving using it to make bread.,20260128,value_or_quantity,https://www.amazon.com/gp/customer-reviews/R2V4N8PSSPIL60,True,,0
B0FQV6G5JB,B0FQV6G5JB,https://www.amazon.com/dp/B0FQV6G5JB,4.0,Markings don’t stay on jar,So far everything is holding up ok! Only issue I have had so far is the markings on my jar wiped off…other than that so far so good!,20260124,,https://www.amazon.com/gp/customer-reviews/RPASHNYGR4DJQ,True,,0
B0FQV6G5JB,B0FQV6G5JB,https://www.amazon.com/dp/B0FQV6G5JB,5.0,Best value,"Excellent quality, complete set with everything you need for baking sourdough.",20260118,size_fit; value_or_quantity,https://www.amazon.com/gp/customer-reviews/R22BDX8X92CGU9,True,,1
B0FQV6G5JB,B0FQV6G5JB,https://www.amazon.com/dp/B0FQV6G5JB,5.0,great product!,"i appreciate the guide book that comes with the package that tells how to care for the baskets and the cloth! i was nervous about these things. i also appreciate the quality of the tools that come with this, i think it is a great product and worth the money. i am only a beginner, but i still appreciate everything that came in the box.",20260117,value_or_quantity,https://www.amazon.com/gp/customer-reviews/R2X8FNQWXTOSQJ,True,,1
B0FQV6G5JB,B0FQV6G5JB,https://www.amazon.com/dp/B0FQV6G5JB,5.0,Above and beyond starter kit!,"Ok. When I tell you that anyone who gives this kit less than a 5, bumped their head, I am so serious! They did not need to go all out like this but they did! Not one but TWO proofing baskets?! The whisk is such good quality as well as everything included. The bread bag is HUGE! I‘m sorry, I’m just so excited that this is such good quality and so cost effective. I saw many with way less items for much more. I mean, is it top of the line, probably not. Is it above and beyond for the price, yes!",20260113,value_or_quantity,https://www.amazon.com/gp/customer-reviews/R3F5UA11ZW13XW,True,,4
B0FQV6G5JB,B0FQV6G5JB,https://www.amazon.com/dp/B0FQV6G5JB,4.0,Reasonable cost for a beginning set,"This is a good starter kit from what I can tell because I am a beginner. It seems to come with everything you need the jar, however had numbers on it and as soon as I washed it before you they all came off. I had read that in the previous reviews so far everything else works out I can update as I go. Happy baking.",20260108,cleaning,https://www.amazon.com/gp/customer-reviews/RJV6YUZPHS61V,False,,1
B0FQV6G5JB,B0FQV6G5JB,https://www.amazon.com/dp/B0FQV6G5JB,5.0,As advertised,Everything as advertised. You get a lot for the price point. Niece was thrilled as she is a beginner.,20260104,value_or_quantity,https://www.amazon.com/gp/customer-reviews/R1GSTQMGN5T19A,True,,0
B0FQV6G5JB,B0FQV6G5JB,https://www.amazon.com/dp/B0FQV6G5JB,4.0,Jar markings are not permanent and washed off.,Nice set but the markings on the jar were stickers and washed off when I washed the jar. The utensils and bannetons are nice.,20251230,cleaning; value_or_quantity,https://www.amazon.com/gp/customer-reviews/R1HLAYUF72AX7K,True,,1
B00GK3QTCE,B0F3QFGWMM,https://www.amazon.com/dp/B0F3QFGWMM,5.0,The best product you can purchase.,This is the best product I’ve purchased in a while. My bread stays fresh and soft. Easy to use as well.,20260429,freshness_or_drying,https://www.amazon.com/gp/customer-reviews/R1IE73JMSF8Q6V,False,"[{""name"":""Color"",""detail"":""Ocean""}]",0
B00GK3QTCE,B00GK3QTCE,https://www.amazon.com/dp/B00GK3QTCE,5.0,Awesome wrapper,Works great! Keeps my sourdough bread fresh and crispy on the outside.,20260428,freshness_or_drying; size_fit,https://www.amazon.com/gp/customer-reviews/R3CGOJR10I70W2,False,"[{""name"":""Color"",""detail"":""Honeycomb""}]",0
B00GK3QTCE,B0GTL8YDT2,https://www.amazon.com/dp/B0GTL8YDT2,5.0,5 stars,"Works fantastically, no odor, fits my favorite Italian round loaf, keeps it good for days without refrigeration, and looks so cute on my countertop. Love it.",20260417,smell_or_wax; size_fit,https://www.amazon.com/gp/customer-reviews/R8GXHYD4TBSEF,False,"[{""name"":""Color"",""detail"":""Fresh Squeeze""}]",0
B00GK3QTCE,B0GF9R6MZY,https://www.amazon.com/dp/B0GF9R6MZY,5.0,Keeps Bread so soft!!,The bread stays soft and moist for so much longer while still maintaining the crunch on the crust!,20260415,freshness_or_drying; moisture_or_mold,https://www.amazon.com/gp/customer-reviews/R2AHNG5TO4CS7Q,False,,0
B00GK3QTCE,B0F3QFGWMM,https://www.amazon.com/dp/B0F3QFGWMM,5.0,Just what I needed!,Love this wrap! Works great for my sourdough loaves,20260411,size_fit,https://www.amazon.com/gp/customer-reviews/R2S95PU51SQTGA,False,"[{""name"":""Color"",""detail"":""Ocean""}]",0
B00GK3QTCE,B08JG18M9Y,https://www.amazon.com/dp/B08JG18M9Y,5.0,REALLY preserves the bread!,"I’ve been looking and looking for something to use with my freshly baked bread FOREVER. This wrap was the only one I was willing to give a try. At first I wasn’t too sure I liked it, until I got used to it. It’s very big and so far I’ve only used it for 2lbs bread, made in bread machine (so it’s not like a standard shape loaf, just fyi), and it leaves a lot of room. It clings very tightly so no air can penetrate and dry out the bread. Your hands truly warm the wrap up and helps seal it. The material is thick, too. I believe this will last A WHILE. Now onto the freshness of the bread. I’m embarrassed to admit I neglected a little less than half a loaf, just by eating stuff that didn’t require bread with it. So today I remembered it and went to toss it (I know, I HATE wasting food!), but to my surprise the bread is still fresh!! I think it’s been 5 days since I made it. If not 6. By now my bread would smell and mold if I kept it in a ziplock like I did before. It would get weird and sticky when I touch it. But now, none of that! The bread smells the same great smell, the texture is just as any bread would give you like the next day after baking. I SWEAR I was very surprised by this. Now I think I need to buy more for cheeses. I am so very impressed! (I was not incentivized for this review, fyi.) it’s just my honest experience with the product! 10/10 recommend!",20260410,freshness_or_drying; moisture_or_mold; smell_or_wax; size_fit; durability,https://www.amazon.com/gp/customer-reviews/R2PIBRDT3JZ3G,False,"[{""name"":""Color"",""detail"":""Vegan Meadow Magic""}]",0
B00GK3QTCE,B00GK3QTCE,https://www.amazon.com/dp/B00GK3QTCE,5.0,Great product!!,"Great product! Keeps sandwiches fresh and neat, reheats leftovers beautifully, and cleans up easily! No messy, wasteful plastic wrap. A good value for the money.",20260317,freshness_or_drying; cleaning; value_or_quantity,https://www.amazon.com/gp/customer-reviews/R2SIWC7LVFHHB0,False,"[{""name"":""Color"",""detail"":""Honeycomb""}]",0
B00GK3QTCE,B00GK3QTCE,https://www.amazon.com/dp/B00GK3QTCE,5.0,Practical and efficient,Love it! So easy to use and I feel better using less plastic! Perfect for keeping big loaves of bread.,20260312,,https://www.amazon.com/gp/customer-reviews/R2XTUK5E1W6BSV,False,"[{""name"":""Color"",""detail"":""Honeycomb""}]",0
B00GK3QTCE,B0FK16H33Y,https://www.amazon.com/dp/B0FK16H33Y,5.0,Fantastic. Kept bread fresh on the counter much longer than expected.,"I was a bit skeptical, but I‘m a convert. I ordered a second for myself and another for a friend. I like whole Italian loaves from Costco, but they will either go stale or moldy on the kitchen counter no matter what I store them in. I’ve taken to freezing half a loaf, but even then its disappointing. Until now. The beeswax wrap kept the loaf in good condition until the end. A loaf of sourdough also lasted longer and stayed fresher than anything else by far. It’s not magic though. There are limits, but those limits are far longer than any other way I’ve used to keep bread fresh. The wrap is easy to use, easy to clean. Recommended.",20260305,freshness_or_drying; moisture_or_mold; smell_or_wax; cleaning; size_fit,https://www.amazon.com/gp/customer-reviews/R1MVFNRF08DZNR,False,"[{""name"":""Color"",""detail"":""Bakery Lane""}]",0
B00GK3QTCE,B00GK3QTCE,https://www.amazon.com/dp/B00GK3QTCE,4.0,Ample size,Works ok for bread but smells awful.,20260226,smell_or_wax,https://www.amazon.com/gp/customer-reviews/R1CXF90AHKI5M0,False,"[{""name"":""Color"",""detail"":""Honeycomb""}]",0
B00GK3QTCE,B00GK3QTCE,https://www.amazon.com/dp/B00GK3QTCE,5.0,It‘s Pretty Darn Amazing!!,"So I‘m very impressed with this Beeswax Wrap for bread. I tried it for the first time on a loaf of Mancini’s Italian bread and it’s still fresh with no signs of mold after 6 days!!! This is a first for sure. It will be interesting to see what happens in the summer, but I’m still very happy that I bought this. I’m planning on making more homemade bread and I’m hoping it will work as well for that.",20260225,freshness_or_drying; moisture_or_mold; smell_or_wax; size_fit,https://www.amazon.com/gp/customer-reviews/R1PH7EL4CUNPOX,False,"[{""name"":""Color"",""detail"":""Honeycomb""}]",0
B00GK3QTCE,B00GK3QTCE,https://www.amazon.com/dp/B00GK3QTCE,5.0,Amazing!,I wish I had known about this bread wrap sooner. It’s an amazing product. It keeps my homemade bread fresh and soft while wrapped in this amazing bread wrap. Thank goodness I no longer use those Foodsaver plastic vacuum bags. I also love that this product is made in America! I definitely need to buy more! Highly recommended!,20260216,freshness_or_drying,https://www.amazon.com/gp/customer-reviews/R2D99R41BU0V8D,False,"[{""name"":""Color"",""detail"":""Honeycomb""}]",0
B00GK3QTCE,B08JG18M9Y,https://www.amazon.com/dp/B08JG18M9Y,5.0,Love it,Fabulous....looks great and keeps homemade sourdough bread fresh for a very long time. I ;ove it,20260213,freshness_or_drying; size_fit,https://www.amazon.com/gp/customer-reviews/R1V467O60WWCM6,False,"[{""name"":""Color"",""detail"":""Vegan Meadow Magic""}]",0
B00GK3QTCE,B00GK3QTCE,https://www.amazon.com/dp/B00GK3QTCE,5.0,Great product,We use this every week to wrap bread purchased from a local bakery. It’s so much better than using a plastic bag or plastic wrap. Keeps bread fresh. Big enough for a large loaf of bread. Easy to clean.,20260209,freshness_or_drying; cleaning; size_fit,https://www.amazon.com/gp/customer-reviews/RUPFWFBH9YEPI,False,"[{""name"":""Color"",""detail"":""Honeycomb""}]",0
B00GK3QTCE,B00GK3QTCE,https://www.amazon.com/dp/B00GK3QTCE,5.0,Great for wrapping bread,I got this to wrap up fresh bread. Worked amazing!! Stayed sealed shut. And the bread didnt get stales.,20260116,freshness_or_drying,https://www.amazon.com/gp/customer-reviews/RU2U9VQIULXV7,True,"[{""name"":""Color"",""detail"":""Honeycomb""}]",0
B00GK3QTCE,B00GK3QTCE,https://www.amazon.com/dp/B00GK3QTCE,5.0,Highly recommended for home bread makers!,"This product is amazing! I highly recommend it for anyone who is interested in storing homemade bread and keeping it fresh!
Durability: This product lasted me almost exactly 12 months before starting to go bad - definitely exceeded my expectations! It reduced our plastic waste significantly while providing us better performance than plastic storage.

Performance: This keeps bread fresh for about 1 week when wrapped properly! It’s very easy to use and keeps moisture in and air out! We absolutely love this product!",20260114,freshness_or_drying; moisture_or_mold,https://www.amazon.com/gp/customer-reviews/R3KF0LYSJY8O7P,True,"[{""name"":""Color"",""detail"":""Honeycomb""}]",9
B00GK3QTCE,B00GK3QTCE,https://www.amazon.com/dp/B00GK3QTCE,5.0,Earth friendly wrap that works perfectly,First time using bees wax wrap and I’m sold! I bought the large size and ended up cutting it smaller. Used it to wrap a block of cheese and it has kept it fresh and the wrap continues to stick to itself. Nice thick durable material that’ll last thru many uses. Very convenient and I don’t use plastic wrap anymore.,20260109,freshness_or_drying; smell_or_wax; size_fit; durability,https://www.amazon.com/gp/customer-reviews/R31NTMNHIUNDMG,True,"[{""name"":""Color"",""detail"":""Honeycomb""}]",1
B00GK3QTCE,B00GK3QTCE,https://www.amazon.com/dp/B00GK3QTCE,5.0,Must-have for home bakers!,"I got a bread maker for Christmas and I’ve been making bread almost every day since. I was very worried about freshness and keeping mold away because I live in a humid tropical climate. Store bought bread starts getting moldy within 3 days in their plastic if they’re sitting on the counter. Well, these wraps work! I really want my family to greatly reduce ultraprocessed foods and the plastic wraps they come in, and these wraps keep the bread mold-free AND soft like the day it was baked. The wraps are super easy to use, smell really nice, easy to clean with just a rinse (we use these only for homemade bread), and plenty large enough to fit a whole 2lb loaf. A few tips:
1. Let your bread cool COMPLETELY after baking. I usually wait over an hour, til the crust is COOL - not warm - COOL to the touch.
2. I slice up the bread and let them sit flat on a cooling rack to let any residual heat/moisture escape. Not sure how long, I usually go off and do something and then come back to it maybe 20-30 minutes later.
3. Stand the bread slices upright and make sure they fit back together right before wrapping. This keeps the crumb as moist as it needs to be while wrapped.
4. I wrap both ends, but unwrap only one end every time I need a slice just to make it easier to rewrap. I also grab slices from the middle and save the ends for last.
5. I keep them in a closed pantry in the kitchen, away from any heat sources or moisture. Definitely don’t keep it out on the counter next to the stove/air fryer/toaster/dishawasher/etc.

So far, my French bread has lasted 3 days, and my wheat/milk breads have lasted 4 days. The only reason I can’t vouch for longer than that is because my family eats it up by them. Although, based on the freshness up to the very last slice, I’m sure the bread is capable of lasting at least a couple more days beyond that. I will recommend these to everyone I know who bakes at home and will likely buy a few more for myself as I get more comfortable baking.",20260105,freshness_or_drying; moisture_or_mold; smell_or_wax; cleaning; size_fit,https://www.amazon.com/gp/customer-reviews/R3EWYLHWHVE6X3,False,"[{""name"":""Color"",""detail"":""Bakery Lane""}]",12
B00GK3QTCE,B0FK16H33Y,https://www.amazon.com/dp/B0FK16H33Y,5.0,Must-have for home bakers!,"I got a bread maker for Christmas and I’ve been making bread almost every day since. I was very worried about freshness and keeping mold away because I live in a humid tropical climate. Store bought bread starts getting moldy within 3 days in their plastic if they’re sitting on the counter. Well, these wraps work! I really want my family to greatly reduce ultraprocessed foods and the plastic wraps they come in, and these wraps keep the bread mold-free AND soft like the day it was baked. The wraps are super easy to use, smell really nice, easy to clean with just a rinse (we use these only for homemade bread), and plenty large enough to fit a whole 2lb loaf. A few tips:
1. Let your bread cool COMPLETELY after baking. I usually wait over an hour, til the crust is COOL - not warm - COOL to the touch.
2. I slice up the bread and let them sit flat on a cooling rack to let any residual heat/moisture escape. Not sure how long, I usually go off and do something and then come back to it maybe 20-30 minutes later.
3. Stand the bread slices upright and make sure they fit back together right before wrapping. This keeps the crumb as moist as it needs to be while wrapped.
4. I wrap both ends, but unwrap only one end every time I need a slice just to make it easier to rewrap. I also grab slices from the middle and save the ends for last.
5. I keep them in a closed pantry in the kitchen, away from any heat sources or moisture. Definitely don’t keep it out on the counter next to the stove/air fryer/toaster/dishawasher/etc.

So far, my French bread has lasted 3 days, and my wheat/milk breads have lasted 4 days. The only reason I can’t vouch for longer than that is because my family eats it up by them. Although, based on the freshness up to the very last slice, I’m sure the bread is capable of lasting at least a couple more days beyond that. I will recommend these to everyone I know who bakes at home and will likely buy a few more for myself as I get more comfortable baking.",20260105,freshness_or_drying; moisture_or_mold; smell_or_wax; cleaning; size_fit,https://www.amazon.com/gp/customer-reviews/R3EWYLHWHVE6X3,True,"[{""name"":""Color"",""detail"":""Bakery Lane""}]",4
B00GK3QTCE,B00GK3QTCE,https://www.amazon.com/dp/B00GK3QTCE,5.0,Surprisingly useful (and cute)!,"Total game changer for storing sourdough loaves! I’ve never found anything that keeps bread this moist and fresh for so long. These beeswax wraps work far better for me than cling wrap or plastic wrap ever did. I love that they’re eco-friendly and so easy to use - just warm them with your hands and shape them around almost anything. The design is also beautiful; I’m especially glad they offer the cute blue bear pattern, which feels perfectly at home in our Denver kitchen. I’ll probably cut out a little piece to cover my avocados, since I never make huge loaves - the bread wrap is generously sized!",20260103,freshness_or_drying; moisture_or_mold; smell_or_wax; size_fit,https://www.amazon.com/gp/customer-reviews/R28M44G066N76Q,False,"[{""name"":""Color"",""detail"":""Bees &amp; Bears""}]",7
B00GK3QTCE,B08JG18M9Y,https://www.amazon.com/dp/B08JG18M9Y,5.0,It’s healthier and non-toxic.,"I love Bee’s Wrap for all of my breads and pastries! I didn’t want to wrap my bread in toxic plastic bags, so when I came across Bee’s Wraps it was exactly what I was looking for. It keeps my food fresher, the quality of the material is over the top, it just needs the warmth of my hands to seal anything that I store in it, and it’s so easy to clean. I would highly recommend this product, it does what it says and more. Would purchase again.",20260102,freshness_or_drying; cleaning,https://www.amazon.com/gp/customer-reviews/R1IEN2YSPN7JY9,True,"[{""name"":""Color"",""detail"":""Vegan Meadow Magic""}]",3
B00GK3QTCE,B00GK3QTCE,https://www.amazon.com/dp/B00GK3QTCE,4.0,Great for fresh bread,"Very pleased with this wrap. I was looking for a way to wrap my fresh bread, that could be reused. It adheres well and seems to be keeping my bread fresh.",20251125,freshness_or_drying,https://www.amazon.com/gp/customer-reviews/R1FB8IQPT6HFIS,True,"[{""name"":""Color"",""detail"":""Honeycomb""}]",6
B00GK3QTCE,B0F3PXCKT3,https://www.amazon.com/dp/B0F3PXCKT3,5.0,The Beeeest🐝,Superb product and great for wrapping bread!,20251019,,https://www.amazon.com/gp/customer-reviews/R3FZZMT85CURTL,True,"[{""name"":""Color"",""detail"":""Bees & Bears""}]",0
B00GK3QTCE,B00GK3QTCE,https://www.amazon.com/dp/B00GK3QTCE,5.0,Endless uses.,Keep food fresh!,20251017,freshness_or_drying,https://www.amazon.com/gp/customer-reviews/RW3W4S99MPTQ5,True,"[{""name"":""Color"",""detail"":""Honeycomb""}]",0
B00GK3QTCE,B0F3Q2X5RD,https://www.amazon.com/dp/B0F3Q2X5RD,5.0,Great Quality and Easy to use,"Bought these after watching a video on baking sour dough bread.  The person was right, these are great quality wraps.  Easy to use and re-use.",20251016,,https://www.amazon.com/gp/customer-reviews/RLSYOHLLL3LWO,True,"[{""name"":""Color"",""detail"":""Botanical""}]",0
B00GK3QTCE,B00GK3QTCE,https://www.amazon.com/dp/B00GK3QTCE,5.0,Keeps your homemade bread fresher longer!,"I bout the single, large wrap and it holds my big loafs of homemade sourdough bread perfectly!It keeps much longer than using a lined linen bag or a plastic bread bag. I highly recommend this to keep your bread fresh for a week or more!",20250928,freshness_or_drying; size_fit,https://www.amazon.com/gp/customer-reviews/R69XPP9L8V4TP,True,"[{""name"":""Color"",""detail"":""Honeycomb""}]",0
B00GK3QTCE,B0FK16H33Y,https://www.amazon.com/dp/B0FK16H33Y,5.0,Beeswax bread wrapper,Amazing product,20250927,,https://www.amazon.com/gp/customer-reviews/R2V4AWMPA90WJC,True,[],0
B00GK3QTCE,B0FK16H33Y,https://www.amazon.com/dp/B0FK16H33Y,5.0,This XL one perfectly sized,Perfect size for a Boule or loaf bread.,20250925,size_fit,https://www.amazon.com/gp/customer-reviews/RGM01YMGGFQ6I,True,[],0
B00GK3QTCE,B0F3PXCKT3,https://www.amazon.com/dp/B0F3PXCKT3,5.0,LOVE this!!,Love this wrap! Keeps things fresh and love that it‘s reusable.,20250923,freshness_or_drying,https://www.amazon.com/gp/customer-reviews/R1Y7FTLY08GYLS,True,"[{""name"":""Color"",""detail"":""Bees & Bears""}]",0
B00GK3QTCE,B0FK16H33Y,https://www.amazon.com/dp/B0FK16H33Y,5.0,Sticky n Sweet,This is a great wrap. It holds so firm and keeps in moisture. Highly recommend for wrapping up fresh bread.,20250922,freshness_or_drying; moisture_or_mold,https://www.amazon.com/gp/customer-reviews/RFQNVWKPPEQPP,True,[],0
B00GK3QTCE,B00GK3QTCE,https://www.amazon.com/dp/B00GK3QTCE,5.0,Love this product,Great product,20250920,,https://www.amazon.com/gp/customer-reviews/R8TD3Z1PIMWN3,True,"[{""name"":""Color"",""detail"":""Honeycomb""}]",0
B00GK3QTCE,B0F3PXCKT3,https://www.amazon.com/dp/B0F3PXCKT3,5.0,Great Product,Great product,20250920,,https://www.amazon.com/gp/customer-reviews/R1IS9JG03DWHNS,True,"[{""name"":""Color"",""detail"":""Bees & Bears""}]",0
B00GK3QTCE,B0FK16H33Y,https://www.amazon.com/dp/B0FK16H33Y,5.0,Works well for a regular oblong or round loaf of sourdough.,"I have used these products off and on for a few years, and the bread wraps didn‘t disappoint. (Hint: wrap bread upside down so the flaps are tucked under the bread.)",20250918,,https://www.amazon.com/gp/customer-reviews/RUXT10YVF6ZMP,True,[],0
B00GK3QTCE,B0FK16H33Y,https://www.amazon.com/dp/B0FK16H33Y,5.0,Best planet-saving item in my kitchen,"I LOVE not having to use plastic to wrap my homemade bread in! This wrap works like a charm to keep the bread fresh, and plus, it’s cute. I’ll need to get more of these over time.",20250917,freshness_or_drying,https://www.amazon.com/gp/customer-reviews/R1E9NM2R7T4KI9,True,[],0
B00GK3QTCE,B0FK16H33Y,https://www.amazon.com/dp/B0FK16H33Y,5.0,"Eco friendly, reusable.",This size beeswax paper is the perfect size for wrapping my sourdough bread in. It can be rinsed off to use multiple times. Love how it sticks to its self for tight sealing.,20250917,smell_or_wax; size_fit,https://www.amazon.com/gp/customer-reviews/RY7JKI7EB138P,True,[],0
B00GK3QTCE,B00GK3QTCE,https://www.amazon.com/dp/B00GK3QTCE,5.0,Fresh,Keeps bread fresh and soft,20250915,freshness_or_drying,https://www.amazon.com/gp/customer-reviews/RXICSP37TSZGT,True,"[{""name"":""Color"",""detail"":""Honeycomb""}]",0
B00GK3QTCE,B08JG18M9Y,https://www.amazon.com/dp/B08JG18M9Y,5.0,Beeswax is good  and long fresh,Best wrap and stay long fresh,20250915,freshness_or_drying,https://www.amazon.com/gp/customer-reviews/R1PD0TIU4VUJK9,True,"[{""name"":""Color"",""detail"":""Vegan Meadow Magic""}]",0
B00GK3QTCE,B0F3QFGWMM,https://www.amazon.com/dp/B0F3QFGWMM,5.0,Cute design quality product,Strong and cute design,20250915,,https://www.amazon.com/gp/customer-reviews/R3AU0GGNGQHBWT,True,"[{""name"":""Color"",""detail"":""Ocean""}]",0
B00GK3QTCE,B08JG18M9Y,https://www.amazon.com/dp/B08JG18M9Y,5.0,Bee‘s Wrap Beeswax Wraps for Food is the Bee‘s Knees!,"Works as advertised. I am a super-sniffer and super-taster. The smell is mild and hasn‘t affected the flavor of my bread. My homemade bread has been sliced and wrapped without drying out or becoming moldy for several days longer than normal. Additionally, it‘s just cute and makes me smile every time I see it. I recommend and will buying more!",20250914,freshness_or_drying; moisture_or_mold; smell_or_wax,https://www.amazon.com/gp/customer-reviews/R3BX60HAV2J13G,True,"[{""name"":""Color"",""detail"":""Vegan Meadow Magic""}]",0
B00GK3QTCE,B00GK3QTCE,https://www.amazon.com/dp/B00GK3QTCE,5.0,Works as advertised,Keeps the bread fresh,20250913,freshness_or_drying,https://www.amazon.com/gp/customer-reviews/R8VQZ4XU4EVLF,True,"[{""name"":""Color"",""detail"":""Honeycomb""}]",0
B00GK3QTCE,B0FK16H33Y,https://www.amazon.com/dp/B0FK16H33Y,5.0,Durable but very pliable,Love this concept which is I believe just an old one resurrected - it wraps so easily and really keeps the air out - easy to use and easy to clean - definitely worth buying!,20250913,cleaning,https://www.amazon.com/gp/customer-reviews/R1217O823FNBRU,True,[],0
B00GK3QTCE,B0F3QFGWMM,https://www.amazon.com/dp/B0F3QFGWMM,5.0,Great product to reduce plastic waste and is reusable.,"I love these bees wax papers for all kinds of items. Bread, cheese, I even cover my bowls in the fridge with it. I reuse them for years. I think this might be my third set in about 12 years. So they last.",20250909,smell_or_wax; value_or_quantity,https://www.amazon.com/gp/customer-reviews/R3TAS56XPV4HCH,True,"[{""name"":""Color"",""detail"":""Ocean""}]",0
B00GK3QTCE,B00GK3QTCE,https://www.amazon.com/dp/B00GK3QTCE,5.0,Usefull!,I like itKeris bread fresh,20250906,freshness_or_drying,https://www.amazon.com/gp/customer-reviews/RQZVTWAWKTDPH,True,"[{""name"":""Color"",""detail"":""Honeycomb""}]",0
B00GK3QTCE,B00GK3QTCE,https://www.amazon.com/dp/B00GK3QTCE,1.0,Not worth it as a sourdough enthusiast,I was super hopeful this was going to be a better alternative to the plastic bread bags I was using. Unfortunately it was not. It’s not too hard to work with to get my loaf wrapped up but after 2 days my loaf was already showing signs of not getting a full seal. I had kept one loaf in the plastic and one in the wax wrap. I don’t love the idea of using plastic but it was superior for keeping my loaf fresher longer.,20250906,freshness_or_drying; smell_or_wax; size_fit,https://www.amazon.com/gp/customer-reviews/R28WEHY8TRTQFI,True,"[{""name"":""Color"",""detail"":""Honeycomb""}]",0
B00GK3QTCE,B08JG18M9Y,https://www.amazon.com/dp/B08JG18M9Y,5.0,Perfect for homemade bread storage,"This is perfect for keeping my homemade bread fresh for up to 3 days.  I wish I had tried this sooner.  It‘s so easy to use, to rinse, and to fold and store.  My sourdough loaves are staying fresh longer.  After using this I immediately came back and ordered more.",20250905,freshness_or_drying; size_fit,https://www.amazon.com/gp/customer-reviews/RKCZ2HVIYH7AY,True,"[{""name"":""Color"",""detail"":""Vegan Meadow Magic""}]",0
B00GK3QTCE,B00GK3QTCE,https://www.amazon.com/dp/B00GK3QTCE,5.0,Highly recommend,Great for bread and romaine lettuce. Sticks well. Easy to clean. Better for the environment. No more plastic bags.,20250821,cleaning,https://www.amazon.com/gp/customer-reviews/RFKWIFB7OCNOJ,True,"[{""name"":""Color"",""detail"":""Honeycomb""}]",0
B00GK3QTCE,B00GK3QTCE,https://www.amazon.com/dp/B00GK3QTCE,5.0,Good for the Environment.,Love these beeswax wraps. They do their job while helping to save the environment.,20250815,smell_or_wax,https://www.amazon.com/gp/customer-reviews/R13MWG1VL5FEU1,True,"[{""name"":""Color"",""detail"":""Honeycomb""}]",0
B00GK3QTCE,B00GK3QTCE,https://www.amazon.com/dp/B00GK3QTCE,5.0,Storage wrap,Works well for storing fresh sourdough loaves.,20250814,freshness_or_drying; size_fit,https://www.amazon.com/gp/customer-reviews/R8X1CWWIUHE0J,True,"[{""name"":""Color"",""detail"":""Honeycomb""}]",0
B00GK3QTCE,B00GK3QTCE,https://www.amazon.com/dp/B00GK3QTCE,4.0,Works well,"Works well, needs bigger pieces.",20250813,,https://www.amazon.com/gp/customer-reviews/R377ZIK1OLH6I2,True,"[{""name"":""Color"",""detail"":""Honeycomb""}]",0
B00GK3QTCE,B00GK3QTCE,https://www.amazon.com/dp/B00GK3QTCE,5.0,Beeswax large enough for bread loaves,Keeps baguettes and other breads fresh for days. Also great to cover the bowl while homemade breads are rising.,20250812,freshness_or_drying; size_fit,https://www.amazon.com/gp/customer-reviews/R1NHTBZSJ5N2BJ,True,"[{""name"":""Color"",""detail"":""Honeycomb""}]",0
B00GK3QTCE,B08JG18M9Y,https://www.amazon.com/dp/B08JG18M9Y,2.0,not what I expected,"I had high hopes that this would be my answer to wrapping my homemade bread in.  Unfortunately, it didn‘t work.  It dried out my bread.  The ends also did not stick and kept coming apart.  I also I feel the price point is very high.  It was returned.",20250810,freshness_or_drying; value_or_quantity,https://www.amazon.com/gp/customer-reviews/R104TD411AZN5K,True,"[{""name"":""Color"",""detail"":""Vegan Meadow Magic""}]",0
B00GK3QTCE,B08JG18M9Y,https://www.amazon.com/dp/B08JG18M9Y,5.0,Fantastic product,These are fantastic.  They hold their shape and keep my bread from drying out. Wish I knew about these years ago.,20250810,freshness_or_drying,https://www.amazon.com/gp/customer-reviews/RXHJE1H2H1MTC,True,"[{""name"":""Color"",""detail"":""Vegan Meadow Magic""}]",0
B00GK3QTCE,B0CV64B1V2,https://www.amazon.com/dp/B0CV64B1V2,5.0,Best beeswax warp - Made in USA!,Best beeswax wrap I‘ve bought so far.  Heavy and really big enough for a big loaf of sourdough bread. Love that it‘s made in the USA.,20250809,smell_or_wax; size_fit,https://www.amazon.com/gp/customer-reviews/R1OHR0TBTYWR31,True,"[{""name"":""Color"",""detail"":""Great Outdoors""}]",0
B00GK3QTCE,B08JG18M9Y,https://www.amazon.com/dp/B08JG18M9Y,5.0,Great Wrap,This wrap works wonders,20250808,,https://www.amazon.com/gp/customer-reviews/R2U8H4VJPCPSNF,True,"[{""name"":""Color"",""detail"":""Vegan Meadow Magic""}]",0
B00GK3QTCE,B00GK3QTCE,https://www.amazon.com/dp/B00GK3QTCE,5.0,Great for keeping home baked bread.,"This a great for fresh bread. I like to bake and usually make 1-2 loaves each weekend. For whatever reason the bread stays fresh longer without mold. Using plastic bags meant moldy bread by Wed/Thurs. Using this wrap I’ve had loaves last >1 week. Also, easy to clean with a sponge, soap, and water.",20250804,freshness_or_drying; moisture_or_mold; cleaning,https://www.amazon.com/gp/customer-reviews/R1VTMKO3QP005T,True,[],0
B00GK3QTCE,B0F3PXCKT3,https://www.amazon.com/dp/B0F3PXCKT3,5.0,Great for keeping home baked bread.,"This a great for fresh bread. I like to bake and usually make 1-2 loaves each weekend. For whatever reason the bread stays fresh longer without mold. Using plastic bags meant moldy bread by Wed/Thurs. Using this wrap I’ve had loaves last >1 week. Also, easy to clean with a sponge, soap, and water.",20250804,freshness_or_drying; moisture_or_mold; cleaning,https://www.amazon.com/gp/customer-reviews/R1VTMKO3QP005T,True,[],0
B00GK3QTCE,B00GK3QTCE,https://www.amazon.com/dp/B00GK3QTCE,5.0,Love this!,Love this! Reusable. Molds to whatever your covering. I used it for my homemade bread and I’ve also used it on fruit. I have since bought 2 more!,20250724,moisture_or_mold,https://www.amazon.com/gp/customer-reviews/R1ZT1O4H9XPM4A,True,"[{""name"":""Color"",""detail"":""Honeycomb""}]",0
B00GK3QTCE,B08JG18M9Y,https://www.amazon.com/dp/B08JG18M9Y,5.0,Worth buying,"If you have any type of food, that you want to keep air out of, these are great to have!!  I wrap my sourdough bread in them and keeps it fresh until I use it!",20250724,freshness_or_drying; size_fit,https://www.amazon.com/gp/customer-reviews/R3M94SLNF0S1HZ,True,"[{""name"":""Color"",""detail"":""Vegan Meadow Magic""}]",0
B00GK3QTCE,B0F15XG2VC,https://www.amazon.com/dp/B0F15XG2VC,4.0,Wax flakes off!,I like these wraps for keeping food but the wax flakes off after only a few uses. I wrote to the company and they told me it‘s because I have heated them in some way. I have not. I wash them in cold water and it still flakes off. It even gets wax all over the bowl I‘m washing them in with cold water. Then I have to scrub the wax off the bowl.,20250724,smell_or_wax; cleaning,https://www.amazon.com/gp/customer-reviews/R2QMAEWYX2M3GR,True,"[{""name"":""Color"",""detail"":""Mushroom Magic""}]",0
B00GK3QTCE,B00GK3QTCE,https://www.amazon.com/dp/B00GK3QTCE,5.0,It works,Keeps bread fresh,20250721,freshness_or_drying,https://www.amazon.com/gp/customer-reviews/RP909R8BV5A5O,True,"[{""name"":""Color"",""detail"":""Honeycomb""}]",0
B00GK3QTCE,B00GK3QTCE,https://www.amazon.com/dp/B00GK3QTCE,5.0,Quality product,Quality product,20250721,,https://www.amazon.com/gp/customer-reviews/R3DEC2I6NL5VB0,True,"[{""name"":""Color"",""detail"":""Honeycomb""}]",0
B00GK3QTCE,B00GK3QTCE,https://www.amazon.com/dp/B00GK3QTCE,1.0,Missy,Do not like  Is not up to my expectations,20250721,,https://www.amazon.com/gp/customer-reviews/R2E0YSDEHODX2Z,True,"[{""name"":""Color"",""detail"":""Honeycomb""}]",0
B00GK3QTCE,B08JG18M9Y,https://www.amazon.com/dp/B08JG18M9Y,3.0,Don’t like it,"Did not really like it it has a very strong odor, it makes my bread taste like bees wax.  Not my favorite thing.",20250721,smell_or_wax,https://www.amazon.com/gp/customer-reviews/R1E8SBUUF9FEHH,True,"[{""name"":""Color"",""detail"":""Vegan Meadow Magic""}]",1
B00GK3QTCE,B00GK3QTCE,https://www.amazon.com/dp/B00GK3QTCE,5.0,Works great,Works great for keeping sourdough loaves (whole or cut up) fresh for several days!,20250720,freshness_or_drying; size_fit,https://www.amazon.com/gp/customer-reviews/R3T3MFWMKCI4MF,False,"[{""name"":""Color"",""detail"":""Honeycomb""}]",0
B00GK3QTCE,B08JG18M9Y,https://www.amazon.com/dp/B08JG18M9Y,5.0,Love them!! No more plastic wrap,My absolute favorite bees wax wraps. Use it on all my bread to keep it fresh. Even bought smaller ones for sandwiches. So easy to reuse! Just rinse with cold water and let dry. Won’t use plastic wrap ever again!,20250716,freshness_or_drying; smell_or_wax; size_fit,https://www.amazon.com/gp/customer-reviews/R3PP1STXFWV8KZ,True,"[{""name"":""Color"",""detail"":""Vegan Meadow Magic""}]",0
B00GK3QTCE,B08JG18M9Y,https://www.amazon.com/dp/B08JG18M9Y,5.0,Great natural product,Keeps baked breads fresh longer.,20250715,freshness_or_drying,https://www.amazon.com/gp/customer-reviews/R1MFSZWH1CW05L,True,"[{""name"":""Color"",""detail"":""Vegan Meadow Magic""}]",0
B00GK3QTCE,B08JG18M9Y,https://www.amazon.com/dp/B08JG18M9Y,5.0,keeps my bread fresh!,i use this for sourdough bread that i bake every week. it’s the perfect size for my bread (as round as a dutch oven). easy to clean with water. very durable and i have been using for several months now. it keeps my bread fresh and is easy to seal with the beeswax!,20250715,freshness_or_drying; smell_or_wax; cleaning; size_fit; durability,https://www.amazon.com/gp/customer-reviews/R1MUXK5BO7VQ0E,True,"[{""name"":""Color"",""detail"":""Vegan Meadow Magic""}]",0
B00GK3QTCE,B08JG18M9Y,https://www.amazon.com/dp/B08JG18M9Y,5.0,Beeswax wrap!,I use this all the time! Great for blocks of cheese!,20250714,,https://www.amazon.com/gp/customer-reviews/R1O4DOQZDVWPL4,True,"[{""name"":""Color"",""detail"":""Vegan Meadow Magic""}]",0
B00GK3QTCE,B0F3PXCKT3,https://www.amazon.com/dp/B0F3PXCKT3,5.0,Keeps food fresh and they are reusable.,"These wraps are amazing for lots of food.  We use for our homemade sourdough bread.  We love them, also a great gift to give.",20250714,size_fit,https://www.amazon.com/gp/customer-reviews/R3JFVEAK1NANL,True,"[{""name"":""Color"",""detail"":""Bees & Bears""}]",0
B00GK3QTCE,B00GK3QTCE,https://www.amazon.com/dp/B00GK3QTCE,5.0,"Wonderful, American made beeswax wrap","We absolutely love the beeswax wrap. It works wonderfully, keeping our homemade bread fresh. It wraps snugly around our bread, regardless of how much is left (rarely a full loaf, gotta get the crusty end while it’s warm so the butter gets melted, lol). The wrap smells delicious also (just like honey, whoda thunk it, lol) what a pleasant, unexpected surprise!! We’re so excited to have found this effective alternative to plastic. It’s easy to clean and reusable which makes the price affordable. We are so happy that it’s made in America, added bonus 👍.Only wish it came in the bread bag style. Oh well, we’ll keep using this brand until we find something as good.  So far no luck, we’ve been sending everything else back.",20250713,freshness_or_drying; smell_or_wax; cleaning; size_fit; value_or_quantity,https://www.amazon.com/gp/customer-reviews/R2FUGCOXBVWN8Q,True,"[{""name"":""Color"",""detail"":""Honeycomb""}]",0
B00GK3QTCE,B08JG18M9Y,https://www.amazon.com/dp/B08JG18M9Y,5.0,Protect and preserve the natural way,I make sourdough bread almost daily and the beeswax wrappers are the only material I use . These are fabulous and long lasting . Take good care of them and they will protect your baked goods well. I gently wash in warm warm and air dry . Easy care . Highly recommend !,20250710,freshness_or_drying; smell_or_wax; cleaning; size_fit,https://www.amazon.com/gp/customer-reviews/R1G56TSTVR7IGP,True,"[{""name"":""Color"",""detail"":""Vegan Meadow Magic""}]",0
B00GK3QTCE,B0CV64B1V2,https://www.amazon.com/dp/B0CV64B1V2,5.0,Great for fresh bread!,This is a Great way to store bread. I saw it on a YouTube channel and purchased it and have used it often. Got one for my daughter-in-law too!,20250710,,https://www.amazon.com/gp/customer-reviews/R2BW7CKVBITH1W,True,"[{""name"":""Color"",""detail"":""Great Outdoors""}]",0
B00GK3QTCE,B08JG18M9Y,https://www.amazon.com/dp/B08JG18M9Y,5.0,Great for keeping bread fresh,"I wasn‘t sure that I would like it or that it would work. It works great! Keeps bread fresh, it wraps nicely and holds a seal, and is very good quality.",20250709,freshness_or_drying,https://www.amazon.com/gp/customer-reviews/RWDJUT2VBFNQR,True,"[{""name"":""Color"",""detail"":""Vegan Meadow Magic""}]",0
B00GK3QTCE,B00GK3QTCE,https://www.amazon.com/dp/B00GK3QTCE,5.0,works like a champ!,"It works very well , forming around the bread, etc. from the heat of your hands. I need to buy a second one!",20250706,,https://www.amazon.com/gp/customer-reviews/R1LM5W6E25W40E,True,"[{""name"":""Color"",""detail"":""Honeycomb""}]",0
B00GK3QTCE,B00GK3QTCE,https://www.amazon.com/dp/B00GK3QTCE,5.0,Opinion,Great!,20250706,,https://www.amazon.com/gp/customer-reviews/RC76T1UTH14YU,True,"[{""name"":""Color"",""detail"":""Honeycomb""}]",0
B00GK3QTCE,B08JG18M9Y,https://www.amazon.com/dp/B08JG18M9Y,5.0,Great for cheese!,I buy a lot of block cheese. These wraps work perfectly to keep cheese fresh for weeks if needed.,20250704,freshness_or_drying,https://www.amazon.com/gp/customer-reviews/R1VEQPQV3SYRRA,True,"[{""name"":""Color"",""detail"":""Vegan Meadow Magic""}]",0
B00GK3QTCE,B00GK3QTCE,https://www.amazon.com/dp/B00GK3QTCE,5.0,Great Product,"Beeswax wraps are a great sustainable alternative to plastic wrap. They’re reusable, mold to food and containers easily, and keep food fresh without chemicals. I love how versatile and durable they are—perfect for sandwiches, cheese, fruits, and leftovers. A fantastic choice for anyone looking to reduce plastic waste in the kitchen!",20250630,freshness_or_drying; moisture_or_mold; smell_or_wax; cleaning; durability,https://www.amazon.com/gp/customer-reviews/RPGR7J75HM9UL,True,"[{""name"":""Color"",""detail"":""Honeycomb""}]",1
B00GK3QTCE,B08JG18M9Y,https://www.amazon.com/dp/B08JG18M9Y,5.0,Can‘t say enough great things!,Love this wrap!! Actually loved it so much I purchased another one. Keeps my sourdough much fresher without mold for more than a week!! Easy to clean.,20250630,freshness_or_drying; moisture_or_mold; cleaning; size_fit,https://www.amazon.com/gp/customer-reviews/RBC94BH245VGH,True,"[{""name"":""Color"",""detail"":""Vegan Meadow Magic""}]",0
B00GK3QTCE,B00GK3QTCE,https://www.amazon.com/dp/B00GK3QTCE,5.0,Eco friendly,love this product. Earth friendly. Good value for the money. Sticks well when wrapped around the bread. No plastic-YAH!,20250629,value_or_quantity,https://www.amazon.com/gp/customer-reviews/R1TI5Y8OQSXETJ,True,"[{""name"":""Color"",""detail"":""Honeycomb""}]",1
B00GK3QTCE,B0F3Q572JP,https://www.amazon.com/dp/B0F3Q572JP,5.0,Pleasantly surprised,They seal very well. Love the plastic alternative. I need to buy a couple more.,20250628,,https://www.amazon.com/gp/customer-reviews/R3MOS5ND11YQDE,True,"[{""name"":""Color"",""detail"":""Garden Party""}]",0
B00GK3QTCE,B00GK3QTCE,https://www.amazon.com/dp/B00GK3QTCE,5.0,Keeps bread fresh!,"Thought I‘d try this out for storing homemade bread, it‘s a nice alternative to plastic wrap, especially when you can wash and reuse it. Just be sure to use cool water when cleaning it. When not in use I just fold it up and keep it stored in a drawer.",20250624,cleaning,https://www.amazon.com/gp/customer-reviews/R1M3XU70PR0LHA,True,"[{""name"":""Color"",""detail"":""Honeycomb""}]",1
B00GK3QTCE,B08JG18M9Y,https://www.amazon.com/dp/B08JG18M9Y,2.0,Wasteful wrap,Liked the concept… first use left chunks of wax on my bread. Wiped the wrap with a damp towel and dried before next use. Was going ok until my fresh loaf of sour dough molded over. Threw the wrap away with my bread.Note also the price is for 1 wrap. Was a waste of money for me.,20250624,freshness_or_drying; moisture_or_mold; smell_or_wax; size_fit; value_or_quantity,https://www.amazon.com/gp/customer-reviews/R3SUY7BV4CN4VR,True,"[{""name"":""Color"",""detail"":""Vegan Meadow Magic""}]",0
B00GK3QTCE,B08JG18M9Y,https://www.amazon.com/dp/B08JG18M9Y,5.0,Great for sourdough bread,Easy to use and clean.  Fun design. I used mine for my sour dough bread.,20250623,cleaning,https://www.amazon.com/gp/customer-reviews/R3NBRB5UQ3IPMM,True,"[{""name"":""Color"",""detail"":""Vegan Meadow Magic""}]",0
B00GK3QTCE,B0F3QFGWMM,https://www.amazon.com/dp/B0F3QFGWMM,5.0,The perfect wrap,This is my preferred way to store sourdough. It keeps it fresher for longer as long as it is wrapped correctly. I also prefer this brand over others that I have tried. I found it last around 8 months if used all the time.,20250622,freshness_or_drying; size_fit,https://www.amazon.com/gp/customer-reviews/R1PSIE6VBQIEI2,True,"[{""name"":""Color"",""detail"":""Ocean""}]",0
B00GK3QTCE,B00GK3QTCE,https://www.amazon.com/dp/B00GK3QTCE,5.0,Keep our sourdough bread perfectly,"Why did you pick this product vs others?:Recommended by Ben Starr, sourdough extraordinaire and ultimate food geek",20250621,size_fit,https://www.amazon.com/gp/customer-reviews/R3K7CPATYV3D97,True,"[{""name"":""Color"",""detail"":""Honeycomb""}]",1
B00GK3QTCE,B00GK3QTCE,https://www.amazon.com/dp/B00GK3QTCE,5.0,Great wrap,I love this bees wax wrap.  It clings tightly to itself and keeps my sourdough bread pretty fresh for several days.,20250621,freshness_or_drying; smell_or_wax; size_fit,https://www.amazon.com/gp/customer-reviews/R1EIP52H101HUD,True,"[{""name"":""Color"",""detail"":""Honeycomb""}]",1
B00GK3QTCE,B00GK3QTCE,https://www.amazon.com/dp/B00GK3QTCE,4.0,Eco friendly,"This eco-friendly plastic wrap replacement is a must. I was getting tired of all of the saran wrap that I was using for my bread. My one issue that I have with it is that you kinda get a little aftertaste of the beeswax on the bread, but after a few good washes that has gone away",20250619,smell_or_wax; cleaning,https://www.amazon.com/gp/customer-reviews/RGRW108K1Z756,True,"[{""name"":""Color"",""detail"":""Honeycomb""}]",1
B00GK3QTCE,B0CV64B1V2,https://www.amazon.com/dp/B0CV64B1V2,5.0,Great “natural“ choice over using plastic,"Nice large size, easy to use, molds around food easily. Easy to wipe clean. Seems to be holding up well so far. Good option to have something besides “plastic“ wrap/bag/container to use at times.",20250618,moisture_or_mold; cleaning; size_fit,https://www.amazon.com/gp/customer-reviews/R33282782QWMOR,True,"[{""name"":""Color"",""detail"":""Great Outdoors""}]",0
B00GK3QTCE,B00GK3QTCE,https://www.amazon.com/dp/B00GK3QTCE,3.0,Small size not large enough for a full loaf,"Disappointed, doesn’t cover all the loaf",20250616,size_fit,https://www.amazon.com/gp/customer-reviews/R1LLKD4OLKJHU4,True,"[{""name"":""Color"",""detail"":""Honeycomb""}]",0
B00GK3QTCE,B08JG18M9Y,https://www.amazon.com/dp/B08JG18M9Y,5.0,Fresh bread,Great product. Large enough to cover my big loaf of sourdough. Definitely keeps the bread fresher longer than plastic wrap,20250613,freshness_or_drying; size_fit,https://www.amazon.com/gp/customer-reviews/R3054K1ZV749E7,True,"[{""name"":""Color"",""detail"":""Vegan Meadow Magic""}]",0
B00GK3QTCE,B00GK3QTCE,https://www.amazon.com/dp/B00GK3QTCE,3.0,Do not consider this a good buy.,"Not good for large loaves of bread. The article seems to be well made however for something as small as a 1.5 pound loaf of bread the extra large sheet that I bought will not wrap around fold over and cover it. I‘m sure for small round loaves of sourdough or whatever bread, it might work but, I couldn‘t guarantee it therefore, wouldn‘t recommend it.  And for the price I think there must be something better out there, I only got one sheet in that package.  I don‘t tend to make small loaves of bread, I make sandwich size loaves of bread.",20250612,size_fit; value_or_quantity,https://www.amazon.com/gp/customer-reviews/R9CB5O7DF4U9Y,True,"[{""name"":""Color"",""detail"":""Honeycomb""}]",3
B00GK3QTCE,B08JG18M9Y,https://www.amazon.com/dp/B08JG18M9Y,5.0,Perfect size for a loaf of sourdough!,It‘s the perfect size for a good size loaf of sourdough. I love it!,20250612,size_fit,https://www.amazon.com/gp/customer-reviews/R1CXAVZS32VZL9,True,"[{""name"":""Color"",""detail"":""Vegan Meadow Magic""}]",0
B00GK3QTCE,B00GK3QTCE,https://www.amazon.com/dp/B00GK3QTCE,5.0,Seals well.,The wrap seals well and keeps your bread fresh. This one is large enough for a whole loaf.,20250609,freshness_or_drying; size_fit,https://www.amazon.com/gp/customer-reviews/R2V0IQ89OWEII0,True,"[{""name"":""Color"",""detail"":""Honeycomb""}]",1
B00GK3QTCE,B00GK3QTCE,https://www.amazon.com/dp/B00GK3QTCE,5.0,Perfect for my use,Definitely recommend!!!!,20250606,,https://www.amazon.com/gp/customer-reviews/R22CMXAC2QRLYY,True,"[{""name"":""Color"",""detail"":""Honeycomb""}]",0
B00GK3QTCE,B00GK3QTCE,https://www.amazon.com/dp/B00GK3QTCE,5.0,Cling Wrap Be Gone!,Fabulous! These are so nice and easy to use! I love that I don‘t have to deal with cling wrap anymore!,20250603,,https://www.amazon.com/gp/customer-reviews/R2YDRVFFF6PHI2,True,"[{""name"":""Color"",""detail"":""Honeycomb""}]",0
B00GK3QTCE,B08JG18M9Y,https://www.amazon.com/dp/B08JG18M9Y,1.0,Leaves a bad taste in your mouth,"I like the regular beeswax wrap with the honeycomb pattern, but this “vegan“ version leaves a very distinct and unpleasant taste on my bread.  No sir, I don‘t like it.",20250603,smell_or_wax,https://www.amazon.com/gp/customer-reviews/R1W5KED3SFZUNJ,True,"[{""name"":""Color"",""detail"":""Vegan Meadow Magic""}]",0
B00GK3QTCE,B00GK3QTCE,https://www.amazon.com/dp/B00GK3QTCE,1.0,Don’t waste your money,"I purchased one of these for my sourdough bread. It will work for a couple of loaves and then you’ll have to buy another one. I tried everything that the instructions say to do, but didn’t help!!  I purchased a second one and it did the same thing…  waste of time and money!",20250602,size_fit,https://www.amazon.com/gp/customer-reviews/R1H4HXCU0QKEVO,True,"[{""name"":""Color"",""detail"":""Honeycomb""}]",0
B00GK3QTCE,B00GK3QTCE,https://www.amazon.com/dp/B00GK3QTCE,5.0,Smells like honey!,We wrap our fresh loaf in this every week and its completely removed plastic from that portion of our meal prep.  Bonus feature: the beeswax smells slightly sweet like honey.,20250601,freshness_or_drying; smell_or_wax; size_fit,https://www.amazon.com/gp/customer-reviews/R1VK0FTBFDFZP0,True,"[{""name"":""Color"",""detail"":""Honeycomb""}]",0
B00GK3QTCE,B00GK3QTCE,https://www.amazon.com/dp/B00GK3QTCE,5.0,Highly recommended,Fits the bread wonderfully and a way better quality than the last kind of beeswax paper I bought from a different seller.,20250531,smell_or_wax; size_fit,https://www.amazon.com/gp/customer-reviews/R9T715WEBCVXS,True,"[{""name"":""Color"",""detail"":""Honeycomb""}]",0
B00GK3QTCE,B00GK3QTCE,https://www.amazon.com/dp/B00GK3QTCE,5.0,The bees knees,I was so surprised how well this worked for my bread. I started going down the sourdough baking journey two months ago. For the last month these bees wax wraps have reduced the parchment paper use and kept my breads fresh for about a week to wee and half.,20250530,freshness_or_drying; smell_or_wax; size_fit,https://www.amazon.com/gp/customer-reviews/RMOX98JFCM6W3,True,"[{""name"":""Color"",""detail"":""Honeycomb""}]",0
B0GDFK7NQT,B0GDFK7NQT,https://www.amazon.com/dp/B0GDFK7NQT,5.0,Good product,Efficient,20260427,,https://www.amazon.com/gp/customer-reviews/R1ZMKGZCPP9ESC,False,"[{""name"":""Color"",""detail"":""2 PCS""}]",0
B0GDFK7NQT,B0GDFFBBGD,https://www.amazon.com/dp/B0GDFFBBGD,5.0,Always fresh bread,"Its handmade and elegant design, with bakery illustrations, makes it attractive and functional.",20260423,,https://www.amazon.com/gp/customer-reviews/R24JIRGQKIRCTI,False,"[{""name"":""Color"",""detail"":""1 PC""}]",20
B0GDFK7NQT,B0GDFFBBGD,https://www.amazon.com/dp/B0GDFFBBGD,5.0,Bread bag,"Ideal for storing bread; I found them quite practical. The material feels somewhat like fabric, but with a fluid-resistant lining on the inside—it has a different feel than standard bags. They perform their function well: the bread stays fresh for longer, and they prevent flies or other insects from getting inside. They are also easy to clean.",20260423,freshness_or_drying; cleaning,https://www.amazon.com/gp/customer-reviews/RA7Y9I14GOIAA,False,"[{""name"":""Color"",""detail"":""1 PC""}]",0
B0GDFK7NQT,B0GDFFBBGD,https://www.amazon.com/dp/B0GDFFBBGD,5.0,Nice way to keep the bread fresh,This bread bad is so good. It is big enough to storage more bread that I’d though of and it comes with the beeswax lining that makes the bread keep fresh for more and more days. I love it!,20260418,freshness_or_drying; smell_or_wax,https://www.amazon.com/gp/customer-reviews/R3Q29KEFS23LD9,False,"[{""name"":""Color"",""detail"":""1 PC""}]",0
B0GDFK7NQT,B0GDFFBBGD,https://www.amazon.com/dp/B0GDFFBBGD,5.0,Bread bag,Bread bag is great quality. Great quality for price. Bread lasts longer. Zipper is easy is use.,20260415,durability; value_or_quantity,https://www.amazon.com/gp/customer-reviews/R2SNQAEKI3G21,False,"[{""name"":""Color"",""detail"":""1 PC""}]",0
B0GDFK7NQT,B0GDFK7NQT,https://www.amazon.com/dp/B0GDFK7NQT,5.0,Works,Works well for all types of bread,20260414,,https://www.amazon.com/gp/customer-reviews/RM46ZO5OKE0UH,False,"[{""name"":""Color"",""detail"":""2 PCS""}]",0
B0GDFK7NQT,B0GDFK7NQT,https://www.amazon.com/dp/B0GDFK7NQT,1.0,Freshness first try has failed,"Big bags .First day put my fresh buns (took out of bag) and immediately put them in this bag yesterday.
2nd day harder and discoloring on the open bun.",20260408,freshness_or_drying,https://www.amazon.com/gp/customer-reviews/R4GY8HU95YNYI,False,"[{""name"":""Color"",""detail"":""2 PCS""}]",0
B0GDFK7NQT,B0GDFK7NQT,https://www.amazon.com/dp/B0GDFK7NQT,5.0,Long lasting,Seem to be durable.,20260330,durability,https://www.amazon.com/gp/customer-reviews/RMXU3LM6FTRB6,False,"[{""name"":""Color"",""detail"":""2 PCS""}]",0
B0GDFK7NQT,B0GDFK7NQT,https://www.amazon.com/dp/B0GDFK7NQT,4.0,Works,"Work well, cleans easy, seems built well",20260308,cleaning,https://www.amazon.com/gp/customer-reviews/R3ARSCGL7FPVD1,False,"[{""name"":""Color"",""detail"":""2 PCS""}]",0
B0GDFK7NQT,B0GDFK7NQT,https://www.amazon.com/dp/B0GDFK7NQT,4.0,Beeswax lined bags keep sourdough bread fresh!,"These bags seem to work to keep my sourdough bread fresh for a week, I just wish they came in smaller sizes!!",20260304,freshness_or_drying; size_fit,https://www.amazon.com/gp/customer-reviews/R3QPTF88IALNFQ,False,"[{""name"":""Color"",""detail"":""2 PCS""}]",0
B0GDFK7NQT,B0GDFK7NQT,https://www.amazon.com/dp/B0GDFK7NQT,5.0,Excellent product,"Excellent beeswax bags. I use to store my sourdough bread, also other baked goods, no need for plastic wrap. Stays fresh twice as long",20260303,freshness_or_drying; smell_or_wax; size_fit,https://www.amazon.com/gp/customer-reviews/REDEUFIHOYGS6,False,"[{""name"":""Color"",""detail"":""2 PCS""}]",0
B0GDFK7NQT,B0GDFK7NQT,https://www.amazon.com/dp/B0GDFK7NQT,5.0,Outstanding bread storage bags,These bags come two to a pack. I just began making bread at home and had been freezing half the loaf to keep it fresh. With these bags I can pre slice (or not) and leave the bread at room temperature for over a week. The loaves do not mold or dry out in the bag. The crust remains crispy enough and the bread soft. I love them.,20260301,freshness_or_drying; moisture_or_mold; size_fit; value_or_quantity,https://www.amazon.com/gp/customer-reviews/R2QNZIF05D8PM0,False,"[{""name"":""Color"",""detail"":""2 PCS""}]",0
B0GDFK7NQT,B0GDFFBBGD,https://www.amazon.com/dp/B0GDFFBBGD,5.0,Great Reusable Bread Bag,"I bake bread myself and it’s very important to store it properly. This bag is very convenient — the bread breathes, stays fresh, and I can wash the bag and use it again. It’s also great for travel: I can bake bread, pack it in the bag, and it stays fresh. Very practical and eco-friendly.",20260227,freshness_or_drying; cleaning; value_or_quantity,https://www.amazon.com/gp/customer-reviews/R3BFGC7PHI4P00,False,"[{""name"":""Color"",""detail"":""1 PC""}]",0
B0GDFK7NQT,B0GDFK7NQT,https://www.amazon.com/dp/B0GDFK7NQT,5.0,Great Storage for Bread,The Beeswax lined Bread Bags really work and wish I had purchased them earlier!The bag is easy to use and appreciate how fresh the bread stays.,20260227,freshness_or_drying; smell_or_wax,https://www.amazon.com/gp/customer-reviews/R237DYCYEXYU44,False,"[{""name"":""Color"",""detail"":""2 PCS""}]",0
B0GDFK7NQT,B0GDFK7NQT,https://www.amazon.com/dp/B0GDFK7NQT,1.0,Bag didn’t work,"Bakes a loaf of sour dough, placed in the bag once it cooled down, the next day, hard as a rock.",20260226,freshness_or_drying; size_fit,https://www.amazon.com/gp/customer-reviews/RFWUVUA01PCFM,False,"[{""name"":""Color"",""detail"":""2 PCS""}]",0
B0GDFK7NQT,B0GDFFBBGD,https://www.amazon.com/dp/B0GDFFBBGD,5.0,Great for Homemade Bread Storage,"Great for Homemade Bread Storage
I’ve been using these beeswax bread bags for my homemade sourdough, and I’m really happy with them. The material feels sturdy and well-made, and the zipper closes securely.

The inside beeswax lining helps keep the bread fresh longer without making it too dry or too moist. I like that they are reusable and an eco-friendly alternative to plastic bags. The size is perfect for standard loaves.

The price is reasonable for a 2-pack, and the quality matches the cost. So far, I’m very satisfied and would recommend them to anyone who bakes at home.",20260224,freshness_or_drying; moisture_or_mold; smell_or_wax; size_fit; durability; value_or_quantity,https://www.amazon.com/gp/customer-reviews/R2HNYP0BKZL5KY,False,"[{""name"":""Color"",""detail"":""1 PC""}]",0
B0GDFK7NQT,B0GDFK7NQT,https://www.amazon.com/dp/B0GDFK7NQT,5.0,Great for Homemade Bread Storage,"Great for Homemade Bread Storage
I’ve been using these beeswax bread bags for my homemade sourdough, and I’m really happy with them. The material feels sturdy and well-made, and the zipper closes securely.

The inside beeswax lining helps keep the bread fresh longer without making it too dry or too moist. I like that they are reusable and an eco-friendly alternative to plastic bags. The size is perfect for standard loaves.

The price is reasonable for a 2-pack, and the quality matches the cost. So far, I’m very satisfied and would recommend them to anyone who bakes at home.",20260224,freshness_or_drying; moisture_or_mold; smell_or_wax; size_fit; durability; value_or_quantity,https://www.amazon.com/gp/customer-reviews/R2HNYP0BKZL5KY,False,"[{""name"":""Color"",""detail"":""1 PC""}]",0
B0GDFK7NQT,B0GDFFBBGD,https://www.amazon.com/dp/B0GDFFBBGD,5.0,Bread bags,"Excellent quality, size, and texture. The bread lasts a long time and stays very fresh. It‘s easy to use and easy to clean. Its size is perfect.The zipper is of good quality.
I recommend it to anyone who bakes bread and cookies or buys bread and likes to keep it fresh.",20260223,freshness_or_drying; cleaning; size_fit; durability,https://www.amazon.com/gp/customer-reviews/R3E79EU88PREWT,False,"[{""name"":""Color"",""detail"":""1 PC""}]",0
B0GDFK7NQT,B0GDFFBBGD,https://www.amazon.com/dp/B0GDFFBBGD,5.0,Perfect for Keeping Homemade Bread Fresh!,"These Bread Bags have been amazing for my sourdough. My loaves stay soft inside and crusty outside for days, no more drying out like with regular bags. The zip seal is super easy, and the beeswax lining locks in just the right moisture. I’ve been using both bags daily, they wipe clean easily, and still look brand new. If you bake bread at home, these are totally worth it. I’m loving how much longer my loaves last!",20260223,freshness_or_drying; moisture_or_mold; smell_or_wax; cleaning; size_fit; durability,https://www.amazon.com/gp/customer-reviews/R31ACSK8TO6WGT,False,"[{""name"":""Color"",""detail"":""1 PC""}]",0
B0GDFK7NQT,B0GDFK7NQT,https://www.amazon.com/dp/B0GDFK7NQT,5.0,Order these goes your homemade bread,Love these bread bags. They are large enough to store homemade sandwich bread. They seem to be keeping bread fresher longer than using a plastic bag.,20260223,freshness_or_drying; size_fit,https://www.amazon.com/gp/customer-reviews/R3UARKBY108YHS,False,"[{""name"":""Color"",""detail"":""2 PCS""}]",0
B0GDFK7NQT,B0GDFFBBGD,https://www.amazon.com/dp/B0GDFFBBGD,5.0,Keeps Bread Fresh!,"Great reusable bag — keeps homemade bread fresh longer. Easy to use, good quality, and very practical. Highly recommend!",20260222,freshness_or_drying,https://www.amazon.com/gp/customer-reviews/R16GNXTIO8B09S,False,"[{""name"":""Color"",""detail"":""1 PC""}]",0
B0GDFK7NQT,B0GDFFBBGD,https://www.amazon.com/dp/B0GDFFBBGD,5.0,Good to save,Way better quality and size then expected,20260221,size_fit,https://www.amazon.com/gp/customer-reviews/RIS87SBUSGRCX,False,"[{""name"":""Color"",""detail"":""1 PC""}]",0
B0GDFK7NQT,B0GDFFBBGD,https://www.amazon.com/dp/B0GDFFBBGD,5.0,Great bread bag for preserving freshness!,Great bread bag for making bread stay fresh longer! Wonderful quality fabric and suits its purpose!,20260219,freshness_or_drying,https://www.amazon.com/gp/customer-reviews/RZCFW1HFWUUF3,False,"[{""name"":""Color"",""detail"":""1 PC""}]",0
B0GDFK7NQT,B0GDFK7NQT,https://www.amazon.com/dp/B0GDFK7NQT,5.0,Great bread bag for preserving freshness!,Great bread bag for making bread stay fresh longer! Wonderful quality fabric and suits its purpose!,20260219,freshness_or_drying,https://www.amazon.com/gp/customer-reviews/RZCFW1HFWUUF3,False,"[{""name"":""Color"",""detail"":""1 PC""}]",0
B0GDFK7NQT,B0GDFFBBGD,https://www.amazon.com/dp/B0GDFFBBGD,5.0,Love it,My sourdough journey just got better. Fresh bread for longer. Good size bag might be able to fit 2 loafs at a time.,20260218,freshness_or_drying; size_fit,https://www.amazon.com/gp/customer-reviews/R39TMOODLVZXE6,False,"[{""name"":""Color"",""detail"":""1 PC""}]",0
B0GDFK7NQT,B0GDFK7NQT,https://www.amazon.com/dp/B0GDFK7NQT,5.0,Yes love it,"These are fantastic, way better than plastic or just a cloth. As a sourdough bread, baker these are essential!",20260218,size_fit,https://www.amazon.com/gp/customer-reviews/R9PPF0XIV4IOA,False,"[{""name"":""Color"",""detail"":""2 PCS""}]",0
B0GDFK7NQT,B0GDFFBBGD,https://www.amazon.com/dp/B0GDFFBBGD,5.0,Excellent product.,"     Keeps bread fresh longer. Good size and quality. Great design, all around zipper makes it easier to place bread without squeezing it in. Convenient and easy to store when not using.",20260216,freshness_or_drying; size_fit; durability,https://www.amazon.com/gp/customer-reviews/R1R46F1AVK1YRO,False,"[{""name"":""Color"",""detail"":""1 PC""}]",0
B0GDFK7NQT,B0GDFK7NQT,https://www.amazon.com/dp/B0GDFK7NQT,5.0,Keeps my food fresh,Love these bags! The design is unique with the seal zipper and the size of perfect for my bread. Keeps my food fresh.,20260216,freshness_or_drying; size_fit; durability,https://www.amazon.com/gp/customer-reviews/R3W5387WFA6PTF,False,"[{""name"":""Color"",""detail"":""2 PCS""}]",0
B0GDFK7NQT,B0GDFK7NQT,https://www.amazon.com/dp/B0GDFK7NQT,5.0,Delays mold growth,My bread was developing mold after a few days .I needed a great bread bag and this is it. My sourdough last several days longer now tucked inside the Lorine beeswax lined bag.,20260214,moisture_or_mold; smell_or_wax; size_fit,https://www.amazon.com/gp/customer-reviews/R3IFSJZASQ6VH7,False,"[{""name"":""Color"",""detail"":""2 PCS""}]",0
B0GDFK7NQT,B0GDFFBBGD,https://www.amazon.com/dp/B0GDFFBBGD,5.0,Muy buena calidad y cumple su función,"La calidad es muy buena. El material se siente resistente y bien hecho, y el cierre funciona correctamente. Mantiene el pan fresco y protegido sin acumular humedad. Me gustó que es reutilizable y fácil de limpiar. En general, cumple con lo que promete.",20260212,,https://www.amazon.com/gp/customer-reviews/R2ATGVOY3K3BAE,False,"[{""name"":""Color"",""detail"":""1 PC""}]",0
B0GDFK7NQT,B0GDFK7NQT,https://www.amazon.com/dp/B0GDFK7NQT,2.0,Bread saver?,My sourdough bread went bad after two weeks. Mold started forming.,20260212,moisture_or_mold; size_fit,https://www.amazon.com/gp/customer-reviews/R3JU3KSWTF1F6B,False,"[{""name"":""Color"",""detail"":""2 PCS""}]",0
B0GDFK7NQT,B0GDFK7NQT,https://www.amazon.com/dp/B0GDFK7NQT,5.0,Good purchase For Preserving Freshness of Bread,"heavy duty construction,,,, works if used as instructed",20260211,,https://www.amazon.com/gp/customer-reviews/R2MXTW0Q84NEF2,False,"[{""name"":""Color"",""detail"":""2 PCS""}]",0
B0GDFK7NQT,B0GDFK7NQT,https://www.amazon.com/dp/B0GDFK7NQT,1.0,Made in China,I didn‘t receive this item yet but when I do it will certainly go back. I did not know at the time or did the ad state that this bag is made in China.,20260204,,https://www.amazon.com/gp/customer-reviews/R288MUXD049VM1,True,"[{""name"":""Color"",""detail"":""2 PCS""}]",0
B0GDFK7NQT,B0GDFK7NQT,https://www.amazon.com/dp/B0GDFK7NQT,2.0,Doesn’t keep bread fresh,The bags only kept the bread fresh and soft for a couple days. After that the bread dried out. The size of the bags were good for a homemade loaf or boule. But they don’t work as advertised. Very disappointing,20260124,freshness_or_drying; size_fit,https://www.amazon.com/gp/customer-reviews/R3OI3SZZJ0TK31,False,"[{""name"":""Color"",""detail"":""2 PCS""}]",0
B0GDFK7NQT,B0GDFK7NQT,https://www.amazon.com/dp/B0GDFK7NQT,5.0,Perfect size,Perfect size for artisan loaves and baguettes. Easy to use and much better than plastic bags.,20260102,size_fit,https://www.amazon.com/gp/customer-reviews/R1EU2X3LQ0TUES,False,"[{""name"":""Color"",""detail"":""2 PCS""}]",1
B0GDFK7NQT,B0GDFK7NQT,https://www.amazon.com/dp/B0GDFK7NQT,5.0,eco-friendly,"I like the eco-friendly design. Simple, effective, and ideal for anyone who bakes their own bread.",20260102,,https://www.amazon.com/gp/customer-reviews/RTZW1K3FXJFRQ,False,"[{""name"":""Color"",""detail"":""2 PCS""}]",1
B0F3HKCFZS,B0F3HKCFZS,https://www.amazon.com/dp/B0F3HKCFZS,5.0,Bread Bag,Great product to keep your bread in. Helps bread last longer,20260426,,https://www.amazon.com/gp/customer-reviews/R1MCFZ4AT8PTF0,False,"[{""name"":""Color"",""detail"":""White""}]",0
B0F3HKCFZS,B0F3HKCFZS,https://www.amazon.com/dp/B0F3HKCFZS,5.0,Bread Stays Fresh for DAYS,"These bags make a noticeable difference in the freshness of my bread. My bread never hardens over time with these bread bags, and my loaves stay just as soft as they did the day I baked them. For comparison, my neighbor used to bring me bread (before I started my own sourdough journey) in a flour sack material bread bag, and after about two days, the bread would begin to harden and become inedible by about day 4. I have not had that problem with these bread bags. They trap just enough moisture without creating a bacteria-ridden environment. Beeswax bread bags are DEFINITELY the way to go. They were well worth the price, are easy to clean with the beeswax coating, and were one of my best purchases this year. (I‘ll be buying more.) Go ahead and add to cart. You won’t regret it!",20260406,freshness_or_drying; moisture_or_mold; smell_or_wax; cleaning; size_fit; value_or_quantity,https://www.amazon.com/gp/customer-reviews/R1LIKBIDZ9O89,False,"[{""name"":""Color"",""detail"":""White""}]",0
B0F3HKCFZS,B0F3HKCFZS,https://www.amazon.com/dp/B0F3HKCFZS,2.0,Bread Doesn‘t Stay Soft,Doesn‘t keep bread soft. Gets hard within two days.,20260401,freshness_or_drying,https://www.amazon.com/gp/customer-reviews/R133E81WB3TSZ6,True,"[{""name"":""Color"",""detail"":""White""}]",0
B0F3HKCFZS,B0F3HKCFZS,https://www.amazon.com/dp/B0F3HKCFZS,1.0,Not enough info,Bread dried out the next day. Nothings like advertising .,20260319,freshness_or_drying,https://www.amazon.com/gp/customer-reviews/R1L5WI6E48SX78,True,"[{""name"":""Color"",""detail"":""White""}]",0
B0F3HKCFZS,B0F3HKCFZS,https://www.amazon.com/dp/B0F3HKCFZS,2.0,Molds quickly,"Cute bag, however the bread that usually lasts a whole week, got moldy within a few days. I had to throw the whole loaf away.",20260313,moisture_or_mold; size_fit,https://www.amazon.com/gp/customer-reviews/R11LJE4SUN9IF2,True,"[{""name"":""Color"",""detail"":""White""}]",0
B0F3HKCFZS,B0F3HKCFZS,https://www.amazon.com/dp/B0F3HKCFZS,5.0,Keep fresh bread longer!!,These bags actually work to keep sourdough bread fresh longer. The zipper closes it tightly and the bag is big enough to then fold over. The bags are very attractive and useful. Our loafs stay fresh for over a week now rather than just a few days!! Highly recommend!!,20260312,freshness_or_drying; size_fit; durability,https://www.amazon.com/gp/customer-reviews/R2B253P37HN6BN,False,"[{""name"":""Color"",""detail"":""White""}]",0
B0F3HKCFZS,B0F3HKCFZS,https://www.amazon.com/dp/B0F3HKCFZS,1.0,Missing bag?!?,"Only received 1 bag, packaging & description said there were 2.",20260307,durability; value_or_quantity,https://www.amazon.com/gp/customer-reviews/R6X2FY52SZ97Y,True,"[{""name"":""Color"",""detail"":""White""}]",0
B0F3HKCFZS,B0F3HKCFZS,https://www.amazon.com/dp/B0F3HKCFZS,1.0,Made in China,"Made in China. There is not enough information about the company. I don‘t know where the cotton and wax were manufactured, therefore this is a return for me.",20260307,smell_or_wax,https://www.amazon.com/gp/customer-reviews/R3MM3A6OQ2MPU2,True,"[{""name"":""Color"",""detail"":""White""}]",0
B0F3HKCFZS,B0F3HKCFZS,https://www.amazon.com/dp/B0F3HKCFZS,3.0,Reduced early molding,"Does appear to improve longevity before molding, but not freshness.",20260307,freshness_or_drying; moisture_or_mold,https://www.amazon.com/gp/customer-reviews/RACJQA61F1GIH,True,"[{""name"":""Color"",""detail"":""White""}]",0
B0F3HKCFZS,B0F3HKCFZS,https://www.amazon.com/dp/B0F3HKCFZS,1.0,Doesn’t work.,Was so excited to receive this.  This worked one time for me.  Followed the directions on how to clean to a T.  Very disappointed.  Waste of money.,20260305,cleaning,https://www.amazon.com/gp/customer-reviews/R5QB8NWJ27PH6,True,"[{""name"":""Color"",""detail"":""White""}]",0
B0F3HKCFZS,B0F3HKCFZS,https://www.amazon.com/dp/B0F3HKCFZS,5.0,Perfect Bread Keeper,Love this bag. Keeps my bread fresh for so much longer.,20260303,freshness_or_drying,https://www.amazon.com/gp/customer-reviews/R20D0DXGRXETBW,False,,0
B0F3HKCFZS,B0F3HKCFZS,https://www.amazon.com/dp/B0F3HKCFZS,5.0,Does the trick.,Bread is noticeably fresher. Easy maintenance of the bag.,20260301,freshness_or_drying,https://www.amazon.com/gp/customer-reviews/R31U908FNW5RXA,True,"[{""name"":""Color"",""detail"":""White""}]",0
B0F3HKCFZS,B0F3HKCFZS,https://www.amazon.com/dp/B0F3HKCFZS,5.0,Keeps bread and looks nice.,Love this bag. Keeps sourdough that should never be put in plastic bags. Nice looking also.,20260228,size_fit,https://www.amazon.com/gp/customer-reviews/R26NS3Z7VFISL8,False,"[{""name"":""Color"",""detail"":""White -1""}]",0
B0F3HKCFZS,B0F3HKCFZS,https://www.amazon.com/dp/B0F3HKCFZS,1.0,Person bread bag,This purchase was very disappointing. It does not keep our sourdough bread fresh. It’s worse than a plastic bag. Would not recommend this product.,20260225,freshness_or_drying; size_fit,https://www.amazon.com/gp/customer-reviews/R15FYCSETJGP5Q,True,"[{""name"":""Color"",""detail"":""White""}]",0
B0F3HKCFZS,B0F3HKCFZS,https://www.amazon.com/dp/B0F3HKCFZS,2.0,It would be better without a zipper,"I think the zipper locks in too much moisture. The crust on my sourdough went soft. One I used at my son’s house did not have a zipper, just folded over. It worked better.",20260224,freshness_or_drying; moisture_or_mold; size_fit; durability,https://www.amazon.com/gp/customer-reviews/R232BS5G94NRY6,True,"[{""name"":""Color"",""detail"":""White""}]",0
B0F3HKCFZS,B0F3HKCFZS,https://www.amazon.com/dp/B0F3HKCFZS,5.0,LOVE IT,Love this!Use dailyGood quality!,20260222,,https://www.amazon.com/gp/customer-reviews/R3SASXX420F9S0,True,"[{""name"":""Color"",""detail"":""White""}]",0
B0F3HKCFZS,B0F3HKCFZS,https://www.amazon.com/dp/B0F3HKCFZS,5.0,Freshness,My loaf of everything sourdough has stayed fairly fresh for 8 days now!  Extremely happy with it!  Would highly recommend this bag.,20260222,freshness_or_drying; size_fit,https://www.amazon.com/gp/customer-reviews/R382240LW3YBQ6,True,"[{""name"":""Color"",""detail"":""White""}]",0
B0F3HKCFZS,B0F3HKCFZS,https://www.amazon.com/dp/B0F3HKCFZS,4.0,Works well,"Works well. Seems to do the work so far. Keeps bread fresh longer. However, the zipper didn’t last long, I have to use clips to keep the bag closed. It would be a good idea to use Velcro closing instead.",20260220,freshness_or_drying; durability,https://www.amazon.com/gp/customer-reviews/R2MDI2FTTL1J3L,False,"[{""name"":""Color"",""detail"":""White -1""}]",0
B0F3HKCFZS,B0F3HKCFZS,https://www.amazon.com/dp/B0F3HKCFZS,5.0,Love these bags!,After getting a bread maker - I realized the bread got so stale so quickly. So I researched and got these bags - now my bread lasts! Love it!,20260214,freshness_or_drying,https://www.amazon.com/gp/customer-reviews/R1PK05B4VTLVGK,False,"[{""name"":""Color"",""detail"":""White -1""}]",0
B0F3HKCFZS,B0F3HKCFZS,https://www.amazon.com/dp/B0F3HKCFZS,1.0,"Not bees wax, just plastic.",Did not have bees wax on it. It was plastic! I sent it back!,20260212,smell_or_wax,https://www.amazon.com/gp/customer-reviews/R37GHZY542MR4L,True,"[{""name"":""Color"",""detail"":""White""}]",0
B0F3HKCFZS,B0F3HKCFZS,https://www.amazon.com/dp/B0F3HKCFZS,5.0,Amazing,"I can‘t believe I didn’t find out about this storage method sooner. Glad I finally did.
these bags are like magic. The cut end of the bread doesn’t dry out. The crust stays just like it came out of the oven. The loaf stays fresh longer than it takes me to eat it.",20260211,freshness_or_drying; size_fit,https://www.amazon.com/gp/customer-reviews/R2CVSTHJQET76E,False,"[{""name"":""Color"",""detail"":""White -1""}]",0
B0F3HKCFZS,B0F3HKCFZS,https://www.amazon.com/dp/B0F3HKCFZS,5.0,Works as described,Keeps bread warm and springy,20260209,,https://www.amazon.com/gp/customer-reviews/RT7ARLNYYF73Z,True,"[{""name"":""Color"",""detail"":""White""}]",0
B0F3HKCFZS,B0F3HKCFZS,https://www.amazon.com/dp/B0F3HKCFZS,3.0,Didn’t love,Not a fan. Croissants molded the next day.,20260206,moisture_or_mold,https://www.amazon.com/gp/customer-reviews/R3KBUL7ZENT3P6,True,"[{""name"":""Color"",""detail"":""White""}]",0
B0F3HKCFZS,B0F3HKCFZS,https://www.amazon.com/dp/B0F3HKCFZS,4.0,"Okay, but has a defective clip.","Bags are generous size and so far seem to do what they are designed for. One of the bags had a defective clip... just used it for the first time tonight. Both sides of the clip are the “female"" side. Too late to return it.",20260204,size_fit,https://www.amazon.com/gp/customer-reviews/RLDEGPV1TLO61,True,"[{""name"":""Color"",""detail"":""White -1""}]",0
B0F3HKCFZS,B0F3HKCFZS,https://www.amazon.com/dp/B0F3HKCFZS,5.0,Works great,"I was nervous that these bags would really keep the sourdough bread fresh. It does! The bread lasted for 8 days. Day 8 the bread just started to slightly dry out, there was only 1 slice left. These bags are a great alternative to storing bread.",20260203,freshness_or_drying; size_fit,https://www.amazon.com/gp/customer-reviews/RXVPUVBEVSWKQ,False,"[{""name"":""Color"",""detail"":""White -1""}]",0
B0F3HKCFZS,B0F3HKCFZS,https://www.amazon.com/dp/B0F3HKCFZS,4.0,"Heavy, but works as expected",Seems to work very well but larger and easier than i had expected.,20260203,size_fit,https://www.amazon.com/gp/customer-reviews/R2NAWONQR6AF1O,True,"[{""name"":""Color"",""detail"":""White""}]",0
B0F3HKCFZS,B0F3HKCFZS,https://www.amazon.com/dp/B0F3HKCFZS,5.0,Great,Works great and I think it freezes bread in a way that keeps it even fresher.,20260131,freshness_or_drying,https://www.amazon.com/gp/customer-reviews/R25MNZF961NKTH,True,"[{""name"":""Color"",""detail"":""White -1""}]",0
B0F3HKCFZS,B0F3HKCFZS,https://www.amazon.com/dp/B0F3HKCFZS,5.0,Works,Good size for storing ur potatoes,20260131,size_fit,https://www.amazon.com/gp/customer-reviews/R1PM7C27XZQTD2,True,"[{""name"":""Color"",""detail"":""White""}]",0
B0F3HKCFZS,B0F3HKCFZS,https://www.amazon.com/dp/B0F3HKCFZS,5.0,Great Bread Bag!,A wonderful bread bag!! Keeps our Sourdough nice and soft!!,20260129,size_fit,https://www.amazon.com/gp/customer-reviews/R32NDQSK7WMC4T,True,"[{""name"":""Color"",""detail"":""White -1""}]",0
B0F3HKCFZS,B0F3HKCFZS,https://www.amazon.com/dp/B0F3HKCFZS,5.0,Bred storage bag,Very pretty and extremely sturdy. It should do the trick.,20260129,,https://www.amazon.com/gp/customer-reviews/R1ESIW23A8ZX8G,True,"[{""name"":""Color"",""detail"":""White -1""}]",0
B0F3HKCFZS,B0F3HKCFZS,https://www.amazon.com/dp/B0F3HKCFZS,3.0,Bread bag,Bag is cute but my bread gets moldy very quickly still.,20260129,moisture_or_mold,https://www.amazon.com/gp/customer-reviews/RZJUJLYZTQUNX,True,"[{""name"":""Color"",""detail"":""White -1""}]",0
B0F3HKCFZS,B0F3HKCFZS,https://www.amazon.com/dp/B0F3HKCFZS,4.0,Pretty good.,Like this for my homemade bread. Still starts to mold after about 4 days.,20260129,moisture_or_mold,https://www.amazon.com/gp/customer-reviews/RAVIHUSH35TFU,False,"[{""name"":""Color"",""detail"":""White -1""}]",0
B0F3HKCFZS,B0F3HKCFZS,https://www.amazon.com/dp/B0F3HKCFZS,5.0,Quality,Very happy with this for my sourdough bread!,20260123,size_fit,https://www.amazon.com/gp/customer-reviews/R142ARB549ZPWK,True,"[{""name"":""Color"",""detail"":""White -1""}]",0
B0F3HKCFZS,B0F3HKCFZS,https://www.amazon.com/dp/B0F3HKCFZS,5.0,Great purchase,I love this knife.  Just as promised.  Cuts great and does not make a mess.,20260120,,https://www.amazon.com/gp/customer-reviews/R34EAG62KSK08Z,True,"[{""name"":""Color"",""detail"":""White -1""}]",0
B0F3HKCFZS,B0F3HKCFZS,https://www.amazon.com/dp/B0F3HKCFZS,5.0,These bread bags are very well made.,These bread bags are very good quality and beautiful. Im looking forward to using them for my sourdough bread. The size is much bigger than I expected.,20260116,size_fit,https://www.amazon.com/gp/customer-reviews/R1RBSEM0EZ8TLD,True,"[{""name"":""Color"",""detail"":""White -1""}]",0
B0F3HKCFZS,B0F3HKCFZS,https://www.amazon.com/dp/B0F3HKCFZS,5.0,Worth it,Perfect for sourdough loaves- I don’t know if it makes it actually last longer- mold doesn’t start for like 5-6 days but the vibes of the bag and the ease of cleaning it is worth it and it’s a great place to just store the bread in and leave it on the counter,20260113,moisture_or_mold; cleaning; size_fit,https://www.amazon.com/gp/customer-reviews/R2ZAW6MA4UX3PV,True,"[{""name"":""Color"",""detail"":""White -1""}]",0
B0F3HKCFZS,B0F3HKCFZS,https://www.amazon.com/dp/B0F3HKCFZS,5.0,Keeps bread fresh!,"Keeps fresh baked bread 5-7 days longer than a plastic bag. My husband makes 2 loaves each week and these bags have kept our bread fresh, longer. They wipe up nicely and dry within a couple hours. Highly recommend.",20260113,freshness_or_drying,https://www.amazon.com/gp/customer-reviews/R21SPDOEQZA74O,True,"[{""name"":""Color"",""detail"":""White -1""}]",0
B0F3HKCFZS,B0F3HKCFZS,https://www.amazon.com/dp/B0F3HKCFZS,5.0,Boule bread bag,The bread bag is as described. It’s large enough to hold a large boule. The beeswax keeps the bread fresh  longer. I love it!,20260109,freshness_or_drying; smell_or_wax; size_fit,https://www.amazon.com/gp/customer-reviews/R2CHZG6XOKOIO5,True,"[{""name"":""Color"",""detail"":""White -1""}]",0
B0F3HKCFZS,B0F3HKCFZS,https://www.amazon.com/dp/B0F3HKCFZS,5.0,Great!,These have been awesome!,20260107,,https://www.amazon.com/gp/customer-reviews/RSV7HIUD3ZSJ7,True,"[{""name"":""Color"",""detail"":""White -1""}]",0
B0F3HKCFZS,B0F3HKCFZS,https://www.amazon.com/dp/B0F3HKCFZS,5.0,Versatile bread storage,My daughter in law loves her bread bags. They are roomy and absorbent and hold her sourdough loaves as advertised. They are very attractive.,20260105,size_fit,https://www.amazon.com/gp/customer-reviews/R5QNYEGL7EB7M,True,"[{""name"":""Color"",""detail"":""White -1""}]",0
B0F3HKCFZS,B0F3HKCFZS,https://www.amazon.com/dp/B0F3HKCFZS,5.0,Great bread bag.,I have tried cloth bags with poor results.  This kept the bread moist for several days.,20260102,moisture_or_mold,https://www.amazon.com/gp/customer-reviews/R2MRI4L1MT64W9,True,"[{""name"":""Color"",""detail"":""White -1""}]",0
B0F3HKCFZS,B0F3HKCFZS,https://www.amazon.com/dp/B0F3HKCFZS,5.0,Great product,This is a high quality bag,20251227,,https://www.amazon.com/gp/customer-reviews/R1KO1PE9Z53IMR,True,"[{""name"":""Color"",""detail"":""White -1""}]",0
B0F3HKCFZS,B0F3HKCFZS,https://www.amazon.com/dp/B0F3HKCFZS,5.0,Good Buy,Can fit two loaves,20251226,size_fit,https://www.amazon.com/gp/customer-reviews/R3K62SNU0ZZ9K3,True,"[{""name"":""Color"",""detail"":""White -1""}]",0
B0F3HKCFZS,B0F3HKCFZS,https://www.amazon.com/dp/B0F3HKCFZS,5.0,Love,Great choice,20251222,,https://www.amazon.com/gp/customer-reviews/RLLZ6AHVSKNQF,True,"[{""name"":""Color"",""detail"":""White -1""}]",0
B0F3HKCFZS,B0F3HKCFZS,https://www.amazon.com/dp/B0F3HKCFZS,2.0,Bread dries out!,My bread dried out within one day. I do not recommend!,20251207,freshness_or_drying,https://www.amazon.com/gp/customer-reviews/R18RM0WE0VF65R,True,"[{""name"":""Color"",""detail"":""White -1""}]",0
B0F3HKCFZS,B0F3HKCFZS,https://www.amazon.com/dp/B0F3HKCFZS,3.0,Not sure,I liked it at first but seemed to dry the bread out.,20251123,freshness_or_drying,https://www.amazon.com/gp/customer-reviews/R23ZN2W86LUIB7,True,[],0
B0F3HKCFZS,B0F3HKCFZS,https://www.amazon.com/dp/B0F3HKCFZS,5.0,Keep your bread fresh!,"I love these bags, they keep my bread so fash.",20251114,,https://www.amazon.com/gp/customer-reviews/R34OF2Z1F8YQ6S,True,[],0
B0F3HKCFZS,B0F3HKCFZS,https://www.amazon.com/dp/B0F3HKCFZS,5.0,The Best Bread Bag Ever,Made well and big. Absolutely need the zipper—it was the selling point for me. I’ve baked bread for 65 years and sure wish had these. The linen and bees wax lining and handle are all pluses. I was going to just make my own; but cost would have been much higher. And who cares about the company name on the bag— they deserve it!,20251108,smell_or_wax; durability,https://www.amazon.com/gp/customer-reviews/R13COW4IQ1W9V2,True,[],0
B0F3HKCFZS,B0F3HKCFZS,https://www.amazon.com/dp/B0F3HKCFZS,5.0,Great bread bags!,"They are large enough for a big loaf of bread or many rolls. It keeps the bread at a good moisture level and fresh. It‘s very easy to clean. And with the strap on the top, I hang my bread on a drawer handle so it doesn‘t take up room on the counter. I‘m absolutely happy with this purchase!!!",20251103,freshness_or_drying; moisture_or_mold; cleaning; size_fit,https://www.amazon.com/gp/customer-reviews/R2CX3AZPLVRTK4,True,[],0
B0F3HKCFZS,B0F3HKCFZS,https://www.amazon.com/dp/B0F3HKCFZS,3.0,Good idea but….,Really good idea but my bread got moldy inside and I couldn’t get it out so I had to throw it away.,20251031,moisture_or_mold,https://www.amazon.com/gp/customer-reviews/R1FYMMRW1B8WAO,True,[],0
B0F3HKCFZS,B0F3HKCFZS,https://www.amazon.com/dp/B0F3HKCFZS,5.0,Son muy buenas,Me gustarobn bueno compra,20251031,,https://www.amazon.com/gp/customer-reviews/RVDWCU874SBEG,True,[],0
B0F3HKCFZS,B0F3HKCFZS,https://www.amazon.com/dp/B0F3HKCFZS,1.0,Moldy bread,My bread got moldy within a few days.  It was completely cooled before placed in the bag.,20251025,moisture_or_mold,https://www.amazon.com/gp/customer-reviews/R11MJIDFT6KHID,True,[],0
B0F3HKCFZS,B0F3HKCFZS,https://www.amazon.com/dp/B0F3HKCFZS,5.0,Oerdoh bread bags are perfect for my homemade bread,I bake my own bread and using these bags keeps my bread fresh. I was using just plastic containers and would have problems of moisture buildup on the loaves. I don’t have this issue using the oerdoh bread bags. The bread is standard loaf size and fits perfectly in the bags. Like the zipper and fold down closure. The bags do not change the taste or quality of my bread.,20251016,freshness_or_drying; moisture_or_mold; size_fit; durability,https://www.amazon.com/gp/customer-reviews/R8CA664GMWNYN,True,"[{""name"":""Color"",""detail"":""White -1""}]",0
B0F3HKCFZS,B0F3HKCFZS,https://www.amazon.com/dp/B0F3HKCFZS,5.0,Just About Perfect,"Pretty basic product, but it‘s so well executed that it‘s an excellent value.The bags are well constructed; they are sturdy and they close tightly.  Our sourdough bread stays fresh for days on end.  And the beeswax coating makes them easy to clean.  With reasonable care, they should last for years.Really nothing negative to report  -- not super cheap, but they are made so well they are a great value.",20251007,freshness_or_drying; smell_or_wax; cleaning; size_fit; value_or_quantity,https://www.amazon.com/gp/customer-reviews/RRLVAMIHOE56O,False,"[{""name"":""Color"",""detail"":""White -1""}]",0
B0F3HKCFZS,B0F3HKCFZS,https://www.amazon.com/dp/B0F3HKCFZS,5.0,Bread bag,Keeps bread fresh.,20251002,freshness_or_drying,https://www.amazon.com/gp/customer-reviews/R1VDNA3N8EW41M,True,"[{""name"":""Color"",""detail"":""White -1""}]",0
B0F3HKCFZS,B0F3HKCFZS,https://www.amazon.com/dp/B0F3HKCFZS,5.0,Well made great product,Great product.  Keeps bread nice and moist well made,20250918,moisture_or_mold,https://www.amazon.com/gp/customer-reviews/R1WLID3IF0NX1X,True,"[{""name"":""Color"",""detail"":""White -1""}]",0
B0F3HKCFZS,B0F3HKCFZS,https://www.amazon.com/dp/B0F3HKCFZS,5.0,Product is acceptable. Final inspection could be better.,"I like this product and the concept. However, when I receive my two beeswax bags for my bread, one of the bags has the same clip on both sides for closure. Therefore the bag will zip, but you can’t fold it down and clip it close tight. However, one of the bags is correct and so I will be keeping it because I need it for my sourdough bread. I’ll just use the one that doesn’t have the clips on when I have to. So this product I think is a satisfactory product. I think something got missed in the product inspection at the end.",20250918,smell_or_wax; size_fit; durability,https://www.amazon.com/gp/customer-reviews/R29A3G4QWFA8H1,True,"[{""name"":""Color"",""detail"":""White -1""}]",0
B0F3HKCFZS,B0F3HKCFZS,https://www.amazon.com/dp/B0F3HKCFZS,5.0,Exactly like the description!,These bags help the bread last longer.,20250917,,https://www.amazon.com/gp/customer-reviews/R340KOPORP86GA,True,"[{""name"":""Color"",""detail"":""White -1""}]",0
B0F3HKCFZS,B0F3HKCFZS,https://www.amazon.com/dp/B0F3HKCFZS,3.0,Brad does not stay as fresh,"Although I think that this product slowed down the molding of the fresh Bosnian bread, when you take it out of the plastic bag and put it into this product, it is not as soft. Doesn’t have that soft texture after a day or two. It does prevent the mold for an extra few days, but doesn’t the consistency of the bread",20250914,freshness_or_drying; moisture_or_mold,https://www.amazon.com/gp/customer-reviews/R9H37FSSXBC7Q,True,"[{""name"":""Color"",""detail"":""White -1""}]",0
B0F3HKCFZS,B0F3HKCFZS,https://www.amazon.com/dp/B0F3HKCFZS,5.0,Best bread bags ever,Wonderful bags so much nicer than I expected .,20250912,,https://www.amazon.com/gp/customer-reviews/R3AA18LIRU41ZL,True,"[{""name"":""Color"",""detail"":""White -1""}]",0
B0F3HKCFZS,B0F3HKCFZS,https://www.amazon.com/dp/B0F3HKCFZS,5.0,Bread bag,"Great product, keeps the bread fresh.",20250912,freshness_or_drying,https://www.amazon.com/gp/customer-reviews/R2SLS52T259EQY,True,"[{""name"":""Color"",""detail"":""White -1""}]",0
B0F3HKCFZS,B0F3HKCFZS,https://www.amazon.com/dp/B0F3HKCFZS,5.0,Bread bags,Love it so much I gave one to my mom!,20250912,,https://www.amazon.com/gp/customer-reviews/R13F2MKQ90TBDW,True,"[{""name"":""Color"",""detail"":""White -1""}]",0
B0F3HKCFZS,B0F3HKCFZS,https://www.amazon.com/dp/B0F3HKCFZS,5.0,Bread bag,"So far it’s very good, it has kept the bread fresh for at least a week.",20250908,freshness_or_drying,https://www.amazon.com/gp/customer-reviews/R1777P576TJTUM,True,"[{""name"":""Color"",""detail"":""White -1""}]",0
B0F3HKCFZS,B0F3HKCFZS,https://www.amazon.com/dp/B0F3HKCFZS,4.0,Worked great before I ruined it...,"I really liked these bags, I had just gotten into making sourdough when I got these and they did a great job keeping a load fresh for an extra day or two in the cupboard. Unfortunately I left some bread in them for about a week and a half and it molded and I was unable to get them clean again. I tried working my way up from lighter methods as I could and I could never get the mold smell out. Eventually I ran them through the washing machine and the wax melted out of the bags and made a huge mess. I think if treated properly these would be great. Unfortunately I screwed it up. They were a great size to hold a standard loaf of sourdough and kept it fresh for a few extra days. They were solidly made. Had a nice soft canvas feel to them and they were a great price. I will probably buy more and try to be more diligent with taking care of them.",20250907,freshness_or_drying; moisture_or_mold; smell_or_wax; cleaning; size_fit; value_or_quantity,https://www.amazon.com/gp/customer-reviews/R2X5VMUQXRBECO,False,"[{""name"":""Color"",""detail"":""White -1""}]",2
B0F3HKCFZS,B0F3HKCFZS,https://www.amazon.com/dp/B0F3HKCFZS,5.0,Great deal for 2 bags!,"These bags are absolutely great!  Great for bread or any fresh baked goods really.  Easy to use and easy to clean, making life easier!  The bags seal well and keep bread fresh longer than usual.  The bags are also a good size, we are able to put a whole homemade loaf in with room to spare.  I highly recommend this product.",20250907,freshness_or_drying; cleaning; size_fit,https://www.amazon.com/gp/customer-reviews/R1J9DCN65NQ0PL,False,"[{""name"":""Color"",""detail"":""White -1""}]",0
B0F3HKCFZS,B0F3HKCFZS,https://www.amazon.com/dp/B0F3HKCFZS,5.0,works great with sourdough bread,"really nice bags,  Keeps bread fresh for several days.  Beeswax materiel is nice and easy to clean",20250906,freshness_or_drying; smell_or_wax; cleaning,https://www.amazon.com/gp/customer-reviews/R1LCJP5KPEV6DX,True,"[{""name"":""Color"",""detail"":""White -1""}]",0
B0F3HKCFZS,B0F3HKCFZS,https://www.amazon.com/dp/B0F3HKCFZS,5.0,Great bread bags,"Great for holding my freshly baked bread. I try to avoid using plastic bags as much as possible, so these are a lifesaver!",20250905,freshness_or_drying,https://www.amazon.com/gp/customer-reviews/RGZNVW753YBMF,True,"[{""name"":""Color"",""detail"":""White -1""}]",1
B0F3HKCFZS,B0F3HKCFZS,https://www.amazon.com/dp/B0F3HKCFZS,5.0,You will receive 2 large bread bags.,I love the bread bags! They really keep bread fresh for a longer period time.  I just wished they came in two sizes. One large and one medium.,20250901,freshness_or_drying; size_fit,https://www.amazon.com/gp/customer-reviews/R1PH3XVTLBHZX2,True,"[{""name"":""Color"",""detail"":""White -1""}]",0
B0F3HKCFZS,B0F3HKCFZS,https://www.amazon.com/dp/B0F3HKCFZS,5.0,Perfect! I am a believer.,These bags are awesome! The bags themselves are heavy cotton outside with a beeswax type liner inside. They feel incredibly well made and sturdy.  Definitely a quality product.  I tested them with a baguette that I cut in half in order to fit.  It fit well.  The next day the bread was still good!  I ended up getting three days out of my fresh bread and i ate it all before it went stale so it may last even longer.  The bags have a heavy zipper and lock at the top.  Super easy to use and are cute enough to leave out on the counter top.  The functionality is great and I can imagine so many uses other than just bread but I would buy this for bread alone.,20250828,freshness_or_drying; smell_or_wax; size_fit; durability,https://www.amazon.com/gp/customer-reviews/RYIWCBUVS6A7P,False,"[{""name"":""Color"",""detail"":""White -1""}]",0
B0F3HKCFZS,B0F3HKCFZS,https://www.amazon.com/dp/B0F3HKCFZS,5.0,Good quality,Great bag for homemade bread,20250821,,https://www.amazon.com/gp/customer-reviews/R5VFISCCOXCGT,True,"[{""name"":""Color"",""detail"":""White -1""}]",0
B0F3HKCFZS,B0F3HKCFZS,https://www.amazon.com/dp/B0F3HKCFZS,5.0,Love it!,Loved these!!! Great quality as well.,20250812,,https://www.amazon.com/gp/customer-reviews/R2L40HMWD7MNAV,True,[],0
B0F3HKCFZS,B0F3HKCFZS,https://www.amazon.com/dp/B0F3HKCFZS,5.0,Good bags,"I don‘t make homemade sourdough bread any longer, but I still like to eat it.My solution: buying bread from my local bakery. That‘s where the Oerdoh Bread Bags come in.  I believe they work just as well on purchased bread as homemade bread. And I didn‘t have to turn the oven on!!Turn them inside out, rinse with water and dry to clean.  They work for me",20250810,freshness_or_drying; cleaning; size_fit,https://www.amazon.com/gp/customer-reviews/R16XCHZP4ZJGY4,False,"[{""name"":""Color"",""detail"":""White -1""}]",0
B0F3HKCFZS,B0F3HKCFZS,https://www.amazon.com/dp/B0F3HKCFZS,5.0,Reusable Organic Beeswax Cloth bread bags,"I have always tried to figure out how best to store my noknead bread that I make in the dutch oven.  A plastic bag makes the crust go soft too fast and mold sets in very quickly.  If I don‘t put it in a ziplock bag, it dries out too fast. These reusable beeswax bags have solved that for me.They‘re big enough to fit my loaves of bread made in a dutch oven. They keep the bread from drying out but do not add a lot of moisture, so I‘m not throwing out bread anymore.  The zipper is a nice feature and the bags are pretty enough to leave out on the counter, inviting my family to come have a slice of bread.  Very nice cloth; I can see these will last a long time.  Had no trouble cleaning these inside out and placing them in my drying rack.These bread bags would make a nice housewarming gift to someone who bakes bread.",20250805,freshness_or_drying; moisture_or_mold; smell_or_wax; cleaning; size_fit; durability; value_or_quantity,https://www.amazon.com/gp/customer-reviews/R11J8WQCHHOILZ,False,"[{""name"":""Color"",""detail"":""White -1""}]",0
B0F3HKCFZS,B0F3HKCFZS,https://www.amazon.com/dp/B0F3HKCFZS,5.0,These work!,Wonderful! Wish I had discovered these sooner. The bread keeps perfectly.,20250802,,https://www.amazon.com/gp/customer-reviews/R3UKP2SSBKI7MH,True,"[{""name"":""Color"",""detail"":""White -1""}]",0
B0F3HKCFZS,B0F3HKCFZS,https://www.amazon.com/dp/B0F3HKCFZS,5.0,Must have for anyone who bakes bread!,These bread bags are absolutely perfect.  We use them to store mostly sourdough bread and the size is nice and big and fits every loaf no matter how big.  There‘s no weird smell or off putting taste with it either. It zips up to keep the bread fresh and in many cases warm.  We absolutely do not take bread anywhere now without one.  It seems incredibly durable and tough.  The zipper is good quality and all the materials are strong.This is basically a must have for anyone who bakes bread and likes to take it places.  Heck you can even just use it at home if you want to keep the bread good.  I highly recommend this.,20250725,freshness_or_drying; smell_or_wax; size_fit; durability,https://www.amazon.com/gp/customer-reviews/R2BJKBKA2B31XF,False,"[{""name"":""Color"",""detail"":""White -1""}]",0
B0F3HKCFZS,B0F3HKCFZS,https://www.amazon.com/dp/B0F3HKCFZS,5.0,Large capacity for fresh bakery products,Large capacity fits sourdough bread loaves. Easy clean wax interior with zipper and buckle close. I did see a difference in freshness over the week.,20250724,freshness_or_drying; smell_or_wax; cleaning; size_fit; durability,https://www.amazon.com/gp/customer-reviews/R2AXLBQZHHK0RC,True,[],0
B0F3HKCFZS,B0F3HKCFZS,https://www.amazon.com/dp/B0F3HKCFZS,4.0,Well made sturdy bags . . . I worry that they might be too air tight,I like the quality of construction of these bags and how they look. The size is perfect for my breadmaker bread. The sealed interior fabric is easy to clean but I worry that they‘re a little too air tight. I haven‘t had issues but I worry about it being too good an environment for mold,20250722,moisture_or_mold; cleaning; size_fit,https://www.amazon.com/gp/customer-reviews/R1F15PDHFJT2CU,False,"[{""name"":""Color"",""detail"":""White -1""}]",0
B0F3HKCFZS,B0F3HKCFZS,https://www.amazon.com/dp/B0F3HKCFZS,5.0,"Good Material, Excellent Size!","I really love these bread bags! Preserving bread has never been an easy task as it‘s so easy for them to get stale/get moldy, and regular bags either don‘t seal well at all. These beeswax bread bags are completely different! We purchased local artisan bread from a local bakery and kept it in the bag for four days. The bread was still as delicious as if it had just come out of the oven. The print of the various types of breads on the bags is also super cute - highly recommended!",20250719,freshness_or_drying; moisture_or_mold; smell_or_wax,https://www.amazon.com/gp/customer-reviews/RD38HDZ1X9MU,False,"[{""name"":""Color"",""detail"":""White -1""}]",0
B0F3HKCFZS,B0F3HKCFZS,https://www.amazon.com/dp/B0F3HKCFZS,4.0,"Seems to work pretty well, but more work than I want","This bread bag was very interesting to me, I live in a very dry climate and bake a lot of bread. With traditional sourdough I don‘t put it in plastic or the crust gets soft. But you still have to protect the cut portion or it will become rock hard. So I tried these bags to see if I could come to a happy medium.They did keep the bread crunchy for several days longer than they would in a plastic bag, and kept the cut portion softer. However, they are definitely more work than I prefer to do in order to maintain my bread, and since the bread is hidden it isn‘t eaten as fast in my house.There was a smell that I was uncomfortable with when I initially opened the package, but it went away over time. However, I did feel like I needed to wash the bags before use, and they are not particularly easy to clean.Cool water, inside out, don‘t get the outside wet, air dry, etc is a lotwhen you‘re just trying to eat bread.",20250719,freshness_or_drying; smell_or_wax; cleaning; size_fit; value_or_quantity,https://www.amazon.com/gp/customer-reviews/R2UC1DF8OR0AE2,False,"[{""name"":""Color"",""detail"":""White -1""}]",3
B0F3HKCFZS,B0F3HKCFZS,https://www.amazon.com/dp/B0F3HKCFZS,5.0,Great reusable bread bag,"Wonderful quality item for my aunt‘s homemade bread, helps to keep fresh and reduce waste with this reusable option",20250716,freshness_or_drying,https://www.amazon.com/gp/customer-reviews/R2SLXUTGNY39F1,True,"[{""name"":""Color"",""detail"":""White -1""}]",0
B0F3HKCFZS,B0F3HKCFZS,https://www.amazon.com/dp/B0F3HKCFZS,5.0,Love,Excellent bags. Love the size and quality. It is lined with thick plastic on the inside and have zippers. I’m excited to bake my first few loaves and store them inside to see how fresh everything stays. It comes with 2 bags.,20250715,freshness_or_drying; size_fit; durability,https://www.amazon.com/gp/customer-reviews/RR3QLVVRWF6LY,False,"[{""name"":""Color"",""detail"":""White -1""}]",0
B0F3HKCFZS,B0F3HKCFZS,https://www.amazon.com/dp/B0F3HKCFZS,5.0,Better alternative to plastic,So far so good. Much better than using a ziplock bag. Seems to keep the bread fresher longer as it doesn‘t trap moister like plastic does.,20250711,freshness_or_drying; moisture_or_mold; durability,https://www.amazon.com/gp/customer-reviews/R1MGL0CTKTSAUX,True,"[{""name"":""Color"",""detail"":""White -1""}]",0
B0F3HKCFZS,B0F3HKCFZS,https://www.amazon.com/dp/B0F3HKCFZS,5.0,such a great gift,I friend of mine is baking bread at home and i gifted her this bag and she said that it is so good! Great quality and cute design!,20250710,,https://www.amazon.com/gp/customer-reviews/R37XL3GE04QRV2,True,"[{""name"":""Color"",""detail"":""White -1""}]",0
B0F3HKCFZS,B0F3HKCFZS,https://www.amazon.com/dp/B0F3HKCFZS,5.0,Love the Size and Zipper - Great for Homemade Bread!,"These are great bags and work really well! The large size fits even my biggest loaves, and multiple oaces at once, and they seal up nicely. The zipper is super convenient, way easier than tying off or folding down a regular bag. My bread stays fresh on the counter noticeably longer than it ever did in plastic or foil. They’re easy to clean, and it‘s simple to redistribute the beeswax if needed. Definitely a staple now for my sourdough routine!",20250709,freshness_or_drying; smell_or_wax; cleaning; size_fit; durability,https://www.amazon.com/gp/customer-reviews/R1ZJ0DQS8K76YT,False,"[{""name"":""Color"",""detail"":""White -1""}]",0
B0F3HKCFZS,B0F3HKCFZS,https://www.amazon.com/dp/B0F3HKCFZS,5.0,Perfect for my bread,"Perfect for my sourdough bread, love them!",20250708,size_fit,https://www.amazon.com/gp/customer-reviews/R1L3HGFJUAQXG0,True,"[{""name"":""Color"",""detail"":""White -1""}]",0
B0F3HKCFZS,B0F3HKCFZS,https://www.amazon.com/dp/B0F3HKCFZS,5.0,Perfect Upgrade for Storing Fresh Bread,"These beeswax bread bags turned out to be such a smart little upgrade for my homemade bread routine. They’re big enough to easily fit my sourdough loaves, with durable stitching and a thick linen feel that gives them a nice, rustic look on my counter. The zipper and wrap buckle combo is clever you can zip the bag shut, roll it down, and clip it tight, which really helps keep the bread soft and fresh for a few extra days.I also like that they feel sturdy and reusable, so I’m not wasting plastic bags or cling wrap every week. The waxed lining does a great job creating a barrier to help keep moisture in without turning the crust soggy. Even store-bought bread benefits from a quick transfer into one of these it stays fresher and looks a lot nicer sitting on the counter.Cleaning takes a bit of patience, since I like to turn mine inside out to wipe the lining, but it’s worth it to reuse them over and over. Overall, if you bake your own bread or pick up fresh loaves from a bakery, these are a great tool to help you store them well practical, good looking, and easy to use!",20250708,freshness_or_drying; moisture_or_mold; smell_or_wax; cleaning; size_fit; durability,https://www.amazon.com/gp/customer-reviews/RGKMDPIYK61NE,False,"[{""name"":""Color"",""detail"":""White -1""}]",0
B0F3HKCFZS,B0F3HKCFZS,https://www.amazon.com/dp/B0F3HKCFZS,5.0,Big Bags!,"The instructions made it sound like you can separate the inner wax lining from the outer bag, but you can’t (or at least I couldn’t figure out how to). I guess there is a clip part so you can hang it off things. I guess I could hang it off my pantry shelves or something but then I’d just forget about my bread.I used it to put part of a leftover loaf. It’s quite big for leftovers…and actually is pretty big for the whole loaf. I zipped it and folded it over. Even folded it over, it takes up a bit of space on my counter. I didn’t notice much  difference in my bread, but it works for storage :) I think it was more moist than usual. I think it usually dries out faster, but I don’t have a specific number of days or anything. It’s just all very qualitative…Nice!I think the name, “OerDoh” (Our Dough) is pretty clever XD",20250707,moisture_or_mold; smell_or_wax; size_fit; durability,https://www.amazon.com/gp/customer-reviews/R2KY62Z30GIUFO,False,"[{""name"":""Color"",""detail"":""White -1""}]",0
B0F3HKCFZS,B0F3HKCFZS,https://www.amazon.com/dp/B0F3HKCFZS,5.0,Beeswax bread bag,These bread bags are really really nice.  Thick and the beeswax on the inside is very nice.  The bag is very durable and is not going to break.  We used to cut our bread and then put inside a ziplock baggie.  This is so much nicer and easier to use.  The zipper of the bag is very nice and then you can fold over after zipping however much you need to keep your bread contained. Our bread has remained fresh and the bag is easy to clean and reuse over and over.  I am able to fit 2 homemade loaves in it but my loaves are a little smaller than normal.,20250706,freshness_or_drying; smell_or_wax; cleaning; size_fit; durability,https://www.amazon.com/gp/customer-reviews/RM8H5YCLD3NSO,False,"[{""name"":""Color"",""detail"":""White -1""}]",0
B0F3HKCFZS,B0F3HKCFZS,https://www.amazon.com/dp/B0F3HKCFZS,5.0,Great Product!,"I was hesitant about this working but after using it for a few weeks on the fresh bread from our local bakery, I can say this works amazingly well!The only downside is the difficulty to clean. I turned it inside out (seen in photo) which was difficult but not impossible. It‘s well worth it to not have half a loaf go bad in just a couple days.",20250703,freshness_or_drying; cleaning; size_fit,https://www.amazon.com/gp/customer-reviews/RO1ZD5FNEOR8L,False,"[{""name"":""Color"",""detail"":""White -1""}]",0
B0F3HKCFZS,B0F3HKCFZS,https://www.amazon.com/dp/B0F3HKCFZS,4.0,Rustic look,"This is a review for “Bread Bags for Homemade Bread - 2 Packs XL Reusable Organic Beeswax Linen Cotton Sourdough Bag, Homesteading Essentials Sourdough Bags with Sealing Zip to Keep Fresh“.These feel pretty well made, and definitely much nicer than plastic ones. Size is large, you could fit a large sourdough loaf in one. Plus the closing mechanism is nice for keeping the bread fresh a little longer. I wish the beeswax lining felt more solid. Still, it does help the bread last compared to not using a bag or using a plastic one. Great for homemade bread or store bought.",20250702,freshness_or_drying; smell_or_wax; size_fit; durability; value_or_quantity,https://www.amazon.com/gp/customer-reviews/R3UM5P8U2ICV9R,False,"[{""name"":""Color"",""detail"":""White -1""}]",0
B0F3HKCFZS,B0F3HKCFZS,https://www.amazon.com/dp/B0F3HKCFZS,5.0,Very nice bread bags,"Super happy with these bread bags. They are extra large, have waxed lining and a zipper as well as the wrap and lock feature. I love making sourdough bread, and I hate using plastic to store it.",20250630,smell_or_wax; size_fit; durability,https://www.amazon.com/gp/customer-reviews/R1YMKMKMEE49UD,True,"[{""name"":""Color"",""detail"":""White -1""}]",0
B0F3HKCFZS,B0F3HKCFZS,https://www.amazon.com/dp/B0F3HKCFZS,5.0,Nice Quality Linen and Beeswax Bags,"I love to bake sourdough, and having a method of storing it without using a plastic bag is important to me.  These bags are great.  They are a generous size and seem to be made of healthier materials, and definitely not plastic.  The linen material is sturdy, and the beeswax serves to help the bread stay fresh longer.  A loaf of fresh sourdough usually only lasts a couple of days here, but these bread bags are perfect for giving us a more “natural“ way of storing our bread.  And even if I have to buy bread at the store, which yes, I still have to do, I can move the store-bought bread into one of these bags for healthier storage.",20250630,freshness_or_drying; smell_or_wax; size_fit,https://www.amazon.com/gp/customer-reviews/R5JZAGZEH5HWG,False,"[{""name"":""Color"",""detail"":""White -1""}]",0
B0F3HKCFZS,B0F3HKCFZS,https://www.amazon.com/dp/B0F3HKCFZS,5.0,Good material and excellent size,"My wife makes sourdough bread and we always had problems keeping it and keeping it, this is a great idea it is made of a resistant material and has a large capacity it also has a detail that we liked a lot and that is that it has a handle to be able to transport and so you do not hit the bread.",20250629,size_fit,https://www.amazon.com/gp/customer-reviews/R8DOBLEU04UY6,True,"[{""name"":""Color"",""detail"":""White -1""}]",0
B0F3HKCFZS,B0F3HKCFZS,https://www.amazon.com/dp/B0F3HKCFZS,4.0,"Functional, Beautiful, but Not Fully Circular ♻️","These bread bags are undeniably well made—durable stitching, functional zip closures, and a charming farmhouse aesthetic that elevates your countertop or lunch bag. They do a great job extending the freshness of foods (breads, produce, snacks), and they’re a solid upgrade from disposable plastic. That said, the environmental claims deserve a closer look. Marketing phrases like “eco-friendly,” “natural organic beeswax,” and “sustainable” are appealing—but in practice, these bags don’t fully align with zero-waste principles. The waxed lining doesn’t behave like traditional beeswax wraps—it lacks the distinct scent, texture, and pliability, and may include paraffin or other stabilizers (which aren’t compostable). And while the bags are reusable, their construction includes a zipper and plastic buckle—features that extend the product life and enhance utility, but also complicate end-of-life disposal. This isn’t a product you can toss in the compost when it’s worn out. In short: these bags are excellent for food storage, especially for short-term freshness. But for eco-conscious buyers expecting a fully recyclable or biodegradable option, this lands more in the “eco-inspired” category than truly “eco-friendly.” Still a great tool for reducing single-use waste, just know what you’re really getting.",20250628,freshness_or_drying; smell_or_wax; cleaning; durability,https://www.amazon.com/gp/customer-reviews/RBZMHQORLA5LY,False,"[{""name"":""Color"",""detail"":""White -1""}]",1
B0F3HKCFZS,B0F3HKCFZS,https://www.amazon.com/dp/B0F3HKCFZS,5.0,Quality Bags to keep breads warm and fresh,"A set of two bags arrived. The fabric (cotton linen) feels sturdy and of good quality—not cheap at all—with a decent thickness that adds to its durability. The interior is well-treated, which should help preserve the warmth and aroma of freshly baked bread. I just transferred some loaves from the bakery into them, and they still look great. The zip tie and the circular closure around the zipper secure the contents well, making the bags easy to carry. Overall, the linen material and finishing give me confidence that these bags will keep the bread fresh and in good condition.",20250628,freshness_or_drying; durability; value_or_quantity,https://www.amazon.com/gp/customer-reviews/R3EI3G3XAXXG43,False,"[{""name"":""Color"",""detail"":""White -1""}]",0
B0F3HKCFZS,B0F3HKCFZS,https://www.amazon.com/dp/B0F3HKCFZS,4.0,Keeps bread better longer,"I love baking my own bread, but without preservatives they don‘t last long, especially in humid Georgia. These have really helped, as the beeswax creates a sort of seal to keep humidity and mold out for at least a couple more days. I do still prefer to refrigerate mine, just to be on the safe side, though.",20250627,moisture_or_mold; smell_or_wax,https://www.amazon.com/gp/customer-reviews/R3NXLY260YUOLQ,False,"[{""name"":""Color"",""detail"":""White -1""}]",0
B0F3HKCFZS,B0F3HKCFZS,https://www.amazon.com/dp/B0F3HKCFZS,5.0,"Great Bread Bags, Work Well, Well Made","My wife makes her own home-made sourdough bread and these bags are awesome.Functionality/Quality:Very well built, no loose threads or holes. The zippers work very well and are well made. They do keep bread fresher, longer.Look/Finish:Nice design, I mean, yes it advertises their product but, honestly the name is unique enough and non-Chinese sounding so, it actually gives it a ‘high quality‘ appearance, especially if you pronounce it all Euro to your friends, “Oh, it‘s ‘Euh-Doh style.“ Daheck is that? I dunno, but it sounds fancy.30bucks, seems a little steep for 2 bags but, they are big, and they are very well made.",20250626,freshness_or_drying; size_fit; durability,https://www.amazon.com/gp/customer-reviews/R25D0ZJOR7MVC7,False,"[{""name"":""Color"",""detail"":""White -1""}]",0
B0F3HKCFZS,B0F3HKCFZS,https://www.amazon.com/dp/B0F3HKCFZS,5.0,Eco-Friendly Bread Bags That Keep Loaves Fresh,"These beeswax-lined linen bags are great!  The sturdy zipper seal keeps my bread fresh. The natural beeswax scent is subtle, and the XL size fits sandwich loaves with room to spare. It has quality stitching and dual closure and helps reduce plastic waste.",20250625,freshness_or_drying; smell_or_wax; size_fit; durability,https://www.amazon.com/gp/customer-reviews/R334PDXP4SZAG9,False,"[{""name"":""Color"",""detail"":""White -1""}]",0
B0F3HKCFZS,B0F3HKCFZS,https://www.amazon.com/dp/B0F3HKCFZS,5.0,Large but maybe not long enough.,"Large but not very long bags for storing bread. Not dishwasher safe - special cleaning instructions must be followed, see the photo attached. The set of two is reasonably priced. Comes in a giftable box.",20250624,cleaning; size_fit; value_or_quantity,https://www.amazon.com/gp/customer-reviews/R11J38LHVLF40R,False,"[{""name"":""Color"",""detail"":""White -1""}]",0
B0F3HKCFZS,B0F3HKCFZS,https://www.amazon.com/dp/B0F3HKCFZS,5.0,Nice!,"These reusable bread bags are good for keeping my homemade bread fresh and crusty. The beeswax-lined cotton feels high-quality, and the zip seal really helps lock in freshness. I like its quality and convenience to take homemade bread for picnicking!",20250624,freshness_or_drying; smell_or_wax; durability,https://www.amazon.com/gp/customer-reviews/R369IX084YS50U,False,"[{""name"":""Color"",""detail"":""White -1""}]",0
B0GRV4C1SL,B0GRV4C1SL,https://www.amazon.com/dp/B0GRV4C1SL,5.0,"Bake or buy, this is a great fresh bread storage solution I did not know I needed - love them!","These beeswax bread bags by GULISOT are as attractive as they are functional.
These are definitely a fresh bread storage solution I did not know I needed - now I‘m inspired to bake my own bread. But let’s be honest, I’ll probably just buy more fresh bakery breads instead. Either way, these bread bags will definitely get used and will look much nicer on my counters than bread in messy, plastic zippered pouches or regular plastic bags.

The bags are truly extra large in size, as described. An entire loaf, or multiple skinny baguettes, fit into the pouch, which zips up with no issue. What impressed me the most was how well made and sturdy they are. The material of the bag itself is thick, with a generous beeswax interior coating. They are very easy to maintain. I was able to brush crumbs out with no issue, though I have not needed to try to wash it yet.

The set comes with two bags with an adorable and cheerful bee design on the front. The back is blank, as shown in the photo. The zipper operated smoothly and securely sealed the bag. This is particularly important to me since I live in a very humid climate and want to deter spoiling the best I can and also keep out any possible household pests and ants but don’t like to put my breads into the refrigerator. These bags are a great solution.

Since they are so well-made, I would expect them to hold up for quite a while. Decorative and functional, these reusable bags are great for home bakers and those that just like to shop in the local bakeries at a great value.",20260429,freshness_or_drying; smell_or_wax; cleaning; size_fit; durability; value_or_quantity,https://www.amazon.com/gp/customer-reviews/R1JK8MBXI3XN5L,False,,0
B0GRV4C1SL,B0GRV4C1SL,https://www.amazon.com/dp/B0GRV4C1SL,5.0,The best way to keep home made bread fresh,"These bags are spacious. They comfortably fit my largest round boules and long baguettes without having to squish or cut them. The beeswax-coated lining combined with the linen-cotton exterior is agreat idea. It locks in just enough moisture to keep the crumb soft while allowing the bread to “breathe"" so the crust doesn‘t turn into a rubbery mess. Unlike traditional beeswax wraps that can be fussy to fold, the sealing zipper makes access so fast. I love the roll-top buckle design, it lets me compress the bag as the loaf gets smaller and even doubles as a handle for hanging it in my pantry.",20260427,freshness_or_drying; moisture_or_mold; smell_or_wax; cleaning; size_fit; durability,https://www.amazon.com/gp/customer-reviews/R3VJ2A1E8LBEWS,False,,0
B0GRV4C1SL,B0GRV4C1SL,https://www.amazon.com/dp/B0GRV4C1SL,5.0,"Good product, happy I got them.","Good size,nice zippers, easy to wash. Price seems a little high.",20260423,cleaning; size_fit; durability; value_or_quantity,https://www.amazon.com/gp/customer-reviews/RHXRHH3LQLZXI,False,,0
B0GRV4C1SL,B0GRV4C1SL,https://www.amazon.com/dp/B0GRV4C1SL,5.0,Nice big bread bags,"My wife has taken to doing sour dough baking and it‘s hard to eat the entire loaf before it gets hard and dry. We bought some paper bags that do a good job of keeping the bread fresh for several days, but I don’t love the waste that comes with that. The paper bags are great for gifted loafs. We bought 120 paper bags for a little over $20 vs $35ish for these 2 bags (though these were received through Amazon Vine). It will take a while for these to pay off, but I think they work better and are better for the environment.
I read somewhere that beeswax bags work very well and are much less wasteful. My first attempt at buying beeswax bags was from aliexpress (LOL don’t do it) - those were thin fabric and smell like chemicals, and the bread did not stay fresh at all in those bags. THESE BAGS ARE MUCH BETTER. These are way thicker and you can actually see and smell the beeswax lining the bags. They had a bit of a chemical smell when first opened, but a quick rinse and air dry seems to have helped that a lot. They are quite large bags that will hold large loafs and have nice zippers to make opening/closing very easy. We have used these bags once so far and the loaf was still soft and fresh at the 6-day mark, when we finished eating it.

I think these bags are a good value - you can find slightly cheaper options, but these bags are quite large, seem to have a nice, thick beeswax layer, and the zipper helps ensure a good seal (though also will make cleaning them a little more of a chore and will probably be the failure point of these at some point). I think these attributes make these worth a few extra dollars.

These bags will get a lot of use in our house, and if the zipper fails or cleaning becomes an issue, I’ll update my post accordingly, but for now I’m definitely glad to have these and would recommend buying them.",20260422,freshness_or_drying; smell_or_wax; cleaning; size_fit; durability; value_or_quantity,https://www.amazon.com/gp/customer-reviews/R41BCG67YE4GS,False,,0
B0GRV4C1SL,B0GRV4C1SL,https://www.amazon.com/dp/B0GRV4C1SL,5.0,"Keeps Homemade Bread Fresh with a Clean, Natural Feel","These XL beeswax bread bags are a wonderful upgrade for storing homemade loaves. The linen‑cotton fabric has that sturdy, breathable feel you want for sourdough, and the beeswax coating gives it a natural seal that keeps bread fresh without trapping moisture. The zipper closure is a big improvement over simple fold‑tops — it helps maintain freshness longer and keeps the loaf protected on the counter.
The size is generous enough for large sourdough rounds or tall sandwich loaves, and the bags hold their shape well. The beeswax lining has a light, natural scent and wipes clean easily after use. They’re reusable, eco‑friendly, and feel much more durable than thin cotton bags.

If you bake at home or pick up fresh bakery bread, these bags are a smart, practical way to keep your loaves soft inside and crisp outside. A well‑made, thoughtful set that performs exactly as promised.",20260422,freshness_or_drying; moisture_or_mold; smell_or_wax; cleaning; size_fit; durability; value_or_quantity,https://www.amazon.com/gp/customer-reviews/R2I9D814W3EIJ1,False,,0
B0GRV4C1SL,B0GRV4C1SL,https://www.amazon.com/dp/B0GRV4C1SL,5.0,Well-Made Beeswax Bread Bags with Plenty of Room for Homemade Loaves,"These beeswax bread bags are well-made from a sturdy canvas-like fabric that feels substantial, weighing 7 1/4 ounces. The beeswax lining is smooth, and the interior seams are fully finished, which helps with cleaning and removing breadcrumbs. The bag size is generous, measuring 12 3/4“ W x 16 1/2"" L with a sealing zipper that extends along two sides. They easily accommodate a loaf of homemade sourdough or a loaf from my bread machine, leaving enough room to prevent compressing the bread. The set includes two bags each with a 13/16"" wide braided 9.5"" long loop sewn into the top left corner for hanging or carrying. Each bag also has a cute bee design printed on the front.",20260421,smell_or_wax; cleaning; size_fit; durability; value_or_quantity,https://www.amazon.com/gp/customer-reviews/RPOTB5EYHRW3T,False,,0
B0GRV4C1SL,B0GRV4C1SL,https://www.amazon.com/dp/B0GRV4C1SL,5.0,The Fancy Bread Bag That Makes Your Loaf Feel Like It Has Healthcare,"If you bake sourdough (or buy “artisan” bread and pretend you baked it—no judgment), you already know the problem: leave it out and it dries into a medieval weapon; seal it in plastic and it gets weirdly damp like it’s sweating through its feelings. These beeswax bread bags are basically the compromise bread has been begging for.
The beeswax-coated linen/cotton does the thing it’s supposed to do: it helps the loaf stay fresh without turning it into a humid terrarium. The bag breathes enough that the crust doesn’t immediately go sad, but it also keeps the inside from drying out overnight like you left it in the desert. It’s not magic, but it’s noticeably better than “countertop exposure therapy.”

The XL size is legit. A full sourdough boule fits without you wrestling it in like you’re packing a sleeping bag. Baguettes, big artisan loaves—there’s room. And the zipper is oddly satisfying because it feels like you’re sealing a precious document instead of bread. It’s very “my carbs are important.”

Cleaning is pretty straightforward: wipe with a damp cloth or hand wash cool. Just remember: it’s beeswax. Treat it gently. This is not a “throw it in hot water and scrub like a casserole dish” situation unless you want to watch your coating exit the chat.

Two-pack is perfect—one in use, one drying—because bread people never have just one loaf. You always have “today’s loaf” and “the loaf you made because you got bored.”

Pros:
- Beeswax coating balances moisture and airflow better than plastic bags
- XL size fits big sourdough/artisan loaves and baguettes comfortably
- Zipper closure is convenient and actually helps with freshness
- Reusable, sturdy, and easy to wipe clean for daily use
- Two-pack is great for rotating loaves / washing one while using the other

Cons:
- Needs gentle cleaning (cool water only; beeswax has boundaries)
- Won’t “save” bread forever—just extends the good window
- If you like ultra-crispy crust storage, you may still prefer a paper bag for short stints

Best for:
Home bakers, sourdough people, and anyone trying to keep artisan bread fresh without plastic-bag weirdness.

Not for:
People who want zero-maintenance, machine-wash-everything convenience.

One-liner summary:
A breathable, beeswax-lined upgrade that keeps your bread fresher longer—like giving your sourdough a better living situation.",20260420,freshness_or_drying; moisture_or_mold; smell_or_wax; cleaning; size_fit; durability; value_or_quantity,https://www.amazon.com/gp/customer-reviews/R24XBR30B5NE72,False,,0
B0GRV4C1SL,B0GRV4C1SL,https://www.amazon.com/dp/B0GRV4C1SL,5.0,Fantastic and decorative way to store your bread products.,"These are wonderfully constructed and large enough to hold some big loaves of bread or buns. Helps them to stay softer and fresher longer. Extended your homemade breads or store bought ones.
Quality zipper allows you to easily put in or take out whatever bread product your storing. If you like bread, and want a better way to store your delicacies, these bags are for you.",20260419,freshness_or_drying; size_fit; durability,https://www.amazon.com/gp/customer-reviews/R2HVFTIMRL24IH,False,,0
B0GBX8GD6Q,B0GBX8GD6Q,https://www.amazon.com/dp/B0GBX8GD6Q,3.0,thin waxes sheets,wax coating very very thin...waiting to see if it works like it should.,20260503,smell_or_wax,https://www.amazon.com/gp/customer-reviews/R3L05N3GREA57,False,"[{""name"":""Size"",""detail"":""X-large""},{""name"":""Color"",""detail"":""Apricot""}]",0
B0GBX8GD6Q,B0GBX8GD6Q,https://www.amazon.com/dp/B0GBX8GD6Q,4.0,a good product,"The first order arrived with defective hardware. (the plastic clasps were both female, not male/female so they wouldn‘t latch.) The order was replaced quickly. The product is as advertised and seems to work well.",20260427,freshness_or_drying,https://www.amazon.com/gp/customer-reviews/RKDE8GZNAFALP,False,"[{""name"":""Size"",""detail"":""X-Large""},{""name"":""Color"",""detail"":""Apricot""}]",0
B0GBX8GD6Q,B0GBX8GD6Q,https://www.amazon.com/dp/B0GBX8GD6Q,1.0,SPELLING ERROR,"The bags have a typo on the word RECYCLE, on the bags it is spelled incorrectly (RECTCLE). I contacted the company to fix the typo and send me 2 new bags with the correct spelling but I have never heard back from them!",20260424,,https://www.amazon.com/gp/customer-reviews/R35BC8KW7PK017,False,"[{""name"":""Size"",""detail"":""X-Large""},{""name"":""Color"",""detail"":""Apricot""}]",0
B0GBX8GD6Q,B0GBX8GD6Q,https://www.amazon.com/dp/B0GBX8GD6Q,5.0,Great quality and nice deaign,"These are nice and big for my sourdough loaves. Super cute design. Sturdy and good quality. Would buy again, also great gift idea for someone that bakes bread.",20260418,size_fit,https://www.amazon.com/gp/customer-reviews/R172NH4KI5O17A,False,"[{""name"":""Size"",""detail"":""X-Large""},{""name"":""Color"",""detail"":""Apricot""}]",0
B0GBX8GD6Q,B0GBX8GD6Q,https://www.amazon.com/dp/B0GBX8GD6Q,5.0,Bread bags for sourdough,"These reusable beeswax bread bags are a game changer! They keep bread fresh longer without making it soggy like plastic bags.
I love that they’re eco-friendly, reusable, and super easy to use. Plus, they look great in the kitchen!

If you want fresher bread and less waste, these are totally worth it.",20260415,freshness_or_drying; smell_or_wax,https://www.amazon.com/gp/customer-reviews/R7SKQH2WN9T1N,False,"[{""name"":""Size"",""detail"":""X-Large""},{""name"":""Color"",""detail"":""Apricot""}]",0
B0GBX8GD6Q,B0GBX8GD6Q,https://www.amazon.com/dp/B0GBX8GD6Q,5.0,10/10 for slow eating new beginners!!,"As a 2 pack product I do not normally expect much, BUT large bags and very VERY helpful for how I am making bread!I have 2 small children and am learning to make bread, these bags are AMAZING for keeping it fresh!! Over a week I have had 6 loafs made and sitting and the bees wax bags make a world of difference!!
It makes me wanting to save money even better with the amount of time and product I am saving!",20260413,freshness_or_drying; smell_or_wax; size_fit; value_or_quantity,https://www.amazon.com/gp/customer-reviews/REEW6FCLYDTDF,False,"[{""name"":""Size"",""detail"":""X-Large""},{""name"":""Color"",""detail"":""Apricot""}]",0
B0GBX8GD6Q,B0GBX8GD6Q,https://www.amazon.com/dp/B0GBX8GD6Q,5.0,Nice design and good material,"The design looks nice and I like the overall style.The material feels good and the quality is decent.
Seems practical for everyday use.",20260412,,https://www.amazon.com/gp/customer-reviews/R14YOHRT16A4J9,False,"[{""name"":""Size"",""detail"":""X-Large""},{""name"":""Color"",""detail"":""Apricot""}]",0
B0GBX8GD6Q,B0GBX8GD6Q,https://www.amazon.com/dp/B0GBX8GD6Q,5.0,Cute and handy,"Cute, easy to use, and work great! A much better storage option to keep bread feeling and tasting fresh. Keeps odors out and seals well, fitting more bread than expected",20260403,freshness_or_drying; smell_or_wax; size_fit,https://www.amazon.com/gp/customer-reviews/R1Y6PH6MQPCP5,False,,0
B0GBX8GD6Q,B0GBX8GD6Q,https://www.amazon.com/dp/B0GBX8GD6Q,1.0,Made in China,I should not review until I use but read product description (I did not) because they are made in China.☹️,20260321,durability,https://www.amazon.com/gp/customer-reviews/R1VOER41STAQDQ,False,"[{""name"":""Size"",""detail"":""X-Large""},{""name"":""Color"",""detail"":""Apricot""}]",0
B0GBX8GD6Q,B0GBX8GD6Q,https://www.amazon.com/dp/B0GBX8GD6Q,5.0,Nice large size and cute design,Lovely bag....love the design and nice large size,20260320,size_fit,https://www.amazon.com/gp/customer-reviews/R21YI7OJWSHT48,False,"[{""name"":""Size"",""detail"":""X-Large""},{""name"":""Color"",""detail"":""Apricot""}]",0
B0GBX8GD6Q,B0GBX8GD6Q,https://www.amazon.com/dp/B0GBX8GD6Q,5.0,Great quality,"Big enough for any kind of bread. Made well, it’s sturdy. Definitely a good buy",20260320,,https://www.amazon.com/gp/customer-reviews/R1MQU0TT3H2QZ0,False,"[{""name"":""Size"",""detail"":""X-Large""},{""name"":""Color"",""detail"":""Apricot""}]",0
B0GBX8GD6Q,B0GBX8GD6Q,https://www.amazon.com/dp/B0GBX8GD6Q,1.0,Waste of money,"So very disappointedBought fresh bread from bakery
Put in bags mold in 3 days",20260320,freshness_or_drying; moisture_or_mold,https://www.amazon.com/gp/customer-reviews/RKCPE7P396VVQ,False,"[{""name"":""Size"",""detail"":""X-Large""},{""name"":""Color"",""detail"":""Apricot""}]",0
B0GBX8GD6Q,B0GBX8GD6Q,https://www.amazon.com/dp/B0GBX8GD6Q,5.0,Great addition to my breadbaking,These bags are wonderful. I bake all of my own bread and have been looking for a better way to store the loaves. The bags are well made and have kept my bread fresh and delicious,20260319,freshness_or_drying,https://www.amazon.com/gp/customer-reviews/R2U5LVVSVOI2PO,False,"[{""name"":""Size"",""detail"":""X-Large""},{""name"":""Color"",""detail"":""Light Beige""}]",0
B0GBX8GD6Q,B0GBX8GD6Q,https://www.amazon.com/dp/B0GBX8GD6Q,3.0,Crispness disappointed.,It did not keep the crispness of the crust.,20260317,freshness_or_drying,https://www.amazon.com/gp/customer-reviews/R2P0E6V2NWZF9U,False,,4
B0GBX8GD6Q,B0GBX8GD6Q,https://www.amazon.com/dp/B0GBX8GD6Q,5.0,Perfect for Sourdough,"It has helped my sourdough bread to stay fresh for long. These are very easy to clean, just make sure you only hand wash. I have tried using plastic air tight storage containers but bread used to get too much condensation inside. Now after using these bags, my bread does not get too dry nor too moist.",20260316,freshness_or_drying; moisture_or_mold; cleaning; size_fit,https://www.amazon.com/gp/customer-reviews/R3G3SWVIX13F6L,False,"[{""name"":""Size"",""detail"":""X-Large""},{""name"":""Color"",""detail"":""Apricot""}]",0
B0GBX8GD6Q,B0GBX8GD6Q,https://www.amazon.com/dp/B0GBX8GD6Q,5.0,Perfect for sourdough bread!,"Beuatiful bags! Great for storing bread, gift for my husband who has recently taken up sourdough making! Recommended for freshness! Great design! Fits a nice whole sourdough!",20260312,freshness_or_drying; size_fit,https://www.amazon.com/gp/customer-reviews/RZDXAHP9PPF3N,False,"[{""name"":""Size"",""detail"":""X-Large""},{""name"":""Color"",""detail"":""Apricot""}]",0
B0GBX8GD6Q,B0GBX8GD6Q,https://www.amazon.com/dp/B0GBX8GD6Q,5.0,It’s a bag with wax on the inside,"I’m not sure what to say about this other than it’s a reusable bag for bread. It seems like good quality and is a good value. I wish it was a little smaller for easier storage, but that’s more of a me problem",20260311,size_fit; value_or_quantity,https://www.amazon.com/gp/customer-reviews/R299KHG95DRKUP,False,"[{""name"":""Size"",""detail"":""X-Large""},{""name"":""Color"",""detail"":""Apricot""}]",0
B0GBX8GD6Q,B0GBX8GD6Q,https://www.amazon.com/dp/B0GBX8GD6Q,5.0,Great reusable bags,"Since recently discovering how many chemicals and pesticides are in store-bought bread, I’ve started baking my own from home twice a week. I’ve tried storing it in Tupperware, but it gets too much condensation inside. These bread bags are a great way to store it without it drying out quickly or becoming too moist. I can fit two full loaves in a bag. The outside is a nice canvas material and has clips on the top to close it, just like a dry bag does. The design on them is pretty cute too.",20260310,freshness_or_drying; moisture_or_mold; size_fit,https://www.amazon.com/gp/customer-reviews/R2D10ZPR9F43Z0,False,"[{""name"":""Size"",""detail"":""X-Large""},{""name"":""Color"",""detail"":""Apricot""}]",0
B0GBX8GD6Q,B0GBX8GD6Q,https://www.amazon.com/dp/B0GBX8GD6Q,5.0,I love it!,I recently started making homemade bread and I didn’t want to use ziplock bags anymore so I got these and I LOVE THEM!!!! They keep the bread from going hard and I also made banana bread and it kept it SO MOIST!!!! I definitely recommend! Also it’s super easy to clean! Just make sure you don’t use hot water or it will melt the beeswax off!,20260310,freshness_or_drying; moisture_or_mold; smell_or_wax; cleaning; durability,https://www.amazon.com/gp/customer-reviews/R1U7QQSL0UGNC3,False,"[{""name"":""Size"",""detail"":""X-Large""},{""name"":""Color"",""detail"":""Apricot""}]",0
B0GBX8GD6Q,B0GBX8GD6Q,https://www.amazon.com/dp/B0GBX8GD6Q,5.0,Keeps Bread Fresh For More,"These beeswax bags are a sourdough baker’s dream! The cotton lining keeps my loaves perfectly fresh and crusty without the plastic waste. Eco-friendly, freezer-safe, and a must-have for homemade bread.",20260309,freshness_or_drying; smell_or_wax; size_fit,https://www.amazon.com/gp/customer-reviews/R1D4TX9Z2ACV53,False,"[{""name"":""Size"",""detail"":""X-Large""},{""name"":""Color"",""detail"":""Apricot""}]",0
B0GBX8GD6Q,B0GBX8GD6Q,https://www.amazon.com/dp/B0GBX8GD6Q,5.0,Top quality!,"I’m really happy with these reusable beeswax bread bags! The quality is excellent — the fabric feels thick and durable, and the beeswax lining does a great job keeping bread fresh for longer. I love that they’re a sustainable alternative to plastic bags, and they’re also very easy to clean and reuse.
The size is perfect for homemade loaves, sourdough, and even store-bought bread. The closure works well and keeps everything secure. Plus, the design is super cute and looks nice on the kitchen counter.

Overall, a great eco-friendly product that works exactly as advertised. I would definitely recommend these to anyone who bakes bread or wants a better way to store it!",20260307,freshness_or_drying; smell_or_wax; cleaning; size_fit; durability,https://www.amazon.com/gp/customer-reviews/RKRJY8W3T9L06,False,"[{""name"":""Size"",""detail"":""X-Large""},{""name"":""Color"",""detail"":""Apricot""}]",0
B0GBX8GD6Q,B0GBX8GD6Q,https://www.amazon.com/dp/B0GBX8GD6Q,5.0,Bread bags,These are great for fresh homemade bread! They’re very easy clean as well and the closure is easy to use.,20260307,freshness_or_drying; cleaning,https://www.amazon.com/gp/customer-reviews/R1QHX33RNJNGGS,False,"[{""name"":""Size"",""detail"":""X-Large""},{""name"":""Color"",""detail"":""Apricot""}]",0
B0GBX8GD6Q,B0GBX8GD6Q,https://www.amazon.com/dp/B0GBX8GD6Q,5.0,Perfect !,Perfect for my sourdough bread loafs! These are the perfect size keeping the bread fresh and in shape!,20260306,freshness_or_drying; size_fit,https://www.amazon.com/gp/customer-reviews/R3G5KE88PIB7V7,False,"[{""name"":""Size"",""detail"":""X-Large""},{""name"":""Color"",""detail"":""Apricot""}]",0
B0GBX8GD6Q,B0GBX8GD6Q,https://www.amazon.com/dp/B0GBX8GD6Q,5.0,Reusable Beeswax Bread Bags for Sourdough Baking,"Reusable Beeswax Bread Bags for Sourdough Baking (2 Pack) XL - Cotton Lined, Eco-Friendly, Freezer-Safe, Keep Homemade Bread Fresh, Food-Storage Bag.Excellent product, magnificent presentation as I expected, it has very good quality, it is very practical, it has a reasonable price, I highly recommend it, I will buy it again.",20260304,freshness_or_drying; smell_or_wax; size_fit; value_or_quantity,https://www.amazon.com/gp/customer-reviews/RYZEBPDSZGIYU,False,"[{""name"":""Size"",""detail"":""X-Large""},{""name"":""Color"",""detail"":""Apricot""}]",0
B0GBX8GD6Q,B0GBX8GD6Q,https://www.amazon.com/dp/B0GBX8GD6Q,5.0,Keeps my bread tasting fresh!,"These beeswax bags are great for bread! They keep my loaf fresh without drying it out or making it soggy. Easy to wrap, easy to clean, and a perfect plastic-free swap. Highly recommend!",20260303,freshness_or_drying; smell_or_wax; cleaning; size_fit,https://www.amazon.com/gp/customer-reviews/RB920TKMTB4WK,False,"[{""name"":""Size"",""detail"":""X-Large""},{""name"":""Color"",""detail"":""Apricot""}]",0
B0GBX8GD6Q,B0GBX8GD6Q,https://www.amazon.com/dp/B0GBX8GD6Q,5.0,Beautiful and Functional,Just got into sourdough baking and I LOVE THESE BAGS! They work perfectly to keep my loaf of bread in great condition! Highly recommend. the quality is well made and i love the simplicity of the look. Bread stays fresh. They are pretty large so I can actually fit 2 bread loaves in one bag.,20260226,freshness_or_drying; size_fit,https://www.amazon.com/gp/customer-reviews/R2PKCXXBRGG0OE,False,"[{""name"":""Size"",""detail"":""X-Large""},{""name"":""Color"",""detail"":""Light Beige""}]",1
B0GBX8GD6Q,B0GBX8GD6Q,https://www.amazon.com/dp/B0GBX8GD6Q,5.0,Good natural fabric,"Love these bags. Natural cotton fabric , keep my bread fresh for longer time than without such bags. Good quality, well made.",20260224,freshness_or_drying,https://www.amazon.com/gp/customer-reviews/R35ZWEVXBV6FC7,False,"[{""name"":""Size"",""detail"":""X-Large""},{""name"":""Color"",""detail"":""Apricot""}]",0
B0GBX8GD6Q,B0GBX8GD6Q,https://www.amazon.com/dp/B0GBX8GD6Q,1.0,Misleading ad. Be aware.,"Misleading post. States $6.25 each, 4 bags. Received two.",20260218,,https://www.amazon.com/gp/customer-reviews/R1L601V32AE2M4,False,"[{""name"":""Size"",""detail"":""X-Large""},{""name"":""Color"",""detail"":""Apricot""}]",1
B0GBX8GD6Q,B0GBX8GD6Q,https://www.amazon.com/dp/B0GBX8GD6Q,5.0,Adorable,Can’t wait to use these! Love that they’re reusable beeswax and definitely can fit large sourdough loafs!,20260216,smell_or_wax; size_fit,https://www.amazon.com/gp/customer-reviews/R1CJI1Z9VHRPQF,False,"[{""name"":""Size"",""detail"":""X-Large""},{""name"":""Color"",""detail"":""Apricot""}]",0
B0GBX8GD6Q,B0GBX8GD6Q,https://www.amazon.com/dp/B0GBX8GD6Q,5.0,Great for homemade breads.,Very nice bags. Perfect for my loaves of sourdough. Not too big. Not too small stitching is solid. These seem like they will last quite a while.,20260213,size_fit; durability,https://www.amazon.com/gp/customer-reviews/R1XW2AYHZ3OJ8D,False,"[{""name"":""Size"",""detail"":""X-Large""},{""name"":""Color"",""detail"":""Apricot""}]",0
B0GBX8GD6Q,B0GBX8GD6Q,https://www.amazon.com/dp/B0GBX8GD6Q,5.0,Helps my sourdough from getting moldy or soggy,These bread bags help my sourdough bread from getting moldy or soggy.,20260204,moisture_or_mold; size_fit,https://www.amazon.com/gp/customer-reviews/R30XXLOBZA3DRL,False,"[{""name"":""Size"",""detail"":""X-Large""},{""name"":""Color"",""detail"":""Apricot""}]",0
B0GBX8GD6Q,B0GBX8GD6Q,https://www.amazon.com/dp/B0GBX8GD6Q,4.0,These bags keep my bread fresh without having to use plastic bags.,So far they have been excellent! That is why I have only given it 4 stars. It has kept my sourdough bread fresh and is easy to use.,20250813,freshness_or_drying; size_fit,https://www.amazon.com/gp/customer-reviews/R21NADDGNI4QV6,False,,3
B0GL9LJCL7,B0GL9LJCL7,https://www.amazon.com/dp/B0GL9LJCL7,4.0,Finally a bag that actually has a double zipper-latch seal! Keeps fresh longer,"I like not having to use plastic disposable bags for loaves of bread, these are a great option! First of all, they are massive! There are plenty big for a standard size sourdough loaf cooked in a Dutch oven, potentially even two loaves. I really like that they are lined with the beeswax, which is easy to clean and also does a decent job of keeping your bread fresh. At the top of the bag, you roll over the fabric and then buckle it to secure it, before rolling the bag, make sure to close the zipper because that adds an extra layer of protection against the air. Having the zipper at the top is something that is unique to this brand of bag, I have not seen that on other beeswax bread bags we‘ve had before. They don’t feel super thick, the texture is a little bit stiff. I’m hoping that improves overtime, but that also may just be a quality thing.overall, these are cute and we will definitely be used one presenting bread as a gift to others!",20260424,freshness_or_drying; smell_or_wax; cleaning; size_fit; durability,https://www.amazon.com/gp/customer-reviews/R36MY3DF4NBSF5,False,,0
B0GL9LJCL7,B0GL9LJCL7,https://www.amazon.com/dp/B0GL9LJCL7,5.0,Quality,"Love them, and they work!",20260423,,https://www.amazon.com/gp/customer-reviews/R2QURTCGKT9RB4,False,,0
B0F3V3S7WG,B0F3V3S7WG,https://www.amazon.com/dp/B0F3V3S7WG,5.0,Works well for homemade bread,The bread bags worked very well for my homemade bread keeps it fresh for about a week. The price was pretty good on them and they are made very well. All lined inside would recommend them.,20260429,freshness_or_drying; value_or_quantity,https://www.amazon.com/gp/customer-reviews/R1KVZRANIB4YX1,False,"[{""name"":""Number of Items"",""detail"":""2""}]",0
B0F3V3S7WG,B0FH1R2CC4,https://www.amazon.com/dp/B0FH1R2CC4,5.0,Must-have for home bakers,"This bread bag is amazing! We bake fresh sourdough at home twice a week, and it keeps our loaf fresh for up to five days, with no signs of mold. Great item",20260423,freshness_or_drying; moisture_or_mold; size_fit,https://www.amazon.com/gp/customer-reviews/R17TZNOEVG2UE1,False,"[{""name"":""Number of Items"",""detail"":""1""}]",0
B0F3V3S7WG,B0F3V3S7WG,https://www.amazon.com/dp/B0F3V3S7WG,5.0,Keeps bread fresh for days!,This keeps bread super fresh. An excellent product for a very fair price.,20260416,freshness_or_drying; value_or_quantity,https://www.amazon.com/gp/customer-reviews/R3L00TJM1CFZYM,False,"[{""name"":""Number of Items"",""detail"":""2""}]",0
B0F3V3S7WG,B0F3V3S7WG,https://www.amazon.com/dp/B0F3V3S7WG,5.0,Keeps baked goods fresh for longer!,Keeps my homemade sourdough fresh for days! Holds the biggest loaf I bake with room to spare. Rinses out if needed. Very durable and I like not using so much plastic.,20260413,freshness_or_drying; size_fit; durability,https://www.amazon.com/gp/customer-reviews/R2ZJIZTXYHXWAN,False,"[{""name"":""Number of Items"",""detail"":""2""}]",0
B0F3V3S7WG,B0F3V3S7WG,https://www.amazon.com/dp/B0F3V3S7WG,5.0,Works well,"I‘m surprised that it works well! You can keep your home made bread and it didn’t dry or make it stale. I’m super happy with this buy, as I’ve bought one other brand and it didn’t work at all. Recommend product!",20260413,freshness_or_drying,https://www.amazon.com/gp/customer-reviews/R29RPI4IUD2ISV,False,"[{""name"":""Number of Items"",""detail"":""2""}]",0
B0F3V3S7WG,B0FH1R2CC4,https://www.amazon.com/dp/B0FH1R2CC4,5.0,Nice product,These bags are great. I bake my own bread and this keeps it fresh for days. Easy to clean. Great product.,20260413,freshness_or_drying; cleaning,https://www.amazon.com/gp/customer-reviews/R32TXT1GGHZTZ9,False,"[{""name"":""Number of Items"",""detail"":""1""}]",0
B0F3V3S7WG,B0FH1R2CC4,https://www.amazon.com/dp/B0FH1R2CC4,3.0,"Well made bags, but didn’t work out for me","I didn’t care for these, my sourdough got moldy quickly. I had it wrapped in this bag inside a bread box.",20260412,moisture_or_mold; size_fit,https://www.amazon.com/gp/customer-reviews/R1GUI980ZN198W,False,"[{""name"":""Number of Items"",""detail"":""1""}]",0
B0F3V3S7WG,B0F3V3S7WG,https://www.amazon.com/dp/B0F3V3S7WG,1.0,Moldy bread,Bread molded within 2 days. Ziplock bag keeps for a week. Waste of money.,20260405,moisture_or_mold; durability,https://www.amazon.com/gp/customer-reviews/R1OE4HK4XZGHU8,True,"[{""name"":""Number of Items"",""detail"":""2""}]",0
B0F3V3S7WG,B0F3V3S7WG,https://www.amazon.com/dp/B0F3V3S7WG,5.0,Heavy duty,Works great for my sourdough bread keeps it fresh longer,20260405,freshness_or_drying; size_fit,https://www.amazon.com/gp/customer-reviews/R2C5QAL8QQGG7V,True,"[{""name"":""Number of Items"",""detail"":""2""}]",0
B0F3V3S7WG,B0F3V3S7WG,https://www.amazon.com/dp/B0F3V3S7WG,5.0,Super nice,Great bread bags and reasonably priced.,20260404,value_or_quantity,https://www.amazon.com/gp/customer-reviews/R2EJLZ6JMLC4TW,True,"[{""name"":""Number of Items"",""detail"":""2""}]",0
B0F3V3S7WG,B0FH1R2CC4,https://www.amazon.com/dp/B0FH1R2CC4,2.0,Beeswax BAG,"Be careful, the pic and the description says bag(s) but there is only one in this order",20260404,durability,https://www.amazon.com/gp/customer-reviews/RFMEA8P5SK0IC,True,"[{""name"":""Number of Items"",""detail"":""1""}]",0
B0F3V3S7WG,B0F3V3S7WG,https://www.amazon.com/dp/B0F3V3S7WG,5.0,Awesome beeswax infused bread bags for sourdough bread,"One of the hardest things about making homemade sourdough bread is trying to figure out how to store it. If you store it in the fridge, it gets tough. If you store it on the counter, it dries out. If you store it on the counter in a ziplock bad, it molds quickly. So far, the answer for me has been these beeswax infused bread bags. They are wonderful at keeping the bread fresh until it‘s been eaten. You get two in the set. Each bag is large enough for a full sized loaf, plus some mini loaves. The outer material is a cotton blend and the inner layer is a100% cotton that’s infused with beeswax, pine resin, and jojoba oil. It creates the perfect environment for your homemade loaves. They close with a strap and buckle (roll it up and buckle it). For those of you who are concerned about the mountain of trash we generate - especially plastics that might take a century or more to decompose - this is a wonderful way to bring that philosophy into your home. Reduce, reuse and recycle was the mantra for years. These bags reduce our reliance on plastic bags and keep microplastics out of our food. The price is in line with other similar bread bags. They are so easy to use and easy to keep clean - just brush them out and rinse in cool water as needed.",20260403,freshness_or_drying; moisture_or_mold; smell_or_wax; cleaning; size_fit; durability; value_or_quantity,https://www.amazon.com/gp/customer-reviews/RY9ZQHZFR1PZT,False,"[{""name"":""Number of Items"",""detail"":""2""}]",0
B0F3V3S7WG,B0F3V3S7WG,https://www.amazon.com/dp/B0F3V3S7WG,5.0,GOOD BAGS- COTTON AND LINEN OUTSIDE,"Very nice.  Large. Can hold a couple of sourdough, long loaves or a bowl shapeThey are linen and cotton outside and waxed on the inside.",20260403,smell_or_wax; size_fit,https://www.amazon.com/gp/customer-reviews/R3EF42I12SL61I,True,"[{""name"":""Number of Items"",""detail"":""2""}]",0
B0F3V3S7WG,B0F3V3S7WG,https://www.amazon.com/dp/B0F3V3S7WG,5.0,Really keeps bread fresh longer,I was unsure about buying this for homemade bread but it really worked. My bread stayed soft and fresh longer than ever before.,20260403,freshness_or_drying,https://www.amazon.com/gp/customer-reviews/R3A5V7XBXAM7DI,True,"[{""name"":""Number of Items"",""detail"":""2""}]",0
B0F3V3S7WG,B0F3V3S7WG,https://www.amazon.com/dp/B0F3V3S7WG,5.0,Fresh Bread,This bag has saved the bread.  It remains fresh and soft till the last slice or bun.,20260402,freshness_or_drying,https://www.amazon.com/gp/customer-reviews/R35EE4216NYSSP,True,"[{""name"":""Number of Items"",""detail"":""2""}]",0
B0F3V3S7WG,B0F3V3S7WG,https://www.amazon.com/dp/B0F3V3S7WG,5.0,Nice!,Well made,20260402,,https://www.amazon.com/gp/customer-reviews/R1MQTECJL1QNK6,True,"[{""name"":""Number of Items"",""detail"":""2""}]",0
B0F3V3S7WG,B0F3V3S7WG,https://www.amazon.com/dp/B0F3V3S7WG,5.0,No more moldy bread,Bread used to be stored in a plastic ziplock bag but got moldy after a few days. Bread does now remain fresh for ‘weeks‘ if it last that long.,20260402,freshness_or_drying; moisture_or_mold; durability,https://www.amazon.com/gp/customer-reviews/R2ZKMGEC84BXAC,True,"[{""name"":""Number of Items"",""detail"":""2""}]",0
B0F3V3S7WG,B0F3V3S7WG,https://www.amazon.com/dp/B0F3V3S7WG,3.0,Not what you think,"Beautiful sourdough loaf I put in the bag, 3 days later hard as a rock... doesn‘t seem to work any better than paper or plastic 🤔",20260401,freshness_or_drying; size_fit,https://www.amazon.com/gp/customer-reviews/RMK10B9GVOA3I,True,"[{""name"":""Number of Items"",""detail"":""2""}]",0
B0F3V3S7WG,B0F3V3S7WG,https://www.amazon.com/dp/B0F3V3S7WG,4.0,No zipper closure.  Good bag for general purposes.,"Good bag, but I didn’t realize it doesn’t have a zipper closure.  You had to roll the bag up neatly and then use the plastic buckle to close it.  I would be wary freezing this bag, because of the plastic.  I haven’t tried freezing it, to be completely honest.",20260401,durability,https://www.amazon.com/gp/customer-reviews/R2CZTXYIOOGKNF,True,"[{""name"":""Number of Items"",""detail"":""2""}]",0
B0F3V3S7WG,B0FH1R2CC4,https://www.amazon.com/dp/B0FH1R2CC4,5.0,fresh bread,These are made to keep in the refrigerator.  They work well in keeping your fresh bread stay that way for days.,20260401,freshness_or_drying,https://www.amazon.com/gp/customer-reviews/R1HT3LON7HKG2G,True,"[{""name"":""Number of Items"",""detail"":""1""}]",0
B0F3V3S7WG,B0F3V3S7WG,https://www.amazon.com/dp/B0F3V3S7WG,5.0,Works as Advertised!,"These truly extend the life of fresh sourdough.  We normally got about 3 days before you started to have issues, but now we get a full week before the bread has issues.  Great product that really works!",20260331,freshness_or_drying; size_fit,https://www.amazon.com/gp/customer-reviews/RTNIF8VYYYY8N,True,"[{""name"":""Number of Items"",""detail"":""2""}]",0
B0F3V3S7WG,B0F3V3S7WG,https://www.amazon.com/dp/B0F3V3S7WG,1.0,Waste of money,These don‘t work any better than a brown paper bag.,20260330,,https://www.amazon.com/gp/customer-reviews/R188ZHB5N05BKU,True,"[{""name"":""Number of Items"",""detail"":""2""}]",0
B0F3V3S7WG,B0F3V3S7WG,https://www.amazon.com/dp/B0F3V3S7WG,2.0,Wouldn’t purchase again.,No better with or without. Home-baked sourdough Bread didn’t stay fresh longer.Nice clipping system to close.Will try and find another use for the bag.,20260330,freshness_or_drying; size_fit,https://www.amazon.com/gp/customer-reviews/R2AF7XVD05EE93,True,"[{""name"":""Number of Items"",""detail"":""2""}]",0
B0F3V3S7WG,B0F3V3S7WG,https://www.amazon.com/dp/B0F3V3S7WG,5.0,Bread bags,Ordered these for my husband who bakes bread all the time. HE LOVED THEM!! They work great.,20260329,,https://www.amazon.com/gp/customer-reviews/R3HJBQ3EMWOLUQ,True,"[{""name"":""Number of Items"",""detail"":""2""}]",0
B0F3V3S7WG,B0FH1R2CC4,https://www.amazon.com/dp/B0FH1R2CC4,3.0,Not done right,The wax is only painted on the inside and flakes off when used. The wax needs to be kneaded into the fabric so it doesn‘t  come off. Had to spend several hours heating and working it in to make it usable. Very disappointing.,20260329,smell_or_wax,https://www.amazon.com/gp/customer-reviews/RDJMPL3KCFYU,True,"[{""name"":""Number of Items"",""detail"":""1""}]",0
B0F3V3S7WG,B0FH1R2CC4,https://www.amazon.com/dp/B0FH1R2CC4,5.0,keeps homemade bread fresh up to  4 to 5 days,love this,20260329,,https://www.amazon.com/gp/customer-reviews/R1FSWCHUI3BPVZ,True,"[{""name"":""Number of Items"",""detail"":""1""}]",0
B0F3V3S7WG,B0F3V3S7WG,https://www.amazon.com/dp/B0F3V3S7WG,5.0,Bread bag,Love these bread bags.  Very well made and also nice to look at.,20260328,,https://www.amazon.com/gp/customer-reviews/R1RKQR6HW6FEHO,True,"[{""name"":""Number of Items"",""detail"":""2""}]",0
B0F3V3S7WG,B0F3V3S7WG,https://www.amazon.com/dp/B0F3V3S7WG,5.0,Love the bags!,Love these bags!! Keeps your homemade bread so fresh!!,20260328,freshness_or_drying,https://www.amazon.com/gp/customer-reviews/R2FRPYUBZQN8OI,True,"[{""name"":""Number of Items"",""detail"":""2""}]",0
B0F3V3S7WG,B0F3V3S7WG,https://www.amazon.com/dp/B0F3V3S7WG,5.0,it Works Well,It really works as advertised.,20260327,,https://www.amazon.com/gp/customer-reviews/R4LIDWG3SR9P,True,"[{""name"":""Number of Items"",""detail"":""2""}]",0
B0F3V3S7WG,B0FH1R2CC4,https://www.amazon.com/dp/B0FH1R2CC4,5.0,Actual beeswax lined as stated,Exactly as described.  Very happy. Beeswax lined. Keeping bread fresh.,20260327,freshness_or_drying; smell_or_wax,https://www.amazon.com/gp/customer-reviews/R1JPFNT4U3LM54,True,"[{""name"":""Number of Items"",""detail"":""1""}]",0
B0F3V3S7WG,B0F3V3S7WG,https://www.amazon.com/dp/B0F3V3S7WG,5.0,Keeps bread fresh without causing mold,Kept my bread moist and did not have to put sourdough bread in microwave to be able to cut it a few days later. Keep bread fresh and easy to slice,20260324,freshness_or_drying; moisture_or_mold; size_fit,https://www.amazon.com/gp/customer-reviews/R33BBY0Z1053S7,True,"[{""name"":""Number of Items"",""detail"":""2""}]",0
B0F3V3S7WG,B0F3V3S7WG,https://www.amazon.com/dp/B0F3V3S7WG,5.0,Great Bags,Love these bags! They work well.,20260324,,https://www.amazon.com/gp/customer-reviews/RWQ6KVALQ70XB,True,"[{""name"":""Number of Items"",""detail"":""2""}]",0
B0F3V3S7WG,B0F3V3S7WG,https://www.amazon.com/dp/B0F3V3S7WG,5.0,Keeps bread fresh,Seems to work well in keeping bread fresh. Easier than foil.,20260323,freshness_or_drying,https://www.amazon.com/gp/customer-reviews/RZ7QT5X41SGLC,True,"[{""name"":""Number of Items"",""detail"":""2""}]",0
B0F3V3S7WG,B0F3V3S7WG,https://www.amazon.com/dp/B0F3V3S7WG,5.0,Perfect for bread bakers,Great price! Love these bags. Keeps fresh bread fresher longer,20260322,freshness_or_drying; value_or_quantity,https://www.amazon.com/gp/customer-reviews/R14TQUQSC33KPM,True,"[{""name"":""Number of Items"",""detail"":""2""}]",0
B0F3V3S7WG,B0FH1R2CC4,https://www.amazon.com/dp/B0FH1R2CC4,1.0,Didn‘t live up to expectations,"After reading so many reviews, I am mystified. I have had my sourdough mold twice now. Second time was after cleaning bag thoroughly as instructed. Many said bread fresh after two weeks. Mold formed before end of one week!",20260322,freshness_or_drying; moisture_or_mold; cleaning; size_fit,https://www.amazon.com/gp/customer-reviews/R2XHLL16P90OGJ,True,"[{""name"":""Number of Items"",""detail"":""1""}]",0
B0F3V3S7WG,B0FH1R2CC4,https://www.amazon.com/dp/B0FH1R2CC4,5.0,Buy it,Very nice product. Keeps bread fresh for a long time.,20260322,freshness_or_drying,https://www.amazon.com/gp/customer-reviews/R1C0IQFTGHTUAZ,True,"[{""name"":""Number of Items"",""detail"":""1""}]",0
B0F3V3S7WG,B0F3V3S7WG,https://www.amazon.com/dp/B0F3V3S7WG,3.0,Didn‘t work well for me,"While the quality of these bags is great, I found my bread went bad and got hard faster than I a zip top plastic bag.",20260321,freshness_or_drying; durability,https://www.amazon.com/gp/customer-reviews/R3RTP8DGO3H86W,False,"[{""name"":""Number of Items"",""detail"":""2""}]",0
B0F3V3S7WG,B0F3V3S7WG,https://www.amazon.com/dp/B0F3V3S7WG,3.0,Returned,"I was happy with these bags on how they‘ve kept my bread fresh. Only problem is my bread is left soggy. I allowed plenty of time for it to cool before placing in a bag, and the next day the bread is soggy.Otherwise they are easy to use, simple to clean, and feel rather durable. I like they have a clip strap to keep the bag wrapped or closed. I just prefer my bread not soggy.",20260321,freshness_or_drying; cleaning; durability,https://www.amazon.com/gp/customer-reviews/R2AJCOH030RQXZ,True,"[{""name"":""Number of Items"",""detail"":""2""}]",0
B0F3V3S7WG,B0F3V3S7WG,https://www.amazon.com/dp/B0F3V3S7WG,5.0,great resuable,"they work well, big enough to keep our huge bread maker loafs. not hard to clean. turn em inside out at rinse with cool water. hot water seems to melt to wax on inside (obviously lol) so just he careful not to use hot water to rinse the crumbs pff. my husband prefers not to use water to clean them at all because of this. say you can just brush them off sans water. anyways. reusuable, check.  design, check, seal, check. you just roll it and clip it. the more you roll the better a seal. the more you use them the less stiff they are but thats better. they get softer.  seem pretty durable- i even cut my loafs on top of them when im being lazy and dont get out a board and the canvas is holding up great under my knives lol.  they dont smell like anything but beeswax.",20260321,freshness_or_drying; smell_or_wax; cleaning; size_fit; durability,https://www.amazon.com/gp/customer-reviews/R3LMBMJ56FZK9E,True,"[{""name"":""Number of Items"",""detail"":""2""}]",0
B0F3V3S7WG,B0F3V3S7WG,https://www.amazon.com/dp/B0F3V3S7WG,3.0,Good product,T thought the bread would say soft longer but they are nice bags,20260320,,https://www.amazon.com/gp/customer-reviews/RMK86YCVMF080,False,"[{""name"":""Number of Items"",""detail"":""2""}]",0
B0F3V3S7WG,B0F3V3S7WG,https://www.amazon.com/dp/B0F3V3S7WG,5.0,Highly recommend,Works great.Highly recommend,20260320,,https://www.amazon.com/gp/customer-reviews/RKM6SGUOUMI29,True,"[{""name"":""Number of Items"",""detail"":""2""}]",0
B0F3V3S7WG,B0F3V3S7WG,https://www.amazon.com/dp/B0F3V3S7WG,5.0,Great bag,"Love this bread bag, keeps it fresh.",20260320,freshness_or_drying,https://www.amazon.com/gp/customer-reviews/R17FNDMVV5DAP8,True,"[{""name"":""Number of Items"",""detail"":""2""}]",0
B0F3V3S7WG,B0FH1R2CC4,https://www.amazon.com/dp/B0FH1R2CC4,1.0,Don’t believe the hype,"Really disappointing. i’ve read about these beeswax bread bags that are supposed to be far superior to plastic bags, etc. I love fresh French bread, the crunchy crust and soft fresh inside. That’s why I bought this bag. this is really disappointing. Sure the bread is soft and more or less fresh, but it is not a good crusty French bread.",20260320,freshness_or_drying; smell_or_wax,https://www.amazon.com/gp/customer-reviews/R2HX2NJONDOWSU,True,"[{""name"":""Number of Items"",""detail"":""1""}]",0
B0F3V3S7WG,B0F3V3S7WG,https://www.amazon.com/dp/B0F3V3S7WG,5.0,Beeswax & Bread,Very good.  Delivers fresh bread for a long v time.,20260319,freshness_or_drying,https://www.amazon.com/gp/customer-reviews/R2H234AL0UWV42,True,"[{""name"":""Number of Items"",""detail"":""2""}]",0
B0F3V3S7WG,B0F3V3S7WG,https://www.amazon.com/dp/B0F3V3S7WG,5.0,Size,Fit 2 loafs of bread and keep them fresh! Love it!,20260319,freshness_or_drying; size_fit,https://www.amazon.com/gp/customer-reviews/R1OZ78CHV6MSGJ,True,"[{""name"":""Number of Items"",""detail"":""2""}]",0
B0F3V3S7WG,B0F3V3S7WG,https://www.amazon.com/dp/B0F3V3S7WG,5.0,Big enough for my sourdough loaf ♥️,"So far so good on my bread bag. It is big enough for my sourdough loaf to fit in and give it room to breathe. It is also very easy to clean between loaves. I would highly recommend using this bread bag, especially for sourdough! Love it!!",20260318,cleaning; size_fit,https://www.amazon.com/gp/customer-reviews/RB4ORD507ESG2,False,"[{""name"":""Number of Items"",""detail"":""2""}]",0
B0F3V3S7WG,B0F3V3S7WG,https://www.amazon.com/dp/B0F3V3S7WG,5.0,Saves Your Bread,"So far these are fantastic. I have been using for about a month. Bread stays fresh. No issues thus far with mold from fresh baked. Easy to clean, just turn inside out and wipe down. Has a clip to close shut, no zipper as some others have but works just fine to close.",20260318,freshness_or_drying; moisture_or_mold; cleaning; durability,https://www.amazon.com/gp/customer-reviews/REVSIE0MEKX1W,False,"[{""name"":""Number of Items"",""detail"":""2""}]",0
B0F3V3S7WG,B0F3V3S7WG,https://www.amazon.com/dp/B0F3V3S7WG,2.0,Don‘t waste your money on these.,"I was so hoping I‘d like these beeswax bags, but they unfortunately didn‘t work for me. It ruined the crispindess of the crust, which is one of my favorite things about baking sourdough. I tried it out with fococcia, sandwich style sourdough, and artisan bread and was disappointed how the bread‘s texture changed. I don‘t recommend them. Airtight containers work better for me. If it wasn‘t past the return date, I‘d send them back.",20260318,freshness_or_drying; smell_or_wax; size_fit,https://www.amazon.com/gp/customer-reviews/R1QS8R2D8I0C5M,True,"[{""name"":""Number of Items"",""detail"":""2""}]",0
B0F3V3S7WG,B0F3V3S7WG,https://www.amazon.com/dp/B0F3V3S7WG,5.0,Value,Great value,20260317,value_or_quantity,https://www.amazon.com/gp/customer-reviews/RWA0YKMVVAAXH,True,"[{""name"":""Number of Items"",""detail"":""2""}]",0
B0F3V3S7WG,B0F3V3S7WG,https://www.amazon.com/dp/B0F3V3S7WG,5.0,Works great,"Works perfectly for my sourdough, easy to clean",20260317,cleaning; size_fit,https://www.amazon.com/gp/customer-reviews/R3NLK0XA246DDD,True,"[{""name"":""Number of Items"",""detail"":""2""}]",0
B0F3V3S7WG,B0FH1R2CC4,https://www.amazon.com/dp/B0FH1R2CC4,2.0,did not get 2 bags as pictured/,It shows two bags in picture and in description.  I only received one bag.,20260317,durability,https://www.amazon.com/gp/customer-reviews/R3G2D7227XQMTS,True,"[{""name"":""Number of Items"",""detail"":""1""}]",0
B0F3V3S7WG,B0F3V3S7WG,https://www.amazon.com/dp/B0F3V3S7WG,5.0,Love these,Love these bags. Keeps my homemade bread nice and soft for about a week,20260316,,https://www.amazon.com/gp/customer-reviews/R1SEM0MIJ6QMG4,False,"[{""name"":""Number of Items"",""detail"":""2""}]",0
B0F3V3S7WG,B0F3V3S7WG,https://www.amazon.com/dp/B0F3V3S7WG,5.0,They do keep homemade bread fresh for a week at room temperature,Bags have an awkward closure and I try to squeeze out as much air as I can before closing.,20260315,,https://www.amazon.com/gp/customer-reviews/R3AQ1C2JO77Z9F,True,"[{""name"":""Number of Items"",""detail"":""2""}]",0
B0F3V3S7WG,B0FH1R2CC4,https://www.amazon.com/dp/B0FH1R2CC4,5.0,Longer lasting bread,My sourdough bread definitely lasted longer in this bag than other options I have tried.,20260315,size_fit,https://www.amazon.com/gp/customer-reviews/R3RESVAWHDXGT2,True,"[{""name"":""Number of Items"",""detail"":""1""}]",0
B0F3V3S7WG,B0FH1R2CC4,https://www.amazon.com/dp/B0FH1R2CC4,4.0,Cloth/beeswax bag--but shipped in plastic!,"I haven‘t actually used the bag yet (and it is only one bag--the advertising information indicated two--but it seems good quality and I‘m sure will do what I wanted, which was to avoid plastic storage bags. BUT...it was shipped wrapped in a plastic bag! This seems to me a bit tone deaf for what customers are seeking.",20260314,,https://www.amazon.com/gp/customer-reviews/RDFOVTTWCSZM5,True,"[{""name"":""Number of Items"",""detail"":""1""}]",0
B0F3V3S7WG,B0F3V3S7WG,https://www.amazon.com/dp/B0F3V3S7WG,5.0,Keeps bread fresher longer,These really work. I bake my own bread and it keeps 5 to 7 days.,20260313,,https://www.amazon.com/gp/customer-reviews/R2VITCSNMTW81G,True,"[{""name"":""Number of Items"",""detail"":""2""}]",0
B0F3V3S7WG,B0FH1R2CC4,https://www.amazon.com/dp/B0FH1R2CC4,1.0,Moldy result,Bought fresh bread at the bakery and removed the paper bag and put it in this special bread bag and put it in the refrigerator. A few days later I went to cut the loaf and it was moldy.,20260313,freshness_or_drying; moisture_or_mold; size_fit,https://www.amazon.com/gp/customer-reviews/R2AWS9QCKTK960,True,"[{""name"":""Number of Items"",""detail"":""1""}]",0
B0F3V3S7WG,B0F3V3S7WG,https://www.amazon.com/dp/B0F3V3S7WG,1.0,Doesn‘t work,Don‘t waste your money. Bread gets stale immediately. Gets moldy shortly after.,20260312,freshness_or_drying; moisture_or_mold,https://www.amazon.com/gp/customer-reviews/R2VXPPHX2BEDO8,True,"[{""name"":""Number of Items"",""detail"":""2""}]",0
B0F3V3S7WG,B0F3V3S7WG,https://www.amazon.com/dp/B0F3V3S7WG,2.0,Stale bread,Bread went stale and moldy.  Doesn’t keep it fresh.  Closure works great and design is nice.  Defeats purpose if your bread goes stale.,20260312,freshness_or_drying; moisture_or_mold,https://www.amazon.com/gp/customer-reviews/RZAW5TOOPQ00C,True,"[{""name"":""Number of Items"",""detail"":""2""}]",0
B0F3V3S7WG,B0F3V3S7WG,https://www.amazon.com/dp/B0F3V3S7WG,5.0,Fantastic Bags!!,Great decision purchasing these bread bags. My bread usually molds before I have finished a small loaf. My latest loaf stored in this bag lasts for about two weeks without spoiling.,20260312,moisture_or_mold; size_fit,https://www.amazon.com/gp/customer-reviews/R2GQM59NV4NSTM,True,"[{""name"":""Number of Items"",""detail"":""2""}]",0
B0F3V3S7WG,B0FH1R2CC4,https://www.amazon.com/dp/B0FH1R2CC4,5.0,Perfect for sourdough,"I’m so glad I stumbled across these bags, they keep my sourdough so fresh. A must have to keep your bread fresh.",20260312,freshness_or_drying; size_fit,https://www.amazon.com/gp/customer-reviews/R26WN8QUP1JP3T,True,"[{""name"":""Number of Items"",""detail"":""1""}]",0
B0F3V3S7WG,B0F3V3S7WG,https://www.amazon.com/dp/B0F3V3S7WG,2.0,Pass,Not worth it. Retains too much moisture and makes bread squishy and goes stale just as fast if you put it in a ziplock bag.,20260311,freshness_or_drying; moisture_or_mold; durability,https://www.amazon.com/gp/customer-reviews/RUTOLHPYYMTSL,True,"[{""name"":""Number of Items"",""detail"":""2""}]",0
B0F3V3S7WG,B0F3V3S7WG,https://www.amazon.com/dp/B0F3V3S7WG,5.0,Beautiful design and roomy,"Highly recommend these bread bags, very well made and roomy",20260310,,https://www.amazon.com/gp/customer-reviews/R33GB3AAVY9PC5,True,"[{""name"":""Number of Items"",""detail"":""2""}]",0
B0F3V3S7WG,B0F3V3S7WG,https://www.amazon.com/dp/B0F3V3S7WG,1.0,Disappointment,Used it for just two days and the edges of the bread were already dry and curling up. They claim it “naturally keeps bread fresh for 7–10 days” — mine didn’t even make it to day 3. Super disappointed.,20260309,freshness_or_drying,https://www.amazon.com/gp/customer-reviews/R3CLPB4SUF30Z8,True,"[{""name"":""Number of Items"",""detail"":""2""}]",0
B0F3V3S7WG,B0F3V3S7WG,https://www.amazon.com/dp/B0F3V3S7WG,3.0,It works,It keeps your fresh baked bread fresh longer without getting moldy.,20260309,freshness_or_drying; moisture_or_mold,https://www.amazon.com/gp/customer-reviews/R2O71HV0V1WZOO,True,"[{""name"":""Number of Items"",""detail"":""2""}]",0
B0F3V3S7WG,B0F3V3S7WG,https://www.amazon.com/dp/B0F3V3S7WG,5.0,Really does keep bread fresh,These bags really do keep your bread fresh! I just rinse it out (with cool water) and turn it inside out to dry. It can hang from the clipped strap.,20260309,freshness_or_drying,https://www.amazon.com/gp/customer-reviews/R5IBY7FLBEZVE,True,"[{""name"":""Number of Items"",""detail"":""2""}]",0
B0F3V3S7WG,B0FH1R2CC4,https://www.amazon.com/dp/B0FH1R2CC4,5.0,Love!,"These are way better than ziploc bags, keeps bread fresh and easy to use!",20260309,freshness_or_drying; durability,https://www.amazon.com/gp/customer-reviews/R16TCCDPUGWYFO,False,"[{""name"":""Number of Items"",""detail"":""1""}]",0
B0F3V3S7WG,B0F3V3S7WG,https://www.amazon.com/dp/B0F3V3S7WG,5.0,keeps fresh,keeps bread fresh,20260308,freshness_or_drying,https://www.amazon.com/gp/customer-reviews/RBMV299BJ8QVK,False,"[{""name"":""Number of Items"",""detail"":""2""}]",0
B0F3V3S7WG,B0F3V3S7WG,https://www.amazon.com/dp/B0F3V3S7WG,5.0,Muy práctico,De muy buena calidad y muy práctico. Puedo poner hasta dos panes completos en la bolsa.,20260308,,https://www.amazon.com/gp/customer-reviews/RIH0HEY6OPOGN,False,"[{""name"":""Number of Items"",""detail"":""2""}]",0
B0F3V3S7WG,B0FH1R2CC4,https://www.amazon.com/dp/B0FH1R2CC4,5.0,Keeps bread fresh,"This bees wax coated bag is amazing.Its large enough for storage of a big loaf.
I make bread without preservatives, this bag keeps it fresh for a week or longer without any molding.
Its amazing and i highly recommend it for any bread storage.",20260308,freshness_or_drying; moisture_or_mold; smell_or_wax; size_fit,https://www.amazon.com/gp/customer-reviews/R3DXRDWNNOUM6W,False,"[{""name"":""Number of Items"",""detail"":""1""}]",1
B0F3V3S7WG,B0FH1R2CC4,https://www.amazon.com/dp/B0FH1R2CC4,5.0,Great bag for your sourdough bread,Great bag to keep your sourdough bread from drying out.,20260308,freshness_or_drying; size_fit,https://www.amazon.com/gp/customer-reviews/R3A6AGCAQYCUML,False,"[{""name"":""Number of Items"",""detail"":""1""}]",0
B0F3V3S7WG,B0FH1R2CC4,https://www.amazon.com/dp/B0FH1R2CC4,1.0,Doesn‘t keep bread longer,"My daughter made fresh homemade bread on Saturday, by Thursday the bread that was left (3 slices) started to mold. I thought this was supposed to help the bread last longer. I bought to help keep the bread fresh longer, it didn‘t work.",20260308,freshness_or_drying; moisture_or_mold,https://www.amazon.com/gp/customer-reviews/R2RJ4S0LS0M7IV,False,"[{""name"":""Number of Items"",""detail"":""1""}]",0
B0F3V3S7WG,B0F3V3S7WG,https://www.amazon.com/dp/B0F3V3S7WG,5.0,Great Sour Dough Bread Bag,My husband is the sour dough maker in the family and he loves these bags. Keeps the bread nice and fresh without the sweating that sometimes comes with plastic,20260307,freshness_or_drying; moisture_or_mold,https://www.amazon.com/gp/customer-reviews/R2YMGD4EUX0VPS,False,"[{""name"":""Number of Items"",""detail"":""2""}]",0
B0F3V3S7WG,B0F3V3S7WG,https://www.amazon.com/dp/B0F3V3S7WG,1.0,Not new,"Bought these to replace plastic wrap, but three days later the bread was hard as a rock. Zero moisture retention. The beeswax smell is strong, but preservation? Yeah, not happening.",20260307,freshness_or_drying; moisture_or_mold; smell_or_wax,https://www.amazon.com/gp/customer-reviews/RKF32Q3A0PW5G,True,"[{""name"":""Number of Items"",""detail"":""2""}]",0
B0F3V3S7WG,B0F3V3S7WG,https://www.amazon.com/dp/B0F3V3S7WG,4.0,Good purchase,I use them all the time. They work great to keep my sourdough bread fresh longer,20260307,freshness_or_drying; size_fit,https://www.amazon.com/gp/customer-reviews/R1KZ9A69URBJ9X,True,"[{""name"":""Number of Items"",""detail"":""2""}]",0
B0F3V3S7WG,B0F3V3S7WG,https://www.amazon.com/dp/B0F3V3S7WG,5.0,Excellent bread stirage,Works wonderfully well!,20260307,,https://www.amazon.com/gp/customer-reviews/RAQ00CLB7RPAK,True,"[{""name"":""Number of Items"",""detail"":""2""}]",0
B0F3V3S7WG,B0F3V3S7WG,https://www.amazon.com/dp/B0F3V3S7WG,5.0,Keeps bread fresh,I bought these bags as I wanted better storage for my sourdough loaves. They keep the bread from drying out while keeping the crust dry unlike plastic bags. They roll seal like a water sport dry bag.,20260307,freshness_or_drying; size_fit,https://www.amazon.com/gp/customer-reviews/RKQT04OZ41RXV,True,"[{""name"":""Number of Items"",""detail"":""2""}]",0
B0F3V3S7WG,B0F3V3S7WG,https://www.amazon.com/dp/B0F3V3S7WG,5.0,Best sour dough bags,Love these! I’ve had them for 2-3 weeks my bread is fresh even though it’s in the freezer!,20260307,freshness_or_drying,https://www.amazon.com/gp/customer-reviews/R33ZOI7IHIOF5H,True,"[{""name"":""Number of Items"",""detail"":""2""}]",0
B0F3V3S7WG,B0F3V3S7WG,https://www.amazon.com/dp/B0F3V3S7WG,5.0,Wonderful!,"These beeswax bread bags are so great!  I make sourdough and sandwich loave 2 or 3 days a week.  I was wrapping them in cling film but hated the waste, not only of the plastic but the bread, too!  It didn‘t always get re-wrapped properly and would go stale. With these beeswax bags, that doesn‘t happen!  Plus, no plastic waste!  I definitely need to buy a few more.",20260306,freshness_or_drying; smell_or_wax; size_fit,https://www.amazon.com/gp/customer-reviews/RQJ0XY3DD190J,True,"[{""name"":""Number of Items"",""detail"":""2""}]",0
B0F3V3S7WG,B0F3V3S7WG,https://www.amazon.com/dp/B0F3V3S7WG,1.0,Moldy,"The product says it allows airflow to prevent mold, but my bread still developed mold after a few days. So it’s not airtight, yet it doesn’t stop mold either. I’m confused what the actual benefit is.",20260302,freshness_or_drying; moisture_or_mold; size_fit,https://www.amazon.com/gp/customer-reviews/R6GQFHB2ZZ8L6,True,"[{""name"":""Number of Items"",""detail"":""2""}]",0
B0F3V3S7WG,B0F3V3S7WG,https://www.amazon.com/dp/B0F3V3S7WG,5.0,Great purchase!,Very well made and cute  bread bags!!,20260302,,https://www.amazon.com/gp/customer-reviews/R3D6C4BQ8Q4GVA,True,"[{""name"":""Number of Items"",""detail"":""2""}]",0
B0F3V3S7WG,B0F3V3S7WG,https://www.amazon.com/dp/B0F3V3S7WG,5.0,Sourdough bread bag that actually works.,"These have saved my sourdough!  I leave mine out on the counter and the loaf of bread is still good 2 weeks after baking. It doesn‘t get hard or moldy. It probably would if left longer, but that‘s the longest I‘ve had anything in them. Usually the bread is gone in a week. Cleaning is relatively easy, except for the corners.",20260301,freshness_or_drying; moisture_or_mold; cleaning; size_fit,https://www.amazon.com/gp/customer-reviews/R1ELA0EBJDA17Y,True,"[{""name"":""Number of Items"",""detail"":""2""}]",0
B0F3V3S7WG,B0F3V3S7WG,https://www.amazon.com/dp/B0F3V3S7WG,5.0,Work great!!,My bread stays fresh all week!,20260301,freshness_or_drying,https://www.amazon.com/gp/customer-reviews/R3PQDX5P4NZ1LM,True,"[{""name"":""Number of Items"",""detail"":""2""}]",0
B0F3V3S7WG,B0F3V3S7WG,https://www.amazon.com/dp/B0F3V3S7WG,5.0,Nice bread bags,Large enough for large loafs of bread or several,20260228,size_fit,https://www.amazon.com/gp/customer-reviews/R1HQU95K71U1N4,True,"[{""name"":""Number of Items"",""detail"":""2""}]",0
B0F3V3S7WG,B0F3V3S7WG,https://www.amazon.com/dp/B0F3V3S7WG,5.0,Great for fresh bread,great bags for fresh bread. Keep you loaves fresh.,20260226,freshness_or_drying,https://www.amazon.com/gp/customer-reviews/R2PEVO8A9ATX4V,False,"[{""name"":""Number of Items"",""detail"":""2""}]",0
B0F3V3S7WG,B0F3V3S7WG,https://www.amazon.com/dp/B0F3V3S7WG,5.0,Freshness that lasts for sourdough,"I really like the beeswax inside coating and the outside fabric is heavy, so should last a very long time. I have used it several times for my sourdough breads. Keeps the bread just like when it went in the bag. I am not one who likes a crispy crust and do not make my sourdough that way, although the crust stays chewy and the inside of the dough just right. I have not had the loaves in the frig for more than 5 days (does not last that long with my family). I would whole heartedly recommend this beeswax bread holders. I purchased the product myself.",20260225,freshness_or_drying; smell_or_wax; size_fit,https://www.amazon.com/gp/customer-reviews/R35RG0NYZQ7MJP,False,"[{""name"":""Number of Items"",""detail"":""2""}]",1
B0F3V3S7WG,B0F3V3S7WG,https://www.amazon.com/dp/B0F3V3S7WG,1.0,Mold,"Made sure the bread was dry.Put it in there the next morning, it was all moldy",20260225,freshness_or_drying; moisture_or_mold,https://www.amazon.com/gp/customer-reviews/R2OCX2BRDE3PWB,True,"[{""name"":""Number of Items"",""detail"":""2""}]",0
B0F3V3S7WG,B0F3V3S7WG,https://www.amazon.com/dp/B0F3V3S7WG,3.0,Soft bread,"It still dries out, but not as fast.",20260225,,https://www.amazon.com/gp/customer-reviews/R3FCY69ZIZKEU5,True,"[{""name"":""Number of Items"",""detail"":""2""}]",0
B0F3V3S7WG,B0FH1R2CC4,https://www.amazon.com/dp/B0FH1R2CC4,5.0,Very well made!,"A very heavy large bread bag!!! It’s easily hold maybe two loaves. I was a little confused about folding it down them clipping it, but it works outA very good buy! I love the clip feature",20260225,size_fit,https://www.amazon.com/gp/customer-reviews/R1CKPL3ODXGWQR,False,"[{""name"":""Number of Items"",""detail"":""1""}]",0
B0F3V3S7WG,B0F3V3S7WG,https://www.amazon.com/dp/B0F3V3S7WG,1.0,Bread Bag Doesn’t Work,I was very disappointed my yeast rolls did not stay fresh. I would have been cheaper to use ziplock bag.,20260224,freshness_or_drying; durability,https://www.amazon.com/gp/customer-reviews/R3MOBHBBLIHZ52,True,"[{""name"":""Number of Items"",""detail"":""2""}]",0
B0F3V3S7WG,B0F3V3S7WG,https://www.amazon.com/dp/B0F3V3S7WG,5.0,Amazing for freshness!,Works great!! Bread stays fresh for a week! Easy to clean. Very sturdy. Will buy more!,20260223,freshness_or_drying; cleaning,https://www.amazon.com/gp/customer-reviews/RFDTHUBBL90HR,False,"[{""name"":""Number of Items"",""detail"":""2""}]",1
B0F3V3S7WG,B0F3V3S7WG,https://www.amazon.com/dp/B0F3V3S7WG,3.0,These bags feel bulky,I have used these for a few weeks now for my sourdough breads.  I am still evaluating whether I like them or not.My SD sandwich bread hasn‘t molded after a week but it has dried out.  The bags are hefty and because of the wax they are harder to get the air out of them.,20260223,freshness_or_drying; moisture_or_mold; smell_or_wax; size_fit,https://www.amazon.com/gp/customer-reviews/R1LO7CE7QXG3JW,True,"[{""name"":""Number of Items"",""detail"":""2""}]",0
B0F3V3S7WG,B0F3V3S7WG,https://www.amazon.com/dp/B0F3V3S7WG,5.0,Beeswax bread bag,"When I received the two bags, it was exactly as it was advertised on Amazon and I am pleased with my purchase. You can get two loaves of the sourdough bread and one bag.",20260223,size_fit,https://www.amazon.com/gp/customer-reviews/RWMJJ7O3M2LD7,True,"[{""name"":""Number of Items"",""detail"":""2""}]",0
B0F3V3S7WG,B0FH1R2CC4,https://www.amazon.com/dp/B0FH1R2CC4,5.0,The best !!!!,I love it!!!!,20260222,,https://www.amazon.com/gp/customer-reviews/R2HARDD107BB3S,True,"[{""name"":""Number of Items"",""detail"":""1""}]",0
B0F3V3S7WG,B0FH1R2CC4,https://www.amazon.com/dp/B0FH1R2CC4,5.0,IT WORKS!,Works great and preserves bread longer.,20260220,,https://www.amazon.com/gp/customer-reviews/R3NWKOM7396KBM,False,"[{""name"":""Number of Items"",""detail"":""1""}]",0
B0F3V3S7WG,B0F3V3S7WG,https://www.amazon.com/dp/B0F3V3S7WG,1.0,Doesn’t work,Doesn’t work. My bread was full of mold after 3 days and was hard as a rock. Unfortunately I missed the return date. Don’t buy.,20260219,freshness_or_drying; moisture_or_mold,https://www.amazon.com/gp/customer-reviews/R1HCMR0SR8T2EC,True,"[{""name"":""Number of Items"",""detail"":""2""}]",0
B0F3V3S7WG,B0F3V3S7WG,https://www.amazon.com/dp/B0F3V3S7WG,1.0,Basically worthless,"I had high hopes for these bags, and thought they might keep my home baked sourdough fresh longer than plastic bags or containers. I’d be better off using a brown paper bag than these. Bread goes hard in a day, no matter how careful I am purging the air and wrapping the seal. I’m going to return them.",20260218,freshness_or_drying; size_fit,https://www.amazon.com/gp/customer-reviews/RR9RLWUMVTTRH,True,"[{""name"":""Number of Items"",""detail"":""2""}]",0
B0F3V3S7WG,B0F3V3S7WG,https://www.amazon.com/dp/B0F3V3S7WG,5.0,Great product!,Very nice! I keep my sourdough in them! Great quality. The bags are very large! Enough room for 2 loaves!,20260218,size_fit,https://www.amazon.com/gp/customer-reviews/R1TL4PVXZ7WFB7,True,"[{""name"":""Number of Items"",""detail"":""2""}]",0
B0F3V3S7WG,B0F3V3S7WG,https://www.amazon.com/dp/B0F3V3S7WG,5.0,How have I gone so long without knowing these exist?,How have I never known about these before I bought them to preserve my homemade bread and was completely shocked at how soft and moist the bread instead stayed.  Now I just toss whatever loaf of bread we have in there for security and protect and they do the job.  I need to see if they come in baguette shaped sizes too because I can‘t go back to hard and stale loaves any more.,20260218,freshness_or_drying; moisture_or_mold; size_fit,https://www.amazon.com/gp/customer-reviews/R91CMC0XF595V,True,"[{""name"":""Number of Items"",""detail"":""2""}]",0
B0F3V3S7WG,B0FH1R2CC4,https://www.amazon.com/dp/B0FH1R2CC4,5.0,Bread Bag,Received as described and in a prompt manner. Works wonderfully.,20260216,,https://www.amazon.com/gp/customer-reviews/R14HLI1ZUGUQSS,False,"[{""name"":""Number of Items"",""detail"":""1""}]",0
