source_strategy,source_asin,source_parent_asin,product_name,category,marketplace,target_price,cost,shipping,fba_fee,referral_fee_rate,est_monthly_sales,avg_review_count,avg_rating,top10_review_share,keyword_search_volume,keyword_cpc,seasonality_score,differentiation_score,compliance_risk,fragile_risk,oversize_risk,notes,listing_url,market_data_completeness,profit_data_confidence,evidence_confidence,evidence_grade,profit_estimate_status,opportunity_score,recommendation,gross_profit_per_unit,gross_margin,monthly_gross_profit,demand_score,competition_score,profitability_score,risk_score,risk_control_score,key_flags,brand_moat_reason,hard_stop_reason,archive_key,archive_first_seen,archive_last_seen,archive_seen_count,archive_best_score,archive_latest_score,archive_best_recommendation,archive_latest_recommendation,archive_status,archive_last_run_id,research_status,archive_notes
category:Cooling Bins,B0H6CB1LS7,B0GKQFHX5H,"Martha by Martha Stewart Hachiman Extra Large Bucket | Hands-Free Filling, Easy to Stack and Store, Indoor Outdoor Use","['Patio, Lawn & Garden', 'lawn-garden']",US,65.0,18.2,5.2,17.91,0.15,395.0,62.0,3.9,0.55,10000.0,1.0,20.0,50.0,25.0,20.0,45.0,Imported from Sorftime; ASIN B0H6CB1LS7; parent B0GKQFHX5H; brand Hachiman,https://www.amazon.com/dp/B0H6CB1LS7,0.0,0.0,35.0,D,estimated_or_unverified,45.0,Reject,13.94,0.2145,5506.3,69.8,60.3,30.8,27.0,73.0,gross margin below 35%; evidence confidence below supplier-validation threshold; landed cost still estimated,,,,,,,,,,,,,,
category:Letter & File Organizers,B0GHYMYDD4,B0GWVFHZBX,"Fireproof Document Organizer with Lock, Rigid EVA File Box with 13-Pocket Accordion Folder for Important Documents & Tablets under 11“, Lightweight Safe Storage for Home, Office & Travel (Small Size)","['Office Products', 'office-products']",US,26.99,7.56,2.16,6.94,0.15,964.0,174.0,4.3,0.55,10000.0,1.0,20.0,50.0,25.0,20.0,20.0,Imported from Sorftime; ASIN B0GHYMYDD4; parent B0GWVFHZBX; brand IPYIPY,https://www.amazon.com/dp/B0GHYMYDD4,0.0,0.0,35.0,D,estimated_or_unverified,45.0,Reject,6.28,0.2327,6055.37,87.3,50.8,17.0,22.0,78.0,gross margin below 35%; unit profit below $8; evidence confidence below supplier-validation threshold; landed cost still estimated,,,,,,,,,,,,,,
category:Wastebaskets,B0F8V2GC7D,B0F882YWKD,"Small Bathroom Trash Can with Lid, 2.1 Gallon Slim Step Trash Can, Black | Mini Garbage Can with Handle for Bedroom, Office, Dorm, Narrow Plastic Wastebasket with Soft Close Pedal for Small Spaces","['Home & Kitchen', 'home-garden']",US,20.99,5.88,1.68,8.41,0.15,4965.0,371.0,4.1,0.55,10000.0,1.0,20.0,50.0,25.0,20.0,20.0,Imported from Sorftime; ASIN B0F8V2GC7D; parent B0F882YWKD; brand rejomiik,https://www.amazon.com/dp/B0F8V2GC7D,0.0,0.0,35.0,D,estimated_or_unverified,45.0,Reject,1.87,0.0892,9292.0,87.3,42.8,20.0,22.0,78.0,gross margin below 35%; unit profit below $8; evidence confidence below supplier-validation threshold; landed cost still estimated,,,,,,,,,,,,,,
category:Wastebaskets,B0D4Z4VGG1,B0GBWPSW5W,"CEROELDA 3 Pack Bathroom Trash Can with Lid, 10L/2.6 Gal Small Garbage Can with Press Top Lid, Slim Plastic Waste Basket for Toilet, Office, Bedroom (Grey)","['Home & Kitchen', 'home-garden']",US,24.99,7.0,2.0,10.56,0.15,4722.0,105.0,4.5,0.55,10000.0,1.0,20.0,50.0,25.0,20.0,45.0,Imported from Sorftime; ASIN B0D4Z4VGG1; parent B0GBWPSW5W; brand CEROELDA,https://www.amazon.com/dp/B0D4Z4VGG1,0.0,0.0,35.0,D,estimated_or_unverified,45.0,Reject,1.68,0.0673,7940.04,87.3,46.8,19.8,27.0,73.0,gross margin below 35%; unit profit below $8; evidence confidence below supplier-validation threshold; landed cost still estimated,,,,,,,,,,,,,,
category:Wastebaskets,B0FBW5S4Z5,B0DTNX3G11,"Small Bathroom Trash Can with Lid, 3.2 Gallon Garbage Can with Pop-Up Lid | Press Top Lid, Dog Proof, Slim for Small Space, Premium Plastic, Easy to Use Waste Basket for Room, Office, Toilet, Rv, White","['Home & Kitchen', 'home-garden']",US,24.99,7.0,2.0,8.98,0.15,4319.0,121.0,4.1,0.55,10000.0,1.0,20.0,50.0,25.0,20.0,20.0,Imported from Sorftime; ASIN B0FBW5S4Z5; parent B0DTNX3G11; brand MOPALL,https://www.amazon.com/dp/B0FBW5S4Z5,0.0,0.0,35.0,D,estimated_or_unverified,45.0,Reject,3.26,0.1305,14086.42,87.3,52.8,20.0,22.0,78.0,gross margin below 35%; unit profit below $8; evidence confidence below supplier-validation threshold; landed cost still estimated,,,,,,,,,,,,,,
category:Outdoor Trash Cans,B0DNPTGDGX,B0DRW1TTQZ,"Dog Poop Trash Can Outside - 5L/1.3Gal Small Trash Can with Lid, Black | Outdoor Dog Poop Trash Can with 40 Bags, Pedal, Removable Inner Bin, Metal Dog Waste Trash Can with Soft Close, Odor Control","['Home & Kitchen', 'home-garden']",US,32.99,9.24,2.64,9.56,0.15,1233.0,399.0,4.2,0.55,10000.0,1.0,20.0,50.0,25.0,20.0,45.0,Imported from Sorftime; ASIN B0DNPTGDGX; parent B0DRW1TTQZ; brand Kopuncare,https://www.amazon.com/dp/B0DNPTGDGX,0.0,0.0,35.0,D,estimated_or_unverified,45.0,Reject,6.6,0.2001,8139.65,87.3,40.8,23.2,27.0,73.0,gross margin below 35%; unit profit below $8; evidence confidence below supplier-validation threshold; landed cost still estimated,,,,,,,,,,,,,,
category:Covers,B0CRZ31ZRH,B0HC2LRMD9,"Porch Shield Zero Turn Mower Cover - Waterproof Heavy Duty Riding Lawn Tractor Cover (Up to 62 inches Decks, Black)","['Patio, Lawn & Garden', 'lawn-garden']",US,33.59,9.41,2.69,7.45,0.15,669.0,156.0,4.5,0.55,10000.0,1.0,20.0,50.0,25.0,20.0,45.0,Imported from Sorftime; ASIN B0CRZ31ZRH; parent B0HC2LRMD9; brand Porch Shield,https://www.amazon.com/dp/B0CRZ31ZRH,0.0,0.0,35.0,D,estimated_or_unverified,45.0,Reject,9.0,0.268,6022.0,87.3,46.8,24.7,27.0,73.0,gross margin below 35%; evidence confidence below supplier-validation threshold; landed cost still estimated,,,,,,,,,,,,,,
category:Tune-Up Kits,B0FBL7BHTD,B0FBL7BHTD,Wzytshun 20339 carburetor for 163cc Toro 22“ Recycler Mower Model | with Air Filter for Toro 21465 and toro 7.25 163cc carburetor Compatible with B&S Engine 799584 594058 594057,"['Patio, Lawn & Garden', 'lawn-garden']",US,22.7,6.36,1.82,4.9,0.15,559.0,55.0,4.3,0.55,10000.0,1.0,20.0,50.0,25.0,20.0,20.0,Imported from Sorftime; ASIN B0FBL7BHTD; parent B0FBL7BHTD; brand Wzytshun,https://www.amazon.com/dp/B0FBL7BHTD,0.0,0.0,35.0,D,estimated_or_unverified,45.0,Reject,6.21,0.2738,3474.18,87.3,58.3,12.7,22.0,78.0,gross margin below 35%; unit profit below $8; evidence confidence below supplier-validation threshold; landed cost still estimated,,,,,,,,,,,,,,
category:Belts,B0GBWK568M,B0G2LS727X,GX20072 Kevlar Mower Deck Belt Fit for John Deere 42 Inch D100 D105 D110 D120 D125 D130 E100 E110 E120 E130 LA100 LA105 LA110 LA115 LA120 LA125 LA135 Replace# GY20570 (1/2“ X 104“),"['Patio, Lawn & Garden', 'lawn-garden']",US,18.99,5.32,1.52,4.47,0.15,4640.0,311.0,4.4,0.55,10000.0,1.0,20.0,50.0,25.0,20.0,20.0,Imported from Sorftime; ASIN B0GBWK568M; parent B0G2LS727X; brand GEATaaT,https://www.amazon.com/dp/B0GBWK568M,0.0,0.0,35.0,D,estimated_or_unverified,45.0,Reject,4.83,0.2544,22418.16,87.3,40.8,20.6,22.0,78.0,gross margin below 35%; unit profit below $8; evidence confidence below supplier-validation threshold; landed cost still estimated,,,,,,,,,,,,,,
category:Belts,B0126MRCCS,B0CNGLYM67,Maxpower 347502 Premium Belt Reinforced with Kevlar Fiber Cords 1/2“ x 59“,"['Patio, Lawn & Garden', 'lawn-garden']",US,13.77,3.86,1.1,5.36,0.15,2301.0,95.0,4.3,0.55,10000.0,1.0,20.0,50.0,25.0,20.0,20.0,Imported from Sorftime; ASIN B0126MRCCS; parent B0CNGLYM67; brand Maxpower,https://www.amazon.com/dp/B0126MRCCS,0.0,0.0,35.0,D,estimated_or_unverified,45.0,Reject,1.38,0.1005,3185.73,87.3,58.3,6.2,22.0,78.0,gross margin below 35%; unit profit below $8; evidence confidence below supplier-validation threshold; landed cost still estimated,,,,,,,,,,,,,,
category:Belts,B0FC6DDX3M,B0FF4PRFQX,954-05022A Mower Deck Belt for Cub Cadet XT1 LT46 XT2 LX46 954-05022 Craftsman T240 MTD Troy Bilt Super Bronco XP 46 490-501-C063 490-501-M063 / Aramid Cord / 108.3 inches,"['Patio, Lawn & Garden', 'lawn-garden']",US,25.28,7.08,2.02,5.36,0.15,1413.0,339.0,4.3,0.55,10000.0,1.0,20.0,50.0,25.0,20.0,20.0,Imported from Sorftime; ASIN B0FC6DDX3M; parent B0FF4PRFQX; brand RTPOWER,https://www.amazon.com/dp/B0FC6DDX3M,0.0,0.0,35.0,D,estimated_or_unverified,45.0,Reject,7.03,0.278,9930.56,87.3,40.8,27.8,22.0,78.0,gross margin below 35%; unit profit below $8; evidence confidence below supplier-validation threshold; landed cost still estimated,,,,,,,,,,,,,,
category:Fuel Lines,B000P7SKKK,B000P7SKKK,"Kohler 24 393 16-S REG PART 2439316S PUMP, FUEL","['Patio, Lawn & Garden', 'lawn-garden']",US,28.18,7.89,2.25,3.94,0.15,567.0,585.0,4.5,0.55,10000.0,1.0,20.0,50.0,25.0,20.0,20.0,Imported from Sorftime; ASIN B000P7SKKK; parent B000P7SKKK; brand Kohler,https://www.amazon.com/dp/B000P7SKKK,0.0,0.0,35.0,D,estimated_or_unverified,45.0,Reject,9.87,0.3504,5597.99,87.3,24.3,36.3,22.0,78.0,evidence confidence below supplier-validation threshold; landed cost still estimated,,,,,,,,,,,,,,
category:Pulleys,B08LTH2V97,B0GWS77FCT,756-05034A GY20629 Idler Pulley for John Deere 42' 48' D140 Deck | Replaces AUC17621 GY22082 GY20110 756-05034 for John Deere 42' 48' L130 Z225 LA145 D130 L120 LA115 D170 D110 L110 LA105 E140,"['Patio, Lawn & Garden', 'lawn-garden']",US,16.99,4.76,1.36,5.74,0.15,2878.0,184.0,4.6,0.55,10000.0,1.0,20.0,50.0,25.0,20.0,20.0,Imported from Sorftime; ASIN B08LTH2V97; parent B0GWS77FCT; brand POSEAGLE,https://www.amazon.com/dp/B08LTH2V97,0.0,0.0,35.0,D,estimated_or_unverified,45.0,Reject,2.58,0.1519,7429.56,87.3,46.8,18.4,22.0,78.0,gross margin below 35%; unit profit below $8; evidence confidence below supplier-validation threshold; landed cost still estimated,,,,,,,,,,,,,,
category:Throttle Controls,B0DHCW5MQT,B0DHCW5MQT,New Upgraded 51“ 746p06891 Throttle Choke Cable for Cub Cadet ZT1-42 ZT1-46 ZT1-50 ZT1-54 ZT2-60 ZTS1-42 ZTS1-46 ZTS1-50 ZTS2-50 ZTS2-54 ZTS2-60 51 inches for KH FAB Lawn Mover Replace 746-06891,"['Patio, Lawn & Garden', 'lawn-garden']",US,30.99,8.68,2.48,5.77,0.15,470.0,180.0,4.2,0.55,10000.0,1.0,20.0,50.0,25.0,20.0,20.0,Imported from Sorftime; ASIN B0DHCW5MQT; parent B0DHCW5MQT; brand OCEAIR,https://www.amazon.com/dp/B0DHCW5MQT,0.0,0.0,35.0,D,estimated_or_unverified,45.0,Reject,9.41,0.3037,4423.4,82.3,50.8,25.8,22.0,78.0,gross margin below 35%; evidence confidence below supplier-validation threshold; landed cost still estimated,,,,,,,,,,,,,,
category:Wheels,B0D3QFQJVH,B0BKQH6VSV,"Fourtry 634-04659 Lawn mower Front Wheel Assembly, 8x2 inch Wheel Compatible with Cub Ca det SC100, CSV070, SC100H, SC100HW, SCP100 mower, 2 Pack","['Patio, Lawn & Garden', 'lawn-garden']",US,19.99,5.6,1.6,3.6,0.15,1135.0,8.0,4.1,0.55,10000.0,1.0,20.0,50.0,25.0,20.0,45.0,Imported from Sorftime; ASIN B0D3QFQJVH; parent B0BKQH6VSV; brand Fourtry,https://www.amazon.com/dp/B0D3QFQJVH,0.0,0.0,35.0,D,estimated_or_unverified,45.0,Reject,6.19,0.3097,7027.35,87.3,70.3,27.6,27.0,73.0,gross margin below 35%; unit profit below $8; evidence confidence below supplier-validation threshold; landed cost still estimated,,,,,,,,,,,,,,
category:Tumblers,B0FLSFGVG1,B0FNG42QXM,"Logo Brands NCAA Miami Hurricanes Step & Repeat 34 oz Stainless Steel Quencher Bottle – All Over Logo Design, No-Spill Lid, Easy Carry Handle - Keeps Drinks Cold For Hours","['Sports & Outdoors', 'sporting-goods']",US,36.18,10.13,2.89,5.35,0.15,203.0,51.0,4.3,0.55,10000.0,1.0,20.0,50.0,25.0,20.0,20.0,Imported from Sorftime; ASIN B0FLSFGVG1; parent B0FNG42QXM; brand Logo Brands,https://www.amazon.com/dp/B0FLSFGVG1,0.0,0.0,35.0,D,estimated_or_unverified,45.0,Reject,12.38,0.3423,2513.75,37.8,58.3,31.4,22.0,78.0,gross margin below 35%; evidence confidence below supplier-validation threshold; landed cost still estimated,,,,,,,,,,,,,,
category:Cereal Containers,B0CCTB254W,B0CRVHGB67,"Large Flour Storage Container Bin 25lb, 2Pack Airtight Rice Storage Containers with Wheels Seal Locking Lid, BPA Free with Measuring Cup&Scoop for Flour, Rice, Grain(Green)","['Kitchen & Dining', 'kitchen']",US,62.99,17.64,5.04,16.02,0.15,743.0,304.0,4.2,0.55,10000.0,1.0,20.0,50.0,25.0,20.0,45.0,Imported from Sorftime; ASIN B0CCTB254W; parent B0CRVHGB67; brand Qiveno,https://www.amazon.com/dp/B0CCTB254W,0.0,0.0,35.0,D,estimated_or_unverified,45.0,Reject,14.84,0.2356,11027.23,87.3,40.8,39.7,27.0,73.0,gross margin below 35%; evidence confidence below supplier-validation threshold; landed cost still estimated,,,,,,,,,,,,,,
category:Pod Stands,B0C1TSBYMY,B0BPJWNW1C,"K Cup Holder 40 Pods Capacity, Coffee Pods Holder Storage Organizer Stand | K Cup Carousel, 360°Rotating K Cup Organizer, Easy-Grip Top Handle,Space-Saving for Countertop, K Cups Holder Easy Assembly","['Kitchen & Dining', 'kitchen']",US,19.97,5.59,1.6,7.16,0.15,4815.0,87.0,4.5,0.55,10000.0,1.0,20.0,50.0,25.0,20.0,45.0,Imported from Sorftime; ASIN B0C1TSBYMY; parent B0BPJWNW1C; brand BLACKSMITH FAMILY,https://www.amazon.com/dp/B0C1TSBYMY,0.0,0.0,35.0,D,estimated_or_unverified,45.0,Reject,2.62,0.1314,12636.97,87.3,54.3,20.0,27.0,73.0,gross margin below 35%; unit profit below $8; evidence confidence below supplier-validation threshold; landed cost still estimated,,,,,,,,,,,,,,
category:Covers,B0G2C27ZPP,B0H1WDBC7X,"Garden Zero Turn Mower Cover Waterproof,Zero Turn Lawn Mower Covers Windproof,Mower Protector Fit with Air Vents and Elastic Straps(Zero Turn-79'L x 55'W x 46'H)","['Patio, Lawn & Garden', 'lawn-garden']",US,23.99,6.72,1.92,6.73,0.15,2568.0,328.0,4.4,0.55,10000.0,1.0,20.0,50.0,25.0,20.0,45.0,Imported from Sorftime; ASIN B0G2C27ZPP; parent B0H1WDBC7X; brand Rimwig,https://www.amazon.com/dp/B0G2C27ZPP,0.0,0.0,35.0,D,estimated_or_unverified,44.7,Reject,5.02,0.2093,12895.21,87.3,40.8,20.0,27.0,73.0,gross margin below 35%; unit profit below $8; evidence confidence below supplier-validation threshold; landed cost still estimated,,,,,,,,,,,,,,
category:Tumblers,B0DZJPDGSD,B0F1DS9FFX,Rico Industries NCAA 24oz Stainless Steel Tumbler with Lid and Dual Functioning Lid (Sip or Use Straw),"['Sports & Outdoors', 'sporting-goods']",US,31.06,8.7,2.48,5.35,0.15,302.0,166.0,4.4,0.55,10000.0,1.0,20.0,50.0,25.0,20.0,20.0,Imported from Sorftime; ASIN B0DZJPDGSD; parent B0F1DS9FFX; brand Rico Industries,https://www.amazon.com/dp/B0DZJPDGSD,0.0,0.0,35.0,D,estimated_or_unverified,44.7,Reject,9.87,0.3178,2981.04,54.3,50.8,24.4,22.0,78.0,gross margin below 35%; evidence confidence below supplier-validation threshold; landed cost still estimated,,,,,,,,,,,,,,
category:Barbecue Forks,B0FL9F43KH,B0GTYPHQSB,"Smores Sticks For Fire Pit [All-Stainless Steel Set Of 6] -Marshmallow Roasting Sticks For Campfire, Telescoping S’mores Forks -Long Hot Dog Sticks [Dishwasher-Safe] - SUMPRI Campfire Skewers","['Patio, Lawn & Garden', 'lawn-garden']",US,18.95,5.31,1.52,4.87,0.15,614.0,94.0,4.5,0.55,10000.0,1.0,20.0,50.0,25.0,20.0,20.0,Imported from Sorftime; ASIN B0FL9F43KH; parent B0GTYPHQSB; brand SUMPRI,https://www.amazon.com/dp/B0FL9F43KH,0.0,0.0,35.0,D,estimated_or_unverified,43.9,Reject,4.41,0.2326,2706.21,87.3,54.3,4.9,22.0,78.0,gross margin below 35%; unit profit below $8; evidence confidence below supplier-validation threshold; landed cost still estimated,,,,,,,,,,,,,,
category:Tumblers,B0BTYZSB3Q,B0CS3P2MGV,FOCO Dallas Cowboys NFL 40 oz XL Tumbler - Team Color,"['Sports & Outdoors', 'sporting-goods']",US,40.0,11.2,3.2,6.77,0.15,486.0,1400.0,4.5,0.55,10000.0,1.0,20.0,50.0,25.0,20.0,20.0,Imported from Sorftime; ASIN B0BTYZSB3Q; parent B0CS3P2MGV; brand FOCO,https://www.amazon.com/dp/B0BTYZSB3Q,0.0,0.0,35.0,D,estimated_or_unverified,43.9,Reject,12.83,0.3208,6235.38,85.0,14.3,40.1,22.0,78.0,gross margin below 35%; review count above 600; evidence confidence below supplier-validation threshold; landed cost still estimated,,,,,,,,,,,,,,
category:Barbecue Forks,B0C9T2RK2F,B0C9T2RK2F,Smores Sticks | Set of 6 Marshmallow Roasting Sticks | Extendable Stainless Steel w/Walnut Handles | Smore Sticks for Marshmallow Sticks for Fire Pit | Smore Sticks for Fire Pit,"['Patio, Lawn & Garden', 'lawn-garden']",US,21.99,6.16,1.76,4.73,0.15,920.0,284.0,4.5,0.55,10000.0,1.0,20.0,50.0,25.0,20.0,20.0,Imported from Sorftime; ASIN B0C9T2RK2F; parent B0C9T2RK2F; brand Blue River Goods,https://www.amazon.com/dp/B0C9T2RK2F,0.0,0.0,35.0,D,estimated_or_unverified,43.4,Reject,6.04,0.2747,5558.18,87.3,36.8,18.4,22.0,78.0,gross margin below 35%; unit profit below $8; evidence confidence below supplier-validation threshold; landed cost still estimated,,,,,,,,,,,,,,
category:Cooling Bins,B0F2HV5DMS,B0F2HRJL6N,Bencailor Shark Birthday Party Decorations Grey Shark Inflatable Cooler Summer Ocean Blow up Drink Cooler Reusable Floating Ice Chest Tail Pool Drink Holder for Holiday Birthday Party Decorations,"['Patio, Lawn & Garden', 'lawn-garden']",US,27.98,7.83,2.24,5.94,0.15,236.0,28.0,4.0,0.55,10000.0,1.0,20.0,50.0,25.0,20.0,20.0,Imported from Sorftime; ASIN B0F2HV5DMS; parent B0F2HRJL6N; brand Bencailor,https://www.amazon.com/dp/B0F2HV5DMS,0.0,0.0,35.0,D,estimated_or_unverified,43.0,Reject,7.77,0.2778,1834.43,43.3,65.3,11.6,22.0,78.0,gross margin below 35%; unit profit below $8; evidence confidence below supplier-validation threshold; landed cost still estimated,,,,,,,,,,,,,,
category:Tune-Up Kits,B0CR2V1829,B0CR2V1829,Ferilter 149CC Carburetor for Kohler XT675 XT650 Toro 22 Recycler Lawn Mower 20371 20378 20377 14 853 68-S Carburetor for Kolhler 6.5hp 6.75 hp 149cc Engine Tune Up Kit 14 083 15-S Air Filter,"['Patio, Lawn & Garden', 'lawn-garden']",US,18.98,5.31,1.52,4.88,0.15,587.0,179.0,4.4,0.55,10000.0,1.0,20.0,50.0,25.0,20.0,20.0,Imported from Sorftime; ASIN B0CR2V1829; parent B0CR2V1829; brand Ferilter,https://www.amazon.com/dp/B0CR2V1829,0.0,0.0,35.0,D,estimated_or_unverified,42.7,Reject,4.42,0.233,2596.3,87.3,50.8,4.6,22.0,78.0,gross margin below 35%; unit profit below $8; evidence confidence below supplier-validation threshold; landed cost still estimated,,,,,,,,,,,,,,
category:Recoil Springs,B0DNDPMWJ4,B0DZVPF9ZJ,HQPASFY 28400-Z9V-014 Recoil Starter Assembly,"['Patio, Lawn & Garden', 'lawn-garden']",US,16.99,4.76,1.36,3.7,0.15,335.0,19.0,4.6,0.55,10000.0,1.0,20.0,50.0,25.0,20.0,20.0,Imported from Sorftime; ASIN B0DNDPMWJ4; parent B0DZVPF9ZJ; brand HQPASFY,https://www.amazon.com/dp/B0DNDPMWJ4,0.0,0.0,35.0,D,estimated_or_unverified,42.6,Reject,4.62,0.272,1548.2,59.8,64.3,4.5,22.0,78.0,gross margin below 35%; unit profit below $8; evidence confidence below supplier-validation threshold; landed cost still estimated,,,,,,,,,,,,,,
category:Tumblers,B0DZKC6VQF,B0F2TDJC2M,Rico Industries NFL Football 24oz Stainless Steel Tumbler with Lid and Dual Functioning Lid,"['Sports & Outdoors', 'sporting-goods']",US,31.86,8.92,2.55,4.89,0.15,309.0,214.0,4.6,0.55,10000.0,1.0,20.0,50.0,25.0,20.0,20.0,Imported from Sorftime; ASIN B0DZKC6VQF; parent B0F2TDJC2M; brand Rico Industries,https://www.amazon.com/dp/B0DZKC6VQF,0.0,0.0,35.0,D,estimated_or_unverified,42.5,Reject,10.72,0.3365,3312.79,55.5,36.8,29.6,22.0,78.0,gross margin below 35%; evidence confidence below supplier-validation threshold; landed cost still estimated,,,,,,,,,,,,,,
category:Solenoids,B0DDL479GH,B0FG87SXVC,JTAREA 762-1261-211-51 762-1261-211-50 Starter Solenoid 12V Lawn Mower Replacement Lawnmower Parts for Trombetta Cub Cadet Craftsman Husqvarna 862-1241-211-12 725-06153A 532192507,"['Patio, Lawn & Garden', 'lawn-garden']",US,12.99,3.64,1.04,4.17,0.15,1423.0,111.0,4.5,0.55,10000.0,1.0,20.0,50.0,25.0,20.0,20.0,Imported from Sorftime; ASIN B0DDL479GH; parent B0FG87SXVC; brand JTAREA,https://www.amazon.com/dp/B0DDL479GH,0.0,0.0,35.0,D,estimated_or_unverified,42.1,Reject,2.19,0.1687,3118.5,87.3,46.8,6.1,22.0,78.0,gross margin below 35%; unit profit below $8; evidence confidence below supplier-validation threshold; landed cost still estimated,,,,,,,,,,,,,,
category:Outdoor Trash Cans,B0DR8GMXFZ,B0DR8JY9WL,"30 Gallon Collapsible Trash Can for RV Camping, Zip Lid | Portable, reusable. For RV, recycling, yard waste, leaf bag, toy bin, hiking, travel, weeds. Folds flat for storage.","['Home & Kitchen', 'home-garden']",US,18.99,5.32,1.52,7.74,0.15,673.0,152.0,3.7,0.55,10000.0,1.0,20.0,50.0,25.0,20.0,20.0,Imported from Sorftime; ASIN B0DR8GMXFZ; parent B0DR8JY9WL; brand Werduoland,https://www.amazon.com/dp/B0DR8GMXFZ,0.0,0.0,35.0,D,estimated_or_unverified,41.8,Reject,1.56,0.0822,1050.89,87.3,52.8,0.1,22.0,78.0,gross margin below 35%; unit profit below $8; evidence confidence below supplier-validation threshold; landed cost still estimated,,,,,,,,,,,,,,
category:Hour Tachometers,B0F8ZYHT12,B0F8ZYHT12,Small Engine Tachometer Digital Chainsaw RPM Gauge Tiny Tach Hour Meter with Clip Mini Inductive Pulse Tachometer RPM Gauge Tester for Motorcycle Marine Outboard Boat Diesel Lawn Mower Tacho Meter,"['Patio, Lawn & Garden', 'lawn-garden']",US,22.99,6.44,1.84,3.93,0.15,251.0,64.0,4.5,0.55,10000.0,1.0,20.0,50.0,25.0,20.0,20.0,Imported from Sorftime; ASIN B0F8ZYHT12; parent B0F8ZYHT12; brand HTPREC,https://www.amazon.com/dp/B0F8ZYHT12,0.0,0.0,35.0,D,estimated_or_unverified,41.7,Reject,7.33,0.3189,1840.21,45.8,54.3,16.3,22.0,78.0,gross margin below 35%; unit profit below $8; evidence confidence below supplier-validation threshold; landed cost still estimated,,,,,,,,,,,,,,
category:Transmission Filters,B0D1P79YX8,B0D1P79YX8,"Transmission Filters/Hydraulic Filters/Oil Filters, for bad boy Hydro Gear | for Bad Boy 063-1050-00 Hydro Gear 2800 3100 3200, 2 Pack","['Patio, Lawn & Garden', 'lawn-garden']",US,20.89,5.85,1.67,4.86,0.15,482.0,197.0,4.6,0.55,10000.0,1.0,20.0,50.0,25.0,20.0,20.0,Imported from Sorftime; ASIN B0D1P79YX8; parent B0D1P79YX8; brand LikeLion,https://www.amazon.com/dp/B0D1P79YX8,0.0,0.0,35.0,D,estimated_or_unverified,41.7,Reject,5.38,0.2574,2591.47,84.3,46.8,6.3,22.0,78.0,gross margin below 35%; unit profit below $8; evidence confidence below supplier-validation threshold; landed cost still estimated,,,,,,,,,,,,,,
category:Pulleys,B089Q189RF,B0GSMW157N,2 Pack 756-04129b Idler Pulley 4.25 for Cub Cadet 50' RZT50 Mower | Replaces 956-04129b 753-08171 753-08068a 12675 for Troy Bilt 42' Cub Cadet 50' LTX1040 LT1045 LTX1050 RZT54 LTX1045 RZT42,"['Patio, Lawn & Garden', 'lawn-garden']",US,21.99,6.16,1.76,6.65,0.15,1512.0,232.0,4.6,0.55,10000.0,1.0,20.0,50.0,25.0,20.0,45.0,Imported from Sorftime; ASIN B089Q189RF; parent B0GSMW157N; brand POSEAGLE,https://www.amazon.com/dp/B089Q189RF,0.0,0.0,35.0,D,estimated_or_unverified,41.7,Reject,4.12,0.1874,6231.71,87.3,36.8,14.9,27.0,73.0,gross margin below 35%; unit profit below $8; evidence confidence below supplier-validation threshold; landed cost still estimated,,,,,,,,,,,,,,
category:Tabletop Wine Racks,B0F9QK3GJT,B0DMNQSCD7,"Rotating Coffee Syrup Organizer Hold 6 Bottles, Black | Wood Coffee Syrup Rack for Countertop, Large Bottle Holder Stand for Bar Station, Turntable Wine Display Tray","['Kitchen & Dining', 'kitchen']",US,24.98,6.99,2.0,6.54,0.15,386.0,63.0,4.3,0.55,10000.0,1.0,20.0,50.0,25.0,20.0,45.0,Imported from Sorftime; ASIN B0F9QK3GJT; parent B0DMNQSCD7; brand SUNNEKO,https://www.amazon.com/dp/B0F9QK3GJT,0.0,0.0,35.0,D,estimated_or_unverified,41.7,Reject,5.7,0.2283,2201.36,68.3,58.3,4.8,27.0,73.0,gross margin below 35%; unit profit below $8; evidence confidence below supplier-validation threshold; landed cost still estimated,,,,,,,,,,,,,,
category:Cooling Bins,B0H8HZFPR5,B0G52GPMTH,"Wood Pellet Storage Container 30-40lbs, Wheeled Bin with Clear Window | Collapsible Pellet Bucket with Secure Locking Lid, Large Capacity, Scoop and Labels Included, Black & White","['Patio, Lawn & Garden', 'lawn-garden']",US,31.49,8.82,2.52,8.89,0.15,350.0,59.0,4.3,0.55,10000.0,1.0,20.0,50.0,25.0,20.0,45.0,Imported from Sorftime; ASIN B0H8HZFPR5; parent B0G52GPMTH; brand Leafory,https://www.amazon.com/dp/B0H8HZFPR5,0.0,0.0,35.0,D,estimated_or_unverified,41.5,Reject,6.54,0.2076,2287.77,62.3,58.3,6.8,27.0,73.0,gross margin below 35%; unit profit below $8; evidence confidence below supplier-validation threshold; landed cost still estimated,,,,,,,,,,,,,,
category:Containers,B0D9LW4X4Q,B0H35PY5K6,"Pure Future Air-Tight Snackle Box Container –Divided Serving Tray with Lid & Handle–Clear Snack box for Fruits, Candy & Nuts–Portable for Travel & Daily Use (8 Inside Containers Dishwasher Safe)","['Kitchen & Dining', 'kitchen']",US,19.99,5.6,1.6,6.59,0.15,3696.0,514.0,4.3,0.55,10000.0,1.0,20.0,50.0,25.0,20.0,20.0,Imported from Sorftime; ASIN B0D9LW4X4Q; parent B0H35PY5K6; brand Pure Future,https://www.amazon.com/dp/B0D9LW4X4Q,0.0,0.0,35.0,D,estimated_or_unverified,41.4,Reject,3.2,0.1602,11832.74,87.3,28.3,20.0,22.0,78.0,gross margin below 35%; unit profit below $8; evidence confidence below supplier-validation threshold; landed cost still estimated,,,,,,,,,,,,,,
category:Disposable Cups,B0G59NQSPV,B0HD97BSYL,"Top Cup NFL Chicago Bears Aluminum Party Cups, 20oz, 20 Count | Made in the USA, Colder, Durable, Reusable, Recycleable, Dishwasher Safe","['Sports & Outdoors', 'sporting-goods']",US,26.99,7.56,2.16,6.77,0.15,4527.0,773.0,4.5,0.55,10000.0,1.0,20.0,50.0,25.0,20.0,20.0,Imported from Sorftime; ASIN B0G59NQSPV; parent B0HD97BSYL; brand Top Cup,https://www.amazon.com/dp/B0G59NQSPV,0.0,0.0,35.0,D,estimated_or_unverified,41.2,Reject,6.45,0.239,29205.94,87.3,24.3,22.9,22.0,78.0,gross margin below 35%; unit profit below $8; review count above 600; evidence confidence below supplier-validation threshold; landed cost still estimated,,,,,,,,,,,,,,
category:Belts,B07M9ZMWF4,B07M9ZMWF4,Exmark/Toro 30“ Genuine OEM PTO Belt Part# 121-5765,"['Patio, Lawn & Garden', 'lawn-garden']",US,15.59,4.37,1.25,3.35,0.15,1757.0,641.0,4.5,0.55,10000.0,1.0,20.0,50.0,25.0,20.0,20.0,Imported from Sorftime; ASIN B07M9ZMWF4; parent B07M9ZMWF4; brand Exmark,https://www.amazon.com/dp/B07M9ZMWF4,0.0,0.0,35.0,D,estimated_or_unverified,40.9,Reject,4.28,0.2746,7522.6,87.3,24.3,21.9,22.0,78.0,gross margin below 35%; unit profit below $8; review count above 600; evidence confidence below supplier-validation threshold; landed cost still estimated,,,,,,,,,,,,,,
category:Handle Parts,B0CXXKKPX5,B0F9T4Y3QQ,946-05087D PTO Handle Cable for MTD Troy Bilt Lawn Mower Replace for C-Cadet LT46 LT42 XT1 XT2 LX46 LX42,"['Patio, Lawn & Garden', 'lawn-garden']",US,12.99,3.64,1.04,4.19,0.15,480.0,159.0,4.3,0.55,10000.0,1.0,20.0,50.0,25.0,20.0,20.0,Imported from Sorftime; ASIN B0CXXKKPX5; parent B0F9T4Y3QQ; brand LiStarUs,https://www.amazon.com/dp/B0CXXKKPX5,0.0,0.0,35.0,D,estimated_or_unverified,40.7,Reject,2.17,0.1672,1042.32,84.0,50.8,0.1,22.0,78.0,gross margin below 35%; unit profit below $8; evidence confidence below supplier-validation threshold; landed cost still estimated,,,,,,,,,,,,,,
category:Tires,B0GVDNRD1C,B0H8YGBGB8,"GICOOL 15x6.00-6 Rubber Lawn Mowers Tire and Wheel, 15x6-6nhs Riding Lawnmower Tractor Pneumatic Tire with 3/4“ Bearing Bore, 3“ Centered Hub, V-Turf Pattern, 2 Pack","['Patio, Lawn & Garden', 'lawn-garden']",US,59.99,16.8,4.8,19.98,0.15,1885.0,1025.0,4.5,0.55,10000.0,1.0,20.0,50.0,25.0,20.0,20.0,Imported from Sorftime; ASIN B0GVDNRD1C; parent B0H8YGBGB8; brand GICOOL,https://www.amazon.com/dp/B0GVDNRD1C,0.0,0.0,35.0,D,estimated_or_unverified,40.3,Reject,9.41,0.1569,17740.68,87.3,14.3,28.8,22.0,78.0,gross margin below 35%; review count above 600; evidence confidence below supplier-validation threshold; landed cost still estimated,,,,,,,,,,,,,,
category:Tune-Up Kits,B0CFVHP9J9,B0CFVHP9J9,"SYOWADA Carburetor Replacement for BS 14.5Hp 15Hp 16Hp 17Hp 18.5Hp 19.5Hp 20Hp 21Hp Intek Engine Motors, 697122 Carb Replacement For B&S 31A507 31A607 31A707 31A777 Engines","['Patio, Lawn & Garden', 'lawn-garden']",US,16.99,4.76,1.36,4.87,0.15,777.0,261.0,4.2,0.55,10000.0,1.0,20.0,50.0,25.0,20.0,20.0,Imported from Sorftime; ASIN B0CFVHP9J9; parent B0CFVHP9J9; brand SYOWADA,https://www.amazon.com/dp/B0CFVHP9J9,0.0,0.0,35.0,D,estimated_or_unverified,39.8,Reject,3.45,0.2031,2681.82,87.3,40.8,4.8,22.0,78.0,gross margin below 35%; unit profit below $8; evidence confidence below supplier-validation threshold; landed cost still estimated,,,,,,,,,,,,,,
category:Throttle Controls,B0F1CCSXHH,B0F1CCSXHH,Universal Throttle Cable Repair KIT for Lawn Mower Control | Lawn Mower Control Cable Kit Adjustable Z Bend Cabel End Mini Bike Go Kart DIY,"['Patio, Lawn & Garden', 'lawn-garden']",US,12.99,3.64,1.04,4.38,0.15,448.0,103.0,4.2,0.55,10000.0,1.0,20.0,50.0,25.0,20.0,20.0,Imported from Sorftime; ASIN B0F1CCSXHH; parent B0F1CCSXHH; brand YGQ,https://www.amazon.com/dp/B0F1CCSXHH,0.0,0.0,35.0,D,estimated_or_unverified,39.8,Reject,1.98,0.1525,887.71,78.6,50.8,0.0,22.0,78.0,gross margin below 35%; unit profit below $8; evidence confidence below supplier-validation threshold; landed cost still estimated,,,,,,,,,,,,,,
category:Grass Catchers,B0DXPMKXSZ,B0DXPMKXSZ,"631-04354C 631-04354B Chute Assembly/Deflector Chute Assembly Compatible with MTD, CUB Cadet, Troy-Bilt RZT LX SX XT1 XT2 ZT1 42 46 - Replaces 631-04354, 631-04354a, 731-07020, 731-07020b, 931-06354","['Patio, Lawn & Garden', 'lawn-garden']",US,19.99,5.6,1.6,3.6,0.15,238.0,79.0,4.5,0.55,10000.0,1.0,20.0,50.0,25.0,20.0,20.0,Imported from Sorftime; ASIN B0DXPMKXSZ; parent B0DXPMKXSZ; brand EZYPAK,https://www.amazon.com/dp/B0DXPMKXSZ,0.0,0.0,35.0,D,estimated_or_unverified,39.7,Reject,6.19,0.3097,1473.58,43.6,54.3,11.7,22.0,78.0,gross margin below 35%; unit profit below $8; evidence confidence below supplier-validation threshold; landed cost still estimated,,,,,,,,,,,,,,
category:Pull Cords,B0DYNHDWRN,B0DYNX73P7,"SSFOLPFEE 4.0mm Recoil Starter Rope 100FT, Heavy Duty Pull Cord for Lawn Mowers, Generators, Pressure Washers & Small Engines, Universal Starter Rope 750LB","['Patio, Lawn & Garden', 'lawn-garden']",US,18.09,5.07,1.45,4.47,0.15,448.0,132.0,4.5,0.55,10000.0,1.0,20.0,50.0,25.0,20.0,20.0,Imported from Sorftime; ASIN B0DYNHDWRN; parent B0DYNX73P7; brand SSFOLPFEE,https://www.amazon.com/dp/B0DYNHDWRN,0.0,0.0,35.0,D,estimated_or_unverified,39.6,Reject,4.39,0.2425,1965.15,78.6,46.8,2.8,22.0,78.0,gross margin below 35%; unit profit below $8; evidence confidence below supplier-validation threshold; landed cost still estimated,,,,,,,,,,,,,,
category:Deck Parts,B0CQCBCW1F,B0H2Y4HGPF,Lawn Mower Spindle for Husqvarna YTH24V48 Ariens Craftsman Poulan Jonsered Murray Mandrel Assembly Replacement Part Number 532187292 532192870 187292 532187281 21546238 21546299 Mower Mandrel Spindle | For Husqvarna YTH22V46 YTH24V48 Spindle Assembly Husqvarna Craftsman Ariens Jonsered 42“ 46“ 48“ 54“ Mower Deck Mandrel,"['Patio, Lawn & Garden', 'lawn-garden']",US,17.99,5.04,1.44,7.72,0.15,727.0,125.0,4.5,0.55,10000.0,1.0,20.0,50.0,25.0,20.0,45.0,Imported from Sorftime; ASIN B0CQCBCW1F; parent B0H2Y4HGPF; brand GYZJ,https://www.amazon.com/dp/B0CQCBCW1F,0.0,0.0,35.0,D,estimated_or_unverified,39.4,Reject,1.09,0.0607,793.52,87.3,46.8,0.0,27.0,73.0,gross margin below 35%; unit profit below $8; evidence confidence below supplier-validation threshold; landed cost still estimated,,,,,,,,,,,,,,
category:Wheels,B0F4JVPJQY,B0D5BFVPSN,"AR-PRO 7-Inch Lawn Mower Wheels - Replacement 7” Push Lawn Mower Wheels with 1-1/4” Width Hub and 1/2” Bearings - Fit for Standard Lawn Mowers, Pressure Washers, Generators and More (2-Pack)","['Patio, Lawn & Garden', 'lawn-garden']",US,17.99,5.04,1.44,6.18,0.15,872.0,243.0,4.4,0.55,10000.0,1.0,20.0,50.0,25.0,20.0,20.0,Imported from Sorftime; ASIN B0F4JVPJQY; parent B0D5BFVPSN; brand AR-PRO,https://www.amazon.com/dp/B0F4JVPJQY,0.0,0.0,35.0,D,estimated_or_unverified,39.4,Reject,2.63,0.1463,2294.67,87.3,40.8,3.7,22.0,78.0,gross margin below 35%; unit profit below $8; evidence confidence below supplier-validation threshold; landed cost still estimated,,,,,,,,,,,,,,
category:Tabletop Wine Racks,B0BNDHZ378,B0F9XFG6JP,"Countertop Wine Rack - 5 Bottle Freestanding Modern Gold Metal Small Wine Rack - Tabletop Wine Holder Stand for Cabinet, Pantry, Wine Bottle Storage…","['Kitchen & Dining', 'kitchen']",US,19.79,5.54,1.58,6.17,0.15,644.0,236.0,4.4,0.55,10000.0,1.0,20.0,50.0,25.0,20.0,20.0,Imported from Sorftime; ASIN B0BNDHZ378; parent B0F9XFG6JP; brand Drincarier,https://www.amazon.com/dp/B0BNDHZ378,0.0,0.0,35.0,D,estimated_or_unverified,39.4,Reject,3.53,0.1784,2274.29,87.3,40.8,3.6,22.0,78.0,gross margin below 35%; unit profit below $8; evidence confidence below supplier-validation threshold; landed cost still estimated,,,,,,,,,,,,,,
category:Deck Parts,B085XV7FJG,B0H8HYGMCV,187292 192870 567253301 587819701 587125401 Spindle Assembly Fit for 42' 46' 48' 54' Mower Deck Husqvarna yth22v46 yth24v48 yth18K46 yth18542 YTA22V46 z254 Craftsman yt3000 YS4500 YT4000 Lawn Mower,"['Patio, Lawn & Garden', 'lawn-garden']",US,24.99,7.0,2.0,7.72,0.15,1688.0,670.0,4.5,0.55,10000.0,1.0,20.0,50.0,25.0,20.0,45.0,Imported from Sorftime; ASIN B085XV7FJG; parent B0H8HYGMCV; brand TENGMUJX,https://www.amazon.com/dp/B085XV7FJG,0.0,0.0,35.0,D,estimated_or_unverified,39.3,Reject,4.52,0.1809,7632.29,87.3,24.3,18.9,27.0,73.0,gross margin below 35%; unit profit below $8; review count above 600; evidence confidence below supplier-validation threshold; landed cost still estimated,,,,,,,,,,,,,,
category:Pod Baskets,B0FM3QQZ33,B0HC68LC7P,"BEABOO Cup and Lid Holder, Disposable Paper Cup Dispenser with Coffee Pod Straw Storage Basket, Countertop Coffee Cup Holder for Coffee Stations, Bars, Break Rooms, Living Rooms, Parties (Black)","['Kitchen & Dining', 'kitchen']",US,12.98,3.63,1.04,5.36,0.15,377.0,96.0,4.5,0.55,10000.0,1.0,20.0,50.0,25.0,20.0,20.0,Imported from Sorftime; ASIN B0FM3QQZ33; parent B0HC68LC7P; brand BEABOO,https://www.amazon.com/dp/B0FM3QQZ33,0.0,0.0,35.0,D,estimated_or_unverified,39.1,Reject,1.0,0.0773,378.13,66.8,54.3,0.0,22.0,78.0,gross margin below 35%; unit profit below $8; evidence confidence below supplier-validation threshold; landed cost still estimated,,,,,,,,,,,,,,
category:Outdoor Trash Cans,B0CXSVRNDQ,B0FXFYJ3MT,"YYDSDOTA Trash Can Lid Lock for Raccoons, Bear Proof Garbage Can Locks for Animals, Strong Outdoor Trash Bin Bungee Cord Strap, Locking Trash Can During Strong Winds (Black-2 Pack)","['Home & Kitchen', 'home-garden']",US,13.95,3.91,1.12,5.24,0.15,800.0,317.0,4.0,0.55,10000.0,1.0,20.0,50.0,25.0,20.0,20.0,Imported from Sorftime; ASIN B0CXSVRNDQ; parent B0FXFYJ3MT; brand Wuno Shop,https://www.amazon.com/dp/B0CXSVRNDQ,0.0,0.0,35.0,D,estimated_or_unverified,39.0,Reject,1.59,0.1138,1270.0,87.3,42.8,0.8,22.0,78.0,gross margin below 35%; unit profit below $8; evidence confidence below supplier-validation threshold; landed cost still estimated,,,,,,,,,,,,,,
category:Pull Cords,B0FRQ4H7SN,B0FRQY1Q6F,YAMAKATO GX270 Recoil Pull Starter w/Pull Cord for Honda and Clones GX240 8hp 9hp 301cc Red (Pack of 2),"['Patio, Lawn & Garden', 'lawn-garden']",US,19.99,5.6,1.6,3.6,0.15,378.0,218.0,4.5,0.55,10000.0,1.0,20.0,50.0,25.0,20.0,20.0,Imported from Sorftime; ASIN B0FRQ4H7SN; parent B0FRQY1Q6F; brand YAMAKATO,https://www.amazon.com/dp/B0FRQ4H7SN,0.0,0.0,35.0,D,estimated_or_unverified,38.8,Reject,6.19,0.3097,2340.39,67.0,36.8,14.2,22.0,78.0,gross margin below 35%; unit profit below $8; evidence confidence below supplier-validation threshold; landed cost still estimated,,,,,,,,,,,,,,
category:Tumblers,B0BTYZMQQ6,B0G38MSP1D,FOCO San Francisco 49ers NFL 30 oz Straw Tumbler,"['Sports & Outdoors', 'sporting-goods']",US,30.0,8.4,2.4,5.94,0.15,576.0,966.0,4.5,0.55,10000.0,1.0,20.0,50.0,25.0,20.0,20.0,Imported from Sorftime; ASIN B0BTYZMQQ6; parent B0G38MSP1D; brand FOCO,https://www.amazon.com/dp/B0BTYZMQQ6,0.0,0.0,35.0,D,estimated_or_unverified,38.8,Reject,8.76,0.292,5045.76,87.3,14.3,24.7,22.0,78.0,gross margin below 35%; review count above 600; evidence confidence below supplier-validation threshold; landed cost still estimated,,,,,,,,,,,,,,
category:Deck Parts,B09ZQBKMRS,B0GVH8QCJ2,42“ 46“ 48“ 54“ Deck Spindle Assembly Fit for Husqvarna YTH22V46 YTH24V48 Craftsman YT3000 YT4000 Lawn Mower Replaces 187292 192870 532187292 587819701 187281 532192870 532187281,"['Patio, Lawn & Garden', 'lawn-garden']",US,24.99,7.0,2.0,7.72,0.15,717.0,360.0,4.6,0.55,10000.0,1.0,20.0,50.0,25.0,20.0,45.0,Imported from Sorftime; ASIN B09ZQBKMRS; parent B0GVH8QCJ2; brand SCBHWJ,https://www.amazon.com/dp/B09ZQBKMRS,0.0,0.0,35.0,D,estimated_or_unverified,38.7,Reject,4.52,0.1809,3241.92,87.3,36.8,6.4,27.0,73.0,gross margin below 35%; unit profit below $8; evidence confidence below supplier-validation threshold; landed cost still estimated,,,,,,,,,,,,,,
category:Throttle Controls,B0DJSBVYNR,B0DRNYRS84,946-05098C Throttle Choke Cable Compatible with Cub Cadet Craftsman MTD Lawn Tractor Throttle Cable XT1-LT46 LT50 GT50 GT54 ST54 XT2-LT54 LX46 GX54 Replace# 946-05098A 946-05098B 746-05098A,"['Patio, Lawn & Garden', 'lawn-garden']",US,18.02,5.05,1.44,6.37,0.15,375.0,190.0,4.1,0.55,10000.0,1.0,20.0,50.0,25.0,20.0,20.0,Imported from Sorftime; ASIN B0DJSBVYNR; parent B0DRNYRS84; brand GEATaaT,https://www.amazon.com/dp/B0DJSBVYNR,0.0,0.0,35.0,D,estimated_or_unverified,38.6,Reject,2.46,0.1363,921.37,66.5,52.8,0.0,22.0,78.0,gross margin below 35%; unit profit below $8; evidence confidence below supplier-validation threshold; landed cost still estimated,,,,,,,,,,,,,,
category:Mufflers,B0CKVY28DJ,B0GQ39W8M1,751-0616B 951-0616B Twin Inlet Exhaust Muffler 951-0616B for MTD Cub Cadet LT1018 LT1022 LT1024 GT1222 RZT22 RZT50 RZT54,"['Patio, Lawn & Garden', 'lawn-garden']",US,35.8,10.02,2.86,7.92,0.15,239.0,154.0,4.6,0.55,10000.0,1.0,20.0,50.0,25.0,20.0,45.0,Imported from Sorftime; ASIN B0CKVY28DJ; parent B0GQ39W8M1; brand sevencow,https://www.amazon.com/dp/B0CKVY28DJ,0.0,0.0,35.0,D,estimated_or_unverified,38.3,Reject,9.63,0.269,2301.57,43.8,46.8,15.5,27.0,73.0,gross margin below 35%; evidence confidence below supplier-validation threshold; landed cost still estimated,,,,,,,,,,,,,,
category:Insulators,B09BFTPY4Q,B0F99F61WW,WK ieason 12oz Slim Can Sleeves for Beer Skinny Can Coolers Coolie,"['Kitchen & Dining', 'kitchen']",US,12.95,3.63,1.04,4.18,0.15,2289.0,529.0,4.4,0.55,10000.0,1.0,20.0,50.0,25.0,20.0,20.0,Imported from Sorftime; ASIN B09BFTPY4Q; parent B0F99F61WW; brand WK IEASON,https://www.amazon.com/dp/B09BFTPY4Q,0.0,0.0,35.0,D,estimated_or_unverified,38.3,Reject,2.16,0.1666,4938.52,87.3,28.3,11.3,22.0,78.0,gross margin below 35%; unit profit below $8; evidence confidence below supplier-validation threshold; landed cost still estimated,,,,,,,,,,,,,,
category:Recoil Springs,B0BY6JH8FV,B0BY6JH8FV,1PZ Recoil Starter Pull Start for Honda GX340 GX390 GX610 GX620 11hp 13hp 28400-ZEE3-W01ZA Generator Replaces,"['Patio, Lawn & Garden', 'lawn-garden']",US,15.95,4.47,1.28,5.94,0.15,585.0,279.0,4.3,0.55,10000.0,1.0,20.0,50.0,25.0,20.0,20.0,Imported from Sorftime; ASIN B0BY6JH8FV; parent B0BY6JH8FV; brand 1PZ,https://www.amazon.com/dp/B0BY6JH8FV,0.0,0.0,35.0,D,estimated_or_unverified,38.2,Reject,1.87,0.1171,1092.49,87.3,40.8,0.3,22.0,78.0,gross margin below 35%; unit profit below $8; evidence confidence below supplier-validation threshold; landed cost still estimated,,,,,,,,,,,,,,
category:Throttle Controls,B0D5M2TYJ9,B0D5M2TYJ9,"055-8020-00 055802000 Throttle Control Cable Compatible with Bad Boy ZT Elite, MZ Rambler, Compact Outlaw, Maverick Mowers, 52-1/2“ Cable Length, 50“ Conduit Length,53“ Throttle Cables 290-100","['Patio, Lawn & Garden', 'lawn-garden']",US,15.88,4.45,1.27,4.47,0.15,289.0,52.0,4.4,0.55,10000.0,1.0,20.0,50.0,25.0,20.0,20.0,Imported from Sorftime; ASIN B0D5M2TYJ9; parent B0D5M2TYJ9; brand showingo,https://www.amazon.com/dp/B0D5M2TYJ9,0.0,0.0,35.0,D,estimated_or_unverified,38.1,Reject,3.31,0.2083,956.01,52.1,58.3,0.0,22.0,78.0,gross margin below 35%; unit profit below $8; evidence confidence below supplier-validation threshold; landed cost still estimated,,,,,,,,,,,,,,
category:Fuel Lines,B0BNH4ZFGS,B0CBDLKRS6,2 Packs 1/4“ Fuel Shut Off Valve Fit 180 Degree Oregon 07-403 Heavy Duty Inline Cut Petcock Gas Diesel Petrol Scag 48568 Inline Shut Off Valve 1/4 Inch | Heavy Duty Inline Cut Petcock Gas Diesel Petrol Scag 48568 Inline Shut Off Valve 1/4 Inch,"['Patio, Lawn & Garden', 'lawn-garden']",US,12.99,3.64,1.04,4.19,0.15,249.0,57.0,4.1,0.55,10000.0,1.0,20.0,50.0,25.0,20.0,20.0,Imported from Sorftime; ASIN B0BNH4ZFGS; parent B0CBDLKRS6; brand jtfrkope,https://www.amazon.com/dp/B0BNH4ZFGS,0.0,0.0,35.0,D,estimated_or_unverified,37.7,Reject,2.17,0.1672,540.7,45.5,60.3,0.0,22.0,78.0,gross margin below 35%; unit profit below $8; evidence confidence below supplier-validation threshold; landed cost still estimated,,,,,,,,,,,,,,
category:Tune-Up Kits,B07MLPJ3NH,B07MLPJ3NH,XT1 Oil Change Kit Air Filter for Cub Cadet KH-32-883-09-S1 XT2 XT1 LT46 LT50 ZT1-54 ZT1-42 Kohler 7000 Series KT715-KT745 725CC Engines Replace 32-083-09-S,"['Patio, Lawn & Garden', 'lawn-garden']",US,22.88,6.41,1.83,5.76,0.15,1579.0,1216.0,4.6,0.55,10000.0,1.0,20.0,50.0,25.0,20.0,20.0,Imported from Sorftime; ASIN B07MLPJ3NH; parent B07MLPJ3NH; brand Butom,https://www.amazon.com/dp/B07MLPJ3NH,0.0,0.0,35.0,D,estimated_or_unverified,37.5,Reject,5.45,0.2381,8602.39,87.3,14.3,20.9,22.0,78.0,gross margin below 35%; unit profit below $8; review count above 600; evidence confidence below supplier-validation threshold; landed cost still estimated,,,,,,,,,,,,,,
category:Handle Parts,B0D1Y57CXX,B0D1Y57CXX,594062 Recoil Starter Pull Start Assembly for B&S 103M02 103M05 104M02 | 594062 recoil starter replacement with smooth pullback and stable rewind for 103M02 103M05 104M02 engines,"['Patio, Lawn & Garden', 'lawn-garden']",US,20.99,5.88,1.68,7.2,0.15,265.0,97.0,4.3,0.55,10000.0,1.0,20.0,50.0,25.0,20.0,20.0,Imported from Sorftime; ASIN B0D1Y57CXX; parent B0D1Y57CXX; brand FAMANDY,https://www.amazon.com/dp/B0D1Y57CXX,0.0,0.0,35.0,D,estimated_or_unverified,37.5,Reject,3.08,0.1468,816.6,48.1,58.3,0.0,22.0,78.0,gross margin below 35%; unit profit below $8; evidence confidence below supplier-validation threshold; landed cost still estimated,,,,,,,,,,,,,,
category:Grass Catchers,B0F2YJLQ6C,B0F2YJLQ6C,ZHIXING 137-7046 Deflector Chute w/Mounting Hardware Compatible with Toro Timecutter Exmark Quest E-Series 42“ Mower SW4200 ZS4200S 75742 74665 75748 75749 74667 74677 74705 74711 75742TA 75742W,"['Patio, Lawn & Garden', 'lawn-garden']",US,28.99,8.12,2.32,14.48,0.15,256.0,91.0,4.1,0.55,10000.0,1.0,20.0,50.0,25.0,20.0,45.0,Imported from Sorftime; ASIN B0F2YJLQ6C; parent B0F2YJLQ6C; brand ZHIXING,https://www.amazon.com/dp/B0F2YJLQ6C,0.0,0.0,35.0,D,estimated_or_unverified,37.4,Reject,-0.28,-0.0096,-71.3,46.6,60.3,0.0,27.0,73.0,negative unit profit; gross margin below 35%; unit profit below $8; evidence confidence below supplier-validation threshold; landed cost still estimated,,,,,,,,,,,,,,
category:Solenoids,B00CSBQXM8,B00CSBQXM8,GENUINE OEM TORO PARTS - SOLENOID 117-1197,"['Patio, Lawn & Garden', 'lawn-garden']",US,19.99,5.6,1.6,4.17,0.15,1093.0,1307.0,4.6,0.55,10000.0,1.0,20.0,50.0,25.0,20.0,20.0,Imported from Sorftime; ASIN B00CSBQXM8; parent B00CSBQXM8; brand Toro,https://www.amazon.com/dp/B00CSBQXM8,0.0,0.0,35.0,D,estimated_or_unverified,37.2,Reject,5.62,0.2812,6144.3,87.3,14.3,20.1,22.0,78.0,gross margin below 35%; unit profit below $8; review count above 600; evidence confidence below supplier-validation threshold; landed cost still estimated,,,,,,,,,,,,,,
category:Pod Baskets,B0DMSRRSMP,B0GJSCWQ6K,"Lifewit Laundry Pods Container with Pop-up Lid, 0.72gal, 2 Pcs | Coffee Pod, K-Cup Storage, Laundry Room Organization, Dryer Sheet Holder for Washing Powder Detergent","['Kitchen & Dining', 'kitchen']",US,21.99,6.16,1.76,6.78,0.15,2854.0,2208.0,4.6,0.55,10000.0,1.0,20.0,50.0,25.0,20.0,20.0,Imported from Sorftime; ASIN B0DMSRRSMP; parent B0GJSCWQ6K; brand Lifewit,https://www.amazon.com/dp/B0DMSRRSMP,0.0,0.0,35.0,D,estimated_or_unverified,37.2,Reject,3.99,0.1815,11391.74,87.3,14.3,20.0,22.0,78.0,gross margin below 35%; unit profit below $8; review count above 600; evidence confidence below supplier-validation threshold; landed cost still estimated,,,,,,,,,,,,,,
category:Covers,B0CT2KZTXL,B0D7CLJFSZ,"Lawn Mower Cover - Universal Fit Push Lawn Mower Cover for Outdoor | UV Protection Waterproof, Dust","['Patio, Lawn & Garden', 'lawn-garden']",US,12.99,3.64,1.04,4.47,0.15,624.0,278.0,4.6,0.55,10000.0,1.0,20.0,50.0,25.0,20.0,20.0,Imported from Sorftime; ASIN B0CT2KZTXL; parent B0D7CLJFSZ; brand nomiou,https://www.amazon.com/dp/B0CT2KZTXL,0.0,0.0,35.0,D,estimated_or_unverified,37.1,Reject,1.89,0.1456,1180.3,87.3,36.8,0.5,22.0,78.0,gross margin below 35%; unit profit below $8; evidence confidence below supplier-validation threshold; landed cost still estimated,,,,,,,,,,,,,,
category:Belts,B0F1MZC9W3,B0F1MZF396,Quanaoo 144959 Deck Belt 1/2“ x 95.5“ fits Craftsman LT1000 LT2000 LT3000 DLT3000 YT3000 42“ Riding Mower Repalce 138255 130801 532138255 160855 24690 144959D for Husqvarna Poulan AYP Lawn Tractors,"['Patio, Lawn & Garden', 'lawn-garden']",US,12.99,3.64,1.04,4.89,0.15,2445.0,516.0,4.4,0.55,10000.0,1.0,20.0,50.0,25.0,20.0,20.0,Imported from Sorftime; ASIN B0F1MZC9W3; parent B0F1MZF396; brand Quanaoo,https://www.amazon.com/dp/B0F1MZC9W3,0.0,0.0,35.0,D,estimated_or_unverified,37.0,Reject,1.47,0.1133,3597.82,87.3,28.3,7.4,22.0,78.0,gross margin below 35%; unit profit below $8; evidence confidence below supplier-validation threshold; landed cost still estimated,,,,,,,,,,,,,,
category:Gas Caps,B0DN13321G,B0DN13321G,"532184900 184900 Fuel Tank & Fuel Cap for Poulan Craftsman Husqvarna Roper, Sears Weed Eater Fits DYT4000 PP1238 T1000 LT2000 Lawn Mower Replaces 109202X, 532109202, 105738X","['Patio, Lawn & Garden', 'lawn-garden']",US,25.99,7.28,2.08,8.32,0.15,241.0,73.0,4.2,0.55,10000.0,1.0,20.0,50.0,25.0,20.0,20.0,Imported from Sorftime; ASIN B0DN13321G; parent B0DN13321G; brand Fennoral,https://www.amazon.com/dp/B0DN13321G,0.0,0.0,35.0,D,estimated_or_unverified,37.0,Reject,4.41,0.1697,1063.17,44.1,58.3,0.2,22.0,78.0,gross margin below 35%; unit profit below $8; evidence confidence below supplier-validation threshold; landed cost still estimated,,,,,,,,,,,,,,
category:Pull Cords,B097MJW9NC,B0CW34QMBF,YAMAKATO GX340 GX390 Recoil Starter Pull Start Assembly w/Pull Cord,"['Patio, Lawn & Garden', 'lawn-garden']",US,18.99,5.32,1.52,5.77,0.15,475.0,287.0,4.5,0.55,10000.0,1.0,20.0,50.0,25.0,20.0,20.0,Imported from Sorftime; ASIN B097MJW9NC; parent B0CW34QMBF; brand YAMAKATO,https://www.amazon.com/dp/B097MJW9NC,0.0,0.0,35.0,D,estimated_or_unverified,37.0,Reject,3.53,0.186,1677.46,83.1,36.8,1.9,22.0,78.0,gross margin below 35%; unit profit below $8; evidence confidence below supplier-validation threshold; landed cost still estimated,,,,,,,,,,,,,,
category:Pod Stands,B0CTMTH8JR,B0DWSNMKKG,"Miuly Coffee Capsule Holder For Nespresso Vertuoline, Coffee Capsule Stands Rotating Pod Rack holds 28 Nespresso Vertuo Pods, Black","['Kitchen & Dining', 'kitchen']",US,19.99,5.6,1.6,7.2,0.15,493.0,295.0,4.6,0.55,10000.0,1.0,20.0,50.0,25.0,20.0,20.0,Imported from Sorftime; ASIN B0CTMTH8JR; parent B0DWSNMKKG; brand Miuly,https://www.amazon.com/dp/B0CTMTH8JR,0.0,0.0,35.0,D,estimated_or_unverified,37.0,Reject,2.59,0.1296,1277.61,86.1,36.8,0.8,22.0,78.0,gross margin below 35%; unit profit below $8; evidence confidence below supplier-validation threshold; landed cost still estimated,,,,,,,,,,,,,,
category:Hour Tachometers,B0CJXKCFP9,B0CJXKCFP9,"NInE-ROnG Digital Tachometer Hour Meter, Service Reminder for Small Engine | Engine hours and RPM, service reminder, 8 firing patterns, max RPM recall, dual-color backlit, for mower, boat, ATV","['Patio, Lawn & Garden', 'lawn-garden']",US,19.99,5.6,1.6,4.18,0.15,442.0,482.0,4.0,0.55,10000.0,1.0,20.0,50.0,25.0,20.0,20.0,Imported from Sorftime; ASIN B0CJXKCFP9; parent B0CJXKCFP9; brand NInE-ROnG,https://www.amazon.com/dp/B0CJXKCFP9,0.0,0.0,35.0,D,estimated_or_unverified,36.9,Reject,5.61,0.2807,2480.28,77.6,30.3,9.5,22.0,78.0,gross margin below 35%; unit profit below $8; evidence confidence below supplier-validation threshold; landed cost still estimated,,,,,,,,,,,,,,
category:Access Doors,B0DFC2C2L1,B0DJ8HFLLV,"PATIKIL 12x10 inch(300 x245mm) Removable Hinged Access Panel, ABS Plumbing Access Doors Easy Wall Hole Cover for Drywall Plumbing Electrical Cables Wiring, White","['Patio, Lawn & Garden', 'lawn-garden']",US,23.79,6.66,1.9,5.94,0.15,213.0,78.0,4.4,0.55,10000.0,1.0,20.0,50.0,25.0,20.0,20.0,Imported from Sorftime; ASIN B0DFC2C2L1; parent B0DJ8HFLLV; brand PATIKIL,https://www.amazon.com/dp/B0DFC2C2L1,0.0,0.0,35.0,D,estimated_or_unverified,36.9,Reject,5.72,0.2405,1218.68,39.5,58.3,2.1,22.0,78.0,gross margin below 35%; unit profit below $8; evidence confidence below supplier-validation threshold; landed cost still estimated,,,,,,,,,,,,,,
category:Recoil Springs,B0D2CSLJ81,B0DP5ZXLT4,KIKITE 497680 Recoil Starter Compatible with Briggs and Stratton 497680 Pull Start Assembly 498144 Rwind Starter Toro Troy Bilt Tb210 TB230 Lawn Mower Pull Start Replace 190cc 725EX,"['Patio, Lawn & Garden', 'lawn-garden']",US,16.99,4.76,1.36,5.33,0.15,242.0,52.0,4.4,0.55,10000.0,1.0,20.0,50.0,25.0,20.0,20.0,Imported from Sorftime; ASIN B0D2CSLJ81; parent B0DP5ZXLT4; brand KIKITE,https://www.amazon.com/dp/B0D2CSLJ81,0.0,0.0,35.0,D,estimated_or_unverified,36.9,Reject,2.99,0.1761,723.94,44.3,58.3,0.0,22.0,78.0,gross margin below 35%; unit profit below $8; evidence confidence below supplier-validation threshold; landed cost still estimated,,,,,,,,,,,,,,
category:Wastebaskets,B0D2RJ6C5V,B0D9PB1JH7,"Cesun Small Round Bathroom Trash Can with Lid Soft Close, 1.2 Gal, Black","['Home & Kitchen', 'home-garden']",US,26.99,7.56,2.16,9.17,0.15,4662.0,813.0,4.6,0.55,10000.0,1.0,20.0,50.0,25.0,20.0,45.0,Imported from Sorftime; ASIN B0D2RJ6C5V; parent B0D9PB1JH7; brand Cesun,https://www.amazon.com/dp/B0D2RJ6C5V,0.0,0.0,35.0,D,estimated_or_unverified,36.7,Reject,4.05,0.1501,18888.09,87.3,14.3,20.0,27.0,73.0,gross margin below 35%; unit profit below $8; review count above 600; evidence confidence below supplier-validation threshold; landed cost still estimated,,,,,,,,,,,,,,
category:Tune-Up Kits,B0CSYSRZ12,B0CSYSRZ12,"Aylux 799583 593261 Carburetor Kits for B&S 595656 591979 591160 | 08P502 8P502 09P602 9P602 300E 450E 500E 550EX Series Engines, with 799579 Filter 595660 Cover","['Patio, Lawn & Garden', 'lawn-garden']",US,18.99,5.32,1.52,4.89,0.15,964.0,534.0,4.6,0.55,10000.0,1.0,20.0,50.0,25.0,20.0,20.0,Imported from Sorftime; ASIN B0CSYSRZ12; parent B0CSYSRZ12; brand Aylux,https://www.amazon.com/dp/B0CSYSRZ12,0.0,0.0,35.0,D,estimated_or_unverified,36.4,Reject,4.41,0.2323,4252.69,87.3,24.3,9.3,22.0,78.0,gross margin below 35%; unit profit below $8; evidence confidence below supplier-validation threshold; landed cost still estimated,,,,,,,,,,,,,,
category:Covers,B0D2TLTX27,B0D2TLTX27,"TitanCovers Push Lawn Mower Cover, Waterproof Lawnmower Covers for Outdoor | Heavy Duty 600D Polyester Oxford Push Mower Cover with PA Coating & Double Drawstring & Storage Bag","['Patio, Lawn & Garden', 'lawn-garden']",US,18.99,5.32,1.52,4.9,0.15,1622.0,933.0,4.6,0.55,10000.0,1.0,20.0,50.0,25.0,20.0,20.0,Imported from Sorftime; ASIN B0D2TLTX27; parent B0D2TLTX27; brand TITANCOVERS,https://www.amazon.com/dp/B0D2TLTX27,0.0,0.0,35.0,D,estimated_or_unverified,36.3,Reject,4.4,0.2318,7139.23,87.3,14.3,17.5,22.0,78.0,gross margin below 35%; unit profit below $8; review count above 600; evidence confidence below supplier-validation threshold; landed cost still estimated,,,,,,,,,,,,,,
category:Grass Catchers,B0F1MHTXS6,B0F1MHTXS6,HTJYMY 631-07619 Mower Discharge Chute/Side Discharge Deflector Chute for Cu-b Cadet 50“ 54“ XT1 XT2 ZT1 ZT2 ZTS2 ZTS1 50 54 SLX54 Mower,"['Patio, Lawn & Garden', 'lawn-garden']",US,39.99,11.2,3.2,18.35,0.15,277.0,84.0,4.5,0.55,10000.0,1.0,20.0,50.0,25.0,20.0,45.0,Imported from Sorftime; ASIN B0F1MHTXS6; parent B0F1MHTXS6; brand HTJYMY,https://www.amazon.com/dp/B0F1MHTXS6,0.0,0.0,35.0,D,estimated_or_unverified,36.1,Reject,1.24,0.031,343.9,50.1,54.3,0.0,27.0,73.0,gross margin below 35%; unit profit below $8; evidence confidence below supplier-validation threshold; landed cost still estimated,,,,,,,,,,,,,,
category:Self-Stick Note Pad Holders,B0B5L98WLB,B0B7MTVF3Z,"Rhinestone Sticky Note Dispenser 4x4 Pink Bling Holder | Self Stick Notepad Holder, Rhinestone Desk Organizer for Office, Bling Memo Dispenser Gift for Coworkers Employees Home","['Office Products', 'office-products']",US,14.99,4.2,1.2,4.45,0.15,642.0,718.0,4.0,0.55,10000.0,1.0,20.0,50.0,25.0,20.0,20.0,Imported from Sorftime; ASIN B0B5L98WLB; parent B0B7MTVF3Z; brand Eersida,https://www.amazon.com/dp/B0B5L98WLB,0.0,0.0,35.0,D,estimated_or_unverified,35.8,Reject,2.89,0.1929,1856.34,87.3,30.3,2.4,22.0,78.0,gross margin below 35%; unit profit below $8; review count above 600; evidence confidence below supplier-validation threshold; landed cost still estimated,,,,,,,,,,,,,,
category:Barbecue Forks,B0BVBY6N4G,B0BVBWFBQ4,"RAOMEIDE 32' Heavy Duty Hot Dog Roasting Sticks for Campfire, Smores Sticks for Fire Pit Long, Marshmallows Skewers (2 Pack)","['Patio, Lawn & Garden', 'lawn-garden']",US,17.95,5.03,1.44,5.27,0.15,959.0,745.0,4.6,0.55,10000.0,1.0,20.0,50.0,25.0,20.0,20.0,Imported from Sorftime; ASIN B0BVBY6N4G; parent B0BVBWFBQ4; brand RAOMEIDE,https://www.amazon.com/dp/B0BVBY6N4G,0.0,0.0,35.0,D,estimated_or_unverified,35.6,Reject,3.52,0.196,3373.28,87.3,24.3,6.8,22.0,78.0,gross margin below 35%; unit profit below $8; review count above 600; evidence confidence below supplier-validation threshold; landed cost still estimated,,,,,,,,,,,,,,
category:Grass Catchers,B0D4P1ZR7P,B0D4P1ZR7P,731-07486 Side Discharge Chute Compatible with MTD 21“ Deck Chute TB110 | for Most Hand-Pushed Lawn Mower ，Compatible with Craftsman/Yard Man Columbia Huskee Troy-Bilt Lawn Mowers,"['Patio, Lawn & Garden', 'lawn-garden']",US,14.89,4.17,1.19,7.84,0.15,235.0,91.0,4.6,0.55,10000.0,1.0,20.0,50.0,25.0,20.0,20.0,Imported from Sorftime; ASIN B0D4P1ZR7P; parent B0D4P1ZR7P; brand MDANNO,https://www.amazon.com/dp/B0D4P1ZR7P,0.0,0.0,35.0,D,estimated_or_unverified,35.6,Reject,-0.54,-0.0365,-127.72,43.1,54.3,0.0,22.0,78.0,negative unit profit; gross margin below 35%; unit profit below $8; evidence confidence below supplier-validation threshold; landed cost still estimated,,,,,,,,,,,,,,
category:Air Filters,B09XV4GSLK,B09XV4GSLK,YTH22V46 YTH24V48 Tune Up Kit for Husqvarna YTH22V46 YTH24V54 YTA22V46,"['Patio, Lawn & Garden', 'lawn-garden']",US,18.98,5.31,1.52,5.36,0.15,802.0,524.0,4.6,0.55,10000.0,1.0,20.0,50.0,25.0,20.0,20.0,Imported from Sorftime; ASIN B09XV4GSLK; parent B09XV4GSLK; brand Pro Chaser,https://www.amazon.com/dp/B09XV4GSLK,0.0,0.0,35.0,D,estimated_or_unverified,35.4,Reject,3.94,0.2077,3162.29,87.3,24.3,6.2,22.0,78.0,gross margin below 35%; unit profit below $8; evidence confidence below supplier-validation threshold; landed cost still estimated,,,,,,,,,,,,,,
category:Deck Parts,B0CSK871VJ,B0H82TMQWW,DynaVim Parts 187292 192870 587819701 587125401 567253301 Spindle Assembly | For Husqvarna yth22v46 yth24v48 Spindle Assembly Husqvarna Craftsman LT1000 42“ 46“ 48“ 54“ Mower Deck Mandrel,"['Patio, Lawn & Garden', 'lawn-garden']",US,23.93,6.7,1.91,8.15,0.15,714.0,709.0,4.4,0.55,10000.0,1.0,20.0,50.0,25.0,20.0,45.0,Imported from Sorftime; ASIN B0CSK871VJ; parent B0H82TMQWW; brand DynaVim Parts,https://www.amazon.com/dp/B0CSK871VJ,0.0,0.0,35.0,D,estimated_or_unverified,35.4,Reject,3.58,0.1496,2556.48,87.3,28.3,4.4,27.0,73.0,gross margin below 35%; unit profit below $8; review count above 600; evidence confidence below supplier-validation threshold; landed cost still estimated,,,,,,,,,,,,,,
category:Grass Catchers,B0B2N2WXYP,B0B2N2WXYP,Lawnmower Grass Bag 964-04117A 664-04117A FOR MTD Troy Bilt 21“ lawn mower 964-04117B 664-04011 664-04027 664-04034 Fit TB110 TB210 TB260 TB130 TB230 TB280ES TB280 (Without Catcher Frame),"['Patio, Lawn & Garden', 'lawn-garden']",US,27.89,7.81,2.23,6.59,0.15,280.0,283.0,4.2,0.55,10000.0,1.0,20.0,50.0,25.0,20.0,20.0,Imported from Sorftime; ASIN B0B2N2WXYP; parent B0B2N2WXYP; brand Kscjdg,https://www.amazon.com/dp/B0B2N2WXYP,0.0,0.0,35.0,D,estimated_or_unverified,35.2,Reject,7.08,0.2537,1981.42,50.6,40.8,7.5,22.0,78.0,gross margin below 35%; unit profit below $8; evidence confidence below supplier-validation threshold; landed cost still estimated,,,,,,,,,,,,,,
category:Gas Tanks,B0DGBPF56P,B0DGBPF56P,"184900 532184900 Fuel Tank Assembly Compatible with Husqvarna, Craftsman | for Poulan, Roper, Sears, Weed Eater DYT4000, PP1238, T1000, LT2000, DYT4000, Replaces 532109202, 105738X, 109202X","['Patio, Lawn & Garden', 'lawn-garden']",US,19.99,5.6,1.6,8.32,0.15,262.0,118.0,4.2,0.55,10000.0,1.0,20.0,50.0,25.0,20.0,20.0,Imported from Sorftime; ASIN B0DGBPF56P; parent B0DGBPF56P; brand WHMYZHL,https://www.amazon.com/dp/B0DGBPF56P,0.0,0.0,35.0,D,estimated_or_unverified,35.2,Reject,1.47,0.0736,385.53,47.6,50.8,0.0,22.0,78.0,gross margin below 35%; unit profit below $8; evidence confidence below supplier-validation threshold; landed cost still estimated,,,,,,,,,,,,,,
category:Tune-Up Kits,B0DBH75LC1,B0DBH75LC1,Rakiyada 799584 594058 Carburetor Kit Fits 163cc Lawn Mower Engine | Compatible with Troy Bilt TB110 TB200 B&S 09P702 550EX 625EX 675EX 725EXI 103M02 LC121P Series; Replaces 594057 592361 594529,"['Patio, Lawn & Garden', 'lawn-garden']",US,19.99,5.6,1.6,4.88,0.15,592.0,451.0,4.5,0.55,10000.0,1.0,20.0,50.0,25.0,20.0,20.0,Imported from Sorftime; ASIN B0DBH75LC1; parent B0DBH75LC1; brand Rakiyada,https://www.amazon.com/dp/B0DBH75LC1,0.0,0.0,35.0,D,estimated_or_unverified,35.1,Reject,4.91,0.2457,2907.61,87.3,24.3,5.5,22.0,78.0,gross margin below 35%; unit profit below $8; evidence confidence below supplier-validation threshold; landed cost still estimated,,,,,,,,,,,,,,
category:Access Doors,B0FX42ZMH9,B0D2D96JQP,"Thicken 1mm 14 x 24 Access Panel for Drywall,Attic Door, Ceiling Access Panel for Drywall,14x24 Metal Access Panels are Thickened to 1mm to Solve The Problem of Fragile Panels(Screwdriver Latch)","['Patio, Lawn & Garden', 'lawn-garden']",US,39.98,11.19,3.2,13.65,0.15,1092.0,343.0,4.5,0.55,10000.0,1.0,20.0,50.0,25.0,20.0,65.0,Imported from Sorftime; ASIN B0FX42ZMH9; parent B0D2D96JQP; brand Joogto,https://www.amazon.com/dp/B0FX42ZMH9,0.0,0.0,35.0,D,estimated_or_unverified,35.0,Reject,5.94,0.1486,6489.76,87.3,36.8,17.6,31.0,69.0,hard oversize/logistics risk; gross margin below 35%; unit profit below $8; oversize risk; evidence confidence below supplier-validation threshold; landed cost still estimated,,hard oversize/logistics risk,,,,,,,,,,,,
category:Access Doors,B0FCLXNBHF,B0FFSBYMJV,"Thicken 1mm 14 x 24 Access Panel for Drywall,Attic Door, Ceiling Access Panel for Drywall,14 x 24 Metal Access Panels are Thickened to 1mm to Solve The Problem of Fragile Panels(Screwdriver Latch)","['Patio, Lawn & Garden', 'lawn-garden']",US,39.98,11.19,3.2,13.63,0.15,331.0,117.0,4.4,0.55,10000.0,1.0,20.0,50.0,25.0,20.0,65.0,Imported from Sorftime; ASIN B0FCLXNBHF; parent B0FFSBYMJV; brand Fancat,https://www.amazon.com/dp/B0FCLXNBHF,0.0,0.0,35.0,D,estimated_or_unverified,35.0,Reject,5.96,0.1491,1973.75,59.1,50.8,4.7,31.0,69.0,hard oversize/logistics risk; gross margin below 35%; unit profit below $8; oversize risk; evidence confidence below supplier-validation threshold; landed cost still estimated,,hard oversize/logistics risk,,,,,,,,,,,,
category:Cooling Bins,B0C1GG9HDL,B0C1GH2XFW,"80QT Rolling Cooler Cart with Wheels, Ice Chest Outdoor Backyard Coolers on Wheels with Large Storage Space, Portable Drink Beverage Bar for Patio Pool Party with Shelf and Bottle Opener","['Patio, Lawn & Garden', 'lawn-garden']",US,69.99,19.6,5.6,12.6,0.15,244.0,133.0,4.6,0.55,10000.0,1.0,20.0,50.0,25.0,20.0,20.0,Imported from Sorftime; ASIN B0C1GG9HDL; parent B0C1GH2XFW; brand SHAREWIN,https://www.amazon.com/dp/B0C1GG9HDL,0.0,0.0,35.0,D,estimated_or_unverified,35.0,Reject,21.69,0.3099,5292.73,44.6,46.8,53.6,22.0,78.0,excluded title term: 80qt rolling cooler; gross margin below 35%; evidence confidence below supplier-validation threshold; landed cost still estimated,,excluded title term: 80qt rolling cooler,,,,,,,,,,,,
category:Carports,B0BP7GXZL5,B0CST3324R,"10 x 20 Ft Carport Replacement Canopy Cover Garage Top Tent Shelter Tarp with Free 48 Ball Bungee Cords,White(Only Cover, Frame Not Include)","['Patio, Lawn & Garden', 'lawn-garden']",US,49.99,14.0,4.0,11.43,0.15,520.0,746.0,4.1,0.55,10000.0,1.0,20.0,50.0,25.0,20.0,85.0,Imported from Sorftime; ASIN B0BP7GXZL5; parent B0CST3324R; brand DWALE,https://www.amazon.com/dp/B0BP7GXZL5,0.0,0.0,35.0,D,estimated_or_unverified,35.0,Reject,13.06,0.2613,6791.98,87.3,30.3,34.2,35.0,65.0,hard oversize/logistics risk; gross margin below 35%; review count above 600; oversize risk; evidence confidence below supplier-validation threshold; landed cost still estimated,,hard oversize/logistics risk,,,,,,,,,,,,
category:Carports,B0FLXPFJRP,B0HCV44LP4,"12x20 FT Carport Replacement Canopy Top, Grey (Frame Not Included) | Upgraded Car Port Canopy Cover, Waterproof & UV Protected, Easy Installation with Ball Bungees","['Patio, Lawn & Garden', 'lawn-garden']",US,68.12,19.07,5.45,10.82,0.15,467.0,27.0,3.7,0.55,10000.0,1.0,20.0,50.0,25.0,20.0,85.0,Imported from Sorftime; ASIN B0FLXPFJRP; parent B0HCV44LP4; brand FLOUREE,https://www.amazon.com/dp/B0FLXPFJRP,0.0,0.0,35.0,D,estimated_or_unverified,35.0,Reject,22.56,0.3312,10536.45,81.8,65.3,66.0,35.0,65.0,hard oversize/logistics risk; gross margin below 35%; oversize risk; evidence confidence below supplier-validation threshold; landed cost still estimated,,hard oversize/logistics risk,,,,,,,,,,,,
category:Storage Sheds,B0FL1XDHFN,B0GWQRY95X,"Upgraded Bike Tent with Rain Cover, Outdoor Storage Shed for 2-3 Bikes | 210D Oxford Fabric PU4000 Waterproof, Bike Shed/Bike Cover for Motorcycles, Garden Tools, Lawn Mower","['Patio, Lawn & Garden', 'lawn-garden']",US,39.99,11.2,3.2,8.72,0.15,1268.0,297.0,4.3,0.55,10000.0,1.0,20.0,50.0,25.0,20.0,65.0,Imported from Sorftime; ASIN B0FL1XDHFN; parent B0GWQRY95X; brand PZT,https://www.amazon.com/dp/B0FL1XDHFN,0.0,0.0,35.0,D,estimated_or_unverified,35.0,Reject,10.87,0.2719,13785.06,87.3,40.8,34.7,31.0,69.0,hard oversize/logistics risk; gross margin below 35%; oversize risk; evidence confidence below supplier-validation threshold; landed cost still estimated,,hard oversize/logistics risk,,,,,,,,,,,,
category:Storage Sheds,B0D73HQM9P,B0FF2BKP2D,"Happy Travel Bike Storage Shed Tent, Waterproof Portable Bicycle Cover Shed | 30% More Top Storage Space for 2/3/4/5 Bikes,Clips Easy Setup Outdoor Sheds Shelter for Motorcycle, Garden Tools, Lawn Mower","['Patio, Lawn & Garden', 'lawn-garden']",US,44.99,12.6,3.6,9.82,0.15,1079.0,832.0,4.1,0.55,10000.0,1.0,20.0,50.0,25.0,20.0,65.0,Imported from Sorftime; ASIN B0D73HQM9P; parent B0FF2BKP2D; brand HAPPY TRAVEL,https://www.amazon.com/dp/B0D73HQM9P,0.0,0.0,35.0,D,estimated_or_unverified,35.0,Reject,12.22,0.2716,13187.0,87.3,20.3,37.3,31.0,69.0,hard oversize/logistics risk; gross margin below 35%; review count above 600; oversize risk; evidence confidence below supplier-validation threshold; landed cost still estimated,,hard oversize/logistics risk,,,,,,,,,,,,
category:Storage Sheds,B0FLDXRWHR,B0FLDYNLWP,"ToLanbbt Outdoor Storage Shed Floor Mat, 6 x 4 FT Waterproof Carport Mat, Washable Furniture Pad with Non Slip Backing for Dust, Oil, Protection, Storage Shed Not Included","['Patio, Lawn & Garden', 'lawn-garden']",US,19.97,5.59,1.6,8.51,0.15,768.0,137.0,4.6,0.55,10000.0,1.0,20.0,50.0,25.0,20.0,85.0,Imported from Sorftime; ASIN B0FLDXRWHR; parent B0FLDYNLWP; brand ToLanbbt,https://www.amazon.com/dp/B0FLDXRWHR,0.0,0.0,35.0,D,estimated_or_unverified,35.0,Reject,1.27,0.0638,978.82,87.3,46.8,0.0,35.0,65.0,hard oversize/logistics risk; gross margin below 35%; unit profit below $8; oversize risk; evidence confidence below supplier-validation threshold; landed cost still estimated,,hard oversize/logistics risk,,,,,,,,,,,,
category:Storage Sheds,B0F4XZQVC7,B0F4XZFYQ5,"6x4FT Outdoor Storage Shed Floor Mat, Tent Carpet for Camping Furniture | Waterproof Washable with Non Slip Backing, Felt Top & PE Backing, Soft Furniture Cover Carport dust Oil Mat-Tool","['Patio, Lawn & Garden', 'lawn-garden']",US,17.99,5.04,1.44,6.6,0.15,648.0,238.0,4.3,0.55,10000.0,1.0,20.0,50.0,25.0,20.0,85.0,Imported from Sorftime; ASIN B0F4XZQVC7; parent B0F4XZFYQ5; brand RUNZEG,https://www.amazon.com/dp/B0F4XZQVC7,0.0,0.0,35.0,D,estimated_or_unverified,35.0,Reject,2.21,0.1229,1433.05,87.3,40.8,1.2,35.0,65.0,hard oversize/logistics risk; gross margin below 35%; unit profit below $8; oversize risk; evidence confidence below supplier-validation threshold; landed cost still estimated,,hard oversize/logistics risk,,,,,,,,,,,,
category:Craft Cabinets,B0H7SC29TD,B0H8Y948QS,Drawer Organizer Craft Organizers and Storage with Dividers Labels Thicker | Small Parts Organizer Storage Hardware Screws Nuts Bolts Building Bricks Teacher Toolbox Charms Beads Scrapbook with Labels,"['Tools & Home Improvement', 'hi']",US,32.99,9.24,2.64,18.75,0.15,2931.0,59.0,4.5,0.55,10000.0,1.0,20.0,50.0,25.0,20.0,65.0,Imported from Sorftime; ASIN B0H7SC29TD; parent B0H8Y948QS; brand SSRTK,https://www.amazon.com/dp/B0H7SC29TD,0.0,0.0,35.0,D,estimated_or_unverified,35.0,Reject,-2.59,-0.0785,-7586.89,87.3,54.3,0.0,31.0,69.0,hard oversize/logistics risk; negative unit profit; gross margin below 35%; unit profit below $8; oversize risk; evidence confidence below supplier-validation threshold; landed cost still estimated,,hard oversize/logistics risk,,,,,,,,,,,,
category:Craft Cabinets,B0GYPH6JTF,B0GYPH6JTF,"PurKeep 22 Drawer Plastic Parts Organizer, Blue Hardware Storage Cabinet with Clear Drawers, Stackable Wall Mount Tool Box for Screws, Nuts, Bolts, Nails, Small Parts","['Tools & Home Improvement', 'hi']",US,19.99,5.6,1.6,3.6,0.15,1153.0,19.0,4.5,0.55,10000.0,1.0,20.0,50.0,25.0,20.0,65.0,Imported from Sorftime; ASIN B0GYPH6JTF; parent B0GYPH6JTF; brand PurKeep,https://www.amazon.com/dp/B0GYPH6JTF,0.0,0.0,35.0,D,estimated_or_unverified,35.0,Reject,6.19,0.3097,7138.8,87.3,64.3,27.9,31.0,69.0,hard oversize/logistics risk; gross margin below 35%; unit profit below $8; oversize risk; evidence confidence below supplier-validation threshold; landed cost still estimated,,hard oversize/logistics risk,,,,,,,,,,,,
category:Craft Cabinets,B0CV4XRWKR,B0CV4ZWJV5,"Blue Ginkgo 20-Drawer Storage Cabinet Organizer, Grey, Made in Korea","['Tools & Home Improvement', 'hi']",US,57.99,16.24,4.64,10.32,0.15,806.0,403.0,4.6,0.55,10000.0,1.0,20.0,50.0,25.0,20.0,65.0,Imported from Sorftime; ASIN B0CV4XRWKR; parent B0CV4ZWJV5; brand BLUE GINKGO,https://www.amazon.com/dp/B0CV4XRWKR,0.0,0.0,35.0,D,estimated_or_unverified,35.0,Reject,18.09,0.312,14581.75,87.3,24.3,54.4,31.0,69.0,hard oversize/logistics risk; gross margin below 35%; oversize risk; evidence confidence below supplier-validation threshold; landed cost still estimated,,hard oversize/logistics risk,,,,,,,,,,,,
category:Craft Cabinets,B000VTSOKS,B0DK61NVBN,"Akro-Mils 64-Drawer Plastic Storage Cabinet, 20“W x 6“D x 16“H, Black | Plastic Cabinet w/ Drawers for Garage Organization, Beads, Building Bricks Storage, Teacher Toolbox, Makeup Organizer, 10764","['Tools & Home Improvement', 'hi']",US,50.99,14.28,4.08,17.06,0.15,645.0,1434.0,4.6,0.55,10000.0,1.0,20.0,50.0,25.0,20.0,65.0,Imported from Sorftime; ASIN B000VTSOKS; parent B0DK61NVBN; brand Akro-Mils,https://www.amazon.com/dp/B000VTSOKS,0.0,0.0,35.0,D,estimated_or_unverified,35.0,Reject,7.92,0.1554,5109.37,87.3,14.3,17.6,31.0,69.0,hard oversize/logistics risk; gross margin below 35%; unit profit below $8; review count above 600; oversize risk; evidence confidence below supplier-validation threshold; landed cost still estimated,,hard oversize/logistics risk,,,,,,,,,,,,
category:Craft Cabinets,B09LSQNMCZ,B09LSR6Z4P,INTERTOOL Small Parts Organizer for Hardware & Screws | 39 Removable Bins with Dividers | Wall Mount or Desktop Craft & Lego Storage Cabinet | 19” x 15” x 6” BX08-4013,"['Tools & Home Improvement', 'hi']",US,44.99,12.6,3.6,15.78,0.15,394.0,66.0,4.4,0.55,10000.0,1.0,20.0,50.0,25.0,20.0,65.0,Imported from Sorftime; ASIN B09LSQNMCZ; parent B09LSR6Z4P; brand INTERTOOL,https://www.amazon.com/dp/B09LSQNMCZ,0.0,0.0,35.0,D,estimated_or_unverified,35.0,Reject,6.26,0.1392,2467.03,69.6,58.3,6.7,31.0,69.0,hard oversize/logistics risk; gross margin below 35%; unit profit below $8; oversize risk; evidence confidence below supplier-validation threshold; landed cost still estimated,,hard oversize/logistics risk,,,,,,,,,,,,
category:Craft Cabinets,B0CJCSXYQM,B0FYPK7RH8,"Stalwart 39-Drawer Plastic Small Parts Organizer, Black | Desktop, Tabletop, or Wall Storage Drawers for Organizing Hardware, Crafting Supplies, Garage, or Classroom","['Tools & Home Improvement', 'hi']",US,38.59,10.81,3.09,17.47,0.15,287.0,80.0,4.4,0.55,10000.0,1.0,20.0,50.0,25.0,20.0,65.0,Imported from Sorftime; ASIN B0CJCSXYQM; parent B0FYPK7RH8; brand Stalwart,https://www.amazon.com/dp/B0CJCSXYQM,0.0,0.0,35.0,D,estimated_or_unverified,35.0,Reject,1.43,0.0371,410.84,51.8,58.3,0.0,31.0,69.0,hard oversize/logistics risk; gross margin below 35%; unit profit below $8; oversize risk; evidence confidence below supplier-validation threshold; landed cost still estimated,,hard oversize/logistics risk,,,,,,,,,,,,
category:Outdoor Trash Cans,B0D8BDR65F,B0H5TT8WK1,"Pupzle Dog Poop Trash Can Outside, 3.2 Gal Outdoor Dog Poop Trash Can | Metal, Waste Container with Pedal, Garbage Poop Bin, Poo Bucket Outdoor with Lid for Backyard Odor Control, 30 Bags","['Home & Kitchen', 'home-garden']",US,59.87,16.76,4.79,16.22,0.15,2568.0,890.0,4.2,0.55,10000.0,1.0,20.0,50.0,25.0,20.0,65.0,Imported from Sorftime; ASIN B0D8BDR65F; parent B0H5TT8WK1; brand Pupzle,https://www.amazon.com/dp/B0D8BDR65F,0.0,0.0,35.0,D,estimated_or_unverified,35.0,Reject,13.12,0.2191,33690.88,87.3,18.3,36.2,31.0,69.0,hard oversize/logistics risk; gross margin below 35%; review count above 600; oversize risk; evidence confidence below supplier-validation threshold; landed cost still estimated,,hard oversize/logistics risk,,,,,,,,,,,,
category:Outdoor Trash Cans,B0D1BKWJHN,B0D8SFN3TP,"Devoko 33 Gallon Outdoor Trash Can, Hideaway Garbage Bins with Tiered Lid | Waterproof Resin Outside Waste Bins for Patio, Outside Pool, Backyard and Deck","['Home & Kitchen', 'home-garden']",US,47.69,13.35,3.82,8.58,0.15,1388.0,619.0,4.5,0.55,10000.0,1.0,20.0,50.0,25.0,20.0,85.0,Imported from Sorftime; ASIN B0D1BKWJHN; parent B0D8SFN3TP; brand Devoko,https://www.amazon.com/dp/B0D1BKWJHN,0.0,0.0,35.0,D,estimated_or_unverified,35.0,Reject,14.79,0.3101,20523.66,87.3,24.3,47.6,35.0,65.0,hard oversize/logistics risk; gross margin below 35%; review count above 600; oversize risk; evidence confidence below supplier-validation threshold; landed cost still estimated,,hard oversize/logistics risk,,,,,,,,,,,,
category:Outdoor Trash Cans,B0CWR72MPP,B0D3H8LN6N,"Flamaker 30 Gallon Trash Can, Resin Outdoor Garbage Can with Lid | Waterproof Hideaway Patio Waste Bins for Outside Use","['Home & Kitchen', 'home-garden']",US,47.99,13.44,3.84,8.64,0.15,1006.0,437.0,4.3,0.55,10000.0,1.0,20.0,50.0,25.0,20.0,85.0,Imported from Sorftime; ASIN B0CWR72MPP; parent B0D3H8LN6N; brand Flamaker,https://www.amazon.com/dp/B0CWR72MPP,0.0,0.0,35.0,D,estimated_or_unverified,35.0,Reject,14.87,0.3099,14960.73,87.3,28.3,47.7,35.0,65.0,hard oversize/logistics risk; gross margin below 35%; oversize risk; evidence confidence below supplier-validation threshold; landed cost still estimated,,hard oversize/logistics risk,,,,,,,,,,,,
category:Outdoor Trash Cans,B0FJDFNPX6,B0FJD757PP,"Outdoor Trash Can with Lid, Waterproof Plastic Outdoor Garbage Can with Drip Tray, Large Trash Can Outside for Patio, Garage, Pool, Garden, Backyard & Deck, Black (31 Gallon)","['Home & Kitchen', 'home-garden']",US,59.99,16.8,4.8,10.8,0.15,735.0,159.0,4.5,0.55,10000.0,1.0,20.0,50.0,25.0,20.0,85.0,Imported from Sorftime; ASIN B0FJDFNPX6; parent B0FJD757PP; brand WTFGO,https://www.amazon.com/dp/B0FJDFNPX6,0.0,0.0,35.0,D,estimated_or_unverified,35.0,Reject,18.59,0.3099,13664.75,87.3,46.8,55.2,35.0,65.0,hard oversize/logistics risk; gross margin below 35%; oversize risk; evidence confidence below supplier-validation threshold; landed cost still estimated,,hard oversize/logistics risk,,,,,,,,,,,,
category:Outdoor Trash Cans,B0FFGJH118,B0FR9KTJFZ,"Dog Poop Trash Can Outside with Odor Control Lid & Step Pedal, 3.2Gal Stainless Steel Outdoor Trash Can, Waterproof Dog Waste Container - Includes 3 Carbon Filters & Bin Bag Holder","['Home & Kitchen', 'home-garden']",US,54.91,15.37,4.39,11.18,0.15,662.0,128.0,4.3,0.55,10000.0,1.0,20.0,50.0,25.0,20.0,65.0,Imported from Sorftime; ASIN B0FFGJH118; parent B0FR9KTJFZ; brand organizelink,https://www.amazon.com/dp/B0FFGJH118,0.0,0.0,35.0,D,estimated_or_unverified,35.0,Reject,15.73,0.2865,10415.58,87.3,50.8,46.3,31.0,69.0,hard oversize/logistics risk; gross margin below 35%; oversize risk; evidence confidence below supplier-validation threshold; landed cost still estimated,,hard oversize/logistics risk,,,,,,,,,,,,
category:Tune-Up Kits,B09Z1SKRBX,B09Z1SKRBX,"GX160 GX200 Carburetor Compatible with Honda GX120 GX140 GX 160 GX168 GX200 5HP 5.5HP 6.5HP Engine, GX160 Carburetor + Recoil Starter + Ignition Coil + Air Filter Tune Up Kit","['Patio, Lawn & Garden', 'lawn-garden']",US,23.99,6.72,1.92,6.36,0.15,567.0,657.0,4.5,0.55,10000.0,1.0,20.0,50.0,25.0,20.0,45.0,Imported from Sorftime; ASIN B09Z1SKRBX; parent B09Z1SKRBX; brand HOOTO,https://www.amazon.com/dp/B09Z1SKRBX,0.0,0.0,35.0,D,estimated_or_unverified,35.0,Reject,5.39,0.2247,3056.98,87.3,24.3,6.7,27.0,73.0,gross margin below 35%; unit profit below $8; review count above 600; evidence confidence below supplier-validation threshold; landed cost still estimated,,,,,,,,,,,,,,
category:Belts,B0GH739DF8,B0G2L3WN7J,"TURFPULSE Lawn Mower Deck Belt 130-0843 130-0843-SL for Toro TimeCutter 54“ Exmark Quest E-Series Zero-Turn Mower Replacement Part Accessories, 1/2 Inch x 145 Inch","['Patio, Lawn & Garden', 'lawn-garden']",US,22.99,6.44,1.84,5.36,0.15,1961.0,153.0,4.4,0.55,10000.0,1.0,20.0,50.0,25.0,20.0,65.0,Imported from Sorftime; ASIN B0GH739DF8; parent B0G2L3WN7J; brand TURFPULSE,https://www.amazon.com/dp/B0GH739DF8,0.0,0.0,35.0,D,estimated_or_unverified,35.0,Reject,5.9,0.2567,11572.84,87.3,50.8,22.7,31.0,69.0,hard oversize/logistics risk; gross margin below 35%; unit profit below $8; oversize risk; evidence confidence below supplier-validation threshold; landed cost still estimated,,hard oversize/logistics risk,,,,,,,,,,,,
category:Blades,B0G2KW4QYN,B0HCNPRGGC,"GICOOL 6-Pack 91-626 Lawn Mower Blades, Compatible with Scag, Ferris, Bad Boy 61“ Decks, Replaces 48111, 481708, 5101755, 5022808ASM","['Patio, Lawn & Garden', 'lawn-garden']",US,52.09,14.59,4.17,16.78,0.15,2881.0,172.0,4.6,0.55,10000.0,1.0,20.0,50.0,25.0,20.0,85.0,Imported from Sorftime; ASIN B0G2KW4QYN; parent B0HCNPRGGC; brand GICOOL,https://www.amazon.com/dp/B0G2KW4QYN,0.0,0.0,35.0,D,estimated_or_unverified,35.0,Reject,8.74,0.1677,25169.86,87.3,46.8,27.5,35.0,65.0,hard oversize/logistics risk; gross margin below 35%; oversize risk; evidence confidence below supplier-validation threshold; landed cost still estimated,,hard oversize/logistics risk,,,,,,,,,,,,
category:Blades,B0D3KTZB8D,B0FS1FR623,JYLEYJ 115-9649-03 High Lift Blades Fit for Toro 60“ Decks TimeCutter Titan Z Master Max ZX MX 6000 6020 6050 6080 Zero Turn Mower Replace 105-7718-03 038-6050-00 133-2127 103-2530 115-9649-03p,"['Patio, Lawn & Garden', 'lawn-garden']",US,44.99,12.6,3.6,14.11,0.15,2429.0,354.0,4.4,0.55,10000.0,1.0,20.0,50.0,25.0,20.0,65.0,Imported from Sorftime; ASIN B0D3KTZB8D; parent B0FS1FR623; brand JYLEYJ,https://www.amazon.com/dp/B0D3KTZB8D,0.0,0.0,35.0,D,estimated_or_unverified,35.0,Reject,7.93,0.1763,19265.61,87.3,40.8,25.9,31.0,69.0,hard oversize/logistics risk; gross margin below 35%; unit profit below $8; oversize risk; evidence confidence below supplier-validation threshold; landed cost still estimated,,hard oversize/logistics risk,,,,,,,,,,,,
category:Blades,B0FZB9Y61V,B0GWKS7T3H,"942-04308 Mower Blades with Nut for Cub Cadet 42 inch Mower Blades | Fit Cub Cadet ZT1 42 XT1 LT42 Craftsman T110 LT2000, Replace Troy Bilt 42 inch Mower Blades 942-04312 942-04308A High Lift","['Patio, Lawn & Garden', 'lawn-garden']",US,26.95,7.55,2.16,8.89,0.15,2401.0,182.0,4.4,0.55,10000.0,1.0,20.0,50.0,25.0,20.0,65.0,Imported from Sorftime; ASIN B0FZB9Y61V; parent B0GWKS7T3H; brand POSEAGLE,https://www.amazon.com/dp/B0FZB9Y61V,0.0,0.0,35.0,D,estimated_or_unverified,35.0,Reject,4.31,0.1598,10342.31,87.3,50.8,20.0,31.0,69.0,hard oversize/logistics risk; gross margin below 35%; unit profit below $8; oversize risk; evidence confidence below supplier-validation threshold; landed cost still estimated,,hard oversize/logistics risk,,,,,,,,,,,,
category:Blades,B0CZ91G8YF,B0H9QGFMS2,JSXDNWYJ 115-5059-03 110-6837-03 112-9759-03 79016P High Lift Mower Blades Compatible with Tor o TimeCutter 50 inch Deck MX5060 SS5000 SS5060 SS5035 MX5025 MX3450 MX5075 MX5050 MX5000 (3 Pack),"['Patio, Lawn & Garden', 'lawn-garden']",US,28.99,8.12,2.32,8.22,0.15,2266.0,78.0,4.1,0.55,10000.0,1.0,20.0,50.0,25.0,20.0,65.0,Imported from Sorftime; ASIN B0CZ91G8YF; parent B0H9QGFMS2; brand JSXDNWYJ,https://www.amazon.com/dp/B0CZ91G8YF,0.0,0.0,35.0,D,estimated_or_unverified,35.0,Reject,5.98,0.2063,13554.08,87.3,60.3,22.0,31.0,69.0,hard oversize/logistics risk; gross margin below 35%; unit profit below $8; oversize risk; evidence confidence below supplier-validation threshold; landed cost still estimated,,hard oversize/logistics risk,,,,,,,,,,,,
category:Blades,B0G1LTV422,B0FPFRK3XX,"TENGMUJX K5613-34340 Mower Blade Fit for Kubota 54“ Deck KW421-3, Z422KW, Z724-3, RCK54P-400Z, RCK54P-781Z Lawn Mower High Lift Blade Replaces K5613-34340 (3 Pack)","['Patio, Lawn & Garden', 'lawn-garden']",US,45.99,12.88,3.68,13.73,0.15,1925.0,309.0,4.3,0.55,10000.0,1.0,20.0,50.0,25.0,20.0,65.0,Imported from Sorftime; ASIN B0G1LTV422; parent B0FPFRK3XX; brand TENGMUJX,https://www.amazon.com/dp/B0G1LTV422,0.0,0.0,35.0,D,estimated_or_unverified,35.0,Reject,8.8,0.1914,16942.89,87.3,40.8,27.6,31.0,69.0,hard oversize/logistics risk; gross margin below 35%; oversize risk; evidence confidence below supplier-validation threshold; landed cost still estimated,,hard oversize/logistics risk,,,,,,,,,,,,
category:Blades,B0D4LTPYWM,B0D4LTPYWM,42“ Deck Replacement High Lift Blades for 942-04308 942-04308A 742-04308 742-04312 942-04312- Compatible with Cub Cadet XT1-LT42 XT2-LX42 Riding Mower Craftsman LT1500 Troy Bilt Bronco 42 - 2 Pack,"['Patio, Lawn & Garden', 'lawn-garden']",US,22.99,6.44,1.84,10.95,0.15,1658.0,288.0,4.6,0.55,10000.0,1.0,20.0,50.0,25.0,20.0,65.0,Imported from Sorftime; ASIN B0D4LTPYWM; parent B0D4LTPYWM; brand ZALANA,https://www.amazon.com/dp/B0D4LTPYWM,0.0,0.0,35.0,D,estimated_or_unverified,35.0,Reject,0.31,0.0135,516.47,87.3,36.8,0.0,31.0,69.0,hard oversize/logistics risk; gross margin below 35%; unit profit below $8; oversize risk; evidence confidence below supplier-validation threshold; landed cost still estimated,,hard oversize/logistics risk,,,,,,,,,,,,
category:Deck Parts,B0DSPJR6S5,B0F32PXX8S,"CheeMuii 4Pack AM125172 Lawn Mower Deck Wheels with Full Set Bolts Bushings | 5“ Mower Deck Gauge Wheel Replace for AM125172 AM124706 210-300 Compatible with John Deere 48“, 54“, 60“, 62“, 72“ Mower Deck","['Patio, Lawn & Garden', 'lawn-garden']",US,25.37,7.1,2.03,8.73,0.15,906.0,217.0,4.5,0.55,10000.0,1.0,20.0,50.0,25.0,20.0,65.0,Imported from Sorftime; ASIN B0DSPJR6S5; parent B0F32PXX8S; brand CheeMuii,https://www.amazon.com/dp/B0DSPJR6S5,0.0,0.0,35.0,D,estimated_or_unverified,35.0,Reject,3.7,0.146,3356.28,87.3,36.8,6.7,31.0,69.0,hard oversize/logistics risk; gross margin below 35%; unit profit below $8; oversize risk; evidence confidence below supplier-validation threshold; landed cost still estimated,,hard oversize/logistics risk,,,,,,,,,,,,
category:Deck Parts,B08C2HGKN4,B0DV3HG3SF,GY21098 AUC15811 GY20454 GY20867 GY20962 Spindle Assembly Fit for 42“ 48“ Deck John Deere LA100 LA110 LA115 LA120 LA125 LA145 LA105 D110 D130 D125 D140 E140 E130 Lawn Mower Parts 2 Pack,"['Patio, Lawn & Garden', 'lawn-garden']",US,40.99,11.48,3.28,8.99,0.15,841.0,391.0,4.6,0.55,10000.0,1.0,20.0,50.0,25.0,20.0,65.0,Imported from Sorftime; ASIN B08C2HGKN4; parent B0DV3HG3SF; brand TENGMUJX,https://www.amazon.com/dp/B08C2HGKN4,0.0,0.0,35.0,D,estimated_or_unverified,35.0,Reject,11.09,0.2706,9327.95,87.3,36.8,34.9,31.0,69.0,hard oversize/logistics risk; gross margin below 35%; oversize risk; evidence confidence below supplier-validation threshold; landed cost still estimated,,hard oversize/logistics risk,,,,,,,,,,,,
category:Handle Parts,B0DGLGJNKR,B0DGLGJNKR,"Zero Turn Mower Handle, 5 Gallon Bucket Bracket Holder with Clip, Lawn Mower Accessories Mounting Handle Kit for Outdoor Garden Trash Yard Cleaning Grabber Tool, Black","['Patio, Lawn & Garden', 'lawn-garden']",US,32.99,9.24,2.64,8.49,0.15,358.0,296.0,4.2,0.55,10000.0,1.0,20.0,50.0,25.0,20.0,65.0,Imported from Sorftime; ASIN B0DGLGJNKR; parent B0DGLGJNKR; brand CAROD,https://www.amazon.com/dp/B0DGLGJNKR,0.0,0.0,35.0,D,estimated_or_unverified,35.0,Reject,7.67,0.2325,2746.4,63.6,40.8,10.3,31.0,69.0,hard oversize/logistics risk; gross margin below 35%; unit profit below $8; oversize risk; evidence confidence below supplier-validation threshold; landed cost still estimated,,hard oversize/logistics risk,,,,,,,,,,,,
category:Pulleys,B098MWDR2M,B0GX1539XC,"NICHEFLAG 2 Pack 1-633109 Idler Pulley for eXmark 60“, Lazer Z 60“ Decks | Replace eXmark 126-7685 Idler Pulley 132-9424 116-4667 Husqvarna 539102610 for Toro 60“ Z400 Z500 Z553 Z580 Z Master 60“ Deck","['Patio, Lawn & Garden', 'lawn-garden']",US,29.99,8.4,2.4,8.02,0.15,394.0,29.0,4.4,0.55,10000.0,1.0,20.0,50.0,25.0,20.0,65.0,Imported from Sorftime; ASIN B098MWDR2M; parent B0GX1539XC; brand NICHEFLAG,https://www.amazon.com/dp/B098MWDR2M,0.0,0.0,35.0,D,estimated_or_unverified,35.0,Reject,6.67,0.2225,2628.57,69.6,63.3,8.0,31.0,69.0,hard oversize/logistics risk; gross margin below 35%; unit profit below $8; oversize risk; evidence confidence below supplier-validation threshold; landed cost still estimated,,hard oversize/logistics risk,,,,,,,,,,,,
category:Pulleys,B0DNQ2VVLP,B0H2YH6XX8,GCCSJ Lawn Mower Spindle with Pulley for Husqvarna YTH22V46 Ariens Poulan Jonsered Mandrel Assembly Compatible with 532187292 532192870 187292 532187281 21546238 21546299 197473 532195945 21546446,"['Patio, Lawn & Garden', 'lawn-garden']",US,25.99,7.28,2.08,8.02,0.15,317.0,23.0,4.3,0.55,10000.0,1.0,20.0,50.0,25.0,20.0,65.0,Imported from Sorftime; ASIN B0DNQ2VVLP; parent B0H2YH6XX8; brand GCCSJ,https://www.amazon.com/dp/B0DNQ2VVLP,0.0,0.0,35.0,D,estimated_or_unverified,35.0,Reject,4.71,0.1813,1493.55,56.8,63.3,1.4,31.0,69.0,hard oversize/logistics risk; gross margin below 35%; unit profit below $8; oversize risk; evidence confidence below supplier-validation threshold; landed cost still estimated,,hard oversize/logistics risk,,,,,,,,,,,,
category:Recoil Springs,B0FG997WS1,B0FJ2RL35G,Genuine Recoil Starter Assy. *NH1* 28400-ZDJ-003ZB Genuine Emblem 87521-ZDJ-010 for Honda GXR120RT GXR120,"['Patio, Lawn & Garden', 'lawn-garden']",US,39.95,11.19,3.2,5.36,0.15,241.0,13.0,4.6,0.55,10000.0,1.0,20.0,50.0,25.0,20.0,20.0,Imported from Sorftime; ASIN B0FG997WS1; parent B0FJ2RL35G; brand KINDZA,https://www.amazon.com/dp/B0FG997WS1,0.0,0.0,35.0,D,estimated_or_unverified,35.0,Reject,14.21,0.3556,3424.01,44.1,64.3,39.4,22.0,78.0,excluded title term: genuine recoil starter; evidence confidence below supplier-validation threshold; landed cost still estimated,,excluded title term: genuine recoil starter,,,,,,,,,,,,
category:Tires,B0GSR9TX2Z,B0HCBJ65PZ,"2 Pack 15x6.00-6 Lawn Mower Front Tire and Wheel Assembly, Fits John Deere Riding Mowers 100 & 300 Series, 3“ Offset Hub, 3/4“, 5/8“ & 1/2“ Bushings","['Patio, Lawn & Garden', 'lawn-garden']",US,74.99,21.0,6.0,22.14,0.15,3196.0,533.0,4.6,0.55,10000.0,1.0,20.0,50.0,25.0,20.0,85.0,Imported from Sorftime; ASIN B0GSR9TX2Z; parent B0HCBJ65PZ; brand Makorae,https://www.amazon.com/dp/B0GSR9TX2Z,0.0,0.0,35.0,D,estimated_or_unverified,35.0,Reject,14.6,0.1947,46666.39,87.3,24.3,39.2,35.0,65.0,hard oversize/logistics risk; gross margin below 35%; oversize risk; evidence confidence below supplier-validation threshold; landed cost still estimated,,hard oversize/logistics risk,,,,,,,,,,,,
category:Tires,B0BK4KY7ZS,B0BK4KY7ZS,15x6.00-6 Lawn Mower Tire and Wheel Front Tire Compatible with John Deere Craftsman Husqvarna Riding Mowers Lawn Tractors,"['Patio, Lawn & Garden', 'lawn-garden']",US,58.97,16.51,4.72,17.47,0.15,2725.0,1239.0,4.3,0.55,10000.0,1.0,20.0,50.0,25.0,20.0,85.0,Imported from Sorftime; ASIN B0BK4KY7ZS; parent B0BK4KY7ZS; brand CMOOD,https://www.amazon.com/dp/B0BK4KY7ZS,0.0,0.0,35.0,D,estimated_or_unverified,35.0,Reject,11.42,0.1937,31131.76,87.3,18.3,32.8,35.0,65.0,hard oversize/logistics risk; gross margin below 35%; review count above 600; oversize risk; evidence confidence below supplier-validation threshold; landed cost still estimated,,hard oversize/logistics risk,,,,,,,,,,,,
category:Tires,B0CPVDLM8P,B0CXJJXT2F,"phepetroll 15x6.00-6nhs Lawn Mower Front Tire 4 Ply 15x6x6 Lawn Mower 570 Lbs Tire and Wheel with 3/4“ Iron Bushing and 12 Spacers, Replacement for Garden Lawn Tractor Riding Lawn Mowers, 2 Pack","['Patio, Lawn & Garden', 'lawn-garden']",US,59.91,16.77,4.79,17.9,0.15,2077.0,193.0,4.6,0.55,10000.0,1.0,20.0,50.0,25.0,20.0,85.0,Imported from Sorftime; ASIN B0CPVDLM8P; parent B0CXJJXT2F; brand phepetroll,https://www.amazon.com/dp/B0CPVDLM8P,0.0,0.0,35.0,D,estimated_or_unverified,35.0,Reject,11.46,0.1913,23809.69,87.3,46.8,32.9,35.0,65.0,hard oversize/logistics risk; gross margin below 35%; oversize risk; evidence confidence below supplier-validation threshold; landed cost still estimated,,hard oversize/logistics risk,,,,,,,,,,,,
category:Tires,B0FX3YWZ72,B0HC3CBMZB,"GICOOL 9x3.50-4 Zero Turn Mower Flat Free Tire and Wheel Assembly, Smooth Tread Front Tires for ZTR Mowers, 1/2‘‘ & 3/4“ & 5/8“ Bearing Bore, Adjustable Centered Hub Length 3.5“-4“-4.5“-5“, 2-Pack","['Patio, Lawn & Garden', 'lawn-garden']",US,44.99,12.6,3.6,13.95,0.15,1766.0,572.0,4.2,0.55,10000.0,1.0,20.0,50.0,25.0,20.0,65.0,Imported from Sorftime; ASIN B0FX3YWZ72; parent B0HC3CBMZB; brand GICOOL,https://www.amazon.com/dp/B0FX3YWZ72,0.0,0.0,35.0,D,estimated_or_unverified,35.0,Reject,8.09,0.1799,14289.59,87.3,28.3,26.2,31.0,69.0,hard oversize/logistics risk; gross margin below 35%; oversize risk; evidence confidence below supplier-validation threshold; landed cost still estimated,,hard oversize/logistics risk,,,,,,,,,,,,
category:Tires,B0F37QW16K,B0DRP85JH4,"MAXROLLORS (2 Pack) 13x5.00-6 Lawn Mower Tires Tubeless, Replacement 13x5-6 Zero Turn Riding Mower Tire Smooth,4-Ply","['Patio, Lawn & Garden', 'lawn-garden']",US,54.99,15.4,4.4,14.94,0.15,1521.0,319.0,4.6,0.55,10000.0,1.0,20.0,50.0,25.0,20.0,65.0,Imported from Sorftime; ASIN B0F37QW16K; parent B0DRP85JH4; brand MAXROLLORS,https://www.amazon.com/dp/B0F37QW16K,0.0,0.0,35.0,D,estimated_or_unverified,35.0,Reject,12.0,0.2182,18254.28,87.3,36.8,34.0,31.0,69.0,hard oversize/logistics risk; gross margin below 35%; oversize risk; evidence confidence below supplier-validation threshold; landed cost still estimated,,hard oversize/logistics risk,,,,,,,,,,,,
category:Tires,B0DSW3B32R,B0DSW3513W,"11x4.00-5 Flat Free Tire and Wheel (2 Pack),Universal 11x4-5 Solid Smooth Tractor Turf Tire with Rim, 3.4' Centered Hub and 3/4' & 5/8' Bushing, For Zero Turn Mowers and Riding Lawn Mower","['Patio, Lawn & Garden', 'lawn-garden']",US,54.99,15.4,4.4,13.36,0.15,1059.0,80.0,4.4,0.55,10000.0,1.0,20.0,50.0,25.0,20.0,85.0,Imported from Sorftime; ASIN B0DSW3B32R; parent B0DSW3513W; brand Wiltire,https://www.amazon.com/dp/B0DSW3B32R,0.0,0.0,35.0,D,estimated_or_unverified,35.0,Reject,13.58,0.247,14382.81,87.3,58.3,37.2,35.0,65.0,hard oversize/logistics risk; gross margin below 35%; oversize risk; evidence confidence below supplier-validation threshold; landed cost still estimated,,hard oversize/logistics risk,,,,,,,,,,,,
category:Wheels,B0F3HJTW2H,B0FG2NLQ84,CheeMuii 4Pack Lawn Mower Deck Wheels Kit for 022-5234-98 103-4051 103-7263 | Heavy-duty Lawn Mower Deck Anti Scalp Deck Wheels Replace for Bad Boy 022-5234-98 Replace for Exmark 103-4051 103-7263 Etc,"['Patio, Lawn & Garden', 'lawn-garden']",US,24.29,6.8,1.94,8.58,0.15,1846.0,329.0,4.5,0.55,10000.0,1.0,20.0,50.0,25.0,20.0,65.0,Imported from Sorftime; ASIN B0F3HJTW2H; parent B0FG2NLQ84; brand CheeMuii,https://www.amazon.com/dp/B0F3HJTW2H,0.0,0.0,35.0,D,estimated_or_unverified,35.0,Reject,3.33,0.1369,6140.72,87.3,36.8,14.7,31.0,69.0,hard oversize/logistics risk; gross margin below 35%; unit profit below $8; oversize risk; evidence confidence below supplier-validation threshold; landed cost still estimated,,hard oversize/logistics risk,,,,,,,,,,,,
category:Wheels,B0C5HC7WKN,B0FK9PZH59,"4 Pack AM125172 Plastic Deck Gauge Wheel Kit Compatible with John Deere 48“, 54“, 60“, 62“, 72“ Deck Lawn Tractor Mowers Wheel Kit, AM124706, 210-300","['Patio, Lawn & Garden', 'lawn-garden']",US,25.99,7.28,2.08,8.82,0.15,1095.0,430.0,4.4,0.55,10000.0,1.0,20.0,50.0,25.0,20.0,65.0,Imported from Sorftime; ASIN B0C5HC7WKN; parent B0FK9PZH59; brand sixcow,https://www.amazon.com/dp/B0C5HC7WKN,0.0,0.0,35.0,D,estimated_or_unverified,35.0,Reject,3.91,0.1505,4283.09,87.3,28.3,9.4,31.0,69.0,hard oversize/logistics risk; gross margin below 35%; unit profit below $8; oversize risk; evidence confidence below supplier-validation threshold; landed cost still estimated,,hard oversize/logistics risk,,,,,,,,,,,,
category:Disposable Cups,B0DT4NV7CZ,B0FCNZ11MC,"Westrick Penn State Nittany Lions 16oz Plastic Cups, 16 Pack – Officially Licensed Penn State University Disposable Party Cups with Logo – Tailgating, Game Day, Graduation Parties & Fan Celebrations","['Sports & Outdoors', 'sporting-goods']",US,19.97,5.59,1.6,4.82,0.15,294.0,146.0,4.6,0.55,10000.0,1.0,20.0,50.0,25.0,20.0,20.0,Imported from Sorftime; ASIN B0DT4NV7CZ; parent B0FCNZ11MC; brand Westrick,https://www.amazon.com/dp/B0DT4NV7CZ,0.0,0.0,35.0,D,estimated_or_unverified,35.0,Reject,4.96,0.2486,1459.56,53.0,46.8,1.3,22.0,78.0,excluded title term: officially licensed; gross margin below 35%; unit profit below $8; evidence confidence below supplier-validation threshold; landed cost still estimated,,excluded title term: officially licensed,,,,,,,,,,,,
category:Beer Glasses,B0FZM9N9TL,B0FZM9N9TL,"Official FIFA World Cup 2026 Edition - 17oz Pilsner Beer Glass & 6-Inch Trophy Bottle Opener Gift Set - 1 of Each - Perfect for Parties, Mancaves, Gamedays, Tailgates, BBQ’s - Collectors Drinkware Set","['Sports & Outdoors', 'sporting-goods']",US,39.99,11.2,3.2,5.94,0.15,1282.0,124.0,4.6,0.55,10000.0,1.0,20.0,50.0,25.0,20.0,20.0,Imported from Sorftime; ASIN B0FZM9N9TL; parent B0FZM9N9TL; brand Wagon International,https://www.amazon.com/dp/B0FZM9N9TL,0.0,0.0,35.0,D,estimated_or_unverified,35.0,Reject,13.65,0.3414,17501.22,87.3,46.8,49.5,22.0,78.0,excluded title term: official fifa; gross margin below 35%; evidence confidence below supplier-validation threshold; landed cost still estimated,,excluded title term: official fifa,,,,,,,,,,,,
category:Beer Glasses,B0FXY2TSPQ,B0GCFCHMV1,Official FIFA World Cup 2026 Edition 17oz Shatterproof Pilsner Beer Cup,"['Sports & Outdoors', 'sporting-goods']",US,16.99,4.76,1.36,4.48,0.15,408.0,86.0,4.2,0.55,10000.0,1.0,20.0,50.0,25.0,20.0,20.0,Imported from Sorftime; ASIN B0FXY2TSPQ; parent B0GCFCHMV1; brand Wagon International,https://www.amazon.com/dp/B0FXY2TSPQ,0.0,0.0,35.0,D,estimated_or_unverified,35.0,Reject,3.84,0.2261,1567.33,72.0,58.3,1.6,22.0,78.0,excluded title term: official fifa; gross margin below 35%; unit profit below $8; evidence confidence below supplier-validation threshold; landed cost still estimated,,excluded title term: official fifa,,,,,,,,,,,,
category:Beer Glasses,B0FXYC8JLR,B0FXYC8JLR,"Official FIFA World Cup 2026 Edition 11oz Trophy Beer Glass | Collector‘s Item, Durable & Elegant, Perfect for Everyday Enjoyment","['Sports & Outdoors', 'sporting-goods']",US,24.99,7.0,2.0,4.89,0.15,319.0,44.0,4.4,0.55,10000.0,1.0,20.0,50.0,25.0,20.0,20.0,Imported from Sorftime; ASIN B0FXYC8JLR; parent B0FXYC8JLR; brand Wagon International,https://www.amazon.com/dp/B0FXYC8JLR,0.0,0.0,35.0,D,estimated_or_unverified,35.0,Reject,7.35,0.2942,2345.13,57.1,63.3,14.4,22.0,78.0,excluded title term: official fifa; gross margin below 35%; unit profit below $8; evidence confidence below supplier-validation threshold; landed cost still estimated,,excluded title term: official fifa,,,,,,,,,,,,
category:Beer Glasses,B0FZLGN38Y,B0FZLGN38Y,"Official FIFA World Cup 2026 17oz Trophy Pilsner & Bottle Opener Set | Set of 2, 6-inch Magnetic Bottle Opener, Shatterproof","['Sports & Outdoors', 'sporting-goods']",US,49.99,14.0,4.0,6.38,0.15,261.0,96.0,3.7,0.55,10000.0,1.0,20.0,50.0,25.0,20.0,20.0,Imported from Sorftime; ASIN B0FZLGN38Y; parent B0FZLGN38Y; brand Wagon International,https://www.amazon.com/dp/B0FZLGN38Y,0.0,0.0,35.0,D,estimated_or_unverified,35.0,Reject,18.11,0.3623,4727.1,47.5,60.3,51.8,22.0,78.0,excluded title term: official fifa; evidence confidence below supplier-validation threshold; landed cost still estimated,,excluded title term: official fifa,,,,,,,,,,,,
category:Beer Glasses,B0FGLM2Q98,B0FQ5XFKWK,"Greenline Goods Georgetown University Hoyas Pint Beer Glasses Set of 2, 16 oz Pint Glasses with Full-Color Logo & Campus Map – Officially Licensed Beer Glass Gift for Alumni & Fans","['Sports & Outdoors', 'sporting-goods']",US,34.99,9.8,2.8,7.21,0.15,249.0,229.0,4.5,0.55,10000.0,1.0,20.0,50.0,25.0,20.0,20.0,Imported from Sorftime; ASIN B0FGLM2Q98; parent B0FQ5XFKWK; brand Greenline Goods,https://www.amazon.com/dp/B0FGLM2Q98,0.0,0.0,35.0,D,estimated_or_unverified,35.0,Reject,9.93,0.2838,2472.94,45.5,36.8,18.6,22.0,78.0,excluded title term: officially licensed; gross margin below 35%; evidence confidence below supplier-validation threshold; landed cost still estimated,,excluded title term: officially licensed,,,,,,,,,,,,
category:Coffee Containers,B0FKN9J6NK,B0GSF2LRMP,"BWODYAY Coffee Filter Holder, Wood Filter Storage Container for Counter, Coffee Bar Accessories for Home Decor, Black","['Kitchen & Dining', 'kitchen']",US,15.98,4.47,1.28,5.94,0.15,687.0,77.0,4.5,0.55,10000.0,1.0,20.0,50.0,25.0,20.0,65.0,Imported from Sorftime; ASIN B0FKN9J6NK; parent B0GSF2LRMP; brand BWODYAY,https://www.amazon.com/dp/B0FKN9J6NK,0.0,0.0,35.0,D,estimated_or_unverified,35.0,Reject,1.89,0.1185,1300.49,87.3,54.3,0.9,31.0,69.0,hard oversize/logistics risk; gross margin below 35%; unit profit below $8; oversize risk; evidence confidence below supplier-validation threshold; landed cost still estimated,,hard oversize/logistics risk,,,,,,,,,,,,
category:Containers,B0F28VT6L4,B0F66VXYBS,"SMRCAD 6 Pack Clear Fridge Organizer Bins with Drain Trays - Stackable | BPA-Free PET, 6 Pack: 6 lidded Bins (Not drawer), Helps Keep Produce Fresh, 14L Capacity, Hand Wash Only","['Kitchen & Dining', 'kitchen']",US,24.69,6.91,1.98,8.88,0.15,3697.0,448.0,4.6,0.55,10000.0,1.0,20.0,50.0,25.0,20.0,65.0,Imported from Sorftime; ASIN B0F28VT6L4; parent B0F66VXYBS; brand SMRCAD,https://www.amazon.com/dp/B0F28VT6L4,0.0,0.0,35.0,D,estimated_or_unverified,35.0,Reject,3.22,0.1303,11891.4,87.3,24.3,20.0,31.0,69.0,hard oversize/logistics risk; gross margin below 35%; unit profit below $8; oversize risk; evidence confidence below supplier-validation threshold; landed cost still estimated,,hard oversize/logistics risk,,,,,,,,,,,,
category:Pod Baskets,B0D7CGKGJT,B0GT4J2YM3,"YINMIT Coffee Station Organizer for Countertop, Wood Coffee Bar Organizer with Removable Dividers for Pods, Syrup, Cups, Stirrer, Tea - Office Coffee Bar Accessories, Iron Mesh-Vintage Brown","['Kitchen & Dining', 'kitchen']",US,20.89,5.85,1.67,7.88,0.15,569.0,216.0,4.5,0.55,10000.0,1.0,20.0,50.0,25.0,20.0,65.0,Imported from Sorftime; ASIN B0D7CGKGJT; parent B0GT4J2YM3; brand YINMIT,https://www.amazon.com/dp/B0D7CGKGJT,0.0,0.0,35.0,D,estimated_or_unverified,35.0,Reject,2.36,0.1128,1340.85,87.3,36.8,1.0,31.0,69.0,hard oversize/logistics risk; gross margin below 35%; unit profit below $8; oversize risk; evidence confidence below supplier-validation threshold; landed cost still estimated,,hard oversize/logistics risk,,,,,,,,,,,,
category:Pod Drawers,B0C53D1ZBC,B0BJ1YYPBY,"EVERIE Wooden Coffee Pod Storage Drawer for Nespresso VertuoLine Capsules, Large Capacity Countertop Coffee Station Organizer, Rustic Brown","['Kitchen & Dining', 'kitchen']",US,39.99,11.2,3.2,8.46,0.15,4064.0,188.0,4.6,0.55,10000.0,1.0,20.0,50.0,25.0,20.0,65.0,Imported from Sorftime; ASIN B0C53D1ZBC; parent B0BJ1YYPBY; brand EVERIE,https://www.amazon.com/dp/B0C53D1ZBC,0.0,0.0,35.0,D,estimated_or_unverified,35.0,Reject,11.13,0.2784,45238.42,87.3,46.8,36.0,31.0,69.0,hard oversize/logistics risk; gross margin below 35%; oversize risk; evidence confidence below supplier-validation threshold; landed cost still estimated,,hard oversize/logistics risk,,,,,,,,,,,,
category:Pod Drawers,B0F1XLFB69,B0F1XRFJ3C,"SpaceAid Bamboo Coffee Pod Holder Drawer Storage Compatible with Nespresso Vertuo Capsules, Coffee Station Accessories Holder Organizer Tray Compatible with 40 Big or 56 Small Pods, Natural","['Kitchen & Dining', 'kitchen']",US,23.98,6.71,1.92,7.88,0.15,1164.0,373.0,4.3,0.55,10000.0,1.0,20.0,50.0,25.0,20.0,65.0,Imported from Sorftime; ASIN B0F1XLFB69; parent B0F1XRFJ3C; brand SpaceAid,https://www.amazon.com/dp/B0F1XLFB69,0.0,0.0,35.0,D,estimated_or_unverified,35.0,Reject,3.87,0.1615,4508.17,87.3,40.8,10.0,31.0,69.0,hard oversize/logistics risk; gross margin below 35%; unit profit below $8; oversize risk; evidence confidence below supplier-validation threshold; landed cost still estimated,,hard oversize/logistics risk,,,,,,,,,,,,
category:Pod Drawers,B0F195963G,B0H68ZLXZ2,"Bliesosfud Coffee Station Organizer with K Cup Holder, 28 Pod Capacity,3-Tier Syrup Rack with Coffee Pod Holder Drawer, Coffee Bar organizer Countertop for Accessories,Rustic Brown","['Kitchen & Dining', 'kitchen']",US,42.74,11.97,3.42,9.82,0.15,889.0,164.0,4.6,0.55,10000.0,1.0,20.0,50.0,25.0,20.0,65.0,Imported from Sorftime; ASIN B0F195963G; parent B0H68ZLXZ2; brand Bliesosfud,https://www.amazon.com/dp/B0F195963G,0.0,0.0,35.0,D,estimated_or_unverified,35.0,Reject,11.12,0.2602,9884.79,87.3,46.8,33.6,31.0,69.0,hard oversize/logistics risk; gross margin below 35%; oversize risk; evidence confidence below supplier-validation threshold; landed cost still estimated,,hard oversize/logistics risk,,,,,,,,,,,,
category:Pod Stands,B0D5VDS6VG,B0D5VDS6VG,"Coffee Bar Organizer, 60 Capacity K Cup Organizer for Countertop, 2 Tier Sliding Coffee Pod Storage Drawer with Disposable Cup & Lid Holder, Black","['Kitchen & Dining', 'kitchen']",US,32.96,9.23,2.64,9.59,0.15,1058.0,227.0,4.4,0.55,10000.0,1.0,20.0,50.0,25.0,20.0,65.0,Imported from Sorftime; ASIN B0D5VDS6VG; parent B0D5VDS6VG; brand IZLIF,https://www.amazon.com/dp/B0D5VDS6VG,0.0,0.0,35.0,D,estimated_or_unverified,35.0,Reject,6.56,0.1989,6936.25,87.3,40.8,20.1,31.0,69.0,hard oversize/logistics risk; gross margin below 35%; unit profit below $8; oversize risk; evidence confidence below supplier-validation threshold; landed cost still estimated,,hard oversize/logistics risk,,,,,,,,,,,,
category:Pod Stands,B0FYCHZRTZ,B0G8GZK1LR,"2087 Coffee Bar Organizer for Countertop, Multifunctional Coffee Station Organizer for Accessories Storage, 2 Tier Wooden Shelf for Coffeebar, Countertop, Corner","['Kitchen & Dining', 'kitchen']",US,22.99,6.44,1.84,7.21,0.15,428.0,220.0,4.5,0.55,10000.0,1.0,20.0,50.0,25.0,20.0,65.0,Imported from Sorftime; ASIN B0FYCHZRTZ; parent B0G8GZK1LR; brand 2087,https://www.amazon.com/dp/B0FYCHZRTZ,0.0,0.0,35.0,D,estimated_or_unverified,35.0,Reject,4.05,0.1762,1734.04,75.3,36.8,2.1,31.0,69.0,hard oversize/logistics risk; gross margin below 35%; unit profit below $8; oversize risk; evidence confidence below supplier-validation threshold; landed cost still estimated,,hard oversize/logistics risk,,,,,,,,,,,,
category:Freestanding Wine Racks & Cabinets,B0C1NK6KD1,B0GZ3HVVPW,"3-Tier Wine Rack Freestanding Floor Cabinet Corner Bar Cabinet Bar Cart,12 Individual Wine Storage Bottle Compartments Corner Bar Cabinet Holder,Wood + Black Frame Liquor Cabinet","['Kitchen & Dining', 'kitchen']",US,39.99,11.2,3.2,10.47,0.15,442.0,451.0,4.6,0.55,10000.0,1.0,20.0,50.0,25.0,20.0,65.0,Imported from Sorftime; ASIN B0C1NK6KD1; parent B0GZ3HVVPW; brand Bosimeca,https://www.amazon.com/dp/B0C1NK6KD1,0.0,0.0,35.0,D,estimated_or_unverified,35.0,Reject,9.12,0.2281,4031.7,77.6,24.3,16.9,31.0,69.0,hard oversize/logistics risk; gross margin below 35%; oversize risk; evidence confidence below supplier-validation threshold; landed cost still estimated,,hard oversize/logistics risk,,,,,,,,,,,,
category:Freestanding Wine Racks & Cabinets,B0DF7JCDR6,B0FF21TNC5,"5-Tier Trapezoidal Liquor Cabinet Bar for Home, Stepped Wine Rack Freestanding Floor, Corner Syrup & Whiskey Stand, Large-Capacity Alcohol Bottle Storage Display Shelf Living Room, Patent Pending","['Kitchen & Dining', 'kitchen']",US,49.99,14.0,4.0,11.39,0.15,391.0,218.0,4.6,0.55,10000.0,1.0,20.0,50.0,25.0,20.0,85.0,Imported from Sorftime; ASIN B0DF7JCDR6; parent B0FF21TNC5; brand Jsskeeim,https://www.amazon.com/dp/B0DF7JCDR6,0.0,0.0,35.0,D,estimated_or_unverified,35.0,Reject,13.1,0.2621,5122.69,69.1,36.8,29.6,35.0,65.0,hard oversize/logistics risk; gross margin below 35%; oversize risk; evidence confidence below supplier-validation threshold; landed cost still estimated,,hard oversize/logistics risk,,,,,,,,,,,,
category:Deck Parts,B098Q1R7D3,B0B7147VXN,Fourtry 130794 Spindles Fit for Craftsman 42 inch Deck Mower - 137641 Spindle Assembly Fit for Pou LAN HU Sears Craftsman LT1000 LT2000 LTX1000 Riding Mower with 36“ 38“ 42“ Cutting Deck,"['Patio, Lawn & Garden', 'lawn-garden']",US,23.99,6.72,1.92,7.65,0.15,748.0,753.0,4.6,0.55,10000.0,1.0,20.0,50.0,25.0,20.0,45.0,Imported from Sorftime; ASIN B098Q1R7D3; parent B0B7147VXN; brand Fourtry,https://www.amazon.com/dp/B098Q1R7D3,0.0,0.0,35.0,D,estimated_or_unverified,34.8,Reject,4.1,0.171,3067.92,87.3,24.3,5.9,27.0,73.0,gross margin below 35%; unit profit below $8; review count above 600; evidence confidence below supplier-validation threshold; landed cost still estimated,,,,,,,,,,,,,,
category:Pod Stands,B0F8HLTZMX,B0DVPF2FCL,"Acrylic Coffee Bar Station, Countertop Snack Tea Organizer & Condiment Tray | Syrup, Creamer, Sugar Packets & Tea Bags","['Kitchen & Dining', 'kitchen']",US,22.9,6.41,1.83,7.21,0.15,662.0,496.0,4.6,0.55,10000.0,1.0,20.0,50.0,25.0,20.0,20.0,Imported from Sorftime; ASIN B0F8HLTZMX; parent B0DVPF2FCL; brand ADDFIT HOUSE,https://www.amazon.com/dp/B0F8HLTZMX,0.0,0.0,35.0,D,estimated_or_unverified,34.8,Reject,4.01,0.1753,2657.93,87.3,24.3,4.7,22.0,78.0,gross margin below 35%; unit profit below $8; evidence confidence below supplier-validation threshold; landed cost still estimated,,,,,,,,,,,,,,
category:Recoil Springs,B0C4YM6BM9,B0C4YM6BM9,"ZMCYNG 594062 Recoil Starter Pull Start Assembly, 594062 Rewind Starter","['Patio, Lawn & Garden', 'lawn-garden']",US,21.4,5.99,1.71,6.64,0.15,350.0,288.0,4.2,0.55,10000.0,1.0,20.0,50.0,25.0,20.0,20.0,Imported from Sorftime; ASIN B0C4YM6BM9; parent B0C4YM6BM9; brand ZMCYNG,https://www.amazon.com/dp/B0C4YM6BM9,0.0,0.0,35.0,D,estimated_or_unverified,34.7,Reject,3.85,0.1799,1347.5,62.3,40.8,1.0,22.0,78.0,gross margin below 35%; unit profit below $8; evidence confidence below supplier-validation threshold; landed cost still estimated,,,,,,,,,,,,,,
category:Recoil Springs,B0BXD55GTM,B0FKMNSBBP,WOTIAN GX160 Pull Start Assembly Compatible with Honda GX120 GX200 5.5HP 6.5HP Engine Replacement Parts 28400-Z4M-306ZB 27400-Z1T-702 Recoil Starter (Curved Steel Rod Pawls),"['Patio, Lawn & Garden', 'lawn-garden']",US,18.99,5.32,1.52,5.34,0.15,242.0,184.0,4.4,0.55,10000.0,1.0,20.0,50.0,25.0,20.0,20.0,Imported from Sorftime; ASIN B0BXD55GTM; parent B0FKMNSBBP; brand WOTIAN,https://www.amazon.com/dp/B0BXD55GTM,0.0,0.0,35.0,D,estimated_or_unverified,34.7,Reject,3.96,0.2086,958.68,44.3,50.8,0.0,22.0,78.0,gross margin below 35%; unit profit below $8; evidence confidence below supplier-validation threshold; landed cost still estimated,,,,,,,,,,,,,,
category:Belts,B0126MX12S,B0DFLLXYQW,"Maxpower 347601 Premium Belt Reinforced with Kevlar Fiber Cords, 5/8“ x 56“","['Patio, Lawn & Garden', 'lawn-garden']",US,14.6,4.09,1.17,4.18,0.15,1749.0,1763.0,4.5,0.55,10000.0,1.0,20.0,50.0,25.0,20.0,20.0,Imported from Sorftime; ASIN B0126MX12S; parent B0DFLLXYQW; brand Maxpower,https://www.amazon.com/dp/B0126MX12S,0.0,0.0,35.0,D,estimated_or_unverified,34.4,Reject,2.97,0.2034,5194.53,87.3,14.3,12.0,22.0,78.0,gross margin below 35%; unit profit below $8; review count above 600; evidence confidence below supplier-validation threshold; landed cost still estimated,,,,,,,,,,,,,,
category:Deck Parts,B09743GKPR,B0974347BX,"115-8447 Side Discharge Chute, Compatible with Toro 22“ Recycler Lawn Mower for 20377, 20378, 20330, 20331, 20333, 20330C - Fits Many 22“ Recycler Lawn Mower 2009-2015 (1)","['Patio, Lawn & Garden', 'lawn-garden']",US,13.79,3.86,1.1,7.73,0.15,853.0,547.0,4.4,0.55,10000.0,1.0,20.0,50.0,25.0,20.0,20.0,Imported from Sorftime; ASIN B09743GKPR; parent B0974347BX; brand DECKMAN,https://www.amazon.com/dp/B09743GKPR,0.0,0.0,35.0,D,estimated_or_unverified,34.4,Reject,-0.97,-0.0702,-826.13,87.3,28.3,0.0,22.0,78.0,negative unit profit; gross margin below 35%; unit profit below $8; evidence confidence below supplier-validation threshold; landed cost still estimated,,,,,,,,,,,,,,
category:Pulleys,B0B6BHFBMH,B0GWRML8SG,BOSFLAG 132-9420 Idler Pulley for Toro Timecutter SS5000 50in Riding Mowers | Replaces Toro 106-2175 Flat Idler Pulley for Toro 4220 4225 4235 5000 MX5000 MX5050 MX5060 SS4225 SS4235 Z4200 Z5000 Z5035,"['Patio, Lawn & Garden', 'lawn-garden']",US,13.98,3.91,1.12,5.31,0.15,399.0,260.0,4.6,0.55,10000.0,1.0,20.0,50.0,25.0,20.0,20.0,Imported from Sorftime; ASIN B0B6BHFBMH; parent B0GWRML8SG; brand BOSFLAG,https://www.amazon.com/dp/B0B6BHFBMH,0.0,0.0,35.0,D,estimated_or_unverified,34.4,Reject,1.54,0.1104,615.66,70.5,36.8,0.0,22.0,78.0,gross margin below 35%; unit profit below $8; evidence confidence below supplier-validation threshold; landed cost still estimated,,,,,,,,,,,,,,
category:Tabletop Wine Racks,B0BYWTXTHF,B0H9WJWNDY,"Foldable Wooden Wine Rack, 10-Bottle Expandable Countertop Wine Holder with 8 Individual Slots and Top Storage, Carbonized Pine, No Assembly Required","['Kitchen & Dining', 'kitchen']",US,15.98,4.47,1.28,6.22,0.15,496.0,563.0,4.4,0.55,10000.0,1.0,20.0,50.0,25.0,20.0,20.0,Imported from Sorftime; ASIN B0BYWTXTHF; parent B0H9WJWNDY; brand LoongZDD,https://www.amazon.com/dp/B0BYWTXTHF,0.0,0.0,35.0,D,estimated_or_unverified,34.3,Reject,1.61,0.1009,800.05,86.6,28.3,0.0,22.0,78.0,gross margin below 35%; unit profit below $8; evidence confidence below supplier-validation threshold; landed cost still estimated,,,,,,,,,,,,,,
category:Access Doors,B079G4ZWVT,B0GCVH5Q67,"Premier Flush Access Panel, 14x14, Steel, 5000 Series, Screwdriver Latch","['Patio, Lawn & Garden', 'lawn-garden']",US,46.95,13.15,3.76,13.12,0.15,236.0,331.0,4.5,0.55,10000.0,1.0,20.0,50.0,25.0,20.0,65.0,Imported from Sorftime; ASIN B079G4ZWVT; parent B0GCVH5Q67; brand Premier Access Doors,https://www.amazon.com/dp/B079G4ZWVT,0.0,0.0,35.0,D,estimated_or_unverified,34.2,Reject,9.88,0.2104,2331.09,43.3,36.8,13.6,31.0,69.0,hard oversize/logistics risk; gross margin below 35%; oversize risk; evidence confidence below supplier-validation threshold; landed cost still estimated,,hard oversize/logistics risk,,,,,,,,,,,,
category:Belts,B0D4CXPC8R,B0GSJ79X7B,"954-05022A Lawn Mower 46“ Deck Belt 1/2“ x 108.3“ Replacement for Cub Cadet/Troy-Bilt/Craftsman 754-05022, XT1 and XT2 Enduro Series LT46, LT46 KH, LX46, T225, T240, LX46 KW","['Patio, Lawn & Garden', 'lawn-garden']",US,14.88,4.17,1.19,4.9,0.15,1539.0,811.0,4.2,0.55,10000.0,1.0,20.0,50.0,25.0,20.0,20.0,Imported from Sorftime; ASIN B0D4CXPC8R; parent B0GSJ79X7B; brand XHHKJGS,https://www.amazon.com/dp/B0D4CXPC8R,0.0,0.0,35.0,D,estimated_or_unverified,34.1,Reject,2.39,0.1605,3675.13,87.3,18.3,7.6,22.0,78.0,gross margin below 35%; unit profit below $8; review count above 600; evidence confidence below supplier-validation threshold; landed cost still estimated,,,,,,,,,,,,,,
category:Grass Catchers,B0DLMGRCSS,B0DLMGRCSS,FENXDN 138-7502 Discharge Deflector/Deflector Shield for Toro/Ex-Mark Mower,"['Patio, Lawn & Garden', 'lawn-garden']",US,29.99,8.4,2.4,16.61,0.15,281.0,109.0,4.5,0.55,10000.0,1.0,20.0,50.0,25.0,20.0,45.0,Imported from Sorftime; ASIN B0DLMGRCSS; parent B0DLMGRCSS; brand FENXDN,https://www.amazon.com/dp/B0DLMGRCSS,0.0,0.0,35.0,D,estimated_or_unverified,34.0,Reject,-1.92,-0.064,-539.1,50.8,46.8,0.0,27.0,73.0,negative unit profit; gross margin below 35%; unit profit below $8; evidence confidence below supplier-validation threshold; landed cost still estimated,,,,,,,,,,,,,,
category:Recoil Springs,B09BDX8QXQ,B0FLDTHXFL,"Thaekuns 732-0626 Lawn Mower Extension Spring for MTD, Troy Bilt, Cub Cadet, Craftsman, Bolens, Remington, Yardman, Yard-Machine, White, Huskee","['Patio, Lawn & Garden', 'lawn-garden']",US,19.99,5.6,1.6,3.6,0.15,223.0,381.0,4.5,0.55,10000.0,1.0,20.0,50.0,25.0,20.0,20.0,Imported from Sorftime; ASIN B09BDX8QXQ; parent B0FLDTHXFL; brand Thaekuns,https://www.amazon.com/dp/B09BDX8QXQ,0.0,0.0,35.0,D,estimated_or_unverified,34.0,Reject,6.19,0.3097,1380.7,41.1,36.8,11.4,22.0,78.0,gross margin below 35%; unit profit below $8; evidence confidence below supplier-validation threshold; landed cost still estimated,,,,,,,,,,,,,,
category:Pulleys,B0BWMP49CJ,B0GWTLK6V5,GELASKA 2 Pack 756-05034A GY20629 Idler Pulley for John Deere 42“ 48“ D140 | Replace AUC17621 GY22082 GY20110 756-05034 for John Deere D130 D110 D160 D170 L110 L120 L130 LA105 LA115 LA145 E140 E170 Z225,"['Patio, Lawn & Garden', 'lawn-garden']",US,22.51,6.3,1.8,7.14,0.15,525.0,434.0,4.6,0.55,10000.0,1.0,20.0,50.0,25.0,20.0,45.0,Imported from Sorftime; ASIN B0BWMP49CJ; parent B0GWTLK6V5; brand GELASKA,https://www.amazon.com/dp/B0BWMP49CJ,0.0,0.0,35.0,D,estimated_or_unverified,33.7,Reject,3.89,0.173,2044.09,87.3,24.3,3.0,27.0,73.0,gross margin below 35%; unit profit below $8; evidence confidence below supplier-validation threshold; landed cost still estimated,,,,,,,,,,,,,,
category:Belts,B09Q23P7M2,B0GV4KQVSR,Rinlius Mower Deck Belt 144959 for Craftsman LT1000 LT2000 LT3000 DYT4000 42 inch Deck Husqvarna Poulan AYP 138255 532144959 532138255 Riding Lawn Mowers(1/2“ x 95“),"['Patio, Lawn & Garden', 'lawn-garden']",US,13.29,3.72,1.06,4.89,0.15,1895.0,1224.0,4.4,0.55,10000.0,1.0,20.0,50.0,25.0,20.0,20.0,Imported from Sorftime; ASIN B09Q23P7M2; parent B0GV4KQVSR; brand Rinlius,https://www.amazon.com/dp/B09Q23P7M2,0.0,0.0,35.0,D,estimated_or_unverified,33.5,Reject,1.63,0.1224,3082.22,87.3,18.3,5.9,22.0,78.0,gross margin below 35%; unit profit below $8; review count above 600; evidence confidence below supplier-validation threshold; landed cost still estimated,,,,,,,,,,,,,,
category:Blades,B0H28XW73B,B0HCNRMR9D,"GICOOL 22' Mulching Mower Blade for Toro Recycler & Troy-Bilt, Fits Toro 20016 20017 20332 20071 20330C 20065, Replaces OEM 131-4547-03, 108-9764-03, 131-4546-03, 104-8697-03, 1 Pack","['Patio, Lawn & Garden', 'lawn-garden']",US,17.99,5.04,1.44,11.45,0.15,3930.0,762.0,4.6,0.55,10000.0,1.0,20.0,50.0,25.0,20.0,20.0,Imported from Sorftime; ASIN B0H28XW73B; parent B0HCNRMR9D; brand GICOOL,https://www.amazon.com/dp/B0H28XW73B,0.0,0.0,35.0,D,estimated_or_unverified,33.2,Reject,-2.64,-0.1467,-10369.3,87.3,24.3,0.0,22.0,78.0,negative unit profit; gross margin below 35%; unit profit below $8; review count above 600; evidence confidence below supplier-validation threshold; landed cost still estimated,,,,,,,,,,,,,,
category:Recoil Springs,B0BXBZXFBY,B0CKBKZMYX,WOTIAN 497680 Recoil Starter Assembly Compatible with Briggs and Stratton 497680 498144 Pull Start Assembly Toro Lawnboy MTD Snapper Lawnmower Replace Oregon 31-068 Rotary 12368 with Cord,"['Patio, Lawn & Garden', 'lawn-garden']",US,18.49,5.18,1.48,5.34,0.15,298.0,331.0,4.2,0.55,10000.0,1.0,20.0,50.0,25.0,20.0,20.0,Imported from Sorftime; ASIN B0BXBZXFBY; parent B0CKBKZMYX; brand WOTIAN,https://www.amazon.com/dp/B0BXBZXFBY,0.0,0.0,35.0,D,estimated_or_unverified,33.2,Reject,3.72,0.201,1107.52,53.6,40.8,0.3,22.0,78.0,gross margin below 35%; unit profit below $8; evidence confidence below supplier-validation threshold; landed cost still estimated,,,,,,,,,,,,,,
category:Outdoor Trash Cans,B0DTSZXNTB,B0FKTFL77N,"Greesum 33 Gallon Outdoor Trash Can with Lid, Waterproof, Dark Black | Resin Garbage Bin,UV-resistant for Hideaway, Patio, Deck, Light","['Home & Kitchen', 'home-garden']",US,47.69,13.35,3.82,24.25,0.15,2001.0,697.0,4.4,0.55,10000.0,1.0,20.0,50.0,25.0,20.0,85.0,Imported from Sorftime; ASIN B0DTSZXNTB; parent B0FKTFL77N; brand Greesum,https://www.amazon.com/dp/B0DTSZXNTB,0.0,0.0,35.0,D,estimated_or_unverified,33.1,Reject,-0.88,-0.0185,-1767.88,87.3,28.3,0.0,35.0,65.0,hard oversize/logistics risk; negative unit profit; gross margin below 35%; unit profit below $8; review count above 600; oversize risk; evidence confidence below supplier-validation threshold; landed cost still estimated,,hard oversize/logistics risk,,,,,,,,,,,,
category:Barbecue Forks,B0BQBYQH4Q,B0FDWRBFVS,"Marshmallow Roasting Sticks 12 Colors Extra Long 45’’ Stainless Telescoping Hot Dog Smores Skewers Kids Safe Barbecue Forks for Campfire, Bonfire and Grill(12 Count)","['Patio, Lawn & Garden', 'lawn-garden']",US,18.99,5.32,1.52,6.16,0.15,1237.0,1138.0,4.6,0.55,10000.0,1.0,20.0,50.0,25.0,20.0,20.0,Imported from Sorftime; ASIN B0BQBYQH4Q; parent B0FDWRBFVS; brand BRIOUT,https://www.amazon.com/dp/B0BQBYQH4Q,0.0,0.0,35.0,D,estimated_or_unverified,33.1,Reject,3.14,0.1654,3886.04,87.3,14.3,8.2,22.0,78.0,gross margin below 35%; unit profit below $8; review count above 600; evidence confidence below supplier-validation threshold; landed cost still estimated,,,,,,,,,,,,,,
category:Tune-Up Kits,B07Q7Q99VH,B07Q7Q99VH,"799727 Carburetor Compatible with Briggs & Stratton 799727 698620 794572 14HP 15HP 16HP 17HP 17.5 HP 18HP Intek Engines Lawn Tractor Mower Nikki Carb,with Air Filter kit","['Patio, Lawn & Garden', 'lawn-garden']",US,20.89,5.85,1.67,5.75,0.15,598.0,1689.0,4.4,0.55,10000.0,1.0,20.0,50.0,25.0,20.0,20.0,Imported from Sorftime; ASIN B07Q7Q99VH; parent B07Q7Q99VH; brand LEIMO KPARTS,https://www.amazon.com/dp/B07Q7Q99VH,0.0,0.0,35.0,D,estimated_or_unverified,33.1,Reject,4.49,0.2148,2682.93,87.3,18.3,4.8,22.0,78.0,gross margin below 35%; unit profit below $8; review count above 600; evidence confidence below supplier-validation threshold; landed cost still estimated,,,,,,,,,,,,,,
category:Recoil Springs,B0814KVLXS,B0814KVLXS,Kuupo 593959 591139 Recoil Starter for Troy Bilt TB110 TB200 140CC 150CC Lawn Mower Brigs Straton 450E 550EX 08P502 093J02 09P602 09P702 Engines 593959 Pull Start Assembly,"['Patio, Lawn & Garden', 'lawn-garden']",US,18.99,5.32,1.52,5.36,0.15,684.0,888.0,4.3,0.55,10000.0,1.0,20.0,50.0,25.0,20.0,20.0,Imported from Sorftime; ASIN B0814KVLXS; parent B0814KVLXS; brand Kuupo,https://www.amazon.com/dp/B0814KVLXS,0.0,0.0,35.0,D,estimated_or_unverified,33.1,Reject,3.94,0.2076,2695.99,87.3,18.3,4.8,22.0,78.0,gross margin below 35%; unit profit below $8; review count above 600; evidence confidence below supplier-validation threshold; landed cost still estimated,,,,,,,,,,,,,,
category:Covers,B098LDKPD6,B0D262RF5J,KISEER Outdoors Lawn Mower Cover Waterproof Heavy Duty 210D Polyester Oxford UV Protection Lawn Tractor Cover Fits Decks Up to 54“ with Drawstring and Storage Bag,"['Patio, Lawn & Garden', 'lawn-garden']",US,18.99,5.32,1.52,6.21,0.15,805.0,1977.0,4.2,0.55,10000.0,1.0,20.0,50.0,25.0,20.0,20.0,Imported from Sorftime; ASIN B098LDKPD6; parent B0D262RF5J; brand KISEER,https://www.amazon.com/dp/B098LDKPD6,0.0,0.0,35.0,D,estimated_or_unverified,32.9,Reject,3.09,0.1628,2488.66,87.3,18.3,4.3,22.0,78.0,gross margin below 35%; unit profit below $8; review count above 600; evidence confidence below supplier-validation threshold; landed cost still estimated,,,,,,,,,,,,,,
category:Tune-Up Kits,B07C1LLD7Q,B07C1LLD7Q,Powtol 20 853 33S SV541 Carburetor for Kohler Courage 20HP 18HP 19HP Engine | Fits SV600 SV590 SV540S SV540 SV530 SV601 SV610 SV620 SV591 SV470 SV Series Lawn Mower Tractor,"['Patio, Lawn & Garden', 'lawn-garden']",US,19.99,5.6,1.6,4.87,0.15,514.0,1236.0,4.3,0.55,10000.0,1.0,20.0,50.0,25.0,20.0,20.0,Imported from Sorftime; ASIN B07C1LLD7Q; parent B07C1LLD7Q; brand Powtol,https://www.amazon.com/dp/B07C1LLD7Q,0.0,0.0,35.0,D,estimated_or_unverified,32.9,Reject,4.92,0.2462,2529.65,87.3,18.3,4.4,22.0,78.0,gross margin below 35%; unit profit below $8; review count above 600; evidence confidence below supplier-validation threshold; landed cost still estimated,,,,,,,,,,,,,,
category:Tune-Up Kits,B074KH9XG4,B074KH9XG4,Oriental Power Carburetor For Kohler CV12.5 CV13S CV13T CV14 CV14S CV15S New,"['Patio, Lawn & Garden', 'lawn-garden']",US,15.99,4.48,1.28,4.45,0.15,499.0,983.0,4.1,0.55,10000.0,1.0,20.0,50.0,25.0,20.0,20.0,Imported from Sorftime; ASIN B074KH9XG4; parent B074KH9XG4; brand Oriental Power,https://www.amazon.com/dp/B074KH9XG4,0.0,0.0,35.0,D,estimated_or_unverified,32.7,Reject,3.38,0.2115,1687.37,87.1,20.3,2.0,22.0,78.0,gross margin below 35%; unit profit below $8; review count above 600; evidence confidence below supplier-validation threshold; landed cost still estimated,,,,,,,,,,,,,,
category:Wastebaskets,B0CWS6LQDB,B0D3HL8227,"Lysam Bathroom Trash Can 3 Pack, 1.8 Gallon Small Trash Can with Trash Bags | Garbage Can for Bedroom Living Room, Open-Top|Sturdy Bin Indoor, Round Waste Basket for Office|Studio, Compact Spaces (White)","['Home & Kitchen', 'home-garden']",US,19.99,5.6,1.6,9.07,0.15,4766.0,1578.0,4.5,0.55,10000.0,1.0,20.0,50.0,25.0,20.0,20.0,Imported from Sorftime; ASIN B0CWS6LQDB; parent B0D3HL8227; brand Lysam,https://www.amazon.com/dp/B0CWS6LQDB,0.0,0.0,35.0,D,estimated_or_unverified,32.6,Reject,0.72,0.0361,3438.67,87.3,14.3,7.0,22.0,78.0,gross margin below 35%; unit profit below $8; review count above 600; evidence confidence below supplier-validation threshold; landed cost still estimated,,,,,,,,,,,,,,
category:Cereal Containers,B0DNN82Q7Q,B0GGMQH6RG,"Shazo 2 Pack (15.4 Oz Cereal Capacity) Small Airtight Cereal Containers Storage with Lids, Perfect Space Saving BPA-Free Plastic Container, Pantry Organization and Canister for Rice, Sugar & Flour","['Kitchen & Dining', 'kitchen']",US,15.99,4.48,1.28,6.59,0.15,1293.0,1983.0,4.1,0.55,10000.0,1.0,20.0,50.0,25.0,20.0,20.0,Imported from Sorftime; ASIN B0DNN82Q7Q; parent B0GGMQH6RG; brand Shazo,https://www.amazon.com/dp/B0DNN82Q7Q,0.0,0.0,35.0,D,estimated_or_unverified,32.6,Reject,1.24,0.0776,1605.26,87.3,20.3,1.7,22.0,78.0,gross margin below 35%; unit profit below $8; review count above 600; evidence confidence below supplier-validation threshold; landed cost still estimated,,,,,,,,,,,,,,
category:Bushings,B0C61PDPXD,B0C61PDPXD,LIZEWEI 738-0919 Steering Shaft with Bushing & 617-04094 Steering Gear Kit for MTD/Troy-Bilt/Craftsman Lawn Mower - Contain 948-0389 731-1309 941-0656A 741-0656A 738-0919A 738-0919B,"['Patio, Lawn & Garden', 'lawn-garden']",US,34.99,9.8,2.8,11.85,0.15,264.0,287.0,4.3,0.55,10000.0,1.0,20.0,50.0,25.0,20.0,45.0,Imported from Sorftime; ASIN B0C61PDPXD; parent B0C61PDPXD; brand LIZEWEI,https://www.amazon.com/dp/B0C61PDPXD,0.0,0.0,35.0,D,estimated_or_unverified,32.3,Reject,5.29,0.1512,1396.96,48.0,40.8,1.7,27.0,73.0,gross margin below 35%; unit profit below $8; evidence confidence below supplier-validation threshold; landed cost still estimated,,,,,,,,,,,,,,
category:Tune-Up Kits,B07Q5MYW33,B07Q5MYW33,GX160 GX200 Carburetor with 17210-ZE1-517 Air Filter Tune Up Kit for Honda GX120 GX140 GX 160 GX168 GX200 5HP 5.5HP 6.5HP Engine,"['Patio, Lawn & Garden', 'lawn-garden']",US,19.77,5.54,1.58,5.76,0.15,760.0,1232.0,4.6,0.55,10000.0,1.0,20.0,50.0,25.0,20.0,20.0,Imported from Sorftime; ASIN B07Q5MYW33; parent B07Q5MYW33; brand LEIMO KPARTS,https://www.amazon.com/dp/B07Q5MYW33,0.0,0.0,35.0,D,estimated_or_unverified,32.2,Reject,3.92,0.1985,2982.62,87.3,14.3,5.7,22.0,78.0,gross margin below 35%; unit profit below $8; review count above 600; evidence confidence below supplier-validation threshold; landed cost still estimated,,,,,,,,,,,,,,
category:Tune-Up Kits,B0C7C1C5BT,B0C7C1C5BT,YzusGomumu 799584 Carburetor Kit Spark Plug & Air Filter Fit for B&S Carb | Compatible with B&S Carb 594057 592361 594529 Troy Bilt TB110 TB200 103M02 09P702 9P702 550EX 625EX 675EX 725 lc121p 163cc,"['Patio, Lawn & Garden', 'lawn-garden']",US,17.99,5.04,1.44,4.47,0.15,691.0,877.0,4.6,0.55,10000.0,1.0,20.0,50.0,25.0,20.0,20.0,Imported from Sorftime; ASIN B0C7C1C5BT; parent B0C7C1C5BT; brand YzusGomumu,https://www.amazon.com/dp/B0C7C1C5BT,0.0,0.0,35.0,D,estimated_or_unverified,32.2,Reject,4.34,0.2413,2999.98,87.3,14.3,5.7,22.0,78.0,gross margin below 35%; unit profit below $8; review count above 600; evidence confidence below supplier-validation threshold; landed cost still estimated,,,,,,,,,,,,,,
category:Pull Cords,B0DM25NZWW,B0DM22GC8G,Automost GCV160 Pull Start Assembly with Sticker Recoil Starter for Honda GCV135 GCV160 Lawn Mower Pressure Washer Engine Parts Pull Cord Replacement (Black),"['Patio, Lawn & Garden', 'lawn-garden']",US,17.99,5.04,1.44,4.9,0.15,253.0,244.0,4.4,0.55,10000.0,1.0,20.0,50.0,25.0,20.0,20.0,Imported from Sorftime; ASIN B0DM25NZWW; parent B0DM22GC8G; brand Automost,https://www.amazon.com/dp/B0DM25NZWW,0.0,0.0,35.0,D,estimated_or_unverified,32.0,Reject,3.91,0.2174,989.61,46.1,40.8,0.0,22.0,78.0,gross margin below 35%; unit profit below $8; evidence confidence below supplier-validation threshold; landed cost still estimated,,,,,,,,,,,,,,
category:Grass Catchers,B09FSVNJZ1,B09FSVTGC6,"532426129 Chute Deflector Compatible with Husqvarna/Craftsman 917 Models Types 22“ Lawn Mowers 917370413, 917370415, for Husqvarna HU700F, HU800AWD, HU775BBC, HU775H - Replaces 419942X428 419942X418","['Patio, Lawn & Garden', 'lawn-garden']",US,12.69,3.55,1.02,8.41,0.15,449.0,551.0,4.5,0.55,10000.0,1.0,20.0,50.0,25.0,20.0,20.0,Imported from Sorftime; ASIN B09FSVNJZ1; parent B09FSVTGC6; brand DECKMAN,https://www.amazon.com/dp/B09FSVNJZ1,0.0,0.0,35.0,D,estimated_or_unverified,31.9,Reject,-2.19,-0.1729,-984.88,78.8,24.3,0.0,22.0,78.0,negative unit profit; gross margin below 35%; unit profit below $8; evidence confidence below supplier-validation threshold; landed cost still estimated,,,,,,,,,,,,,,
category:Pod Stands,B091T3FSW6,B0B5K2GFNS,"Rotating Coffee Pod Holder for Nespresso Original, Holds 40 Pods, Black | Smooth 360° Rotating Carousel for Easy Access, Space Saving, Sturdy Steel Construction, No Assembly Required","['Kitchen & Dining', 'kitchen']",US,18.99,5.32,1.52,6.58,0.15,435.0,633.0,4.6,0.55,10000.0,1.0,20.0,50.0,25.0,20.0,20.0,Imported from Sorftime; ASIN B091T3FSW6; parent B0B5K2GFNS; brand ZECENN,https://www.amazon.com/dp/B091T3FSW6,0.0,0.0,35.0,D,estimated_or_unverified,31.7,Reject,2.72,0.1433,1183.85,76.5,24.3,0.5,22.0,78.0,gross margin below 35%; unit profit below $8; review count above 600; evidence confidence below supplier-validation threshold; landed cost still estimated,,,,,,,,,,,,,,
category:Pod Baskets,B0CFZDJCZD,B0GRY5DZ7Z,"AIYICIII Coffee Pod Holder,K Cup Holders for Counter,Coffee Bar Accessories & Decor,Large Capacity Keurig K-cup Organizer, Nespresso Vertuo Station Organizer,Metal Pods Storage (Black)","['Kitchen & Dining', 'kitchen']",US,23.99,6.72,1.92,7.93,0.15,316.0,332.0,4.6,0.55,10000.0,1.0,20.0,50.0,25.0,20.0,65.0,Imported from Sorftime; ASIN B0CFZDJCZD; parent B0GRY5DZ7Z; brand AIYICIII,https://www.amazon.com/dp/B0CFZDJCZD,0.0,0.0,35.0,D,estimated_or_unverified,31.6,Reject,3.82,0.1593,1207.59,56.6,36.8,0.6,31.0,69.0,hard oversize/logistics risk; gross margin below 35%; unit profit below $8; oversize risk; evidence confidence below supplier-validation threshold; landed cost still estimated,,hard oversize/logistics risk,,,,,,,,,,,,
category:Covers,B08SKY5K8S,B0B2MR84ZX,"Riding Lawn Mower Seat Cover Compatible with John Deere Tractor Seat Cover for Cub Cadet,Craftsman (Medium)","['Patio, Lawn & Garden', 'lawn-garden']",US,17.99,5.04,1.44,4.9,0.15,585.0,1677.0,4.5,0.55,10000.0,1.0,20.0,50.0,25.0,20.0,20.0,Imported from Sorftime; ASIN B08SKY5K8S; parent B0B2MR84ZX; brand BeadChica,https://www.amazon.com/dp/B08SKY5K8S,0.0,0.0,35.0,D,estimated_or_unverified,31.5,Reject,3.91,0.2174,2288.23,87.3,14.3,3.7,22.0,78.0,gross margin below 35%; unit profit below $8; review count above 600; evidence confidence below supplier-validation threshold; landed cost still estimated,,,,,,,,,,,,,,
category:Grass Catchers,B01H3VFK2G,B01H3VFK2G,964-04117A 664-04117A Lawnmower Grass Bag for MTD Troy Bilt 21“ Lawn Mower 964-04117B 664-04011 664-04027 664-04034 Fit TB110 TB210 TB260 TB130 TB230 TB280ES TB280 (Without Catcher Frame),"['Patio, Lawn & Garden', 'lawn-garden']",US,25.55,7.15,2.04,5.77,0.15,245.0,498.0,4.1,0.55,10000.0,1.0,20.0,50.0,25.0,20.0,20.0,Imported from Sorftime; ASIN B01H3VFK2G; parent B01H3VFK2G; brand RO6G,https://www.amazon.com/dp/B01H3VFK2G,0.0,0.0,35.0,D,estimated_or_unverified,31.2,Reject,6.76,0.2645,1655.59,44.8,30.3,7.3,22.0,78.0,gross margin below 35%; unit profit below $8; evidence confidence below supplier-validation threshold; landed cost still estimated,,,,,,,,,,,,,,
category:Pulleys,B08TR592K5,B0GWXQ12YN,532196104 Idler Pulley for Husqvarna/Craftsman 48' 54' Z254F Deck | Replace 196104 197380 Husqvarna 532197380 for RZ5424 YTH2348 YTH24V48 LGT2654 Z248F RZ4623 Z246 YTH24K48 RZ5426 MZ54 Tractors,"['Patio, Lawn & Garden', 'lawn-garden']",US,16.99,4.76,1.36,6.28,0.15,821.0,875.0,4.6,0.55,10000.0,1.0,20.0,50.0,25.0,20.0,20.0,Imported from Sorftime; ASIN B08TR592K5; parent B0GWXQ12YN; brand NICHEFLAG,https://www.amazon.com/dp/B08TR592K5,0.0,0.0,35.0,D,estimated_or_unverified,30.9,Reject,2.04,0.1202,1676.07,87.3,14.3,1.9,22.0,78.0,gross margin below 35%; unit profit below $8; review count above 600; evidence confidence below supplier-validation threshold; landed cost still estimated,,,,,,,,,,,,,,
category:Pulleys,B08R88QQVG,B0C4FN46FT,"Sutmorly 532196106 Idler Pulley for Craftsman Mower - Flat Idler Pulley Fit for Craftsman Husq Ariens Sears Poulan Riding Lawn Mower Tractor with 42“ 46“ 48“ 54“ Deck, Replace AYP 197379, 196106","['Patio, Lawn & Garden', 'lawn-garden']",US,15.03,4.21,1.2,5.88,0.15,410.0,604.0,4.6,0.55,10000.0,1.0,20.0,50.0,25.0,20.0,20.0,Imported from Sorftime; ASIN B08R88QQVG; parent B0C4FN46FT; brand Sutmorly,https://www.amazon.com/dp/B08R88QQVG,0.0,0.0,35.0,D,estimated_or_unverified,30.9,Reject,1.49,0.0988,609.06,72.3,24.3,0.0,22.0,78.0,gross margin below 35%; unit profit below $8; review count above 600; evidence confidence below supplier-validation threshold; landed cost still estimated,,,,,,,,,,,,,,
category:Tires,B0CQ1FCDV7,B0BXT56GQV,"15x6.00-6 Lawn Mower Tire Inner Tubes, TR-13 Valve Stem, 2 Pack | Heavy-Duty Inner Tubes, Fits for Ride-on Mower, Yard Trailers, Tractors, Go Karts, Golf Carts, ATVs and More","['Patio, Lawn & Garden', 'lawn-garden']",US,13.04,3.65,1.04,6.57,0.15,2197.0,1263.0,4.4,0.55,10000.0,1.0,20.0,50.0,25.0,20.0,45.0,Imported from Sorftime; ASIN B0CQ1FCDV7; parent B0BXT56GQV; brand GICOOL,https://www.amazon.com/dp/B0CQ1FCDV7,0.0,0.0,35.0,D,estimated_or_unverified,30.9,Reject,-0.18,-0.0135,-386.67,87.3,18.3,0.0,27.0,73.0,negative unit profit; gross margin below 35%; unit profit below $8; review count above 600; evidence confidence below supplier-validation threshold; landed cost still estimated,,,,,,,,,,,,,,
category:Wheels,B0D3T6YLS2,B0DSFFLH2C,"CheeMuii 2PCS 8' Lawn Mower Wheels Kit for Cart, Push Mower, Generator, Etc | 8 Inch Push Mower Wheel with Bolt Gasket & Nut Kit 8 IN Lawn Mower Wheel Generator Wheel General Solid Rubber Wheel for cart","['Patio, Lawn & Garden', 'lawn-garden']",US,16.19,4.53,1.3,7.66,0.15,2358.0,1033.0,4.3,0.55,10000.0,1.0,20.0,50.0,25.0,20.0,45.0,Imported from Sorftime; ASIN B0D3T6YLS2; parent B0DSFFLH2C; brand CheeMuii,https://www.amazon.com/dp/B0D3T6YLS2,0.0,0.0,35.0,D,estimated_or_unverified,30.9,Reject,0.27,0.0168,640.2,87.3,18.3,0.0,27.0,73.0,gross margin below 35%; unit profit below $8; review count above 600; evidence confidence below supplier-validation threshold; landed cost still estimated,,,,,,,,,,,,,,
category:Gas Caps,B008TT0DWE,B008TT0DWE,Husqvarna 578931503 Fuel Cap With Retainer,"['Patio, Lawn & Garden', 'lawn-garden']",US,12.4,3.47,0.99,4.18,0.15,353.0,647.0,4.4,0.55,10000.0,1.0,20.0,50.0,25.0,20.0,20.0,Imported from Sorftime; ASIN B008TT0DWE; parent B008TT0DWE; brand Husqvarna,https://www.amazon.com/dp/B008TT0DWE,0.0,0.0,35.0,D,estimated_or_unverified,30.7,Reject,1.9,0.1532,670.7,62.8,28.3,0.0,22.0,78.0,gross margin below 35%; unit profit below $8; review count above 600; evidence confidence below supplier-validation threshold; landed cost still estimated,,,,,,,,,,,,,,
category:Tumblers,B0DSCGRTL6,B0D2HQ66VG,"Logo Brands NCAA 40 oz Tumbler with Handle -Stainless Steel Insulated Travel Tumbler with Straw Lid – Powder Coated, Leak-Resistant, Keeps Drinks Hot/Cold – Great for Tailgating, or Everyday Use","['Sports & Outdoors', 'sporting-goods']",US,24.64,6.9,1.97,8.13,0.15,381.0,405.0,4.6,0.55,10000.0,1.0,20.0,50.0,25.0,20.0,20.0,Imported from Sorftime; ASIN B0DSCGRTL6; parent B0D2HQ66VG; brand Logo Brands,https://www.amazon.com/dp/B0DSCGRTL6,0.0,0.0,35.0,D,estimated_or_unverified,30.7,Reject,3.94,0.1601,1502.66,67.5,24.3,1.4,22.0,78.0,gross margin below 35%; unit profit below $8; evidence confidence below supplier-validation threshold; landed cost still estimated,,,,,,,,,,,,,,
category:Recoil Springs,B07TLT1NZX,B07TLT1NZX,ZeeKee 593959 Recoil Pull Starter for Yard Machines 21‘‘ 140cc 550EX Lawn Mower Compatible with Briggs Stratton 140cc 550 EX 591139 593961 590588 Cover Diameter 6 3/4 inches,"['Patio, Lawn & Garden', 'lawn-garden']",US,17.98,5.03,1.44,5.37,0.15,341.0,610.0,4.4,0.55,10000.0,1.0,20.0,50.0,25.0,20.0,20.0,Imported from Sorftime; ASIN B07TLT1NZX; parent B07TLT1NZX; brand ZeeKee,https://www.amazon.com/dp/B07TLT1NZX,0.0,0.0,35.0,D,estimated_or_unverified,30.6,Reject,3.44,0.1915,1174.06,60.8,28.3,0.5,22.0,78.0,gross margin below 35%; unit profit below $8; review count above 600; evidence confidence below supplier-validation threshold; landed cost still estimated,,,,,,,,,,,,,,
category:Tabletop Wine Racks,B0CJLG979J,B0DRYP7YSS,"Lifewit Plastic Stackable Wine Rack for refrigerator, Cabinet, Countertop,Wine Bottle Holder, Water Bottle Organizer for Fridge, Pantry, Hold 4 Bottles","['Kitchen & Dining', 'kitchen']",US,13.99,3.92,1.12,5.76,0.15,1333.0,1611.0,4.6,0.55,10000.0,1.0,20.0,50.0,25.0,20.0,20.0,Imported from Sorftime; ASIN B0CJLG979J; parent B0DRYP7YSS; brand Lifewit,https://www.amazon.com/dp/B0CJLG979J,0.0,0.0,35.0,D,estimated_or_unverified,30.6,Reject,1.09,0.078,1454.97,87.3,14.3,1.3,22.0,78.0,gross margin below 35%; unit profit below $8; review count above 600; evidence confidence below supplier-validation threshold; landed cost still estimated,,,,,,,,,,,,,,
category:Solenoids,B001OK6OMI,B001OK6OMI,Stens 435-435 Starter Solenoid,"['Patio, Lawn & Garden', 'lawn-garden']",US,13.49,3.78,1.08,4.17,0.15,514.0,2039.0,4.6,0.55,10000.0,1.0,20.0,50.0,25.0,20.0,20.0,Imported from Sorftime; ASIN B001OK6OMI; parent B001OK6OMI; brand Stens,https://www.amazon.com/dp/B001OK6OMI,0.0,0.0,35.0,D,estimated_or_unverified,30.4,Reject,2.44,0.1806,1252.36,87.3,14.3,0.7,22.0,78.0,gross margin below 35%; unit profit below $8; review count above 600; evidence confidence below supplier-validation threshold; landed cost still estimated,,,,,,,,,,,,,,
category:Blades,B09ZXT245H,B09ZXT245H,"Grasscool 942-04244A Cub Cadet 46 inch Deck XT1 LT46 Mower High Lift Blades | Fit Enduro XT2-46 ZT1 LX46 LTX1045 LTX1046 942-04290,Replacement Parts,Zero Turn Lawn Tractor,6 Star Bagger Sharp Cuts Mows","['Patio, Lawn & Garden', 'lawn-garden']",US,27.88,7.81,2.23,12.6,0.15,1810.0,1211.0,4.6,0.55,10000.0,1.0,20.0,50.0,25.0,20.0,65.0,Imported from Sorftime; ASIN B09ZXT245H; parent B09ZXT245H; brand Grasscool,https://www.amazon.com/dp/B09ZXT245H,0.0,0.0,35.0,D,estimated_or_unverified,30.2,Reject,1.06,0.0379,1914.98,87.3,14.3,2.6,31.0,69.0,hard oversize/logistics risk; gross margin below 35%; unit profit below $8; review count above 600; oversize risk; evidence confidence below supplier-validation threshold; landed cost still estimated,,hard oversize/logistics risk,,,,,,,,,,,,
category:Deck Parts,B098WZ18T7,B098WZ18T7,"Lawn Mower 731-07486 Side Discharge Chute for Most 21“ Hand Pushed Lawn Mower Compatible with Craftsman Columbia Huskee Troy Bilt Yard-Man MTD TB110, TB130, TB220, TB230 & 11A, 12A Series Mowers","['Patio, Lawn & Garden', 'lawn-garden']",US,15.99,4.48,1.28,7.93,0.15,1626.0,990.0,4.5,0.55,10000.0,1.0,20.0,50.0,25.0,20.0,20.0,Imported from Sorftime; ASIN B098WZ18T7; parent B098WZ18T7; brand DECKMAN,https://www.amazon.com/dp/B098WZ18T7,0.0,0.0,35.0,D,estimated_or_unverified,30.2,Reject,-0.1,-0.0062,-160.16,87.3,14.3,0.0,22.0,78.0,negative unit profit; gross margin below 35%; unit profit below $8; review count above 600; evidence confidence below supplier-validation threshold; landed cost still estimated,,,,,,,,,,,,,,
category:Beer Glasses,B0D5WPM8NB,B0D5WQ2FPK,"The Memory Company Officially Licensed 2-Pack Ombre Pint Glasses, Seattle Seahawks","['Sports & Outdoors', 'sporting-goods']",US,16.96,4.75,1.36,5.81,0.15,223.0,226.0,4.5,0.55,10000.0,1.0,20.0,50.0,25.0,20.0,20.0,Imported from Sorftime; ASIN B0D5WPM8NB; parent B0D5WQ2FPK; brand The Memory Company,https://www.amazon.com/dp/B0D5WPM8NB,0.0,0.0,35.0,D,estimated_or_unverified,30.0,Reject,2.5,0.1472,556.61,41.1,36.8,0.0,22.0,78.0,excluded title term: officially licensed; gross margin below 35%; unit profit below $8; evidence confidence below supplier-validation threshold; landed cost still estimated,,excluded title term: officially licensed,,,,,,,,,,,,
category:Access Doors,B0CWJN8Z68,B0D9HW9M7K,"Easy-Exs 10“ Round Access Panel for Ceiling and Wall - Adjustable from 6 to 9 inches - Ceiling Hole Cover - for Electrical, Plumbing, Cables, HVAC, Speaker and LED Holes - Durable Plastic Panel","['Patio, Lawn & Garden', 'lawn-garden']",US,15.99,4.48,1.28,4.47,0.15,218.0,239.0,4.6,0.55,10000.0,1.0,20.0,50.0,25.0,20.0,20.0,Imported from Sorftime; ASIN B0CWJN8Z68; parent B0D9HW9M7K; brand EASY-EXS,https://www.amazon.com/dp/B0CWJN8Z68,0.0,0.0,35.0,D,estimated_or_unverified,29.9,Reject,3.36,0.2102,732.81,40.3,36.8,0.0,22.0,78.0,gross margin below 35%; unit profit below $8; evidence confidence below supplier-validation threshold; landed cost still estimated,,,,,,,,,,,,,,
category:Blades,B0B5TQ2R1P,B0B5TQ2R1P,"Grasscool 138971 42 inch Deck Craftsman Mower Blades Replacement Bagging | Fit OEM 532138971 LT1000 LT2000 T110 YT3000 Poulan Husqvarna 42‘‘ Zero Turn Lawn Tractor,5 Star Mounting Hole,High Lift Cuts","['Patio, Lawn & Garden', 'lawn-garden']",US,21.49,6.02,1.72,11.83,0.15,1506.0,1375.0,4.6,0.55,10000.0,1.0,20.0,50.0,25.0,20.0,45.0,Imported from Sorftime; ASIN B0B5TQ2R1P; parent B0B5TQ2R1P; brand Grasscool,https://www.amazon.com/dp/B0B5TQ2R1P,0.0,0.0,35.0,D,estimated_or_unverified,29.7,Reject,-1.3,-0.0607,-1963.07,87.3,14.3,0.0,27.0,73.0,negative unit profit; gross margin below 35%; unit profit below $8; review count above 600; evidence confidence below supplier-validation threshold; landed cost still estimated,,,,,,,,,,,,,,
category:Fuel Lines,B0CDC5RT41,B0CDC5RT41,Strongthium 1/4“ 6.6 FT Rubber Fuel Line Hose Kit Gas Tube Kit | for Briggs and Stratton MTD Craftsman Troy Bilt Cub Cadet with Gas Clamps Valve & Filters,"['Patio, Lawn & Garden', 'lawn-garden']",US,12.99,3.64,1.04,4.46,0.15,211.0,264.0,4.6,0.55,10000.0,1.0,20.0,50.0,25.0,20.0,20.0,Imported from Sorftime; ASIN B0CDC5RT41; parent B0CDC5RT41; brand Strongthium,https://www.amazon.com/dp/B0CDC5RT41,0.0,0.0,35.0,D,estimated_or_unverified,29.7,Reject,1.9,0.1464,401.22,39.1,36.8,0.0,22.0,78.0,gross margin below 35%; unit profit below $8; evidence confidence below supplier-validation threshold; landed cost still estimated,,,,,,,,,,,,,,
category:Tabletop Wine Racks,B07JM29CXK,B07TJTMD4F,"Metal Letter Wine Cork Keepsake Saver & Holder Monogram w/Free Wall Mount Kit A-Z (Letter C, Large)","['Kitchen & Dining', 'kitchen']",US,19.99,5.6,1.6,6.22,0.15,456.0,1539.0,4.6,0.55,10000.0,1.0,20.0,50.0,25.0,20.0,20.0,Imported from Sorftime; ASIN B07JM29CXK; parent B07TJTMD4F; brand Made Easy Kit,https://www.amazon.com/dp/B07JM29CXK,0.0,0.0,35.0,D,estimated_or_unverified,29.7,Reject,3.57,0.1787,1628.6,80.0,14.3,1.8,22.0,78.0,gross margin below 35%; unit profit below $8; review count above 600; evidence confidence below supplier-validation threshold; landed cost still estimated,,,,,,,,,,,,,,
category:Tie Rod Ends,B07RVDKPPT,B07RVDKPPT,Adjustable Tough Crimped Construction Steering Draglink Drag Link Tie Rod GY20491 GY20492 LH/RH for John Deere L100 L105 L107 L108 L110 L111 L118 L120 L130 G110 Includes 4 Locknuts,"['Patio, Lawn & Garden', 'lawn-garden']",US,32.95,9.23,2.64,8.42,0.15,244.0,639.0,4.6,0.55,10000.0,1.0,20.0,50.0,25.0,20.0,20.0,Imported from Sorftime; ASIN B07RVDKPPT; parent B07RVDKPPT; brand HD Switch,https://www.amazon.com/dp/B07RVDKPPT,0.0,0.0,35.0,D,estimated_or_unverified,29.6,Reject,7.72,0.2342,1883.07,44.6,24.3,8.0,22.0,78.0,gross margin below 35%; unit profit below $8; review count above 600; evidence confidence below supplier-validation threshold; landed cost still estimated,,,,,,,,,,,,,,
category:Craft Cabinets,B0CK9CG3VS,B0CK9CG3VS,"Stalwart 30-Drawer Plastic Small Parts Organizer, Yellow | Tabletop, Desktop, or Wall Storage Drawers for Organizing Hardware, Crafting Supplies, Garage, or Classroom","['Tools & Home Improvement', 'hi']",US,25.79,7.22,2.06,15.34,0.15,228.0,254.0,4.5,0.55,10000.0,1.0,20.0,50.0,25.0,20.0,65.0,Imported from Sorftime; ASIN B0CK9CG3VS; parent B0CK9CG3VS; brand Stalwart,https://www.amazon.com/dp/B0CK9CG3VS,0.0,0.0,35.0,D,estimated_or_unverified,29.2,Reject,-2.7,-0.1046,-615.26,42.0,36.8,0.0,31.0,69.0,hard oversize/logistics risk; negative unit profit; gross margin below 35%; unit profit below $8; oversize risk; evidence confidence below supplier-validation threshold; landed cost still estimated,,hard oversize/logistics risk,,,,,,,,,,,,
category:Pulleys,B0C4YTW8S2,B0C4YTW8S2,"532194326 V-Groove Idler Pulley and 532194327 Flat Idler Pulley Kit Compatible with Husqvarna Riding Lawn Mowers, Replaces 280-6630, 194327, 705080, 13179, 705079, 194326, 280-6590, 194326","['Patio, Lawn & Garden', 'lawn-garden']",US,16.99,4.76,1.36,9.07,0.15,361.0,408.0,4.5,0.55,10000.0,1.0,20.0,50.0,25.0,20.0,45.0,Imported from Sorftime; ASIN B0C4YTW8S2; parent B0C4YTW8S2; brand LIZEWEI,https://www.amazon.com/dp/B0C4YTW8S2,0.0,0.0,35.0,D,estimated_or_unverified,29.2,Reject,-0.75,-0.0441,-270.21,64.1,24.3,0.0,27.0,73.0,negative unit profit; gross margin below 35%; unit profit below $8; evidence confidence below supplier-validation threshold; landed cost still estimated,,,,,,,,,,,,,,
category:Access Doors,B01LY5V05L,B0GCDQC7RW,"Premier Flush Access Panel, 10 x10, Steel, FL-1000 Series, Screwdriver Latch","['Patio, Lawn & Garden', 'lawn-garden']",US,25.91,7.25,2.07,8.03,0.15,292.0,710.0,4.5,0.55,10000.0,1.0,20.0,50.0,25.0,20.0,45.0,Imported from Sorftime; ASIN B01LY5V05L; parent B0GCDQC7RW; brand Premier Access Doors,https://www.amazon.com/dp/B01LY5V05L,0.0,0.0,35.0,D,estimated_or_unverified,27.9,Reject,4.67,0.1804,1364.66,52.6,24.3,1.0,27.0,73.0,gross margin below 35%; unit profit below $8; review count above 600; evidence confidence below supplier-validation threshold; landed cost still estimated,,,,,,,,,,,,,,
category:Solenoids,B086RVG433,B086RVG433,"Starter Solenoid Bad Boy Zero Turn Mowers ZT, CZT, MZ 108-5349-00","['Patio, Lawn & Garden', 'lawn-garden']",US,12.87,3.6,1.03,4.17,0.15,381.0,1033.0,4.6,0.55,10000.0,1.0,20.0,50.0,25.0,20.0,20.0,Imported from Sorftime; ASIN B086RVG433; parent B086RVG433; brand USonline911,https://www.amazon.com/dp/B086RVG433,0.0,0.0,35.0,D,estimated_or_unverified,27.2,Reject,2.14,0.1662,815.15,67.5,14.3,0.0,22.0,78.0,gross margin below 35%; unit profit below $8; review count above 600; evidence confidence below supplier-validation threshold; landed cost still estimated,,,,,,,,,,,,,,
category:Pod Baskets,B0B4DDB57S,B0B4DDB57S,"QUALLON Coffee Station Organizer with Small Removable Dividers, Wooden Coffee Bar Accessories Storage For Countertop, Farmhouse Kcup Coffee Pod Holder Basket With Handle For Coffee Lover","['Kitchen & Dining', 'kitchen']",US,19.99,5.6,1.6,7.93,0.15,287.0,533.0,4.6,0.55,10000.0,1.0,20.0,50.0,25.0,20.0,65.0,Imported from Sorftime; ASIN B0B4DDB57S; parent B0B4DDB57S; brand QUALLON,https://www.amazon.com/dp/B0B4DDB57S,0.0,0.0,35.0,D,estimated_or_unverified,27.0,Reject,1.86,0.0931,534.25,51.8,24.3,0.0,31.0,69.0,hard oversize/logistics risk; gross margin below 35%; unit profit below $8; oversize risk; evidence confidence below supplier-validation threshold; landed cost still estimated,,hard oversize/logistics risk,,,,,,,,,,,,
category:Recoil Springs,B08138KM6L,B08138KM6L,Harbot 593959 Recoil Starter Compatible with Troy-Bilt TB110 TB200 140CC 150CC Craftsman M110 M115 Lawn Mower Parts Bris Strato 591139 595355 590588 Pull Start Assembly,"['Patio, Lawn & Garden', 'lawn-garden']",US,18.88,5.29,1.51,4.9,0.15,246.0,451.0,4.6,0.55,10000.0,1.0,20.0,50.0,25.0,20.0,20.0,Imported from Sorftime; ASIN B08138KM6L; parent B08138KM6L; brand Harbot,https://www.amazon.com/dp/B08138KM6L,0.0,0.0,35.0,D,estimated_or_unverified,26.9,Reject,4.35,0.2303,1069.61,45.0,24.3,0.2,22.0,78.0,gross margin below 35%; unit profit below $8; evidence confidence below supplier-validation threshold; landed cost still estimated,,,,,,,,,,,,,,
category:Access Doors,B09HCFRYP3,B0DDKYSJP3,"Vent Systems White ABS Plastic Access Panel 6 x 12 Inch (Cut-Out) - Access Door for Drywall, Wall, Ceiling - Electrical, Plumbing Service Wall Hole Cover - Inspection Door - 6.6 x 12.6 Inch (Outer)","['Patio, Lawn & Garden', 'lawn-garden']",US,18.79,5.26,1.5,4.47,0.15,274.0,1283.0,4.5,0.55,10000.0,1.0,20.0,50.0,25.0,20.0,20.0,Imported from Sorftime; ASIN B09HCFRYP3; parent B0DDKYSJP3; brand Vent Systems,https://www.amazon.com/dp/B09HCFRYP3,0.0,0.0,35.0,D,estimated_or_unverified,24.9,Reject,4.74,0.2523,1299.17,49.6,14.3,1.2,22.0,78.0,gross margin below 35%; unit profit below $8; review count above 600; evidence confidence below supplier-validation threshold; landed cost still estimated,,,,,,,,,,,,,,
category:Craft Cabinets,B00012FQEC,B0DK5Z3THP,"Akro-Mils 16-Drawer Plastic Storage Cabinet, 10.5'W x 6.5'D x 8.5'H, Black | Plastic Cabinet w/ Drawers for Garage Organization, Beads, Makeup Organizer, Building Bricks Storage, Teacher Toolbox, 10716","['Tools & Home Improvement', 'hi']",US,27.77,7.78,2.22,8.5,0.15,286.0,1687.0,4.6,0.55,10000.0,1.0,20.0,50.0,25.0,20.0,45.0,Imported from Sorftime; ASIN B00012FQEC; parent B0DK5Z3THP; brand Akro-Mils,https://www.amazon.com/dp/B00012FQEC,0.0,0.0,35.0,D,estimated_or_unverified,24.9,Reject,5.1,0.1838,1459.89,51.6,14.3,1.5,27.0,73.0,gross margin below 35%; unit profit below $8; review count above 600; evidence confidence below supplier-validation threshold; landed cost still estimated,,,,,,,,,,,,,,
