source_strategy,source_asin,source_parent_asin,product_name,category,marketplace,target_price,cost,shipping,fba_fee,referral_fee_rate,est_monthly_sales,avg_review_count,avg_rating,top10_review_share,keyword_search_volume,keyword_cpc,seasonality_score,differentiation_score,compliance_risk,fragile_risk,oversize_risk,market_data_completeness,profit_data_confidence,evidence_confidence,evidence_grade,data_source_summary,profit_estimate_status,notes,listing_url,opportunity_score,recommendation,gross_profit_per_unit,gross_margin,monthly_gross_profit,demand_score,competition_score,profitability_score,risk_score,risk_control_score,key_flags,brand_moat_reason,hard_stop_reason,archive_key,archive_first_seen,archive_last_seen,archive_seen_count,archive_best_score,archive_latest_score,archive_best_recommendation,archive_latest_recommendation,archive_status,archive_last_run_id,research_status,archive_notes
category:Bathroom Shelves,B0GV43R4TJ,B0GV3NGX74,"Bathroom Counter Organizer, Vanity Organizer, Perfume Organizer","['Tools & Home Improvement', 'hi']",US,32.98,9.23,2.64,5.77,0.15,536.0,25.0,4.6,0.55,10000.0,1.0,20.0,50.0,25.0,20.0,20.0,75.0,35.0,65.0,B,"observed:price,sales,reviews,rating,fba_fee; estimated:search_volume,cpc",estimated_default_costs,Imported from Sorftime; ASIN B0GV43R4TJ; parent B0GV3NGX74; brand UJQSUN,https://www.amazon.com/dp/B0GV43R4TJ,60.7,Watch or collect more data,10.39,0.3151,5570.65,87.3,59.3,32.5,22.0,78.0,supplier quote required; estimated profit is not a rejection gate,,,,,,,,,,,,,,
category:Vertical Plate Holders,B0GSZS9TST,B0GSZS9TST,"Invisible Wall Plate Hangers - Clear Adhesive Picture Hanging Strips for Displaying Decorative Plates, Paintings & Photo Frames - Damage-Free, Strong Hold (2.4 Inch)","['Kitchen & Dining', 'kitchen']",US,18.99,5.32,1.52,4.18,0.15,551.0,10.0,4.1,0.55,10000.0,1.0,20.0,50.0,25.0,20.0,20.0,75.0,35.0,65.0,B,"observed:price,sales,reviews,rating,fba_fee; estimated:search_volume,cpc",estimated_default_costs,Imported from Sorftime; ASIN B0GSZS9TST; parent B0GSZS9TST; brand LWJTTDFJ,https://www.amazon.com/dp/B0GSZS9TST,60.2,Watch or collect more data,5.12,0.2697,2821.95,87.3,70.3,8.1,22.0,78.0,supplier quote required; estimated profit is not a rejection gate,,,,,,,,,,,,,,
category:Magazine & Newspaper Baskets,B09QLLLBJ3,B0FGYV777Q,Household Essentials Natural Woven Wicker Storage Basket with Handles,"['Home & Kitchen', 'home-garden']",US,19.99,5.6,1.6,3.6,0.15,693.0,33.0,4.6,0.55,10000.0,1.0,20.0,50.0,25.0,20.0,45.0,50.0,20.0,42.5,C,"observed:sales,reviews,rating; estimated:price,fba_fee,search_volume,cpc",estimated_default_costs,Imported from Sorftime; ASIN B09QLLLBJ3; parent B0FGYV777Q; brand Household Essentials,https://www.amazon.com/dp/B09QLLLBJ3,57.7,Watch or collect more data,6.19,0.3097,4290.71,87.3,59.3,19.7,27.0,73.0,supplier quote required; estimated profit is not a rejection gate; evidence confidence below supplier-validation threshold,,,,,,,,,,,,,,
category:Shelf Baskets,B0FY235Z3J,B0GCZNTZP5,"iEGrow Scalloped Wicker Basket, Set of 2 Hand-Woven Natural Rattan Baskets with Built-in Handles, Water Hyacinth Storage Oval Cute Baby Baskets for Nursery, Organizing, Decor and Shelves","['Home & Kitchen', 'home-garden']",US,33.99,9.52,2.72,10.13,0.15,1177.0,55.0,4.6,0.55,10000.0,1.0,20.0,50.0,25.0,20.0,45.0,75.0,35.0,65.0,B,"observed:price,sales,reviews,rating,fba_fee; estimated:search_volume,cpc",estimated_default_costs,Imported from Sorftime; ASIN B0FY235Z3J; parent B0GCZNTZP5; brand iEGrow,https://www.amazon.com/dp/B0FY235Z3J,56.3,Watch or collect more data,6.52,0.1919,7675.81,87.3,54.3,22.1,27.0,73.0,supplier quote required; estimated profit is not a rejection gate,,,,,,,,,,,,,,
category:Storage Boxes,B0FVLJ6845,B0G58RQJM3,"Himake Photo Storage Box 8x10, Decorative Photo Storage Containers With Lid | Acid Free Photo Storage Boxes, Linen Photo Organizers and Storage, Beige Scrapbook Picture Box, Fits 800 Photos","['Home & Kitchen', 'home-garden']",US,22.49,6.3,1.8,7.16,0.15,677.0,66.0,4.2,0.55,10000.0,1.0,20.0,50.0,25.0,20.0,45.0,75.0,35.0,65.0,B,"observed:price,sales,reviews,rating,fba_fee; estimated:search_volume,cpc",estimated_default_costs,Imported from Sorftime; ASIN B0FVLJ6845; parent B0G58RQJM3; brand Himake,https://www.amazon.com/dp/B0FVLJ6845,54.5,Watch or collect more data,3.86,0.1715,2610.85,87.3,58.3,4.6,27.0,73.0,supplier quote required; estimated profit is not a rejection gate,,,,,,,,,,,,,,
category:Shelf Baskets,B0G2XY5J77,B0G2XZFZL3,"Foldable Fabric Storage Basket for Shelves, Linen Decorative Storage Bin with Wooden Handles, Small Organizer Cube for Closet, Rectangle Canvas Box for Organizing, Decor, 15x10.6x6 Inches (Blcak)","['Home & Kitchen', 'home-garden']",US,13.99,3.92,1.12,5.36,0.15,2130.0,83.0,4.6,0.55,10000.0,1.0,20.0,50.0,25.0,20.0,20.0,75.0,35.0,65.0,B,"observed:price,sales,reviews,rating,fba_fee; estimated:search_volume,cpc",estimated_default_costs,Imported from Sorftime; ASIN B0G2XY5J77; parent B0G2XZFZL3; brand Tihaolity,https://www.amazon.com/dp/B0G2XY5J77,53.9,Watch or collect more data,1.49,0.1066,3176.89,87.3,54.3,6.2,22.0,78.0,supplier quote required; estimated profit is not a rejection gate,,,,,,,,,,,,,,
category:Storage Boxes,B0FZRLDZC2,B0FSDG1HNL,"Aokeyee Photo Storage Box Holds 3400+ 4x6 Pictures | Photo Organizer Box, 8 Dividers, 24 Paperboard, with Blank Label","['Home & Kitchen', 'home-garden']",US,24.99,7.0,2.0,7.99,0.15,621.0,96.0,4.6,0.55,10000.0,1.0,20.0,50.0,25.0,20.0,45.0,75.0,35.0,65.0,B,"observed:price,sales,reviews,rating,fba_fee; estimated:search_volume,cpc",estimated_default_costs,Imported from Sorftime; ASIN B0FZRLDZC2; parent B0FSDG1HNL; brand Aokeyee,https://www.amazon.com/dp/B0FZRLDZC2,53.0,Watch or collect more data,4.25,0.1701,2640.18,87.3,54.3,4.7,27.0,73.0,supplier quote required; estimated profit is not a rejection gate,,,,,,,,,,,,,,
category:Shelf Baskets,B0GTWHX4GC,B0GTWFLKJL,CubesLand Small Wicker Toilet Basket Tray Organizer W/Cut Out Handle,"['Home & Kitchen', 'home-garden']",US,16.99,4.76,1.36,7.21,0.15,919.0,78.0,4.6,0.55,10000.0,1.0,20.0,50.0,25.0,20.0,20.0,75.0,35.0,65.0,B,"observed:price,sales,reviews,rating,fba_fee; estimated:search_volume,cpc",estimated_default_costs,Imported from Sorftime; ASIN B0GTWHX4GC; parent B0GTWFLKJL; brand CubesLand,https://www.amazon.com/dp/B0GTWHX4GC,52.7,Watch or collect more data,1.11,0.0654,1021.47,87.3,54.3,0.1,22.0,78.0,supplier quote required; estimated profit is not a rejection gate,,,,,,,,,,,,,,
category:Lidded Storage Bins,B0DVRGDQ4W,B0DVRGQCLD,Decorative Storage Boxes with Lids - Set of 2 Fluted Photo Organizer Bins,"['Home & Kitchen', 'home-garden']",US,29.99,8.4,2.4,7.22,0.15,1390.0,270.0,4.4,0.55,10000.0,1.0,20.0,50.0,25.0,20.0,20.0,75.0,35.0,65.0,B,"observed:price,sales,reviews,rating,fba_fee; estimated:search_volume,cpc",estimated_default_costs,Imported from Sorftime; ASIN B0DVRGDQ4W; parent B0DVRGQCLD; brand ZICOTO,https://www.amazon.com/dp/B0DVRGDQ4W,52.3,Watch or collect more data,7.47,0.2491,10385.38,87.3,40.8,24.9,22.0,78.0,supplier quote required; estimated profit is not a rejection gate,,,,,,,,,,,,,,
category:Vertical Plate Holders,B0F32HV3WZ,B0FMN7NQDK,"Plate Hangers for The Wall, Suitable for 8-10 Inch Wall Plate Hangers for Display 12 Pack Stainless Steel Invisible with Invisible Nails Plate Hangers for Displaying Plates Decorative(Gold)","['Kitchen & Dining', 'kitchen']",US,13.59,3.81,1.09,4.45,0.15,623.0,101.0,4.3,0.55,10000.0,1.0,20.0,50.0,25.0,20.0,20.0,75.0,35.0,65.0,B,"observed:price,sales,reviews,rating,fba_fee; estimated:search_volume,cpc",estimated_default_costs,Imported from Sorftime; ASIN B0F32HV3WZ; parent B0FMN7NQDK; brand TNsughang,https://www.amazon.com/dp/B0F32HV3WZ,45.0,Reject,2.2,0.162,1371.53,87.3,50.8,1.1,22.0,78.0,supplier quote required; estimated profit is not a rejection gate,,,,,,,,,,,,,,
category:Vertical Plate Holders,B0DL5R2YBH,B0F8ZYMJKF,2Pcs Paper Plate Dispenser for 6-9.5 In Disposable Plates,"['Kitchen & Dining', 'kitchen']",US,18.99,5.32,1.52,6.37,0.15,601.0,148.0,4.5,0.55,10000.0,1.0,20.0,50.0,25.0,20.0,20.0,75.0,35.0,65.0,B,"observed:price,sales,reviews,rating,fba_fee; estimated:search_volume,cpc",estimated_default_costs,Imported from Sorftime; ASIN B0DL5R2YBH; parent B0F8ZYMJKF; brand TOWARDFUN,https://www.amazon.com/dp/B0DL5R2YBH,45.0,Reject,2.93,0.1544,1761.83,87.3,46.8,2.2,22.0,78.0,supplier quote required; estimated profit is not a rejection gate,,,,,,,,,,,,,,
category:Vertical Plate Holders,B0DQXLP2SV,B0F9PH466C,"MAPVOLUT 14 Pcs Invisible Plate Hangers for The Wall - 4/6/8/10 Inch Stainless Steel Decorative Plate Holers for Display, Artwork & Home Decor (Includes 14 Wall Hooks & 56 Tip Protectors & Guide)","['Kitchen & Dining', 'kitchen']",US,13.59,3.81,1.09,4.17,0.15,293.0,94.0,4.6,0.55,10000.0,1.0,20.0,50.0,25.0,20.0,20.0,75.0,35.0,65.0,B,"observed:price,sales,reviews,rating,fba_fee; estimated:search_volume,cpc",estimated_default_costs,Imported from Sorftime; ASIN B0DQXLP2SV; parent B0F9PH466C; brand MAPVOLUT,https://www.amazon.com/dp/B0DQXLP2SV,45.0,Reject,2.48,0.1826,727.08,52.8,54.3,0.0,22.0,78.0,supplier quote required; estimated profit is not a rejection gate,,,,,,,,,,,,,,
category:Vertical Plate Holders,B0G19GYRSS,B0GWD38S4B,Tnkcter 40 Pack Premium Invisible Plate Hangers for Walls (Round & Square),"['Kitchen & Dining', 'kitchen']",US,13.99,3.92,1.12,4.87,0.15,205.0,35.0,4.0,0.55,10000.0,1.0,20.0,50.0,25.0,20.0,20.0,75.0,35.0,65.0,B,"observed:price,sales,reviews,rating,fba_fee; estimated:search_volume,cpc",estimated_default_costs,Imported from Sorftime; ASIN B0G19GYRSS; parent B0GWD38S4B; brand Tnkcter,https://www.amazon.com/dp/B0G19GYRSS,45.0,Reject,1.98,0.1416,406.21,38.1,65.3,0.0,22.0,78.0,supplier quote required; estimated profit is not a rejection gate,,,,,,,,,,,,,,
category:Lidded Storage Bins,B0GL1TBL8M,B0H5C7K6NW,"Storage Bins with Lids,7Qt Clear Stackable Storage Containers With Lids Buckle Latches.Perfect for LEGO, Crafts, Office Supplies, and Dorm Room Organization,6-Pack (Clear)","['Home & Kitchen', 'home-garden']",US,23.49,6.58,1.88,9.55,0.15,1609.0,244.0,4.4,0.55,10000.0,1.0,20.0,50.0,25.0,20.0,45.0,75.0,35.0,65.0,B,"observed:price,sales,reviews,rating,fba_fee; estimated:search_volume,cpc",estimated_default_costs,Imported from Sorftime; ASIN B0GL1TBL8M; parent B0H5C7K6NW; brand AREYZIN,https://www.amazon.com/dp/B0GL1TBL8M,45.0,Reject,1.96,0.0833,3148.01,87.3,40.8,6.1,27.0,73.0,supplier quote required; estimated profit is not a rejection gate,,,,,,,,,,,,,,
category:Lidded Storage Bins,B0B5MWG2XD,B0GXK1K4XT,"GAMENOTE 6 Quart Stackable Plastic Storage Bins with Lids, 6 Pack, Colorful","['Home & Kitchen', 'home-garden']",US,32.99,9.24,2.64,9.84,0.15,1342.0,392.0,4.6,0.55,10000.0,1.0,20.0,50.0,25.0,20.0,45.0,75.0,35.0,65.0,B,"observed:price,sales,reviews,rating,fba_fee; estimated:search_volume,cpc",estimated_default_costs,Imported from Sorftime; ASIN B0B5MWG2XD; parent B0GXK1K4XT; brand GAMENOTE,https://www.amazon.com/dp/B0B5MWG2XD,45.0,Reject,6.32,0.1916,8483.45,87.3,36.8,22.6,27.0,73.0,supplier quote required; estimated profit is not a rejection gate,,,,,,,,,,,,,,
category:Lidded Storage Bins,B09RH31X6L,B0GQR3LWGT,"Clear Storage Latch Box/Bin, 2-Pack Plastic Organizing Container with Handle and Lids (7 QT/16QT)","['Home & Kitchen', 'home-garden']",US,23.99,6.72,1.92,9.27,0.15,1089.0,397.0,4.5,0.55,10000.0,1.0,20.0,50.0,25.0,20.0,20.0,75.0,35.0,65.0,B,"observed:price,sales,reviews,rating,fba_fee; estimated:search_volume,cpc",estimated_default_costs,Imported from Sorftime; ASIN B09RH31X6L; parent B0GQR3LWGT; brand JUJIAJIA,https://www.amazon.com/dp/B09RH31X6L,45.0,Reject,2.48,0.1034,2702.35,87.3,36.8,4.9,22.0,78.0,supplier quote required; estimated profit is not a rejection gate,,,,,,,,,,,,,,
category:Lidded Storage Bins,B0C58RGN9D,B0D45XV1RL,"ZICOTO Decorative Photo Storage Boxes with Lids - Set of 2 Linen Organizers | Beautiful Boxes Safely Store Your Pictures, Documents, Scrapbooking Supplies, Keepsakes and Other Memories in Style","['Home & Kitchen', 'home-garden']",US,23.51,6.58,1.88,6.75,0.15,1018.0,397.0,4.6,0.55,10000.0,1.0,20.0,50.0,25.0,20.0,45.0,75.0,35.0,65.0,B,"observed:price,sales,reviews,rating,fba_fee; estimated:search_volume,cpc",estimated_default_costs,Imported from Sorftime; ASIN B0C58RGN9D; parent B0D45XV1RL; brand ZICOTO,https://www.amazon.com/dp/B0C58RGN9D,45.0,Reject,4.77,0.203,4859.42,87.3,36.8,11.0,27.0,73.0,supplier quote required; estimated profit is not a rejection gate,,,,,,,,,,,,,,
category:Lidded Storage Bins,B0FS1V9M3V,B0FS1S8L7Z,Decorative Linen Storage Boxes with Lids - Spacious Set of 2 Organizer Bins,"['Home & Kitchen', 'home-garden']",US,14.21,3.98,1.14,5.35,0.15,970.0,195.0,4.6,0.55,10000.0,1.0,20.0,50.0,25.0,20.0,20.0,75.0,35.0,65.0,B,"observed:price,sales,reviews,rating,fba_fee; estimated:search_volume,cpc",estimated_default_costs,Imported from Sorftime; ASIN B0FS1V9M3V; parent B0FS1S8L7Z; brand ZICOTO,https://www.amazon.com/dp/B0FS1V9M3V,45.0,Reject,1.61,0.1132,1560.25,87.3,46.8,1.6,22.0,78.0,supplier quote required; estimated profit is not a rejection gate,,,,,,,,,,,,,,
category:Lidded Storage Bins,B085WD2D8X,B0H1SFNRJS,"BLACK & YELLOW 5-Gallon Stackable Plastic Storage Bins with Lids, 6 Pack | Small heavy-duty storage totes for garage, closet, classroom & home organization, 8.6H x 12.3W x 16.4D, Black & Yellow","['Home & Kitchen', 'home-garden']",US,50.38,14.11,4.03,9.07,0.15,964.0,1903.0,4.5,0.55,10000.0,1.0,20.0,50.0,25.0,20.0,20.0,65.0,20.0,53.8,C,"observed:price,sales,reviews,rating; estimated:fba_fee,search_volume,cpc",estimated_default_costs,Imported from Sorftime; ASIN B085WD2D8X; parent B0H1SFNRJS; brand BLACK & YELLOW,https://www.amazon.com/dp/B085WD2D8X,45.0,Reject,15.61,0.3099,15050.93,87.3,14.3,49.2,22.0,78.0,supplier quote required; estimated profit is not a rejection gate; review count above 600; evidence confidence below supplier-validation threshold,,,,,,,,,,,,,,
category:Open Storage Bins,B0GQSM6463,B0H3THVDN2,"SONGMICS Storage Cubes, Set of 6 Foldable Organizer Boxes with Handles | Fabric Boxes, 10.2 x 10.2 x 11 Inches, Odorless, for Closet Shelves, Cloud White and Summer Sand, TINA Collection URFB426LF02","['Home & Kitchen', 'home-garden']",US,21.94,6.14,1.76,8.03,0.15,1591.0,129.0,4.5,0.55,10000.0,1.0,20.0,50.0,25.0,20.0,45.0,75.0,35.0,65.0,B,"observed:price,sales,reviews,rating,fba_fee; estimated:search_volume,cpc",estimated_default_costs,Imported from Sorftime; ASIN B0GQSM6463; parent B0H3THVDN2; brand SONGMICS,https://www.amazon.com/dp/B0GQSM6463,45.0,Reject,2.72,0.1239,4325.93,87.3,46.8,9.5,27.0,73.0,supplier quote required; estimated profit is not a rejection gate,,,,,,,,,,,,,,
category:Open Storage Bins,B0GQH3939G,B0F1MH4LBB,"StorageWorks Black Storage Bins, Leather Storage Baskets, 4-Pack","['Home & Kitchen', 'home-garden']",US,21.99,6.16,1.76,7.82,0.15,1230.0,369.0,4.6,0.55,10000.0,1.0,20.0,50.0,25.0,20.0,45.0,75.0,35.0,65.0,B,"observed:price,sales,reviews,rating,fba_fee; estimated:search_volume,cpc",estimated_default_costs,Imported from Sorftime; ASIN B0GQH3939G; parent B0F1MH4LBB; brand StorageWorks,https://www.amazon.com/dp/B0GQH3939G,45.0,Reject,2.95,0.1342,3630.34,87.3,36.8,7.5,27.0,73.0,supplier quote required; estimated profit is not a rejection gate,,,,,,,,,,,,,,
category:Shelf Baskets,B0GTQNCZC3,B0DHCMQML2,"Bagnizer 2 Pack Tall Plastic Storage Bins with Bamboo Lids, 10.8qt Stackable Storages Baskets for Organizing Desktop Closet Playroom Classroom Office, 12'L x 8.3'W x 6.1'H, Gray","['Home & Kitchen', 'home-garden']",US,31.34,8.78,2.51,8.88,0.15,4716.0,647.0,4.5,0.55,10000.0,1.0,20.0,50.0,25.0,20.0,45.0,75.0,35.0,65.0,B,"observed:price,sales,reviews,rating,fba_fee; estimated:search_volume,cpc",estimated_default_costs,Imported from Sorftime; ASIN B0GTQNCZC3; parent B0DHCMQML2; brand Bagnizer,https://www.amazon.com/dp/B0GTQNCZC3,45.0,Reject,6.47,0.2064,30507.8,87.3,24.3,22.9,27.0,73.0,supplier quote required; estimated profit is not a rejection gate; review count above 600,,,,,,,,,,,,,,
category:Shelf Baskets,B0GTLCP7LN,B0DQTBQ5C9,"Nonam Wicker Storage Basket with Lid,Seagrass Shelf Basket Set of 2,Coffee","['Home & Kitchen', 'home-garden']",US,25.99,7.28,2.08,8.03,0.15,2139.0,377.0,4.3,0.55,10000.0,1.0,20.0,50.0,25.0,20.0,20.0,75.0,35.0,65.0,B,"observed:price,sales,reviews,rating,fba_fee; estimated:search_volume,cpc",estimated_default_costs,Imported from Sorftime; ASIN B0GTLCP7LN; parent B0DQTBQ5C9; brand Nonam,https://www.amazon.com/dp/B0GTLCP7LN,45.0,Reject,4.7,0.1809,10056.51,87.3,40.8,20.0,22.0,78.0,supplier quote required; estimated profit is not a rejection gate,,,,,,,,,,,,,,
category:Shelf Baskets,B0DRJCWHR9,B0DRJD87ZS,"XUANGUO Small Woven Storage Baskets for Shelves, 12” x 8” x 5”, Pink","['Home & Kitchen', 'home-garden']",US,20.87,5.84,1.67,8.5,0.15,2085.0,342.0,4.6,0.55,10000.0,1.0,20.0,50.0,25.0,20.0,45.0,75.0,35.0,65.0,B,"observed:price,sales,reviews,rating,fba_fee; estimated:search_volume,cpc",estimated_default_costs,Imported from Sorftime; ASIN B0DRJCWHR9; parent B0DRJD87ZS; brand XUANGUO,https://www.amazon.com/dp/B0DRJCWHR9,45.0,Reject,1.73,0.0829,3606.01,87.3,36.8,7.4,27.0,73.0,supplier quote required; estimated profit is not a rejection gate,,,,,,,,,,,,,,
category:Shelf Baskets,B0FRM82YBD,B0FRGHMVTZ,Beautiful Storage Basket Set of 3 - Sturdy Jute Rope Baskets for Shelves,"['Home & Kitchen', 'home-garden']",US,17.99,5.04,1.44,7.73,0.15,1226.0,186.0,4.4,0.55,10000.0,1.0,20.0,50.0,25.0,20.0,20.0,75.0,35.0,65.0,B,"observed:price,sales,reviews,rating,fba_fee; estimated:search_volume,cpc",estimated_default_costs,Imported from Sorftime; ASIN B0FRM82YBD; parent B0FRGHMVTZ; brand ZICOTO,https://www.amazon.com/dp/B0FRM82YBD,45.0,Reject,1.08,0.0601,1325.92,87.3,50.8,0.9,22.0,78.0,supplier quote required; estimated profit is not a rejection gate,,,,,,,,,,,,,,
category:Shelf Baskets,B0FD9TXKYH,B0FND5PK38,OIAHOMY Woven Storage Basket for Shelves Rope Baskets for Organizing Brown,"['Home & Kitchen', 'home-garden']",US,14.39,4.03,1.15,5.77,0.15,1024.0,235.0,4.5,0.55,10000.0,1.0,20.0,50.0,25.0,20.0,20.0,75.0,35.0,65.0,B,"observed:price,sales,reviews,rating,fba_fee; estimated:search_volume,cpc",estimated_default_costs,Imported from Sorftime; ASIN B0FD9TXKYH; parent B0FND5PK38; brand OIAHOMY,https://www.amazon.com/dp/B0FD9TXKYH,45.0,Reject,1.28,0.0891,1312.26,87.3,36.8,0.9,22.0,78.0,supplier quote required; estimated profit is not a rejection gate,,,,,,,,,,,,,,
category:Shelf Baskets,B0DR8HJFWB,B0F8B2N5R5,"UBBCARE 2 Pack Wicker Basket, 10.5×10.5 Storage Cubes with Label, Foldable Cube Storage Bin with Handle, Square Storage Basket for Shelves, Woven Paper Rope Basket for Organizing, Black","['Home & Kitchen', 'home-garden']",US,21.99,6.16,1.76,7.92,0.15,967.0,208.0,4.4,0.55,10000.0,1.0,20.0,50.0,25.0,20.0,45.0,75.0,35.0,65.0,B,"observed:price,sales,reviews,rating,fba_fee; estimated:search_volume,cpc",estimated_default_costs,Imported from Sorftime; ASIN B0DR8HJFWB; parent B0F8B2N5R5; brand UBBCARE,https://www.amazon.com/dp/B0DR8HJFWB,45.0,Reject,2.85,0.1297,2757.4,87.3,40.8,5.0,27.0,73.0,supplier quote required; estimated profit is not a rejection gate,,,,,,,,,,,,,,
category:Shelf Baskets,B0FWHPDCLX,B0FWHPGQS9,"Small Wicker Basket for Organizing, Woven Storage Basket Sets of 3","['Home & Kitchen', 'home-garden']",US,19.99,5.6,1.6,7.73,0.15,920.0,115.0,4.5,0.55,10000.0,1.0,20.0,50.0,25.0,20.0,20.0,75.0,35.0,65.0,B,"observed:price,sales,reviews,rating,fba_fee; estimated:search_volume,cpc",estimated_default_costs,Imported from Sorftime; ASIN B0FWHPDCLX; parent B0FWHPGQS9; brand SEVDIZON,https://www.amazon.com/dp/B0FWHPDCLX,45.0,Reject,2.06,0.1031,1896.58,87.3,46.8,2.6,22.0,78.0,supplier quote required; estimated profit is not a rejection gate,,,,,,,,,,,,,,
category:Shelf Baskets,B0FHKMP6NX,B0FHJRHMQL,"Woodland Animal Storage Basket Waterproof Canvas Toy Storage Bin Home Forest Decor Collapsible Outdoor Basket with Leather Handles Woodland Decor Blanket Baskets For Closets,Bedrooms,Gifts Baskets","['Home & Kitchen', 'home-garden']",US,15.99,4.48,1.28,7.2,0.15,728.0,216.0,4.6,0.55,10000.0,1.0,20.0,50.0,25.0,20.0,20.0,75.0,35.0,65.0,B,"observed:price,sales,reviews,rating,fba_fee; estimated:search_volume,cpc",estimated_default_costs,Imported from Sorftime; ASIN B0FHKMP6NX; parent B0FHJRHMQL; brand AmazerPad,https://www.amazon.com/dp/B0FHKMP6NX,45.0,Reject,0.63,0.0395,459.73,87.3,36.8,0.0,22.0,78.0,supplier quote required; estimated profit is not a rejection gate,,,,,,,,,,,,,,
category:Storage Boxes,B0F8GRZJGR,B0FV2D5V6G,"EOENVIVS Plastic Storage Bins with Lids 6 Pack Storage Organizer, 7 Quart Stackable Storage Boxes with Buckle Lids and Handle easy for Home Office Pantry Organization, Clear","['Home & Kitchen', 'home-garden']",US,22.75,6.37,1.82,9.46,0.15,1684.0,319.0,4.4,0.55,10000.0,1.0,20.0,50.0,25.0,20.0,45.0,75.0,35.0,65.0,B,"observed:price,sales,reviews,rating,fba_fee; estimated:search_volume,cpc",estimated_default_costs,Imported from Sorftime; ASIN B0F8GRZJGR; parent B0FV2D5V6G; brand EOENVIVS,https://www.amazon.com/dp/B0F8GRZJGR,45.0,Reject,1.69,0.0742,2841.75,87.3,40.8,5.3,27.0,73.0,supplier quote required; estimated profit is not a rejection gate,,,,,,,,,,,,,,
category:Storage Boxes,B0GDDTFF6R,B0CPHTNQ87,"Clothes Storage Bins with Metal Frame, Foldable Clothes Organizers Storage Containers for Clothes, Sheets, Blankets, Pillows and Towels (24L, 3 Pack, Deep Grey)","['Home & Kitchen', 'home-garden']",US,19.99,5.6,1.6,7.84,0.15,1606.0,341.0,4.4,0.55,10000.0,1.0,20.0,50.0,25.0,20.0,45.0,75.0,35.0,65.0,B,"observed:price,sales,reviews,rating,fba_fee; estimated:search_volume,cpc",estimated_default_costs,Imported from Sorftime; ASIN B0GDDTFF6R; parent B0CPHTNQ87; brand LeArex,https://www.amazon.com/dp/B0GDDTFF6R,45.0,Reject,1.95,0.0976,3134.11,87.3,40.8,6.1,27.0,73.0,supplier quote required; estimated profit is not a rejection gate,,,,,,,,,,,,,,
category:Storage Boxes,B0DP2QFPF2,B0FXN8T3HL,Decorative Photo Storage Box - Sturdy Linen Organizer Holds 1700 Photos | Organizer with Dividers Stores Up to 1700 4x6 Pictures - Portable Scrapbook Storage Containers with Lid,"['Home & Kitchen', 'home-garden']",US,24.99,7.0,2.0,6.73,0.15,1295.0,388.0,4.5,0.55,10000.0,1.0,20.0,50.0,25.0,20.0,45.0,75.0,35.0,65.0,B,"observed:price,sales,reviews,rating,fba_fee; estimated:search_volume,cpc",estimated_default_costs,Imported from Sorftime; ASIN B0DP2QFPF2; parent B0FXN8T3HL; brand ZICOTO,https://www.amazon.com/dp/B0DP2QFPF2,45.0,Reject,5.51,0.2205,7137.39,87.3,36.8,18.6,27.0,73.0,supplier quote required; estimated profit is not a rejection gate,,,,,,,,,,,,,,
category:Storage Boxes,B0FHB6P33X,B0FPVWFM5Y,"Decorative Photo Storage Box, Linen Photo Box Holds 1700 4x6 Pictures Beige","['Home & Kitchen', 'home-garden']",US,23.99,6.72,1.92,6.73,0.15,1001.0,220.0,4.6,0.55,10000.0,1.0,20.0,50.0,25.0,20.0,45.0,75.0,35.0,65.0,B,"observed:price,sales,reviews,rating,fba_fee; estimated:search_volume,cpc",estimated_default_costs,Imported from Sorftime; ASIN B0FHB6P33X; parent B0FPVWFM5Y; brand Jolensoy,https://www.amazon.com/dp/B0FHB6P33X,45.0,Reject,5.02,0.2093,5026.52,87.3,36.8,11.5,27.0,73.0,supplier quote required; estimated profit is not a rejection gate,,,,,,,,,,,,,,
category:Storage Boxes,B0DWTT4QQT,B0GS38Q9C1,"IRIS USA Flip Top Storage Containers |Made in USA| Small (10-Pack) - Clear | Vertical Bins with Removable Lids for Organizing Office, Craft, Pantry, Art, Ephemera & Study Supplies","['Home & Kitchen', 'home-garden']",US,16.99,4.76,1.36,9.37,0.15,708.0,228.0,4.3,0.55,10000.0,1.0,20.0,50.0,25.0,20.0,45.0,75.0,35.0,65.0,B,"observed:price,sales,reviews,rating,fba_fee; estimated:search_volume,cpc",estimated_default_costs,Imported from Sorftime; ASIN B0DWTT4QQT; parent B0GS38Q9C1; brand IRIS USA,https://www.amazon.com/dp/B0DWTT4QQT,45.0,Reject,-1.05,-0.0617,-742.34,87.3,40.8,0.0,27.0,73.0,supplier quote required; estimated profit is not a rejection gate,,,,,,,,,,,,,,
category:Storage Boxes,B001B32LHA,B001B32LHA,"Sterilite Storage Crate, Stackable Plastic Bin Open Basket with Handles, Organize Home, Garage, Office, School, White, 1-Pack","['Home & Kitchen', 'home-garden']",US,18.72,5.24,1.5,3.5,0.15,563.0,211.0,4.5,0.55,10000.0,1.0,20.0,50.0,25.0,20.0,20.0,65.0,20.0,53.8,C,"observed:price,sales,reviews,rating; estimated:fba_fee,search_volume,cpc",estimated_default_costs,Imported from Sorftime; ASIN B001B32LHA; parent B001B32LHA; brand Sterilite,https://www.amazon.com/dp/B001B32LHA,45.0,Reject,5.67,0.303,3193.34,87.3,36.8,14.7,22.0,78.0,supplier quote required; estimated profit is not a rejection gate; evidence confidence below supplier-validation threshold,,,,,,,,,,,,,,
category:Storage Boxes,B0DTJKHRQM,B0DTJKHRQM,ZYN Metal Can | Metal Zyn Container | Pouch Holder | Small Storage Tin | Smell Proof Container,"['Home & Kitchen', 'home-garden']",US,14.97,4.19,1.2,3.92,0.15,521.0,245.0,4.6,0.55,10000.0,1.0,20.0,50.0,25.0,20.0,20.0,75.0,35.0,65.0,B,"observed:price,sales,reviews,rating,fba_fee; estimated:search_volume,cpc",estimated_default_costs,Imported from Sorftime; ASIN B0DTJKHRQM; parent B0DTJKHRQM; brand TYNZZ,https://www.amazon.com/dp/B0DTJKHRQM,45.0,Reject,3.41,0.2281,1778.95,87.3,36.8,2.2,22.0,78.0,supplier quote required; estimated profit is not a rejection gate,,,,,,,,,,,,,,
category:Bathroom Shelves,B0FGTSGJFD,B0FBWKLMS5,"2-Tier Corner Bathroom Counter Organizer, Larger Size","['Home & Kitchen', 'home-garden']",US,22.99,6.44,1.84,6.78,0.15,947.0,143.0,4.5,0.55,10000.0,1.0,20.0,50.0,25.0,20.0,45.0,75.0,35.0,65.0,B,"observed:price,sales,reviews,rating,fba_fee; estimated:search_volume,cpc",estimated_default_costs,Imported from Sorftime; ASIN B0FGTSGJFD; parent B0FBWKLMS5; brand Aollewoiti,https://www.amazon.com/dp/B0FGTSGJFD,45.0,Reject,4.48,0.1949,4243.98,87.3,46.8,9.3,27.0,73.0,supplier quote required; estimated profit is not a rejection gate,,,,,,,,,,,,,,
category:Bathroom Shelves,B0FWHWP66X,B0G8H7DG93,Floating Bathroom Shelves Wall Mounted - Wooden Shelf Set of 3 for Over Toilet Storage & Modern Bathroom Decor - Perfect Wall Shelving Organizer for Apartments RVs Powder Rooms Restroom - Black,"['Tools & Home Improvement', 'hi']",US,18.99,5.32,1.52,7.77,0.15,716.0,250.0,4.6,0.55,10000.0,1.0,20.0,50.0,25.0,20.0,45.0,75.0,35.0,65.0,B,"observed:price,sales,reviews,rating,fba_fee; estimated:search_volume,cpc",estimated_default_costs,Imported from Sorftime; ASIN B0FWHWP66X; parent B0G8H7DG93; brand Gailia,https://www.amazon.com/dp/B0FWHWP66X,45.0,Reject,1.53,0.0806,1096.55,87.3,36.8,0.3,27.0,73.0,supplier quote required; estimated profit is not a rejection gate,,,,,,,,,,,,,,
category:Bathroom Shelves,B0GCKCF3M4,B0GCJT42JD,"Outlet Shelf with Cord Storage, White Wall Holder for Bathroom, 1 Pack","['Tools & Home Improvement', 'hi']",US,13.59,3.81,1.09,4.46,0.15,395.0,63.0,4.6,0.55,10000.0,1.0,20.0,50.0,25.0,20.0,20.0,75.0,35.0,65.0,B,"observed:price,sales,reviews,rating,fba_fee; estimated:search_volume,cpc",estimated_default_costs,Imported from Sorftime; ASIN B0GCKCF3M4; parent B0GCJT42JD; brand Gaidas,https://www.amazon.com/dp/B0GCKCF3M4,45.0,Reject,2.19,0.1613,865.64,69.8,54.3,0.0,22.0,78.0,supplier quote required; estimated profit is not a rejection gate,,,,,,,,,,,,,,
category:Bathroom Shelves,B0H4YM29XQ,B0H6J54PH6,Gold Acrylic Bathroom Shelf Wall Mounted Floating Organizer with Front Lip,"['Tools & Home Improvement', 'hi']",US,17.99,5.04,1.44,6.37,0.15,222.0,24.0,4.4,0.55,10000.0,1.0,20.0,50.0,25.0,20.0,20.0,75.0,35.0,65.0,B,"observed:price,sales,reviews,rating,fba_fee; estimated:search_volume,cpc",estimated_default_costs,Imported from Sorftime; ASIN B0H4YM29XQ; parent B0H6J54PH6; brand Care&More YJ,https://www.amazon.com/dp/B0H4YM29XQ,45.0,Reject,2.44,0.1357,542.01,41.0,63.3,0.0,22.0,78.0,supplier quote required; estimated profit is not a rejection gate,,,,,,,,,,,,,,
category:Bathroom Trays,B0DLB4T35M,B0DW9DB923,"2-Tier Bathroom Counter Organizer, Wooden Vanity Shelf with Drawer & Basket","['Home & Kitchen', 'home-garden']",US,28.48,7.97,2.28,8.79,0.15,2577.0,743.0,4.3,0.55,10000.0,1.0,20.0,50.0,25.0,20.0,45.0,75.0,35.0,65.0,B,"observed:price,sales,reviews,rating,fba_fee; estimated:search_volume,cpc",estimated_default_costs,Imported from Sorftime; ASIN B0DLB4T35M; parent B0DW9DB923; brand Aollewoiti,https://www.amazon.com/dp/B0DLB4T35M,45.0,Reject,5.17,0.1815,13317.94,87.3,28.3,20.3,27.0,73.0,supplier quote required; estimated profit is not a rejection gate; review count above 600,,,,,,,,,,,,,,
category:Bathroom Trays,B0FFB1TJT3,B0FF9ZQ9X2,"Orimade Shower Caddy 3-Pack, No-Drill Adhesive Shelves with 4 Hooks for Bathroom, Rustproof ABS Plastic Storage Organizer Set, Black","['Home & Kitchen', 'home-garden']",US,20.89,5.85,1.67,6.14,0.15,1306.0,252.0,4.5,0.55,10000.0,1.0,20.0,50.0,25.0,20.0,20.0,75.0,35.0,65.0,B,"observed:price,sales,reviews,rating,fba_fee; estimated:search_volume,cpc",estimated_default_costs,Imported from Sorftime; ASIN B0FFB1TJT3; parent B0FF9ZQ9X2; brand Orimade,https://www.amazon.com/dp/B0FFB1TJT3,45.0,Reject,4.1,0.1961,5350.03,87.3,36.8,12.4,22.0,78.0,supplier quote required; estimated profit is not a rejection gate,,,,,,,,,,,,,,
category:Bathroom Trays,B0D9N76JCB,B0D9N66V98,"Sumnacon Small Wicker Basket with Lid,Tampon Holder for Bathroom,Coffee,XS","['Home & Kitchen', 'home-garden']",US,15.99,4.48,1.28,5.77,0.15,1199.0,272.0,4.4,0.55,10000.0,1.0,20.0,50.0,25.0,20.0,20.0,75.0,35.0,65.0,B,"observed:price,sales,reviews,rating,fba_fee; estimated:search_volume,cpc",estimated_default_costs,Imported from Sorftime; ASIN B0D9N76JCB; parent B0D9N66V98; brand Sumnacon,https://www.amazon.com/dp/B0D9N76JCB,45.0,Reject,2.06,0.1289,2471.74,87.3,40.8,4.2,22.0,78.0,supplier quote required; estimated profit is not a rejection gate,,,,,,,,,,,,,,
category:Magazine & Newspaper Baskets,B0GRVJ93S7,B0GSG5J3DK,"Wicker Hanging Storage Basket (10,5“Lx6,5“Wx13“H), Set of 2 Wall Baskets, Water Hyacinth Baskets, Wall Decor Hyacinth Basket Hanging for Organizing Files, Mails, Books (Espresso Color)","['Home & Kitchen', 'home-garden']",US,32.99,9.24,2.64,10.31,0.15,326.0,103.0,4.6,0.55,10000.0,1.0,20.0,50.0,25.0,20.0,45.0,75.0,35.0,65.0,B,"observed:price,sales,reviews,rating,fba_fee; estimated:search_volume,cpc",estimated_default_costs,Imported from Sorftime; ASIN B0GRVJ93S7; parent B0GSG5J3DK; brand SIEUSALEVN,https://www.amazon.com/dp/B0GRVJ93S7,44.7,Reject,5.85,0.1774,1907.59,58.3,46.8,4.3,27.0,73.0,supplier quote required; estimated profit is not a rejection gate,,,,,,,,,,,,,,
category:Lidded Storage Bins,B0CPXYBPJS,B0HF4WKWSD,"Citylife 4 Packs Plastic Storage Bins with Latching Lids Clear Storage Box with handle Stackable Storage Containers for Organizing Toys, Crafts, Tools","['Home & Kitchen', 'home-garden']",US,23.49,6.58,1.88,9.08,0.15,4969.0,493.0,4.5,0.55,10000.0,1.0,20.0,50.0,25.0,20.0,45.0,75.0,35.0,65.0,B,"observed:price,sales,reviews,rating,fba_fee; estimated:search_volume,cpc",estimated_default_costs,Imported from Sorftime; ASIN B0CPXYBPJS; parent B0HF4WKWSD; brand Citylife,https://www.amazon.com/dp/B0CPXYBPJS,44.6,Reject,2.43,0.1033,12057.28,87.3,24.3,20.0,27.0,73.0,supplier quote required; estimated profit is not a rejection gate,,,,,,,,,,,,,,
category:Lidded Storage Bins,B0DHZNXSTR,B0DRVFDH55,"EOENVIVS Plastic Storage Bins with Lids 6 Packs, 7 Quart Storage Organizer Bins with Buckle-Up Latches and Handle, Stackable Storage Containers for Home Pantry Office Classroom Organization, Clear","['Home & Kitchen', 'home-garden']",US,25.99,7.28,2.08,9.37,0.15,2710.0,647.0,4.5,0.55,10000.0,1.0,20.0,50.0,25.0,20.0,45.0,75.0,35.0,65.0,B,"observed:price,sales,reviews,rating,fba_fee; estimated:search_volume,cpc",estimated_default_costs,Imported from Sorftime; ASIN B0DHZNXSTR; parent B0DRVFDH55; brand EOENVIVS,https://www.amazon.com/dp/B0DHZNXSTR,44.6,Reject,3.36,0.1293,9109.66,87.3,24.3,20.0,27.0,73.0,supplier quote required; estimated profit is not a rejection gate; review count above 600,,,,,,,,,,,,,,
category:Shelf Baskets,B0DY1CH7X6,B0DHQLC38J,"KALLAX Small Woven Storage Basket for Organizing, 12 x 8 x 4.5 inch, 3 Pack | Shelf baskets for closet organization, toy storage and home decor, Perfect as empty gift baskets for holidays, Brown","['Home & Kitchen', 'home-garden']",US,25.99,7.28,2.08,8.11,0.15,1628.0,425.0,4.5,0.55,10000.0,1.0,20.0,50.0,25.0,20.0,45.0,75.0,35.0,65.0,B,"observed:price,sales,reviews,rating,fba_fee; estimated:search_volume,cpc",estimated_default_costs,Imported from Sorftime; ASIN B0DY1CH7X6; parent B0DHQLC38J; brand KALLAX,https://www.amazon.com/dp/B0DY1CH7X6,44.4,Reject,4.62,0.1778,7523.8,87.3,24.3,18.6,27.0,73.0,supplier quote required; estimated profit is not a rejection gate,,,,,,,,,,,,,,
category:Storage Boxes,B0GYNMJ2ZZ,B0FN7SFRBS,"Geiserailie 20 Pack Metal Tin Boxes with Hinged Lids, Rectangular,Black","['Home & Kitchen', 'home-garden']",US,34.99,9.8,2.8,8.16,0.15,502.0,443.0,4.6,0.55,10000.0,1.0,20.0,50.0,25.0,20.0,45.0,75.0,35.0,65.0,B,"observed:price,sales,reviews,rating,fba_fee; estimated:search_volume,cpc",estimated_default_costs,Imported from Sorftime; ASIN B0GYNMJ2ZZ; parent B0FN7SFRBS; brand Geiserailie,https://www.amazon.com/dp/B0GYNMJ2ZZ,44.4,Reject,8.98,0.2567,4508.71,87.3,24.3,18.9,27.0,73.0,supplier quote required; estimated profit is not a rejection gate,,,,,,,,,,,,,,
category:Open Storage Bins,B0DZMCB9RJ,B0CZ3XD1DW,"Storage Baskets, 15.7 Inch Woven Fabric Bins, Storage Cubes with Reinforced Handles, Organizer Bins for Closet Shelves, Foldable, for Toys, Clothes (4PCS/Grey-15.7*11*7.8inch)","['Home & Kitchen', 'home-garden']",US,27.99,7.84,2.24,8.05,0.15,1163.0,418.0,4.5,0.55,10000.0,1.0,20.0,50.0,25.0,20.0,45.0,75.0,35.0,65.0,B,"observed:price,sales,reviews,rating,fba_fee; estimated:search_volume,cpc",estimated_default_costs,Imported from Sorftime; ASIN B0DZMCB9RJ; parent B0CZ3XD1DW; brand EITMOW,https://www.amazon.com/dp/B0DZMCB9RJ,44.1,Reject,5.66,0.2023,6584.32,87.3,24.3,17.3,27.0,73.0,supplier quote required; estimated profit is not a rejection gate,,,,,,,,,,,,,,
category:Bathroom Trays,B0C5DDRZ5W,B0CVZJRD3Q,"YIWANFW Bathroom Counter Organizer, 2-Tier Black Perfume Organizer Dresser","['Home & Kitchen', 'home-garden']",US,29.99,8.4,2.4,6.54,0.15,1937.0,1673.0,4.4,0.55,10000.0,1.0,20.0,50.0,25.0,20.0,45.0,75.0,35.0,65.0,B,"observed:price,sales,reviews,rating,fba_fee; estimated:search_volume,cpc",estimated_default_costs,Imported from Sorftime; ASIN B0C5DDRZ5W; parent B0CVZJRD3Q; brand YIWANFW,https://www.amazon.com/dp/B0C5DDRZ5W,44.1,Reject,8.15,0.2718,15789.46,87.3,18.3,29.2,27.0,73.0,supplier quote required; estimated profit is not a rejection gate; review count above 600,,,,,,,,,,,,,,
category:Open Storage Bins,B0C2HXSG6V,B09VY8JGG4,Fabric Cubby Storage Bins，13x13x13 Inches ，Cube Organizer Bins Foldable Storage Bins with Dual Handles Fabric Organizer Bins and Basket Storage Box，Set of 3 ，Navy Blue,"['Home & Kitchen', 'home-garden']",US,24.29,6.8,1.94,8.04,0.15,890.0,652.0,4.3,0.55,10000.0,1.0,20.0,50.0,25.0,20.0,45.0,75.0,35.0,65.0,B,"observed:price,sales,reviews,rating,fba_fee; estimated:search_volume,cpc",estimated_default_costs,Imported from Sorftime; ASIN B0C2HXSG6V; parent B09VY8JGG4; brand Yunkeeper,https://www.amazon.com/dp/B0C2HXSG6V,43.7,Reject,3.87,0.1592,3441.19,87.3,28.3,7.0,27.0,73.0,supplier quote required; estimated profit is not a rejection gate; review count above 600,,,,,,,,,,,,,,
category:Bathroom Shelves,B08R9PM34D,B0GZ3VHHHY,Outlet Shelf Wall Holder with Cord Storage for Standard Duplex Outlet,"['Tools & Home Improvement', 'hi']",US,14.99,4.2,1.2,4.46,0.15,759.0,428.0,4.4,0.55,10000.0,1.0,20.0,50.0,25.0,20.0,20.0,75.0,35.0,65.0,B,"observed:price,sales,reviews,rating,fba_fee; estimated:search_volume,cpc",estimated_default_costs,Imported from Sorftime; ASIN B08R9PM34D; parent B0GZ3VHHHY; brand BELIEFLUO,https://www.amazon.com/dp/B08R9PM34D,43.6,Reject,2.88,0.1922,2187.06,87.3,28.3,3.4,22.0,78.0,supplier quote required; estimated profit is not a rejection gate,,,,,,,,,,,,,,
category:Shelf Baskets,B0CR1D7SXZ,B0H8Y4Z7JK,"UBBCARE 2 Pack Wicker Basket, 13.4L×8.3H×7.1W inch Woven Paper Rope Storage Baskets for Shelves, Foldable Rectangular Storage Baskets with Handle, Storage Basket for Organizing, Black","['Home & Kitchen', 'home-garden']",US,19.99,5.6,1.6,8.02,0.15,1593.0,493.0,4.3,0.55,10000.0,1.0,20.0,50.0,25.0,20.0,45.0,75.0,35.0,65.0,B,"observed:price,sales,reviews,rating,fba_fee; estimated:search_volume,cpc",estimated_default_costs,Imported from Sorftime; ASIN B0CR1D7SXZ; parent B0H8Y4Z7JK; brand UBBCARE,https://www.amazon.com/dp/B0CR1D7SXZ,43.3,Reject,1.77,0.0886,2822.0,87.3,28.3,5.2,27.0,73.0,supplier quote required; estimated profit is not a rejection gate,,,,,,,,,,,,,,
category:Shelf Baskets,B0CRDM2G34,B0CVBJZH2M,"Simple Houseware Stackable Plastic Woven Basket Organizer, 6 Pack, Black | 14.5“ D x 8.5“ W x 3.5“ H","['Home & Kitchen', 'home-garden']",US,26.87,7.52,2.15,8.97,0.15,1088.0,565.0,4.5,0.55,10000.0,1.0,20.0,50.0,25.0,20.0,45.0,75.0,35.0,65.0,B,"observed:price,sales,reviews,rating,fba_fee; estimated:search_volume,cpc",estimated_default_costs,Imported from Sorftime; ASIN B0CRDM2G34; parent B0CVBJZH2M; brand Simple Houseware,https://www.amazon.com/dp/B0CRDM2G34,42.8,Reject,4.2,0.1563,4569.06,87.3,24.3,10.2,27.0,73.0,supplier quote required; estimated profit is not a rejection gate,,,,,,,,,,,,,,
category:Bathroom Trays,B0C1V36S4N,B0DRFSJTYV,"HNRLOY Bathroom Counter Organizer, Bathroom Counter Shelf, Makeup Organizer","['Home & Kitchen', 'home-garden']",US,27.53,7.71,2.2,7.21,0.15,2230.0,1094.0,4.4,0.55,10000.0,1.0,20.0,50.0,25.0,20.0,45.0,75.0,35.0,65.0,B,"observed:price,sales,reviews,rating,fba_fee; estimated:search_volume,cpc",estimated_default_costs,Imported from Sorftime; ASIN B0C1V36S4N; parent B0DRFSJTYV; brand HNRLOY,https://www.amazon.com/dp/B0C1V36S4N,42.8,Reject,6.28,0.2281,14005.51,87.3,18.3,22.6,27.0,73.0,supplier quote required; estimated profit is not a rejection gate; review count above 600,,,,,,,,,,,,,,
category:Vertical Plate Holders,B074VGYMXW,B0C1HZNWR9,"Plate Hangers for the Wall, Heavy Duty Platter Bowl Holder, Large 14-22 in","['Kitchen & Dining', 'kitchen']",US,20.8,5.82,1.66,4.18,0.15,826.0,1472.0,4.4,0.55,10000.0,1.0,20.0,50.0,25.0,20.0,20.0,75.0,35.0,65.0,B,"observed:price,sales,reviews,rating,fba_fee; estimated:search_volume,cpc",estimated_default_costs,Imported from Sorftime; ASIN B074VGYMXW; parent B0C1HZNWR9; brand Display Buddie,https://www.amazon.com/dp/B074VGYMXW,42.7,Reject,6.02,0.2894,4972.52,87.3,18.3,18.6,22.0,78.0,supplier quote required; estimated profit is not a rejection gate; review count above 600,,,,,,,,,,,,,,
category:Open Storage Bins,B0BNZZVXGJ,B0C49L8584,"StorageWorks Fabric Narrow Storage Bins, Khaki and Beige Stripes, 2-Pack | With Metal Frame, Sturdy Structure, Reinforced Handles, Toilet Paper Storage, Small Baskets for Bathroom, Closet, Shelf","['Home & Kitchen', 'home-garden']",US,25.99,7.28,2.08,5.77,0.15,1904.0,1480.0,4.5,0.55,10000.0,1.0,20.0,50.0,25.0,20.0,20.0,75.0,35.0,65.0,B,"observed:price,sales,reviews,rating,fba_fee; estimated:search_volume,cpc",estimated_default_costs,Imported from Sorftime; ASIN B0BNZZVXGJ; parent B0C49L8584; brand StorageWorks,https://www.amazon.com/dp/B0BNZZVXGJ,42.7,Reject,6.96,0.2679,13254.7,87.3,14.3,26.3,22.0,78.0,supplier quote required; estimated profit is not a rejection gate; review count above 600,,,,,,,,,,,,,,
category:Lidded Storage Bins,B0DFLQPY2R,B0DQG4Y6X6,"NUMIFUN 7Qt Clear Plastic Storage Bins with Lids,Transparent Design,6 Pack | Stackable organizing totes with buckle latches & handles.Dust-proof clear design for home,office & pantry space saving","['Home & Kitchen', 'home-garden']",US,25.37,7.1,2.03,9.46,0.15,3669.0,860.0,4.4,0.55,10000.0,1.0,20.0,50.0,25.0,20.0,45.0,75.0,35.0,65.0,B,"observed:price,sales,reviews,rating,fba_fee; estimated:search_volume,cpc",estimated_default_costs,Imported from Sorftime; ASIN B0DFLQPY2R; parent B0DQG4Y6X6; brand NUMIFUN,https://www.amazon.com/dp/B0DFLQPY2R,42.4,Reject,2.97,0.1172,10913.44,87.3,18.3,20.0,27.0,73.0,supplier quote required; estimated profit is not a rejection gate; review count above 600,,,,,,,,,,,,,,
category:Shelf Baskets,B08N1B58ZQ,B0H8T13JZM,"GRANNY SAYS Wicker Storage Baskets for Shelves, Brown Wicker Baskets,2-Pack","['Home & Kitchen', 'home-garden']",US,39.99,11.2,3.2,10.9,0.15,1866.0,836.0,4.6,0.55,10000.0,1.0,20.0,50.0,25.0,20.0,45.0,75.0,35.0,65.0,B,"observed:price,sales,reviews,rating,fba_fee; estimated:search_volume,cpc",estimated_default_costs,Imported from Sorftime; ASIN B08N1B58ZQ; parent B0H8T13JZM; brand GRANNY SAYS,https://www.amazon.com/dp/B08N1B58ZQ,42.2,Reject,8.69,0.2173,16218.34,87.3,14.3,27.4,27.0,73.0,supplier quote required; estimated profit is not a rejection gate; review count above 600,,,,,,,,,,,,,,
category:Vertical Plate Holders,B0FR8MHP4Z,B0H25ZD712,"Jimcairy 12-Pack Invisible Wall Plate Hangers, 6/8/10 Inch Brass Plate Holders with 16-Pack Wall Hooks","['Kitchen & Dining', 'kitchen']",US,12.99,3.64,1.04,4.45,0.15,244.0,102.0,4.5,0.55,10000.0,1.0,20.0,50.0,25.0,20.0,20.0,75.0,35.0,65.0,B,"observed:price,sales,reviews,rating,fba_fee; estimated:search_volume,cpc",estimated_default_costs,Imported from Sorftime; ASIN B0FR8MHP4Z; parent B0H25ZD712; brand Jimcairy,https://www.amazon.com/dp/B0FR8MHP4Z,41.9,Reject,1.91,0.1472,466.41,44.6,46.8,0.0,22.0,78.0,supplier quote required; estimated profit is not a rejection gate,,,,,,,,,,,,,,
category:Shelf Baskets,B0D1G33YS8,B0D1FGWQ5Z,"FEIALNDUO Wicker Shelf Baskets with Lid,Seagrass Storage Basket Bins Rectangular Handwoven Basket Boxes for Shelves Desktop Home Organizer (Coffee, X-Small)","['Home & Kitchen', 'home-garden']",US,13.98,3.91,1.12,5.37,0.15,1103.0,662.0,4.5,0.55,10000.0,1.0,20.0,50.0,25.0,20.0,20.0,75.0,35.0,65.0,B,"observed:price,sales,reviews,rating,fba_fee; estimated:search_volume,cpc",estimated_default_costs,Imported from Sorftime; ASIN B0D1G33YS8; parent B0D1FGWQ5Z; brand FEILANDUO,https://www.amazon.com/dp/B0D1G33YS8,41.8,Reject,1.48,0.1061,1635.75,87.3,24.3,1.8,22.0,78.0,supplier quote required; estimated profit is not a rejection gate; review count above 600,,,,,,,,,,,,,,
category:Vertical Plate Holders,B0CD76Q8M6,B0GGRVG6NS,"Bilillo 12 pcs Plate Hangers for The Wall, 6/8/10 Inch Invisible","['Kitchen & Dining', 'kitchen']",US,13.99,3.92,1.12,4.18,0.15,555.0,530.0,4.5,0.55,10000.0,1.0,20.0,50.0,25.0,20.0,20.0,75.0,35.0,65.0,B,"observed:price,sales,reviews,rating,fba_fee; estimated:search_volume,cpc",estimated_default_costs,Imported from Sorftime; ASIN B0CD76Q8M6; parent B0GGRVG6NS; brand Bilillo,https://www.amazon.com/dp/B0CD76Q8M6,41.7,Reject,2.67,0.191,1482.68,87.3,24.3,1.4,22.0,78.0,supplier quote required; estimated profit is not a rejection gate,,,,,,,,,,,,,,
category:Lidded Storage Bins,B08H8X25XZ,B0H8NDWZHB,Tribello Clear Plastic Storage Bins with Lids Stackable Storage Bins (15 Quart),"['Home & Kitchen', 'home-garden']",US,18.99,5.32,1.52,10.51,0.15,1309.0,731.0,4.6,0.55,10000.0,1.0,20.0,50.0,25.0,20.0,20.0,75.0,35.0,65.0,B,"observed:price,sales,reviews,rating,fba_fee; estimated:search_volume,cpc",estimated_default_costs,Imported from Sorftime; ASIN B08H8X25XZ; parent B0H8NDWZHB; brand Tribello,https://www.amazon.com/dp/B08H8X25XZ,41.5,Reject,-1.21,-0.0636,-1581.93,87.3,24.3,0.0,22.0,78.0,supplier quote required; estimated profit is not a rejection gate; review count above 600,,,,,,,,,,,,,,
category:Shelf Baskets,B08GKMFWM7,B0C4LCCFFZ,Hipiwe Set of 2 Flat Wicker Storage Basket Bins with Lid Woven Seagrass Box | Natural Decorative Baskets Multipurpose Home Boxes for Shelf Organizer Home Decor (Coffee),"['Home & Kitchen', 'home-garden']",US,23.9,6.69,1.91,7.79,0.15,2713.0,2173.0,4.6,0.55,10000.0,1.0,20.0,50.0,25.0,20.0,20.0,75.0,35.0,65.0,B,"observed:price,sales,reviews,rating,fba_fee; estimated:search_volume,cpc",estimated_default_costs,Imported from Sorftime; ASIN B08GKMFWM7; parent B0C4LCCFFZ; brand Hipiwe,https://www.amazon.com/dp/B08GKMFWM7,41.5,Reject,3.92,0.1642,10648.52,87.3,14.3,20.0,22.0,78.0,supplier quote required; estimated profit is not a rejection gate; review count above 600,,,,,,,,,,,,,,
category:Shelf Baskets,B0B34ZBZVV,B0B34ZRL5H,"ECDYQXVU 15x10 x9 Inch Woven Cotton Rope Storage Basket, Black, 1 Pack","['Home & Kitchen', 'home-garden']",US,16.99,4.76,1.36,8.21,0.15,962.0,751.0,4.5,0.55,10000.0,1.0,20.0,50.0,25.0,20.0,20.0,75.0,35.0,65.0,B,"observed:price,sales,reviews,rating,fba_fee; estimated:search_volume,cpc",estimated_default_costs,Imported from Sorftime; ASIN B0B34ZBZVV; parent B0B34ZRL5H; brand ECDYQXVU,https://www.amazon.com/dp/B0B34ZBZVV,41.5,Reject,0.11,0.0066,107.26,87.3,24.3,0.0,22.0,78.0,supplier quote required; estimated profit is not a rejection gate; review count above 600,,,,,,,,,,,,,,
category:Open Storage Bins,B0CKHLR6Q3,B0DTGFVJRR,EBIGIC Small Storage Bins[6 Pack] 9.0'x7.5'x7.5' Small Size Fabirc Foldable Closet Toy Organizer Collapsible Cloth Black,"['Home & Kitchen', 'home-garden']",US,27.99,7.84,2.24,7.78,0.15,1797.0,1289.0,4.6,0.55,10000.0,1.0,20.0,50.0,25.0,20.0,45.0,75.0,35.0,65.0,B,"observed:price,sales,reviews,rating,fba_fee; estimated:search_volume,cpc",estimated_default_costs,Imported from Sorftime; ASIN B0CKHLR6Q3; parent B0DTGFVJRR; brand EBIGIC,https://www.amazon.com/dp/B0CKHLR6Q3,41.2,Reject,5.93,0.2119,10658.91,87.3,14.3,21.9,27.0,73.0,supplier quote required; estimated profit is not a rejection gate; review count above 600,,,,,,,,,,,,,,
category:Shelf Baskets,B0CYPSD6V9,B0CYPZ1PW7,"ShellKingdom Storage Bins, Foldable Fabric Storage Cube And Cloth Organizer","['Home & Kitchen', 'home-garden']",US,16.99,4.76,1.36,7.18,0.15,1069.0,435.0,4.6,0.55,10000.0,1.0,20.0,50.0,25.0,20.0,45.0,75.0,35.0,65.0,B,"observed:price,sales,reviews,rating,fba_fee; estimated:search_volume,cpc",estimated_default_costs,Imported from Sorftime; ASIN B0CYPSD6V9; parent B0CYPZ1PW7; brand ShellKingdom,https://www.amazon.com/dp/B0CYPSD6V9,41.0,Reject,1.14,0.0672,1220.26,87.3,24.3,0.6,27.0,73.0,supplier quote required; estimated profit is not a rejection gate,,,,,,,,,,,,,,
category:Lidded Storage Bins,B09X1L9D3S,B0FVSTGN9M,"Homsorout Storage Bins with Lids - Fabric Storage Boxe with Window, Collapsible Closet Organizers with Handles, 3 Pack Decorative Bin, Home Cubes Baskets for Clothes, Hat, Books, Dark Grey","['Home & Kitchen', 'home-garden']",US,19.99,5.6,1.6,7.98,0.15,4844.0,2343.0,4.5,0.55,10000.0,1.0,20.0,50.0,25.0,20.0,45.0,75.0,35.0,65.0,B,"observed:price,sales,reviews,rating,fba_fee; estimated:search_volume,cpc",estimated_default_costs,Imported from Sorftime; ASIN B09X1L9D3S; parent B0FVSTGN9M; brand Homsorout,https://www.amazon.com/dp/B09X1L9D3S,40.9,Reject,1.81,0.0906,8774.91,87.3,14.3,20.0,27.0,73.0,supplier quote required; estimated profit is not a rejection gate; review count above 600,,,,,,,,,,,,,,
category:Storage Boxes,B0D5VCWXFJ,B0FM3FBDKJ,"Sheet Organizers and Storage for Linen Closet, 4Pack Grey","['Home & Kitchen', 'home-garden']",US,23.99,6.72,1.92,8.41,0.15,4689.0,1651.0,4.6,0.55,10000.0,1.0,20.0,50.0,25.0,20.0,45.0,75.0,35.0,65.0,B,"observed:price,sales,reviews,rating,fba_fee; estimated:search_volume,cpc",estimated_default_costs,Imported from Sorftime; ASIN B0D5VCWXFJ; parent B0FM3FBDKJ; brand ZenStorage,https://www.amazon.com/dp/B0D5VCWXFJ,40.9,Reject,3.34,0.1393,15668.29,87.3,14.3,20.0,27.0,73.0,supplier quote required; estimated profit is not a rejection gate; review count above 600,,,,,,,,,,,,,,
category:Open Storage Bins,B0BNHKHVM3,B0BNHMF9NH,"Foldable Storage Cubes Bins ,11 Inch Cloth Storage Cube Fabric Storage Box Cubes Organizer Baskets with Handles for Home Organizer Set of 3 (Pink)","['Home & Kitchen', 'home-garden']",US,17.09,4.79,1.37,6.55,0.15,2646.0,1050.0,4.2,0.55,10000.0,1.0,20.0,50.0,25.0,20.0,45.0,75.0,35.0,65.0,B,"observed:price,sales,reviews,rating,fba_fee; estimated:search_volume,cpc",estimated_default_costs,Imported from Sorftime; ASIN B0BNHKHVM3; parent B0BNHMF9NH; brand NieEnjoy,https://www.amazon.com/dp/B0BNHKHVM3,40.6,Reject,1.82,0.1063,4806.46,87.3,18.3,10.9,27.0,73.0,supplier quote required; estimated profit is not a rejection gate; review count above 600,,,,,,,,,,,,,,
category:Vertical Plate Holders,B0DT3C4LBQ,B0DT3ZYTFD,"Blulu 1 Pcs Wall Mounted Tea Cup & Saucer Display Rack 4 Tiers,White","['Kitchen & Dining', 'kitchen']",US,31.99,8.96,2.56,12.81,0.15,200.0,135.0,4.6,0.55,10000.0,1.0,20.0,50.0,25.0,20.0,20.0,75.0,35.0,65.0,B,"observed:price,sales,reviews,rating,fba_fee; estimated:search_volume,cpc",estimated_default_costs,Imported from Sorftime; ASIN B0DT3C4LBQ; parent B0DT3ZYTFD; brand Blulu,https://www.amazon.com/dp/B0DT3C4LBQ,40.5,Reject,2.86,0.0894,572.3,37.3,46.8,0.0,22.0,78.0,supplier quote required; estimated profit is not a rejection gate,,,,,,,,,,,,,,
category:Bathroom Trays,B0BXC9HNNY,B0CL3HKTB4,"Dorhors Corner Bathroom Organizer Countertop,Vanity Counter Storage Shelf","['Home & Kitchen', 'home-garden']",US,24.98,6.99,2.0,7.2,0.15,1348.0,1155.0,4.6,0.55,10000.0,1.0,20.0,50.0,25.0,20.0,45.0,75.0,35.0,65.0,B,"observed:price,sales,reviews,rating,fba_fee; estimated:search_volume,cpc",estimated_default_costs,Imported from Sorftime; ASIN B0BXC9HNNY; parent B0CL3HKTB4; brand Dorhors,https://www.amazon.com/dp/B0BXC9HNNY,40.2,Reject,5.04,0.2019,6797.96,87.3,14.3,16.7,27.0,73.0,supplier quote required; estimated profit is not a rejection gate; review count above 600,,,,,,,,,,,,,,
category:Lidded Storage Bins,B091XWR56X,B08K8GRH2F,JUXYES 2-Tiers Plastic Stack Carry Storage Containers Box wih Handle Lids,"['Home & Kitchen', 'home-garden']",US,23.99,6.72,1.92,10.04,0.15,1375.0,1707.0,4.4,0.55,10000.0,1.0,20.0,50.0,25.0,20.0,20.0,75.0,35.0,65.0,B,"observed:price,sales,reviews,rating,fba_fee; estimated:search_volume,cpc",estimated_default_costs,Imported from Sorftime; ASIN B091XWR56X; parent B08K8GRH2F; brand JUXYES,https://www.amazon.com/dp/B091XWR56X,40.0,Reject,1.71,0.0713,2353.31,87.3,18.3,3.9,22.0,78.0,supplier quote required; estimated profit is not a rejection gate; review count above 600,,,,,,,,,,,,,,
category:Storage Boxes,B07JH8TWMZ,B08PSSX11L,"GUOZI Collapsible Storage Box, Decorative Memory Box with Lid & Metal Reinforced Corners, Cardboard File Bin with Handles, Organizer Gift Box for Keepsake Toy Photos Office Nursery Wardrobe Bookshelf","['Home & Kitchen', 'home-garden']",US,16.8,4.7,1.34,6.2,0.15,1017.0,2144.0,4.4,0.55,10000.0,1.0,20.0,50.0,25.0,20.0,20.0,75.0,35.0,65.0,B,"observed:price,sales,reviews,rating,fba_fee; estimated:search_volume,cpc",estimated_default_costs,Imported from Sorftime; ASIN B07JH8TWMZ; parent B08PSSX11L; brand GUOZI,https://www.amazon.com/dp/B07JH8TWMZ,39.8,Reject,2.04,0.1214,2074.68,87.3,18.3,3.1,22.0,78.0,supplier quote required; estimated profit is not a rejection gate; review count above 600,,,,,,,,,,,,,,
category:Storage Boxes,B08C9X5VBQ,B07MV5FDNM,Larger Collapsible Storage Bin with Lid [1-Pack] Fabric Decorative Storage Box Cube Organizer Container Baskes with Handles Divider for Bedroom Closet Living Room Pink 17.7x11.8x11.8 Inch,"['Home & Kitchen', 'home-garden']",US,16.99,4.76,1.36,6.37,0.15,2284.0,1811.0,4.6,0.55,10000.0,1.0,20.0,50.0,25.0,20.0,20.0,75.0,35.0,65.0,B,"observed:price,sales,reviews,rating,fba_fee; estimated:search_volume,cpc",estimated_default_costs,Imported from Sorftime; ASIN B08C9X5VBQ; parent B07MV5FDNM; brand PRANDOM,https://www.amazon.com/dp/B08C9X5VBQ,39.6,Reject,1.95,0.1149,4457.23,87.3,14.3,9.9,22.0,78.0,supplier quote required; estimated profit is not a rejection gate; review count above 600,,,,,,,,,,,,,,
category:Bathroom Shelves,B07J6M4PS4,B0FX45YXXP,"Wall Outlet Shelf for Vertical Decora and Duplex with Cord Storage, 1 Pack","['Tools & Home Improvement', 'hi']",US,13.99,3.92,1.12,4.47,0.15,624.0,1580.0,4.4,0.55,10000.0,1.0,20.0,50.0,25.0,20.0,20.0,75.0,35.0,65.0,B,"observed:price,sales,reviews,rating,fba_fee; estimated:search_volume,cpc",estimated_default_costs,Imported from Sorftime; ASIN B07J6M4PS4; parent B0FX45YXXP; brand ALLICAVER,https://www.amazon.com/dp/B07J6M4PS4,39.5,Reject,2.38,0.1702,1486.06,87.3,18.3,1.4,22.0,78.0,supplier quote required; estimated profit is not a rejection gate; review count above 600,,,,,,,,,,,,,,
category:Lidded Storage Bins,B0CNRYG7T4,B0CXTCZSH6,"POLRAI 3 Pack Laundry Pod Containers and Dryer Sheet Holder, Laundry Room Organization Storage Containers with Lids and Labels for Detergent Pods Dry Sheet Organizing","['Home & Kitchen', 'home-garden']",US,17.99,5.04,1.44,7.73,0.15,2169.0,1457.0,4.4,0.55,10000.0,1.0,20.0,50.0,25.0,20.0,45.0,75.0,35.0,65.0,B,"observed:price,sales,reviews,rating,fba_fee; estimated:search_volume,cpc",estimated_default_costs,Imported from Sorftime; ASIN B0CNRYG7T4; parent B0CXTCZSH6; brand POLRAI,https://www.amazon.com/dp/B0CNRYG7T4,39.3,Reject,1.08,0.0601,2345.77,87.3,18.3,3.8,27.0,73.0,supplier quote required; estimated profit is not a rejection gate; review count above 600,,,,,,,,,,,,,,
category:Shelf Baskets,B08KGM4GQM,B0B92HXXZX,DECRAFTS Seagrass Storage Basket with Lid Rectangular Small Woven Shelf Baskets with Sections for Organize Snack Toys Tampon,"['Home & Kitchen', 'home-garden']",US,19.99,5.6,1.6,6.78,0.15,1296.0,1485.0,4.6,0.55,10000.0,1.0,20.0,50.0,25.0,20.0,20.0,75.0,35.0,65.0,B,"observed:price,sales,reviews,rating,fba_fee; estimated:search_volume,cpc",estimated_default_costs,Imported from Sorftime; ASIN B08KGM4GQM; parent B0B92HXXZX; brand DECRAFTS,https://www.amazon.com/dp/B08KGM4GQM,39.3,Reject,3.01,0.1507,3902.9,87.3,14.3,8.3,22.0,78.0,supplier quote required; estimated profit is not a rejection gate; review count above 600,,,,,,,,,,,,,,
category:Vertical Plate Holders,B07XRWS1VH,B09BW4LKLF,"Plymor Gold Plate Hanger for 3.5-5 inch Plates, Pack of 2 | Spring-steel, wall-mountable; edge hooks grip the rim of china & collector plates; 3.125 x 1.75 x 0.5 inches (H x W x D)","['Kitchen & Dining', 'kitchen']",US,13.84,3.88,1.11,3.93,0.15,270.0,256.0,4.6,0.55,10000.0,1.0,20.0,50.0,25.0,20.0,20.0,75.0,35.0,65.0,B,"observed:price,sales,reviews,rating,fba_fee; estimated:search_volume,cpc",estimated_default_costs,Imported from Sorftime; ASIN B07XRWS1VH; parent B09BW4LKLF; brand Plymor,https://www.amazon.com/dp/B07XRWS1VH,39.0,Reject,2.84,0.2055,767.88,49.0,36.8,0.0,22.0,78.0,supplier quote required; estimated profit is not a rejection gate,,,,,,,,,,,,,,
category:Open Storage Bins,B07K2JVMBL,B0FW6FWGK8,"Really Good Stuff Small Desktop Paper Storage Baskets, 14' x 10' x 3.25'","['Home & Kitchen', 'home-garden']",US,41.99,11.76,3.36,15.77,0.15,938.0,868.0,4.6,0.55,10000.0,1.0,20.0,50.0,25.0,20.0,45.0,75.0,35.0,65.0,B,"observed:price,sales,reviews,rating,fba_fee; estimated:search_volume,cpc",estimated_default_costs,Imported from Sorftime; ASIN B07K2JVMBL; parent B0FW6FWGK8; brand Really Good Stuff,https://www.amazon.com/dp/B07K2JVMBL,39.0,Reject,4.8,0.1143,4503.81,87.3,14.3,10.0,27.0,73.0,supplier quote required; estimated profit is not a rejection gate; review count above 600,,,,,,,,,,,,,,
category:Storage Boxes,B0CB57W859,B0HBW4J5GP,"Lifewit Paper Organizer Storage with Lid, Fits 8.5” x 11” Letter, 4 Pcs","['Office Products', 'office-products']",US,29.99,8.4,2.4,9.75,0.15,905.0,1205.0,4.6,0.55,10000.0,1.0,20.0,50.0,25.0,20.0,45.0,75.0,35.0,65.0,B,"observed:price,sales,reviews,rating,fba_fee; estimated:search_volume,cpc",estimated_default_costs,Imported from Sorftime; ASIN B0CB57W859; parent B0HBW4J5GP; brand Lifewit,https://www.amazon.com/dp/B0CB57W859,39.0,Reject,4.94,0.1648,4472.06,87.3,14.3,9.9,27.0,73.0,supplier quote required; estimated profit is not a rejection gate; review count above 600,,,,,,,,,,,,,,
category:Lidded Storage Bins,B09QMLHB7B,B09QCH1RHP,"STOREONE Fabric Storage Cube Bins Foldable Organizer Container Collapsible Basket with Lids and Metal Handles, for Home, Bedroom, Closet (Black, 3 Pcs)","['Home & Kitchen', 'home-garden']",US,14.39,4.03,1.15,7.69,0.15,1224.0,1007.0,4.3,0.55,10000.0,1.0,20.0,50.0,25.0,20.0,45.0,75.0,35.0,65.0,B,"observed:price,sales,reviews,rating,fba_fee; estimated:search_volume,cpc",estimated_default_costs,Imported from Sorftime; ASIN B09QMLHB7B; parent B09QCH1RHP; brand STOREONE,https://www.amazon.com/dp/B09QMLHB7B,38.6,Reject,-0.64,-0.0444,-781.52,87.3,18.3,0.0,27.0,73.0,supplier quote required; estimated profit is not a rejection gate; review count above 600,,,,,,,,,,,,,,
category:Bathroom Shelves,B07VJCFYPB,B0G5PTQ6YY,"Z metnal Small Decor Shelves, Mini Floating Display Wall Shelf for Smart Speaker Collectables, Aluminum, Wall Mounted, Matt Black,12 x 5 inch,1ft Wide, 2 Pack","['Home & Kitchen', 'home-garden']",US,19.99,5.6,1.6,5.36,0.15,550.0,1653.0,4.5,0.55,10000.0,1.0,20.0,50.0,25.0,20.0,20.0,75.0,35.0,65.0,B,"observed:price,sales,reviews,rating,fba_fee; estimated:search_volume,cpc",estimated_default_costs,Imported from Sorftime; ASIN B07VJCFYPB; parent B0G5PTQ6YY; brand Z metnal,https://www.amazon.com/dp/B07VJCFYPB,38.5,Reject,4.43,0.2217,2437.32,87.3,14.3,4.1,22.0,78.0,supplier quote required; estimated profit is not a rejection gate; review count above 600,,,,,,,,,,,,,,
category:Lidded Storage Bins,B00913R7OE,B0GY1JHL1Z,"Sterilite Deep Clip Box, Stackable Small Storage Bin with Latching Lid, Plastic Container to Organize Paper, Office, Home, Clear Base and Lid, 1-Pack","['Home & Kitchen', 'home-garden']",US,19.38,5.43,1.55,9.47,0.15,2274.0,1197.0,4.6,0.55,10000.0,1.0,20.0,50.0,25.0,20.0,20.0,75.0,35.0,65.0,B,"observed:price,sales,reviews,rating,fba_fee; estimated:search_volume,cpc",estimated_default_costs,Imported from Sorftime; ASIN B00913R7OE; parent B0GY1JHL1Z; brand Sterilite,https://www.amazon.com/dp/B00913R7OE,37.7,Reject,0.02,0.0012,52.3,87.3,14.3,0.0,22.0,78.0,supplier quote required; estimated profit is not a rejection gate; review count above 600,,,,,,,,,,,,,,
category:Shelf Baskets,B09TT2221Y,B09DS8SLVT,ECDYQXVU 15x10 x9 Black Woven Cotton Rope Storage Basket Handles 1 Pack,"['Home & Kitchen', 'home-garden']",US,16.99,4.76,1.36,7.93,0.15,1202.0,1181.0,4.6,0.55,10000.0,1.0,20.0,50.0,25.0,20.0,20.0,75.0,35.0,65.0,B,"observed:price,sales,reviews,rating,fba_fee; estimated:search_volume,cpc",estimated_default_costs,Imported from Sorftime; ASIN B09TT2221Y; parent B09DS8SLVT; brand ECDYQXVU,https://www.amazon.com/dp/B09TT2221Y,37.7,Reject,0.39,0.023,470.58,87.3,14.3,0.0,22.0,78.0,supplier quote required; estimated profit is not a rejection gate; review count above 600,,,,,,,,,,,,,,
category:Bathroom Trays,B091F4TRDV,B091DKKMJ7,"Hair Tool Organizer, Curling iron stands, Bathroom Organizer Basket Hair Supplies Organizer Storage Hair Dryer Holder- Wall Mount No Drilling","['Home & Kitchen', 'home-garden']",US,16.99,4.76,1.36,9.37,0.15,1391.0,928.0,4.5,0.55,10000.0,1.0,20.0,50.0,25.0,20.0,20.0,75.0,35.0,65.0,B,"observed:price,sales,reviews,rating,fba_fee; estimated:search_volume,cpc",estimated_default_costs,Imported from Sorftime; ASIN B091F4TRDV; parent B091DKKMJ7; brand Vecallo,https://www.amazon.com/dp/B091F4TRDV,37.7,Reject,-1.05,-0.0617,-1458.46,87.3,14.3,0.0,22.0,78.0,supplier quote required; estimated profit is not a rejection gate; review count above 600,,,,,,,,,,,,,,
category:Vertical Plate Holders,B07XRXPYSX,B09BZYVHVH,"Plymor Gold Plate Hanger for 2-3 inch Plates, Pack of 2 | Spring-steel, wall-mountable; edge hooks grip the rim of china & collector plates; 2.25 x 1.25 x 0.375 inches (H x W x D)","['Kitchen & Dining', 'kitchen']",US,14.01,3.92,1.12,3.92,0.15,460.0,186.0,4.5,0.55,10000.0,1.0,20.0,50.0,25.0,20.0,70.0,75.0,35.0,65.0,B,"observed:price,sales,reviews,rating,fba_fee; estimated:search_volume,cpc",estimated_default_costs,Imported from Sorftime; ASIN B07XRXPYSX; parent B09BZYVHVH; brand Plymor,https://www.amazon.com/dp/B07XRXPYSX,35.0,Reject,2.95,0.2105,1356.31,80.6,46.8,1.0,32.0,68.0,hard oversize/logistics risk; supplier quote required; estimated profit is not a rejection gate; oversize risk,,hard oversize/logistics risk,,,,,,,,,,,,
category:Vertical Plate Holders,B07XRYN792,B09BW1ZKRJ,"Plymor Gold Tray & Platter Hanger for 10-16 inch Platters | Spring-steel, wall-mountable; edge hooks grip the rim of platters & serving trays; 8.25 x 4.75 x 0.875 inches (H x W x D)","['Kitchen & Dining', 'kitchen']",US,16.22,4.54,1.3,4.47,0.15,375.0,237.0,4.3,0.55,10000.0,1.0,20.0,50.0,25.0,20.0,70.0,75.0,35.0,65.0,B,"observed:price,sales,reviews,rating,fba_fee; estimated:search_volume,cpc",estimated_default_costs,Imported from Sorftime; ASIN B07XRYN792; parent B09BW1ZKRJ; brand Plymor,https://www.amazon.com/dp/B07XRYN792,35.0,Reject,3.48,0.2144,1303.87,66.5,40.8,0.9,32.0,68.0,hard oversize/logistics risk; supplier quote required; estimated profit is not a rejection gate; oversize risk,,hard oversize/logistics risk,,,,,,,,,,,,
category:Lidded Storage Bins,B094KLKWKB,B0HDQJRD52,"Superio Clear Storage Boxes with Lids, 1.27 Quart Plastic Container Bins for Organizing, Stackable Crates, BPA Free, Non Toxic, Odor Free, Organizers for Home, Office and Dorm, 5 Pack","['Home & Kitchen', 'home-garden']",US,12.26,3.43,0.98,3.5,0.15,4856.0,2362.0,4.3,0.55,10000.0,1.0,20.0,50.0,25.0,20.0,70.0,65.0,20.0,53.8,C,"observed:price,sales,reviews,rating; estimated:fba_fee,search_volume,cpc",estimated_default_costs,Imported from Sorftime; ASIN B094KLKWKB; parent B0HDQJRD52; brand Superio,https://www.amazon.com/dp/B094KLKWKB,35.0,Reject,2.51,0.2048,12193.42,87.3,18.3,20.0,32.0,68.0,hard oversize/logistics risk; supplier quote required; estimated profit is not a rejection gate; review count above 600; oversize risk; evidence confidence below supplier-validation threshold,,hard oversize/logistics risk,,,,,,,,,,,,
category:Lidded Storage Bins,B0D1XS2PZS,B0D78TN8QM,"Large Closet Storage Baskets Bins with Lids 4 Pack, Storage Baskets for Organizing Shelves Nursery Bedroom, Home Dorm Closet Organizers Cubes for Clothes Toys Blanket Book - Stackable -14x10 x9.5","['Home & Kitchen', 'home-garden']",US,19.94,5.58,1.6,8.02,0.15,3688.0,1188.0,4.4,0.55,10000.0,1.0,20.0,50.0,25.0,20.0,90.0,75.0,35.0,65.0,B,"observed:price,sales,reviews,rating,fba_fee; estimated:search_volume,cpc",estimated_default_costs,Imported from Sorftime; ASIN B0D1XS2PZS; parent B0D78TN8QM; brand Criusia,https://www.amazon.com/dp/B0D1XS2PZS,35.0,Reject,1.75,0.0877,6450.31,87.3,18.3,15.6,36.0,64.0,hard oversize/logistics risk; supplier quote required; estimated profit is not a rejection gate; review count above 600; oversize risk,,hard oversize/logistics risk,,,,,,,,,,,,
category:Lidded Storage Bins,B0D6BK7JHY,B0FX515QS9,"Homsorout Large Closet Storage Organizer - Clothes Storage Bins with Handles & Window, Collapsible Decorative Boxes with Lids, Fabric Containers for Living Room, Dorm, 2 Pack, Beige","['Home & Kitchen', 'home-garden']",US,22.94,6.42,1.84,7.93,0.15,3328.0,715.0,4.3,0.55,10000.0,1.0,20.0,50.0,25.0,20.0,90.0,75.0,35.0,65.0,B,"observed:price,sales,reviews,rating,fba_fee; estimated:search_volume,cpc",estimated_default_costs,Imported from Sorftime; ASIN B0D6BK7JHY; parent B0FX515QS9; brand Homsorout,https://www.amazon.com/dp/B0D6BK7JHY,35.0,Reject,3.31,0.1442,11012.35,87.3,28.3,20.0,36.0,64.0,hard oversize/logistics risk; supplier quote required; estimated profit is not a rejection gate; review count above 600; oversize risk,,hard oversize/logistics risk,,,,,,,,,,,,
category:Lidded Storage Bins,B0GK8P7BNM,B0F9YHX7NG,"Storage Bins with Lids 6 Pack Clear Storage Containers, 7 Quart Stackable Plastic Containers with Secure Black Buckle Latch, Durable Storage Box Organizer for Pantry, Closet, Office & Classroom","['Home & Kitchen', 'home-garden']",US,26.49,7.42,2.12,9.08,0.15,2786.0,45.0,4.6,0.55,10000.0,1.0,20.0,50.0,25.0,20.0,90.0,75.0,35.0,65.0,B,"observed:price,sales,reviews,rating,fba_fee; estimated:search_volume,cpc",estimated_default_costs,Imported from Sorftime; ASIN B0GK8P7BNM; parent B0F9YHX7NG; brand EOENVIVS,https://www.amazon.com/dp/B0GK8P7BNM,35.0,Reject,3.9,0.1471,10855.65,87.3,59.3,20.0,36.0,64.0,hard oversize/logistics risk; supplier quote required; estimated profit is not a rejection gate; oversize risk,,hard oversize/logistics risk,,,,,,,,,,,,
category:Lidded Storage Bins,B0DS8TY9GL,B0DY819N6G,"DIMJ Storage Bins with Lids - 4 Pack Large Fabric Closet Organizer with Window & Handles, Collapsible Decorative Storage Boxes for Shelves Under Bed, Books Clothes Blankets Sweaters Organization","['Home & Kitchen', 'home-garden']",US,33.14,9.28,2.65,9.07,0.15,2463.0,377.0,4.4,0.55,10000.0,1.0,20.0,50.0,25.0,20.0,90.0,75.0,35.0,65.0,B,"observed:price,sales,reviews,rating,fba_fee; estimated:search_volume,cpc",estimated_default_costs,Imported from Sorftime; ASIN B0DS8TY9GL; parent B0DY819N6G; brand DIMJ,https://www.amazon.com/dp/B0DS8TY9GL,35.0,Reject,7.17,0.2163,17657.25,87.3,40.8,24.3,36.0,64.0,hard oversize/logistics risk; supplier quote required; estimated profit is not a rejection gate; oversize risk,,hard oversize/logistics risk,,,,,,,,,,,,
category:Lidded Storage Bins,B0FMJ3JFGB,B0FMJ3JFGB,"Vtopmart 24 QT Clear Plastic Craft Organizer with Detachable Inserts,1 Pack","['Home & Kitchen', 'home-garden']",US,27.99,7.84,2.24,10.23,0.15,2028.0,190.0,4.3,0.55,10000.0,1.0,20.0,50.0,25.0,20.0,70.0,75.0,35.0,65.0,B,"observed:price,sales,reviews,rating,fba_fee; estimated:search_volume,cpc",estimated_default_costs,Imported from Sorftime; ASIN B0FMJ3JFGB; parent B0FMJ3JFGB; brand Vtopmart,https://www.amazon.com/dp/B0FMJ3JFGB,35.0,Reject,3.48,0.1244,7060.48,87.3,50.8,17.3,32.0,68.0,hard oversize/logistics risk; supplier quote required; estimated profit is not a rejection gate; oversize risk,,hard oversize/logistics risk,,,,,,,,,,,,
category:Lidded Storage Bins,B0CFFFP299,B0CL6HDRMC,"Clear Storage Latch Box 12 Quart, Plastic Organizing Box/Bin with Lid and Black Handles, 6-Pack","['Home & Kitchen', 'home-garden']",US,37.39,10.47,2.99,15.35,0.15,1933.0,2000.0,4.2,0.55,10000.0,1.0,20.0,50.0,25.0,20.0,65.0,75.0,35.0,65.0,B,"observed:price,sales,reviews,rating,fba_fee; estimated:search_volume,cpc",estimated_default_costs,Imported from Sorftime; ASIN B0CFFFP299; parent B0CL6HDRMC; brand JUJIAJIA,https://www.amazon.com/dp/B0CFFFP299,35.0,Reject,2.97,0.0795,5743.91,87.3,18.3,13.6,31.0,69.0,hard oversize/logistics risk; supplier quote required; estimated profit is not a rejection gate; review count above 600; oversize risk,,hard oversize/logistics risk,,,,,,,,,,,,
category:Lidded Storage Bins,B0CH9NVTDW,B0GTYVNHQD,Ohmlove 6 Pack Plastic Storage Baskets with Bamboo Lids for Organization,"['Home & Kitchen', 'home-garden']",US,24.74,6.93,1.98,8.98,0.15,1881.0,1084.0,4.6,0.55,10000.0,1.0,20.0,50.0,25.0,20.0,90.0,75.0,35.0,65.0,B,"observed:price,sales,reviews,rating,fba_fee; estimated:search_volume,cpc",estimated_default_costs,Imported from Sorftime; ASIN B0CH9NVTDW; parent B0GTYVNHQD; brand Ohmlove,https://www.amazon.com/dp/B0CH9NVTDW,35.0,Reject,3.14,0.1269,5904.46,87.3,14.3,14.0,36.0,64.0,hard oversize/logistics risk; supplier quote required; estimated profit is not a rejection gate; review count above 600; oversize risk,,hard oversize/logistics risk,,,,,,,,,,,,
category:Lidded Storage Bins,B0CRT1HGGR,B0DTHMK2PM,"ORGIDOL 8 Pack White Storage Bins with Lids Stackable Storage Container for Organizing, Storage Boxes with Handle for Shelves, Cute Storage Bin for Craft, Snacks, 9.85x6.9x5.7 inch","['Home & Kitchen', 'home-garden']",US,29.99,8.4,2.4,9.83,0.15,1632.0,629.0,4.4,0.55,10000.0,1.0,20.0,50.0,25.0,20.0,90.0,75.0,35.0,65.0,B,"observed:price,sales,reviews,rating,fba_fee; estimated:search_volume,cpc",estimated_default_costs,Imported from Sorftime; ASIN B0CRT1HGGR; parent B0DTHMK2PM; brand ORGIDOL,https://www.amazon.com/dp/B0CRT1HGGR,35.0,Reject,4.86,0.1621,7933.97,87.3,28.3,19.8,36.0,64.0,hard oversize/logistics risk; supplier quote required; estimated profit is not a rejection gate; review count above 600; oversize risk,,hard oversize/logistics risk,,,,,,,,,,,,
category:Lidded Storage Bins,B0GN9L983M,B0H323DPV6,"SONGMICS 48QT stackable storage bins with 1 Lid, 4-Tier Foldable Bins","['Home & Kitchen', 'home-garden']",US,59.99,16.8,4.8,23.44,0.15,1540.0,136.0,4.3,0.55,10000.0,1.0,20.0,50.0,25.0,20.0,85.0,75.0,35.0,65.0,B,"observed:price,sales,reviews,rating,fba_fee; estimated:search_volume,cpc",estimated_default_costs,Imported from Sorftime; ASIN B0GN9L983M; parent B0H323DPV6; brand SONGMICS,https://www.amazon.com/dp/B0GN9L983M,35.0,Reject,5.95,0.0992,9165.31,87.3,50.8,21.9,35.0,65.0,hard oversize/logistics risk; supplier quote required; estimated profit is not a rejection gate; oversize risk,,hard oversize/logistics risk,,,,,,,,,,,,
category:Lidded Storage Bins,B0D1YBWS2D,B0CTZT5N5L,"Ohmlove 4 Pack Storage Bins with Bamboo Lids,Stackable Box for Organization","['Home & Kitchen', 'home-garden']",US,29.99,8.4,2.4,9.37,0.15,1481.0,1101.0,4.6,0.55,10000.0,1.0,20.0,50.0,25.0,20.0,90.0,75.0,35.0,65.0,B,"observed:price,sales,reviews,rating,fba_fee; estimated:search_volume,cpc",estimated_default_costs,Imported from Sorftime; ASIN B0D1YBWS2D; parent B0CTZT5N5L; brand Ohmlove,https://www.amazon.com/dp/B0D1YBWS2D,35.0,Reject,5.32,0.1774,7881.14,87.3,14.3,20.3,36.0,64.0,hard oversize/logistics risk; supplier quote required; estimated profit is not a rejection gate; review count above 600; oversize risk,,hard oversize/logistics risk,,,,,,,,,,,,
category:Lidded Storage Bins,B0FKH9LY3F,B0FT3PTGJZ,"Homsorout Storage Bins with Lids - Fabric Storage Baskets for Shelves, 6 Pack Foldable Decorative Boxes with Handles, Stackable Organizer Bins for Home, Nursery, Dorm, Beige","['Home & Kitchen', 'home-garden']",US,31.34,8.78,2.51,9.36,0.15,1400.0,258.0,4.4,0.55,10000.0,1.0,20.0,50.0,25.0,20.0,65.0,75.0,35.0,65.0,B,"observed:price,sales,reviews,rating,fba_fee; estimated:search_volume,cpc",estimated_default_costs,Imported from Sorftime; ASIN B0FKH9LY3F; parent B0FT3PTGJZ; brand Homsorout,https://www.amazon.com/dp/B0FKH9LY3F,35.0,Reject,5.99,0.1911,8384.6,87.3,40.8,22.0,31.0,69.0,hard oversize/logistics risk; supplier quote required; estimated profit is not a rejection gate; oversize risk,,hard oversize/logistics risk,,,,,,,,,,,,
category:Lidded Storage Bins,B0FF42D4JM,B0FF42QP69,"ORGIDOL Plastic Storage Basket with Lids 10 Pack Stackable Colorful Storage Bins Containers with Lid, Decorative Storage Boxes for Organizing Shelves, Drawers, Playroom, Classroom, Office, Closet","['Home & Kitchen', 'home-garden']",US,29.99,8.4,2.4,9.55,0.15,1396.0,195.0,4.4,0.55,10000.0,1.0,20.0,50.0,25.0,20.0,90.0,75.0,35.0,65.0,B,"observed:price,sales,reviews,rating,fba_fee; estimated:search_volume,cpc",estimated_default_costs,Imported from Sorftime; ASIN B0FF42D4JM; parent B0FF42QP69; brand ORGIDOL,https://www.amazon.com/dp/B0FF42D4JM,35.0,Reject,5.14,0.1714,7177.53,87.3,50.8,17.9,36.0,64.0,hard oversize/logistics risk; supplier quote required; estimated profit is not a rejection gate; oversize risk,,hard oversize/logistics risk,,,,,,,,,,,,
category:Lidded Storage Bins,B0CX979FY1,B0F1B8D683,"Superio 6.25 Quart Clear Plastic Storage Bin with Lid, Non-Toxic, BPA Free, Odor Free, Organizer Storage Box, Stackable Plastic Tote for Home, Garage, School, and Office (Pack of 4)","['Home & Kitchen', 'home-garden']",US,51.96,14.55,4.16,7.79,0.15,1385.0,150.0,4.2,0.55,10000.0,1.0,20.0,50.0,25.0,20.0,70.0,75.0,35.0,65.0,B,"observed:price,sales,reviews,rating,fba_fee; estimated:search_volume,cpc",estimated_default_costs,Imported from Sorftime; ASIN B0CX979FY1; parent B0F1B8D683; brand Superio,https://www.amazon.com/dp/B0CX979FY1,35.0,Reject,17.67,0.34,24467.41,87.3,50.8,57.3,32.0,68.0,hard oversize/logistics risk; supplier quote required; estimated profit is not a rejection gate; oversize risk,,hard oversize/logistics risk,,,,,,,,,,,,
category:Lidded Storage Bins,B0FM1GP5HD,B0H82KK1XS,"Plastic Storage Bins with Lids, Clear Stackable Storage Containers - 21 Qt","['Home & Kitchen', 'home-garden']",US,27.99,7.84,2.24,11.08,0.15,1202.0,122.0,4.2,0.55,10000.0,1.0,20.0,50.0,25.0,20.0,70.0,75.0,35.0,65.0,B,"observed:price,sales,reviews,rating,fba_fee; estimated:search_volume,cpc",estimated_default_costs,Imported from Sorftime; ASIN B0FM1GP5HD; parent B0H82KK1XS; brand Tribello,https://www.amazon.com/dp/B0FM1GP5HD,35.0,Reject,2.63,0.094,3163.06,87.3,50.8,6.2,32.0,68.0,hard oversize/logistics risk; supplier quote required; estimated profit is not a rejection gate; oversize risk,,hard oversize/logistics risk,,,,,,,,,,,,
category:Lidded Storage Bins,B0B1S57SJR,B0GWN1BMM6,"Sterilite Modular Stacker Box with Latching Lid, 16 Quart, 6-Pack | Clear Plastic Storage Bins - Stackable Organizing Container Boxes for Closet, Bathroom, and Office","['Home & Kitchen', 'home-garden']",US,49.99,14.0,4.0,9.0,0.15,1137.0,913.0,4.6,0.55,10000.0,1.0,20.0,50.0,25.0,20.0,90.0,65.0,20.0,53.8,C,"observed:price,sales,reviews,rating; estimated:fba_fee,search_volume,cpc",estimated_default_costs,Imported from Sorftime; ASIN B0B1S57SJR; parent B0GWN1BMM6; brand Sterilite,https://www.amazon.com/dp/B0B1S57SJR,35.0,Reject,15.49,0.3099,17613.84,87.3,14.3,49.0,36.0,64.0,hard oversize/logistics risk; supplier quote required; estimated profit is not a rejection gate; review count above 600; oversize risk; evidence confidence below supplier-validation threshold,,hard oversize/logistics risk,,,,,,,,,,,,
category:Lidded Storage Bins,B0CS97MQS5,B0GTZ2TLJL,"Ohmlove 8 Pack Plastic Storage Baskets with Lids for Organization | Stackable Storage bins, Storages Baskets for Organizing Shelves Drawers Desktop Closet Playroom Classroom Office, Black","['Home & Kitchen', 'home-garden']",US,26.09,7.31,2.09,8.98,0.15,1111.0,643.0,4.5,0.55,10000.0,1.0,20.0,50.0,25.0,20.0,90.0,75.0,35.0,65.0,B,"observed:price,sales,reviews,rating,fba_fee; estimated:search_volume,cpc",estimated_default_costs,Imported from Sorftime; ASIN B0CS97MQS5; parent B0GTZ2TLJL; brand Ohmlove,https://www.amazon.com/dp/B0CS97MQS5,35.0,Reject,3.8,0.1455,4217.91,87.3,24.3,9.2,36.0,64.0,hard oversize/logistics risk; supplier quote required; estimated profit is not a rejection gate; review count above 600; oversize risk,,hard oversize/logistics risk,,,,,,,,,,,,
category:Lidded Storage Bins,B0FPRFFNH6,B0G1KJT88T,"Extra Large Storage Bin, 40 Gallon Wheeled Plastic Storage Container with Handle, Green, Pack of 2 (GREEN)","['Home & Kitchen', 'home-garden']",US,49.99,14.0,4.0,9.0,0.15,1092.0,96.0,4.6,0.55,10000.0,1.0,20.0,50.0,25.0,20.0,90.0,65.0,20.0,53.8,C,"observed:price,sales,reviews,rating; estimated:fba_fee,search_volume,cpc",estimated_default_costs,Imported from Sorftime; ASIN B0FPRFFNH6; parent B0G1KJT88T; brand COKELARIA,https://www.amazon.com/dp/B0FPRFFNH6,35.0,Reject,15.49,0.3099,16916.72,87.3,54.3,49.0,36.0,64.0,hard oversize/logistics risk; supplier quote required; estimated profit is not a rejection gate; oversize risk; evidence confidence below supplier-validation threshold,,hard oversize/logistics risk,,,,,,,,,,,,
category:Lidded Storage Bins,B06ZY7T5NT,B0F1XR2JP8,"HOMZ Durabilt Plastic Storage Bins with Lids, 15 Gal, Black/Yellow, 2 Pack","['Home & Kitchen', 'home-garden']",US,64.99,18.2,5.2,11.7,0.15,1055.0,1064.0,4.6,0.55,10000.0,1.0,20.0,50.0,25.0,20.0,85.0,65.0,20.0,53.8,C,"observed:price,sales,reviews,rating; estimated:fba_fee,search_volume,cpc",estimated_default_costs,Imported from Sorftime; ASIN B06ZY7T5NT; parent B0F1XR2JP8; brand HOMZ,https://www.amazon.com/dp/B06ZY7T5NT,35.0,Reject,20.14,0.3099,21249.28,87.3,14.3,58.3,35.0,65.0,hard oversize/logistics risk; supplier quote required; estimated profit is not a rejection gate; review count above 600; oversize risk; evidence confidence below supplier-validation threshold,,hard oversize/logistics risk,,,,,,,,,,,,
category:Lidded Storage Bins,B0GRGLSPHM,B0G89NGZQC,"StorageWorks Fabric Storage Bins, Storage Basket with Lid, Closet Bins | Lidded Dust-proof, Easy Pull Handles, Foldable, Stackable, Ideal for Clothes Blanket Towel, Large, Rustic Linen, 3-Pack","['Home & Kitchen', 'home-garden']",US,29.99,8.4,2.4,8.5,0.15,1011.0,1004.0,4.6,0.55,10000.0,1.0,20.0,50.0,25.0,20.0,90.0,75.0,35.0,65.0,B,"observed:price,sales,reviews,rating,fba_fee; estimated:search_volume,cpc",estimated_default_costs,Imported from Sorftime; ASIN B0GRGLSPHM; parent B0G89NGZQC; brand StorageWorks,https://www.amazon.com/dp/B0GRGLSPHM,35.0,Reject,6.19,0.2065,6259.61,87.3,14.3,17.4,36.0,64.0,hard oversize/logistics risk; supplier quote required; estimated profit is not a rejection gate; review count above 600; oversize risk,,hard oversize/logistics risk,,,,,,,,,,,,
category:Lidded Storage Bins,B0FVSCWNT9,B0GQM89MK8,"StorageWorks Storage Bins with Lids, Fabric Closet Storage Bins, Large","['Home & Kitchen', 'home-garden']",US,29.99,8.4,2.4,7.93,0.15,971.0,105.0,4.3,0.55,10000.0,1.0,20.0,50.0,25.0,20.0,90.0,75.0,35.0,65.0,B,"observed:price,sales,reviews,rating,fba_fee; estimated:search_volume,cpc",estimated_default_costs,Imported from Sorftime; ASIN B0FVSCWNT9; parent B0GQM89MK8; brand StorageWorks,https://www.amazon.com/dp/B0FVSCWNT9,35.0,Reject,6.76,0.2255,6565.42,87.3,50.8,19.4,36.0,64.0,hard oversize/logistics risk; supplier quote required; estimated profit is not a rejection gate; oversize risk,,hard oversize/logistics risk,,,,,,,,,,,,
category:Lidded Storage Bins,B0CJ5314QN,B0FQW6HXFC,"Homsorout Storage Bins with Lids - Fabric Closet Storage Bins with Window, Collapsible Baskets for Shelves 4 Pack, Home Decorative Boxes for Clothes, Closet, Office, Grey","['Home & Kitchen', 'home-garden']",US,26.99,7.56,2.16,8.33,0.15,948.0,711.0,4.5,0.55,10000.0,1.0,20.0,50.0,25.0,20.0,65.0,75.0,35.0,65.0,B,"observed:price,sales,reviews,rating,fba_fee; estimated:search_volume,cpc",estimated_default_costs,Imported from Sorftime; ASIN B0CJ5314QN; parent B0FQW6HXFC; brand Homsorout,https://www.amazon.com/dp/B0CJ5314QN,35.0,Reject,4.89,0.1812,4637.14,87.3,24.3,10.4,31.0,69.0,hard oversize/logistics risk; supplier quote required; estimated profit is not a rejection gate; review count above 600; oversize risk,,hard oversize/logistics risk,,,,,,,,,,,,
category:Lidded Storage Bins,B0F1YLLK3Q,B0HBMK7ZSC,Attelite Acrylic Display Case for Collectibles 3 Adjustable Layers 2Pack,"['Home & Kitchen', 'home-garden']",US,35.14,9.84,2.81,9.23,0.15,877.0,323.0,4.6,0.55,10000.0,1.0,20.0,50.0,25.0,20.0,65.0,75.0,35.0,65.0,B,"observed:price,sales,reviews,rating,fba_fee; estimated:search_volume,cpc",estimated_default_costs,Imported from Sorftime; ASIN B0F1YLLK3Q; parent B0HBMK7ZSC; brand Attelite,https://www.amazon.com/dp/B0F1YLLK3Q,35.0,Reject,7.99,0.2273,7006.35,87.3,36.8,23.1,31.0,69.0,hard oversize/logistics risk; supplier quote required; estimated profit is not a rejection gate; oversize risk,,hard oversize/logistics risk,,,,,,,,,,,,
category:Open Storage Bins,B0DFQKX3NV,B0DPN7T6HG,"Sorbus Storage Bins with Clear Window, 6 Pack (13', Pastel Multi-Color)","['Home & Kitchen', 'home-garden']",US,35.99,10.08,2.88,9.4,0.15,4699.0,163.0,4.5,0.55,10000.0,1.0,20.0,50.0,25.0,20.0,65.0,75.0,35.0,65.0,B,"observed:price,sales,reviews,rating,fba_fee; estimated:search_volume,cpc",estimated_default_costs,Imported from Sorftime; ASIN B0DFQKX3NV; parent B0DPN7T6HG; brand Sorbus,https://www.amazon.com/dp/B0DFQKX3NV,35.0,Reject,8.23,0.2287,38679.82,87.3,46.8,26.5,31.0,69.0,hard oversize/logistics risk; supplier quote required; estimated profit is not a rejection gate; oversize risk,,hard oversize/logistics risk,,,,,,,,,,,,
category:Open Storage Bins,B0CD45XMBX,B0FS1PJS58,"Pradnel Linen Closet Organizers And Storage, 4 Pack Storage Bins Baskets for Organization Foldable Organizer with Clear Window Organizing Clothing, Jeans, Shelves","['Home & Kitchen', 'home-garden']",US,19.99,5.6,1.6,8.03,0.15,2661.0,1025.0,4.6,0.55,10000.0,1.0,20.0,50.0,25.0,20.0,90.0,75.0,35.0,65.0,B,"observed:price,sales,reviews,rating,fba_fee; estimated:search_volume,cpc",estimated_default_costs,Imported from Sorftime; ASIN B0CD45XMBX; parent B0FS1PJS58; brand Pradnel,https://www.amazon.com/dp/B0CD45XMBX,35.0,Reject,1.76,0.0881,4687.35,87.3,14.3,10.5,36.0,64.0,hard oversize/logistics risk; supplier quote required; estimated profit is not a rejection gate; review count above 600; oversize risk,,hard oversize/logistics risk,,,,,,,,,,,,
category:Open Storage Bins,B0CBMSFGQ3,B0CP9295K3,"UBBCARE Set of 4 Storage Cubes-13 X 13 X 13 In, Cotton Rope Basket for Shelves, Toys, Book, Cube Storage Bin with Handles, Woven Storage Basket for Organizing, Beige","['Home & Kitchen', 'home-garden']",US,52.99,14.84,4.24,10.42,0.15,2239.0,1202.0,4.6,0.55,10000.0,1.0,20.0,50.0,25.0,20.0,90.0,75.0,35.0,65.0,B,"observed:price,sales,reviews,rating,fba_fee; estimated:search_volume,cpc",estimated_default_costs,Imported from Sorftime; ASIN B0CBMSFGQ3; parent B0CP9295K3; brand UBBCARE,https://www.amazon.com/dp/B0CBMSFGQ3,35.0,Reject,15.54,0.2933,34797.42,87.3,14.3,46.9,36.0,64.0,hard oversize/logistics risk; supplier quote required; estimated profit is not a rejection gate; review count above 600; oversize risk,,hard oversize/logistics risk,,,,,,,,,,,,
category:Open Storage Bins,B0CMZ7L4WN,B0GMHYHLZ3,"CleverMade Collapsible Milk Crate, Red, 1PK - 25L (6 Gal) Stackable Storage Bins, Holds 50lbs Per Bin - Clevercrates are Heavy Duty, Plastic Collapsible Storage Crate for Multi Purposes | Organize Files, Groceries, and Gear in One Crate | Built-In Rails Hold Letter Folders, While the Frame Stacks Securely","['Office Products', 'office-products']",US,24.99,7.0,2.0,7.74,0.15,1894.0,1673.0,4.5,0.55,10000.0,1.0,20.0,50.0,25.0,20.0,70.0,75.0,35.0,65.0,B,"observed:price,sales,reviews,rating,fba_fee; estimated:search_volume,cpc",estimated_default_costs,Imported from Sorftime; ASIN B0CMZ7L4WN; parent B0GMHYHLZ3; brand CleverMade,https://www.amazon.com/dp/B0CMZ7L4WN,35.0,Reject,4.5,0.1801,8525.84,87.3,14.3,20.0,32.0,68.0,hard oversize/logistics risk; supplier quote required; estimated profit is not a rejection gate; review count above 600; oversize risk,,hard oversize/logistics risk,,,,,,,,,,,,
category:Open Storage Bins,B0FM3K32L9,B0H5HNZTRM,"Accenter Tshirt Organize for Closet Storage,Shelves for Bedroom Storage","['Home & Kitchen', 'home-garden']",US,44.99,12.6,3.6,8.89,0.15,1509.0,516.0,3.9,0.55,10000.0,1.0,20.0,50.0,25.0,20.0,65.0,75.0,35.0,65.0,B,"observed:price,sales,reviews,rating,fba_fee; estimated:search_volume,cpc",estimated_default_costs,Imported from Sorftime; ASIN B0FM3K32L9; parent B0H5HNZTRM; brand Accenter,https://www.amazon.com/dp/B0FM3K32L9,35.0,Reject,13.15,0.2923,19845.61,87.3,30.3,41.9,31.0,69.0,hard oversize/logistics risk; supplier quote required; estimated profit is not a rejection gate; oversize risk,,hard oversize/logistics risk,,,,,,,,,,,,
category:Open Storage Bins,B0GR4GNR5F,B0GZHFVRFF,"Stowsia Storage Cubes 8 Pack, 11 Inch Fabric Storage Cubes Organizer Bins with Labels, Odor-Free & Sturdy PP Structure, Cubby Baskets for Closet, Shelves, Toys & Nursery (Beige)","['Home & Kitchen', 'home-garden']",US,25.99,7.28,2.08,8.38,0.15,1499.0,95.0,4.3,0.55,10000.0,1.0,20.0,50.0,25.0,20.0,90.0,75.0,35.0,65.0,B,"observed:price,sales,reviews,rating,fba_fee; estimated:search_volume,cpc",estimated_default_costs,Imported from Sorftime; ASIN B0GR4GNR5F; parent B0GZHFVRFF; brand Stowsia,https://www.amazon.com/dp/B0GR4GNR5F,35.0,Reject,4.35,0.1674,6522.9,87.3,58.3,15.8,36.0,64.0,hard oversize/logistics risk; supplier quote required; estimated profit is not a rejection gate; oversize risk,,hard oversize/logistics risk,,,,,,,,,,,,
category:Open Storage Bins,B00JXFREES,B00JXFREES,"Deco 79 Seagrass Storage Basket, Large Woven Basket, 20“ x 18“ x 19“, Brown","['Home & Kitchen', 'home-garden']",US,19.99,5.6,1.6,3.6,0.15,1429.0,1569.0,4.6,0.55,10000.0,1.0,20.0,50.0,25.0,20.0,90.0,50.0,20.0,42.5,C,"observed:sales,reviews,rating; estimated:price,fba_fee,search_volume,cpc",estimated_default_costs,Imported from Sorftime; ASIN B00JXFREES; parent B00JXFREES; brand deco 79,https://www.amazon.com/dp/B00JXFREES,35.0,Reject,6.19,0.3097,8847.65,87.3,14.3,30.3,36.0,64.0,hard oversize/logistics risk; supplier quote required; estimated profit is not a rejection gate; review count above 600; oversize risk; evidence confidence below supplier-validation threshold,,hard oversize/logistics risk,,,,,,,,,,,,
category:Open Storage Bins,B0G6TD4QST,B0G6THRNCR,"JMvicyroam 65L Large Woven Cotton Rope Blanket Basket, Oatmeal | Blanket Storage for Living Room or Bedroom Use, Freestanding with Reinforced Handles, Entire Basket is Machine Washable","['Home & Kitchen', 'home-garden']",US,22.99,6.44,1.84,8.5,0.15,1404.0,125.0,4.4,0.55,10000.0,1.0,20.0,50.0,25.0,20.0,90.0,75.0,35.0,65.0,B,"observed:price,sales,reviews,rating,fba_fee; estimated:search_volume,cpc",estimated_default_costs,Imported from Sorftime; ASIN B0G6TD4QST; parent B0G6THRNCR; brand JMvicyroam,https://www.amazon.com/dp/B0G6TD4QST,35.0,Reject,2.76,0.1201,3877.15,87.3,50.8,8.2,36.0,64.0,hard oversize/logistics risk; supplier quote required; estimated profit is not a rejection gate; oversize risk,,hard oversize/logistics risk,,,,,,,,,,,,
category:Open Storage Bins,B078H6ZW2T,B0BS9MFQLG,"MAX Houser 6 Pack Foldable Fabric Storage Bins with Handles, Black","['Home & Kitchen', 'home-garden']",US,22.99,6.44,1.84,9.07,0.15,1379.0,1057.0,4.6,0.55,10000.0,1.0,20.0,50.0,25.0,20.0,90.0,75.0,35.0,65.0,B,"observed:price,sales,reviews,rating,fba_fee; estimated:search_volume,cpc",estimated_default_costs,Imported from Sorftime; ASIN B078H6ZW2T; parent B0BS9MFQLG; brand MAX Houser,https://www.amazon.com/dp/B078H6ZW2T,35.0,Reject,2.19,0.0953,3022.08,87.3,14.3,5.8,36.0,64.0,hard oversize/logistics risk; supplier quote required; estimated profit is not a rejection gate; review count above 600; oversize risk,,hard oversize/logistics risk,,,,,,,,,,,,
category:Open Storage Bins,B0BQC3SRHC,B0CXXTSXTT,"Fordonral 4 Pack Linen Storage Bins, Storage Containers for Organizing Clothing, Jeans, Toys, Books, Shelves, Closet, Wardrobe - Closet Organizers and Storage, Large Storage Boxes Baskets with Window","['Home & Kitchen', 'home-garden']",US,19.99,5.6,1.6,7.74,0.15,1361.0,784.0,4.6,0.55,10000.0,1.0,20.0,50.0,25.0,20.0,90.0,75.0,35.0,65.0,B,"observed:price,sales,reviews,rating,fba_fee; estimated:search_volume,cpc",estimated_default_costs,Imported from Sorftime; ASIN B0BQC3SRHC; parent B0CXXTSXTT; brand Fordonral,https://www.amazon.com/dp/B0BQC3SRHC,35.0,Reject,2.05,0.1026,2792.09,87.3,24.3,5.1,36.0,64.0,hard oversize/logistics risk; supplier quote required; estimated profit is not a rejection gate; review count above 600; oversize risk,,hard oversize/logistics risk,,,,,,,,,,,,
category:Open Storage Bins,B08L3K1R61,B0DHWZ99VK,"DIMJ Storage Cubes, 11x 11 inch Cube Storage Bin, 6 Pack Closet organizers and storage Bins with Window, Collapsible Baskets with Handle for Shelves, Clothes, Toys, Books (Grey)","['Home & Kitchen', 'home-garden']",US,20.88,5.85,1.67,8.05,0.15,1149.0,1512.0,4.6,0.55,10000.0,1.0,20.0,50.0,25.0,20.0,90.0,75.0,35.0,65.0,B,"observed:price,sales,reviews,rating,fba_fee; estimated:search_volume,cpc",estimated_default_costs,Imported from Sorftime; ASIN B08L3K1R61; parent B0DHWZ99VK; brand DIMJ,https://www.amazon.com/dp/B08L3K1R61,35.0,Reject,2.18,0.1043,2502.52,87.3,14.3,4.3,36.0,64.0,hard oversize/logistics risk; supplier quote required; estimated profit is not a rejection gate; review count above 600; oversize risk,,hard oversize/logistics risk,,,,,,,,,,,,
category:Open Storage Bins,B0BZMFVLGK,B0FVSM6JS5,"Fordonral Pack of 3 Large Capacity Storage Bins Closet Organizer System, Sturdy Foldable Storage Boxes for Organizing Clothing, Sheets, Toys, Books - Shelf Organizer Shelves Basket Storage Bin","['Home & Kitchen', 'home-garden']",US,16.99,4.76,1.36,11.9,0.15,1063.0,1213.0,4.5,0.55,10000.0,1.0,20.0,50.0,25.0,20.0,90.0,75.0,35.0,65.0,B,"observed:price,sales,reviews,rating,fba_fee; estimated:search_volume,cpc",estimated_default_costs,Imported from Sorftime; ASIN B0BZMFVLGK; parent B0FVSM6JS5; brand Fordonral,https://www.amazon.com/dp/B0BZMFVLGK,35.0,Reject,-3.58,-0.2106,-3803.95,87.3,14.3,0.0,36.0,64.0,hard oversize/logistics risk; supplier quote required; estimated profit is not a rejection gate; review count above 600; oversize risk,,hard oversize/logistics risk,,,,,,,,,,,,
category:Open Storage Bins,B0CQYZ8PKY,B0CQYWP76M,"MidmmVick 13 x 13 Inch Cube Storage Bins, 6 Pack Extra Large Collapsible Fabric Storage Bin with Ropes, Foldable Storage Cubes for Home (White & Beige-13“x13“x13“)","['Home & Kitchen', 'home-garden']",US,39.99,11.2,3.2,10.41,0.15,1047.0,625.0,4.6,0.55,10000.0,1.0,20.0,50.0,25.0,20.0,90.0,75.0,35.0,65.0,B,"observed:price,sales,reviews,rating,fba_fee; estimated:search_volume,cpc",estimated_default_costs,Imported from Sorftime; ASIN B0CQYZ8PKY; parent B0CQYWP76M; brand MidmmVick,https://www.amazon.com/dp/B0CQYZ8PKY,35.0,Reject,9.18,0.2296,9613.03,87.3,24.3,28.4,36.0,64.0,hard oversize/logistics risk; supplier quote required; estimated profit is not a rejection gate; review count above 600; oversize risk,,hard oversize/logistics risk,,,,,,,,,,,,
category:Open Storage Bins,B0CM9LDQP3,B0CP93FV1P,SNWDN 6 Pack Closet Cloth Storage Bins with Handles（ Gray 15’’L x 10.2’’W x 8.2’’H）,"['Home & Kitchen', 'home-garden']",US,35.99,10.08,2.88,13.24,0.15,1001.0,295.0,4.5,0.55,10000.0,1.0,20.0,50.0,25.0,20.0,90.0,75.0,35.0,65.0,B,"observed:price,sales,reviews,rating,fba_fee; estimated:search_volume,cpc",estimated_default_costs,Imported from Sorftime; ASIN B0CM9LDQP3; parent B0CP93FV1P; brand SNWDN,https://www.amazon.com/dp/B0CM9LDQP3,35.0,Reject,4.39,0.122,4395.89,87.3,36.8,9.7,36.0,64.0,hard oversize/logistics risk; supplier quote required; estimated profit is not a rejection gate; oversize risk,,hard oversize/logistics risk,,,,,,,,,,,,
category:Open Storage Bins,B0H834VQYW,B0D5HPRKX2,OIAHOMY 2 PACK Tall Storage baskets 30L Collapsible Storage Bins Pure Brown,"['Home & Kitchen', 'home-garden']",US,30.99,8.68,2.48,12.67,0.15,984.0,415.0,4.6,0.55,10000.0,1.0,20.0,50.0,25.0,20.0,70.0,75.0,35.0,65.0,B,"observed:price,sales,reviews,rating,fba_fee; estimated:search_volume,cpc",estimated_default_costs,Imported from Sorftime; ASIN B0H834VQYW; parent B0D5HPRKX2; brand OIAHOMY,https://www.amazon.com/dp/B0H834VQYW,35.0,Reject,2.51,0.081,2471.32,87.3,24.3,4.2,32.0,68.0,hard oversize/logistics risk; supplier quote required; estimated profit is not a rejection gate; oversize risk,,hard oversize/logistics risk,,,,,,,,,,,,
category:Open Storage Bins,B08FJ9DPR2,B0BC3LRHVQ,"Fabric storage cubes (Set of 8) 11 Inch Cube Storage Bin, cube storage with 8 Labels Window Cards & a Pen, Foldable cube organizer bins, 11x11 storage bin, Cubby Organizer bins, Gray","['Home & Kitchen', 'home-garden']",US,36.99,10.36,2.96,9.32,0.15,946.0,897.0,4.6,0.55,10000.0,1.0,20.0,50.0,25.0,20.0,90.0,75.0,35.0,65.0,B,"observed:price,sales,reviews,rating,fba_fee; estimated:search_volume,cpc",estimated_default_costs,Imported from Sorftime; ASIN B08FJ9DPR2; parent B0BC3LRHVQ; brand artsdi,https://www.amazon.com/dp/B08FJ9DPR2,35.0,Reject,8.8,0.2379,8326.22,87.3,14.3,27.6,36.0,64.0,hard oversize/logistics risk; supplier quote required; estimated profit is not a rejection gate; review count above 600; oversize risk,,hard oversize/logistics risk,,,,,,,,,,,,
category:Open Storage Bins,B0B4Z845NT,B0BHGR1XKV,"United Solutions Easy-Access Storage Rope Handle Tub, 19 Gallon, Blue, 2 Count (TU0335)","['Home & Kitchen', 'home-garden']",US,51.57,14.44,4.13,62.39,0.15,915.0,419.0,4.5,0.55,10000.0,1.0,20.0,50.0,25.0,20.0,65.0,75.0,35.0,65.0,B,"observed:price,sales,reviews,rating,fba_fee; estimated:search_volume,cpc",estimated_default_costs,Imported from Sorftime; ASIN B0B4Z845NT; parent B0BHGR1XKV; brand United Solutions,https://www.amazon.com/dp/B0B4Z845NT,35.0,Reject,-37.13,-0.7199,-33969.83,87.3,24.3,0.0,31.0,69.0,hard oversize/logistics risk; supplier quote required; estimated profit is not a rejection gate; oversize risk,,hard oversize/logistics risk,,,,,,,,,,,,
category:Open Storage Bins,B0DPD9VXGQ,B0GQ2XVD5C,"ORGIDOL 10 Pack Colorful Plastic Storage Bins, Storage Container for Organizing, Colored Storage Boxes with Handle for Shelves, Cute Organizer Bins for Craft, Snacks, Cabinet, 9.69x6.7x5.7 inch","['Home & Kitchen', 'home-garden']",US,25.99,7.28,2.08,10.13,0.15,912.0,203.0,4.5,0.55,10000.0,1.0,20.0,50.0,25.0,20.0,90.0,75.0,35.0,65.0,B,"observed:price,sales,reviews,rating,fba_fee; estimated:search_volume,cpc",estimated_default_costs,Imported from Sorftime; ASIN B0DPD9VXGQ; parent B0GQ2XVD5C; brand ORGIDOL,https://www.amazon.com/dp/B0DPD9VXGQ,35.0,Reject,2.6,0.1001,2372.57,87.3,36.8,3.9,36.0,64.0,hard oversize/logistics risk; supplier quote required; estimated profit is not a rejection gate; oversize risk,,hard oversize/logistics risk,,,,,,,,,,,,
category:Open Storage Bins,B0F4DJM1C1,B0FCG2BNC7,"Homsorout Large Closet Organizers and Storage Bins - 8 Pack Trapezoid Storage Baskets for Shelves, Foldable Fabric Baskets with Handles Ideal for Closet, Basket, Wardrobe and Shelf Storage, Beige","['Home & Kitchen', 'home-garden']",US,29.99,8.4,2.4,9.31,0.15,903.0,195.0,4.5,0.55,10000.0,1.0,20.0,50.0,25.0,20.0,90.0,75.0,35.0,65.0,B,"observed:price,sales,reviews,rating,fba_fee; estimated:search_volume,cpc",estimated_default_costs,Imported from Sorftime; ASIN B0F4DJM1C1; parent B0FCG2BNC7; brand Homsorout,https://www.amazon.com/dp/B0F4DJM1C1,35.0,Reject,5.38,0.1794,4859.49,87.3,46.8,11.8,36.0,64.0,hard oversize/logistics risk; supplier quote required; estimated profit is not a rejection gate; oversize risk,,hard oversize/logistics risk,,,,,,,,,,,,
category:Open Storage Bins,B0DXPXPYZ3,B0D3LK5L6Z,OIAHOMY 3 PACK Cube Storage Bin 13 Inch Collapsible Storage Cube Brown,"['Home & Kitchen', 'home-garden']",US,39.99,11.2,3.2,9.76,0.15,896.0,378.0,4.6,0.55,10000.0,1.0,20.0,50.0,25.0,20.0,65.0,75.0,35.0,65.0,B,"observed:price,sales,reviews,rating,fba_fee; estimated:search_volume,cpc",estimated_default_costs,Imported from Sorftime; ASIN B0DXPXPYZ3; parent B0D3LK5L6Z; brand OIAHOMY,https://www.amazon.com/dp/B0DXPXPYZ3,35.0,Reject,9.83,0.2458,8809.02,87.3,36.8,29.7,31.0,69.0,hard oversize/logistics risk; supplier quote required; estimated profit is not a rejection gate; oversize risk,,hard oversize/logistics risk,,,,,,,,,,,,
category:Open Storage Bins,B0BVPWQBYF,B0C7D2MG1X,"Hoolerry 24 Pack Classroom Storage Bins, 11.5 x 7.5 x 5 Inch, Colorful | Plastic Cubby Organizer Bins with Labels, Classroom Stackable Storage Bins, Shelves Book Toy Organization, Cubby Bins Bulk","['Home & Kitchen', 'home-garden']",US,61.99,17.36,4.96,16.62,0.15,891.0,118.0,4.5,0.55,10000.0,1.0,20.0,50.0,25.0,20.0,90.0,75.0,35.0,65.0,B,"observed:price,sales,reviews,rating,fba_fee; estimated:search_volume,cpc",estimated_default_costs,Imported from Sorftime; ASIN B0BVPWQBYF; parent B0C7D2MG1X; brand Hoolerry,https://www.amazon.com/dp/B0BVPWQBYF,35.0,Reject,13.75,0.2218,12252.59,87.3,46.8,37.5,36.0,64.0,hard oversize/logistics risk; supplier quote required; estimated profit is not a rejection gate; oversize risk,,hard oversize/logistics risk,,,,,,,,,,,,
category:Open Storage Bins,B0D2QYNRLD,B0F48H5ZVY,"RattanView 6 Pcs 11in Cube Storage Bins Crayon Classroom Cubbies Fabric | Colorful Organizers for Daycare, Stackable Collapsible Design, Treasure Prize Boxes for Students, School Supply Storage","['Home & Kitchen', 'home-garden']",US,29.99,8.4,2.4,8.11,0.15,867.0,114.0,4.5,0.55,10000.0,1.0,20.0,50.0,25.0,20.0,90.0,75.0,35.0,65.0,B,"observed:price,sales,reviews,rating,fba_fee; estimated:search_volume,cpc",estimated_default_costs,Imported from Sorftime; ASIN B0D2QYNRLD; parent B0F48H5ZVY; brand RattanView,https://www.amazon.com/dp/B0D2QYNRLD,35.0,Reject,6.58,0.2195,5706.16,87.3,46.8,16.6,36.0,64.0,hard oversize/logistics risk; supplier quote required; estimated profit is not a rejection gate; oversize risk,,hard oversize/logistics risk,,,,,,,,,,,,
category:Open Storage Bins,B0D3VNFKH5,B0D3VHD9X5,CPAKOWLGOO Dog Toy Basket Collapsible Dog Toy Box Foldable Dog Toy Bin for Pet Toys Accessories,"['Home & Kitchen', 'home-garden']",US,14.99,4.2,1.2,5.36,0.15,836.0,425.0,4.6,0.55,10000.0,1.0,20.0,50.0,25.0,20.0,65.0,75.0,35.0,65.0,B,"observed:price,sales,reviews,rating,fba_fee; estimated:search_volume,cpc",estimated_default_costs,Imported from Sorftime; ASIN B0D3VNFKH5; parent B0D3VHD9X5; brand CPAKOWLGOO,https://www.amazon.com/dp/B0D3VNFKH5,35.0,Reject,1.98,0.1322,1656.53,87.3,24.3,1.9,31.0,69.0,hard oversize/logistics risk; supplier quote required; estimated profit is not a rejection gate; oversize risk,,hard oversize/logistics risk,,,,,,,,,,,,
category:Open Storage Bins,B0DKBYD2W2,B0DKJDKTY3,"ECDYQXVU 13x13x13 Inch Storage Cube Bins Foldable Organizer Baskets 6 Pack | Soft Cotton Handles, Premium EVA Fabric, Hard Cardboard Bottom, Sturdy Metal Rim, Closet Shelf, Living Room, Bedroom, Laundry","['Home & Kitchen', 'home-garden']",US,38.99,10.92,3.12,10.22,0.15,824.0,379.0,4.6,0.55,10000.0,1.0,20.0,50.0,25.0,20.0,65.0,75.0,35.0,65.0,B,"observed:price,sales,reviews,rating,fba_fee; estimated:search_volume,cpc",estimated_default_costs,Imported from Sorftime; ASIN B0DKBYD2W2; parent B0DKJDKTY3; brand ECDYQXVU,https://www.amazon.com/dp/B0DKBYD2W2,35.0,Reject,8.88,0.2278,7318.36,87.3,36.8,25.8,31.0,69.0,hard oversize/logistics risk; supplier quote required; estimated profit is not a rejection gate; oversize risk,,hard oversize/logistics risk,,,,,,,,,,,,
category:Open Storage Bins,B0GWCKKT5X,B0H63DMW79,"6 Pack Large Closet Storage Baskets Bins for Shelves, Collapsible Fabric Closet Organizers and Storage with Polyester Handles, Decorative Baskets for Organizing Clothes, Towels, Linen Closet 14“x10“","['Home & Kitchen', 'home-garden']",US,26.99,7.56,2.16,8.12,0.15,792.0,65.0,4.6,0.55,10000.0,1.0,20.0,50.0,25.0,20.0,90.0,75.0,35.0,65.0,B,"observed:price,sales,reviews,rating,fba_fee; estimated:search_volume,cpc",estimated_default_costs,Imported from Sorftime; ASIN B0GWCKKT5X; parent B0H63DMW79; brand DIMJ,https://www.amazon.com/dp/B0GWCKKT5X,35.0,Reject,5.1,0.189,4040.39,87.3,54.3,8.9,36.0,64.0,hard oversize/logistics risk; supplier quote required; estimated profit is not a rejection gate; oversize risk,,hard oversize/logistics risk,,,,,,,,,,,,
category:Open Storage Bins,B0FV7LYNC2,B0G4HP1VGD,"CHICVITA 4 Pack Fabric Storage Bins for Shelves, 20L Black & White","['Home & Kitchen', 'home-garden']",US,29.99,8.4,2.4,8.17,0.15,773.0,132.0,4.4,0.55,10000.0,1.0,20.0,50.0,25.0,20.0,90.0,75.0,35.0,65.0,B,"observed:price,sales,reviews,rating,fba_fee; estimated:search_volume,cpc",estimated_default_costs,Imported from Sorftime; ASIN B0FV7LYNC2; parent B0G4HP1VGD; brand CHICVITA,https://www.amazon.com/dp/B0FV7LYNC2,35.0,Reject,6.52,0.2175,5041.12,87.3,50.8,14.6,36.0,64.0,hard oversize/logistics risk; supplier quote required; estimated profit is not a rejection gate; oversize risk,,hard oversize/logistics risk,,,,,,,,,,,,
category:Open Storage Bins,B09XH7YKYV,B0BKG7YGK3,"Thankspaw Dog Toy Basket, Storage Bin, Collapsible Box for Pet Accessories | Fabric Container With Handle, Trapezoid Holder for Small Medium dogs, Organizer for Living Room, Gray","['Home & Kitchen', 'home-garden']",US,16.99,4.76,1.36,5.88,0.15,771.0,1980.0,4.6,0.55,10000.0,1.0,20.0,50.0,25.0,20.0,65.0,75.0,35.0,65.0,B,"observed:price,sales,reviews,rating,fba_fee; estimated:search_volume,cpc",estimated_default_costs,Imported from Sorftime; ASIN B09XH7YKYV; parent B0BKG7YGK3; brand Thankspaw,https://www.amazon.com/dp/B09XH7YKYV,35.0,Reject,2.44,0.1437,1882.4,87.3,14.3,2.5,31.0,69.0,hard oversize/logistics risk; supplier quote required; estimated profit is not a rejection gate; review count above 600; oversize risk,,hard oversize/logistics risk,,,,,,,,,,,,
category:Open Storage Bins,B0FFMYP674,B0GHYJ6889,Dandat 36 Pcs Book Bins for Classroom Plastic Cubby Bins Vintage Color,"['Home & Kitchen', 'home-garden']",US,69.99,19.6,5.6,17.47,0.15,756.0,104.0,4.6,0.55,10000.0,1.0,20.0,50.0,25.0,20.0,90.0,75.0,35.0,65.0,B,"observed:price,sales,reviews,rating,fba_fee; estimated:search_volume,cpc",estimated_default_costs,Imported from Sorftime; ASIN B0FFMYP674; parent B0GHYJ6889; brand Dandat,https://www.amazon.com/dp/B0FFMYP674,35.0,Reject,16.82,0.2403,12717.05,87.3,46.8,43.6,36.0,64.0,hard oversize/logistics risk; supplier quote required; estimated profit is not a rejection gate; oversize risk,,hard oversize/logistics risk,,,,,,,,,,,,
category:Shelf Baskets,B0H3ZD8FR6,B0C9JM6C67,"Bagnizer Storage Bins Large Fabric Storage Baskets for Shelves 3 Pack, Decorative Linen Closet Baskets with Handles for Organizing, Shelf, Clothes, Home, Office, 15x11x9.5Inches (White)","['Home & Kitchen', 'home-garden']",US,19.99,5.6,1.6,3.6,0.15,3706.0,1833.0,4.6,0.55,10000.0,1.0,20.0,50.0,25.0,20.0,90.0,50.0,20.0,42.5,C,"observed:sales,reviews,rating; estimated:price,fba_fee,search_volume,cpc",estimated_default_costs,Imported from Sorftime; ASIN B0H3ZD8FR6; parent B0C9JM6C67; brand Bagnizer,https://www.amazon.com/dp/B0H3ZD8FR6,35.0,Reject,6.19,0.3097,22945.7,87.3,14.3,30.3,36.0,64.0,hard oversize/logistics risk; supplier quote required; estimated profit is not a rejection gate; review count above 600; oversize risk; evidence confidence below supplier-validation threshold,,hard oversize/logistics risk,,,,,,,,,,,,
category:Shelf Baskets,B0CQVL6M9S,B0D9LSRFJJ,"WYT 12-Pack Plastic Small Shelf Storage Weave Baskets for Organizing, White","['Home & Kitchen', 'home-garden']",US,32.99,9.24,2.64,10.04,0.15,3677.0,1872.0,4.6,0.55,10000.0,1.0,20.0,50.0,25.0,20.0,90.0,75.0,35.0,65.0,B,"observed:price,sales,reviews,rating,fba_fee; estimated:search_volume,cpc",estimated_default_costs,Imported from Sorftime; ASIN B0CQVL6M9S; parent B0D9LSRFJJ; brand WYT,https://www.amazon.com/dp/B0CQVL6M9S,35.0,Reject,6.12,0.1856,22508.76,87.3,14.3,22.2,36.0,64.0,hard oversize/logistics risk; supplier quote required; estimated profit is not a rejection gate; review count above 600; oversize risk,,hard oversize/logistics risk,,,,,,,,,,,,
category:Shelf Baskets,B0GJDW2CDL,B0H7XQDXNT,"Yilobi 5 Pack Small Woven Storage Baskets for Shelves, Gift Baskets Empty","['Home & Kitchen', 'home-garden']",US,28.99,8.12,2.32,7.99,0.15,3580.0,330.0,4.0,0.55,10000.0,1.0,20.0,50.0,25.0,20.0,90.0,75.0,35.0,65.0,B,"observed:price,sales,reviews,rating,fba_fee; estimated:search_volume,cpc",estimated_default_costs,Imported from Sorftime; ASIN B0GJDW2CDL; parent B0H7XQDXNT; brand Yilobi,https://www.amazon.com/dp/B0GJDW2CDL,35.0,Reject,6.21,0.2143,22237.17,87.3,42.8,22.4,36.0,64.0,hard oversize/logistics risk; supplier quote required; estimated profit is not a rejection gate; oversize risk,,hard oversize/logistics risk,,,,,,,,,,,,
category:Shelf Baskets,B0C3PLGMCQ,B00XAX08OW,"BINO | Woven Plastic Basket | Small (Natural), 5-Pack | THE JUTE COLLECTION | Home Organization, Space - Saving Storage, Stylish Design | Jute Basket | Plastic Storage Basket","['Home & Kitchen', 'home-garden']",US,20.99,5.88,1.68,7.44,0.15,3043.0,1958.0,4.6,0.55,10000.0,1.0,20.0,50.0,25.0,20.0,90.0,75.0,35.0,65.0,B,"observed:price,sales,reviews,rating,fba_fee; estimated:search_volume,cpc",estimated_default_costs,Imported from Sorftime; ASIN B0C3PLGMCQ; parent B00XAX08OW; brand BINO,https://www.amazon.com/dp/B0C3PLGMCQ,35.0,Reject,2.84,0.1354,8646.68,87.3,14.3,20.0,36.0,64.0,hard oversize/logistics risk; supplier quote required; estimated profit is not a rejection gate; review count above 600; oversize risk,,hard oversize/logistics risk,,,,,,,,,,,,
category:Shelf Baskets,B0DK4JZN9P,B0GY89H2YZ,"WRRLORS 6 Pack Plastic Storage Baskets with Lid,White Stackable Bins | Durable Woven Plastic With handle Breathable,Save space,For Organizing Desktops, Closets, Playrooms, Classrooms, Offices","['Home & Kitchen', 'home-garden']",US,23.99,6.72,1.92,9.08,0.15,2971.0,688.0,4.5,0.55,10000.0,1.0,20.0,50.0,25.0,20.0,90.0,75.0,35.0,65.0,B,"observed:price,sales,reviews,rating,fba_fee; estimated:search_volume,cpc",estimated_default_costs,Imported from Sorftime; ASIN B0DK4JZN9P; parent B0GY89H2YZ; brand Wrrlors,https://www.amazon.com/dp/B0DK4JZN9P,35.0,Reject,2.67,0.1114,7937.03,87.3,24.3,19.8,36.0,64.0,hard oversize/logistics risk; supplier quote required; estimated profit is not a rejection gate; review count above 600; oversize risk,,hard oversize/logistics risk,,,,,,,,,,,,
category:Shelf Baskets,B0DJ4JW4KS,B0CZKHD37T,OIAHOMY 4 Pack Storage Baskets for Organizing 15L Cube Storage Bins Black,"['Home & Kitchen', 'home-garden']",US,36.99,10.36,2.96,9.75,0.15,2523.0,856.0,4.4,0.55,10000.0,1.0,20.0,50.0,25.0,20.0,90.0,75.0,35.0,65.0,B,"observed:price,sales,reviews,rating,fba_fee; estimated:search_volume,cpc",estimated_default_costs,Imported from Sorftime; ASIN B0DJ4JW4KS; parent B0CZKHD37T; brand OIAHOMY,https://www.amazon.com/dp/B0DJ4JW4KS,35.0,Reject,8.37,0.2263,21121.29,87.3,18.3,26.7,36.0,64.0,hard oversize/logistics risk; supplier quote required; estimated profit is not a rejection gate; review count above 600; oversize risk,,hard oversize/logistics risk,,,,,,,,,,,,
category:Shelf Baskets,B09KV63ZTG,B09P1DR64K,"Hipiwe Wicker Shelf Baskets Bin with Lid Large Handwoven Basket Box, Coffee | Natural Seagrass Storage Baskets, Rectangular Household Basket Boxes for Shelf Wardrobe Home Organizer","['Home & Kitchen', 'home-garden']",US,28.99,8.12,2.32,9.37,0.15,2426.0,2229.0,4.6,0.55,10000.0,1.0,20.0,50.0,25.0,20.0,90.0,75.0,35.0,65.0,B,"observed:price,sales,reviews,rating,fba_fee; estimated:search_volume,cpc",estimated_default_costs,Imported from Sorftime; ASIN B09KV63ZTG; parent B09P1DR64K; brand Hipiwe,https://www.amazon.com/dp/B09KV63ZTG,35.0,Reject,4.83,0.1667,11721.22,87.3,14.3,20.0,36.0,64.0,hard oversize/logistics risk; supplier quote required; estimated profit is not a rejection gate; review count above 600; oversize risk,,hard oversize/logistics risk,,,,,,,,,,,,
category:Shelf Baskets,B0DD7KVD8X,B0FQP37S2N,"SETVSON Storage Basket with Lid Rattan Woven Storage Baskets with 2 Separate Lids, 17.2 Gallon (65 L), 22 x 13 x 13.8 Inches,Foldable, 2 Removable Liner Bags Handles for Bedroom, Laundry Room Natural","['Home & Kitchen', 'home-garden']",US,47.99,13.44,3.84,13.64,0.15,2134.0,607.0,4.5,0.55,10000.0,1.0,20.0,50.0,25.0,20.0,90.0,75.0,35.0,65.0,B,"observed:price,sales,reviews,rating,fba_fee; estimated:search_volume,cpc",estimated_default_costs,Imported from Sorftime; ASIN B0DD7KVD8X; parent B0FQP37S2N; brand SETVSON,https://www.amazon.com/dp/B0DD7KVD8X,35.0,Reject,9.87,0.2057,21065.78,87.3,24.3,29.7,36.0,64.0,hard oversize/logistics risk; supplier quote required; estimated profit is not a rejection gate; review count above 600; oversize risk,,hard oversize/logistics risk,,,,,,,,,,,,
category:Shelf Baskets,B0CWPDJTNC,B0CWPKG9C7,"ICERZCZ Storage Baskets for Organizing 12.5“x9.1“x7.9“ (4 Packs) Off White | Storage Bin for Shelves, Woven Cotton Rope Basket with Handles for Bedroom Living Room Nursery Bathroom","['Home & Kitchen', 'home-garden']",US,36.99,10.36,2.96,10.7,0.15,2006.0,501.0,4.4,0.55,10000.0,1.0,20.0,50.0,25.0,20.0,65.0,75.0,35.0,65.0,B,"observed:price,sales,reviews,rating,fba_fee; estimated:search_volume,cpc",estimated_default_costs,Imported from Sorftime; ASIN B0CWPDJTNC; parent B0CWPKG9C7; brand ICERZCZ,https://www.amazon.com/dp/B0CWPDJTNC,35.0,Reject,7.42,0.2006,14887.53,87.3,28.3,24.8,31.0,69.0,hard oversize/logistics risk; supplier quote required; estimated profit is not a rejection gate; oversize risk,,hard oversize/logistics risk,,,,,,,,,,,,
category:Shelf Baskets,B0F9PPL53Y,B0FHWJXPLF,"Homsorout Fabric Storage Bins for Organizing - 6 Pack Large Trapezoid Collapsible Storage Bins with Front Handle, Closet Organizers and Storage for Bedroom, Home Shelves, Small Spaces, Beige","['Home & Kitchen', 'home-garden']",US,22.94,6.42,1.84,8.35,0.15,1580.0,197.0,4.6,0.55,10000.0,1.0,20.0,50.0,25.0,20.0,90.0,75.0,35.0,65.0,B,"observed:price,sales,reviews,rating,fba_fee; estimated:search_volume,cpc",estimated_default_costs,Imported from Sorftime; ASIN B0F9PPL53Y; parent B0FHWJXPLF; brand Homsorout,https://www.amazon.com/dp/B0F9PPL53Y,35.0,Reject,2.89,0.1259,4564.62,87.3,46.8,10.2,36.0,64.0,hard oversize/logistics risk; supplier quote required; estimated profit is not a rejection gate; oversize risk,,hard oversize/logistics risk,,,,,,,,,,,,
category:Shelf Baskets,B09SWLFKVD,B09SWK4XQ4,"Eslite Plastic Storage Baskets for Organizing,11“X8.5“X4.7“,Pack of 4 (Black)","['Home & Kitchen', 'home-garden']",US,28.99,8.12,2.32,8.6,0.15,1553.0,883.0,4.6,0.55,10000.0,1.0,20.0,50.0,25.0,20.0,90.0,75.0,35.0,65.0,B,"observed:price,sales,reviews,rating,fba_fee; estimated:search_volume,cpc",estimated_default_costs,Imported from Sorftime; ASIN B09SWLFKVD; parent B09SWK4XQ4; brand Eslite,https://www.amazon.com/dp/B09SWLFKVD,35.0,Reject,5.6,0.1932,8699.13,87.3,14.3,21.2,36.0,64.0,hard oversize/logistics risk; supplier quote required; estimated profit is not a rejection gate; review count above 600; oversize risk,,hard oversize/logistics risk,,,,,,,,,,,,
category:Shelf Baskets,B0CN3FB34G,B0CQXBP6PT,"CHICVITA 30L Large Fabric Closet Bins for Shelves, 2Pack, Beige","['Home & Kitchen', 'home-garden']",US,16.99,4.76,1.36,6.75,0.15,1448.0,651.0,4.6,0.55,10000.0,1.0,20.0,50.0,25.0,20.0,70.0,75.0,35.0,65.0,B,"observed:price,sales,reviews,rating,fba_fee; estimated:search_volume,cpc",estimated_default_costs,Imported from Sorftime; ASIN B0CN3FB34G; parent B0CQXBP6PT; brand CHICVITA,https://www.amazon.com/dp/B0CN3FB34G,35.0,Reject,1.57,0.0925,2275.53,87.3,24.3,3.6,32.0,68.0,hard oversize/logistics risk; supplier quote required; estimated profit is not a rejection gate; review count above 600; oversize risk,,hard oversize/logistics risk,,,,,,,,,,,,
category:Shelf Baskets,B0D3LVYZBH,B0D3LXLR7X,Beautiful Storage Basket Set of 5 - Sturdy Cotton Rope Baskets for Shelves,"['Home & Kitchen', 'home-garden']",US,21.99,6.16,1.76,7.93,0.15,1448.0,670.0,4.6,0.55,10000.0,1.0,20.0,50.0,25.0,20.0,90.0,75.0,35.0,65.0,B,"observed:price,sales,reviews,rating,fba_fee; estimated:search_volume,cpc",estimated_default_costs,Imported from Sorftime; ASIN B0D3LVYZBH; parent B0D3LXLR7X; brand ZICOTO,https://www.amazon.com/dp/B0D3LVYZBH,35.0,Reject,2.84,0.1292,4114.49,87.3,24.3,8.9,36.0,64.0,hard oversize/logistics risk; supplier quote required; estimated profit is not a rejection gate; review count above 600; oversize risk,,hard oversize/logistics risk,,,,,,,,,,,,
category:Shelf Baskets,B0D53HMSX1,B0DNSDRWCR,"Wicker Storage Basket, Set of 2 Hand-Woven Paper Rope Wicker Basket, Small Storage Baskets for Organizing Toilet Paper Basket, Foldable Large Cube Storage Organizer Bins for Shelves (Blue)","['Home & Kitchen', 'home-garden']",US,38.99,10.92,3.12,12.82,0.15,1422.0,980.0,4.5,0.55,10000.0,1.0,20.0,50.0,25.0,20.0,90.0,75.0,35.0,65.0,B,"observed:price,sales,reviews,rating,fba_fee; estimated:search_volume,cpc",estimated_default_costs,Imported from Sorftime; ASIN B0D53HMSX1; parent B0DNSDRWCR; brand Vagusicc,https://www.amazon.com/dp/B0D53HMSX1,35.0,Reject,6.28,0.1611,8932.29,87.3,14.3,22.6,36.0,64.0,hard oversize/logistics risk; supplier quote required; estimated profit is not a rejection gate; review count above 600; oversize risk,,hard oversize/logistics risk,,,,,,,,,,,,
category:Shelf Baskets,B0F5W91H7T,B0GCBP59B6,3 Pack Large Capacity Storage Bins Closet Organizer for Shelves,"['Home & Kitchen', 'home-garden']",US,23.99,6.72,1.92,8.0,0.15,1372.0,478.0,4.6,0.55,10000.0,1.0,20.0,50.0,25.0,20.0,90.0,75.0,35.0,65.0,B,"observed:price,sales,reviews,rating,fba_fee; estimated:search_volume,cpc",estimated_default_costs,Imported from Sorftime; ASIN B0F5W91H7T; parent B0GCBP59B6; brand WGGWE,https://www.amazon.com/dp/B0F5W91H7T,35.0,Reject,3.75,0.1564,5147.06,87.3,24.3,11.8,36.0,64.0,hard oversize/logistics risk; supplier quote required; estimated profit is not a rejection gate; oversize risk,,hard oversize/logistics risk,,,,,,,,,,,,
category:Shelf Baskets,B0FP5B3PWX,B0FP52TSWS,"5 Pack Woven Storage Baskets, Decorative Storage Bins for Organizing","['Home & Kitchen', 'home-garden']",US,33.99,9.52,2.72,9.13,0.15,1334.0,455.0,4.4,0.55,10000.0,1.0,20.0,50.0,25.0,20.0,90.0,75.0,35.0,65.0,B,"observed:price,sales,reviews,rating,fba_fee; estimated:search_volume,cpc",estimated_default_costs,Imported from Sorftime; ASIN B0FP5B3PWX; parent B0FP52TSWS; brand Yilobi,https://www.amazon.com/dp/B0FP5B3PWX,35.0,Reject,7.52,0.2213,10033.68,87.3,28.3,25.0,36.0,64.0,hard oversize/logistics risk; supplier quote required; estimated profit is not a rejection gate; oversize risk,,hard oversize/logistics risk,,,,,,,,,,,,
category:Shelf Baskets,B0FPC9HSG9,B0FPDYN47N,"Fabric Closet Storage Cubes - 6 Pack Square Storage Bins with Dual Handles for Clothes, Towels, Toys, Cube Storage Organizers for Bedroom, Nursery, Shelves, Closet, Small Spaces, Beige","['Home & Kitchen', 'home-garden']",US,23.99,6.72,1.92,8.11,0.15,1301.0,183.0,4.4,0.55,10000.0,1.0,20.0,50.0,25.0,20.0,90.0,75.0,35.0,65.0,B,"observed:price,sales,reviews,rating,fba_fee; estimated:search_volume,cpc",estimated_default_costs,Imported from Sorftime; ASIN B0FPC9HSG9; parent B0FPDYN47N; brand Homsorout,https://www.amazon.com/dp/B0FPC9HSG9,35.0,Reject,3.64,0.1518,4737.59,87.3,50.8,10.7,36.0,64.0,hard oversize/logistics risk; supplier quote required; estimated profit is not a rejection gate; oversize risk,,hard oversize/logistics risk,,,,,,,,,,,,
category:Shelf Baskets,B09JRKM19R,B09JS6ZM1S,"Vagusicc Wicker Basket, Set of 2 Hand-Woven Paper Rope Storage Baskets for Organizing, Foldable Cubby Storage Bins, 11 Inch Large Wicker Storage Basket, Square Baskets Cube Storage Organizer, Brown","['Home & Kitchen', 'home-garden']",US,36.99,10.36,2.96,12.78,0.15,1292.0,1552.0,4.6,0.55,10000.0,1.0,20.0,50.0,25.0,20.0,90.0,75.0,35.0,65.0,B,"observed:price,sales,reviews,rating,fba_fee; estimated:search_volume,cpc",estimated_default_costs,Imported from Sorftime; ASIN B09JRKM19R; parent B09JS6ZM1S; brand Vagusicc,https://www.amazon.com/dp/B09JRKM19R,35.0,Reject,5.34,0.1444,6901.22,87.3,14.3,17.5,36.0,64.0,hard oversize/logistics risk; supplier quote required; estimated profit is not a rejection gate; review count above 600; oversize risk,,hard oversize/logistics risk,,,,,,,,,,,,
category:Shelf Baskets,B0DJNLYLZT,B0DRCPCGXV,Criusia Closet Organizers Bins 4 Pack - Large Collapsible Shelf Organizer with Handles - Fabric Trapezoid Home Organization and Storage Baskets for Organizing Clothes Toy Blanket Towel Purse Hats,"['Home & Kitchen', 'home-garden']",US,18.97,5.31,1.52,6.59,0.15,1200.0,701.0,4.5,0.55,10000.0,1.0,20.0,50.0,25.0,20.0,90.0,75.0,35.0,65.0,B,"observed:price,sales,reviews,rating,fba_fee; estimated:search_volume,cpc",estimated_default_costs,Imported from Sorftime; ASIN B0DJNLYLZT; parent B0DRCPCGXV; brand Criusia,https://www.amazon.com/dp/B0DJNLYLZT,35.0,Reject,2.7,0.1426,3245.4,87.3,24.3,6.4,36.0,64.0,hard oversize/logistics risk; supplier quote required; estimated profit is not a rejection gate; review count above 600; oversize risk,,hard oversize/logistics risk,,,,,,,,,,,,
category:Shelf Baskets,B0GBWM3YLM,B0GZVYRWXX,"4 Pack Storage Baskets for Organizing, 12’’Lx9’’Wx8’’H Woven Baskets for Storage Toys, Towels, Books, and Clothes, Cotton Rope Basket for Shelves with Handle","['Home & Kitchen', 'home-garden']",US,25.49,7.14,2.04,8.48,0.15,1151.0,114.0,4.5,0.55,10000.0,1.0,20.0,50.0,25.0,20.0,90.0,75.0,35.0,65.0,B,"observed:price,sales,reviews,rating,fba_fee; estimated:search_volume,cpc",estimated_default_costs,Imported from Sorftime; ASIN B0GBWM3YLM; parent B0GZVYRWXX; brand KIUGCO,https://www.amazon.com/dp/B0GBWM3YLM,35.0,Reject,4.01,0.1572,4611.48,87.3,46.8,10.3,36.0,64.0,hard oversize/logistics risk; supplier quote required; estimated profit is not a rejection gate; oversize risk,,hard oversize/logistics risk,,,,,,,,,,,,
category:Shelf Baskets,B0GGX2DTGC,B0GV8C463F,"Goodpick 4 Pack Storage Baskets for Organizing Shelves, Light Brown & White","['Home & Kitchen', 'home-garden']",US,25.19,7.05,2.02,8.59,0.15,1109.0,118.0,4.5,0.55,10000.0,1.0,20.0,50.0,25.0,20.0,90.0,75.0,35.0,65.0,B,"observed:price,sales,reviews,rating,fba_fee; estimated:search_volume,cpc",estimated_default_costs,Imported from Sorftime; ASIN B0GGX2DTGC; parent B0GV8C463F; brand Goodpick,https://www.amazon.com/dp/B0GGX2DTGC,35.0,Reject,3.75,0.1489,4160.41,87.3,46.8,9.0,36.0,64.0,hard oversize/logistics risk; supplier quote required; estimated profit is not a rejection gate; oversize risk,,hard oversize/logistics risk,,,,,,,,,,,,
category:Shelf Baskets,B0D31SM7FS,B0D31SM7FS,Beautiful Storage Basket Set of 4 - Natural Jute Rope Baskets for Shelves,"['Home & Kitchen', 'home-garden']",US,22.99,6.44,1.84,7.83,0.15,1046.0,437.0,4.4,0.55,10000.0,1.0,20.0,50.0,25.0,20.0,90.0,75.0,35.0,65.0,B,"observed:price,sales,reviews,rating,fba_fee; estimated:search_volume,cpc",estimated_default_costs,Imported from Sorftime; ASIN B0D31SM7FS; parent B0D31SM7FS; brand KIBAGA,https://www.amazon.com/dp/B0D31SM7FS,35.0,Reject,3.43,0.1493,3589.35,87.3,28.3,7.4,36.0,64.0,hard oversize/logistics risk; supplier quote required; estimated profit is not a rejection gate; oversize risk,,hard oversize/logistics risk,,,,,,,,,,,,
category:Shelf Baskets,B0CL1XPSKL,B0CL26PXTB,"AFOROEOA 10PACK Black Baskets For Gifts Empty, 10 x12”Thick Kraft Gift Basket with 10 Bows 10 Bags Empty Gift Baskets for Christmas, Easter, Birthdays, Snacks, Farmers Market","['Home & Kitchen', 'home-garden']",US,34.19,9.57,2.74,9.27,0.15,1015.0,329.0,4.6,0.55,10000.0,1.0,70.0,50.0,25.0,20.0,65.0,75.0,35.0,65.0,B,"observed:price,sales,reviews,rating,fba_fee; estimated:search_volume,cpc",estimated_default_costs,Imported from Sorftime; ASIN B0CL1XPSKL; parent B0CL26PXTB; brand AFOROEOA,https://www.amazon.com/dp/B0CL1XPSKL,35.0,Reject,7.48,0.2188,7593.72,87.3,36.8,23.8,41.0,59.0,hard oversize/logistics risk; supplier quote required; estimated profit is not a rejection gate; high seasonality; oversize risk,,hard oversize/logistics risk,,,,,,,,,,,,
category:Shelf Baskets,B0CZD8GD2T,B0D31P7PK2,"Foldable Storage Baskets with Handles Paper Rope Storage Baskets Rectangle Collapsible Hand Woven Storage Cubes Bins for Organizing Shelves Living Room Bedroom Pantry (4, 11‘‘ x 11‘‘ x 11‘‘)","['Home & Kitchen', 'home-garden']",US,55.99,15.68,4.48,14.09,0.15,908.0,252.0,4.6,0.55,10000.0,1.0,20.0,50.0,25.0,20.0,65.0,75.0,35.0,65.0,B,"observed:price,sales,reviews,rating,fba_fee; estimated:search_volume,cpc",estimated_default_costs,Imported from Sorftime; ASIN B0CZD8GD2T; parent B0D31P7PK2; brand ChubanCraft,https://www.amazon.com/dp/B0CZD8GD2T,35.0,Reject,13.34,0.2383,12114.08,87.3,36.8,36.7,31.0,69.0,hard oversize/logistics risk; supplier quote required; estimated profit is not a rejection gate; oversize risk,,hard oversize/logistics risk,,,,,,,,,,,,
category:Shelf Baskets,B0F32LSGGV,B0F32MPL3P,"Stylave Pantry Baskets for Organizing，Wicker Storage Bins,3 Pack,Natural | Water Hyacinth Large Baskets Organizers for Shelves, Labeled Baskets with Handles , Boho Decorative","['Home & Kitchen', 'home-garden']",US,45.99,12.88,3.68,10.51,0.15,898.0,85.0,4.6,0.55,10000.0,1.0,20.0,50.0,25.0,20.0,90.0,75.0,35.0,65.0,B,"observed:price,sales,reviews,rating,fba_fee; estimated:search_volume,cpc",estimated_default_costs,Imported from Sorftime; ASIN B0F32LSGGV; parent B0F32MPL3P; brand Stylave,https://www.amazon.com/dp/B0F32LSGGV,35.0,Reject,12.02,0.2614,10795.31,87.3,54.3,35.6,36.0,64.0,hard oversize/logistics risk; supplier quote required; estimated profit is not a rejection gate; oversize risk,,hard oversize/logistics risk,,,,,,,,,,,,
category:Shelf Baskets,B0DQTSGKHN,B0DVQWMTM3,OIAHOMY 4 PACK 7L Storage Baskets for Organizing Storage Bins Brown,"['Home & Kitchen', 'home-garden']",US,23.39,6.55,1.87,8.69,0.15,879.0,613.0,4.5,0.55,10000.0,1.0,20.0,50.0,25.0,20.0,90.0,75.0,35.0,65.0,B,"observed:price,sales,reviews,rating,fba_fee; estimated:search_volume,cpc",estimated_default_costs,Imported from Sorftime; ASIN B0DQTSGKHN; parent B0DVQWMTM3; brand OIAHOMY,https://www.amazon.com/dp/B0DQTSGKHN,35.0,Reject,2.77,0.1185,2436.15,87.3,24.3,4.1,36.0,64.0,hard oversize/logistics risk; supplier quote required; estimated profit is not a rejection gate; review count above 600; oversize risk,,hard oversize/logistics risk,,,,,,,,,,,,
category:Shelf Baskets,B0DFR4V4GB,B0DFR6R4RH,"ICERZCZ 11 Inch Cube Storage Bins, Woven Baskets, Mixed Brown, Pack of 3","['Home & Kitchen', 'home-garden']",US,33.29,9.32,2.66,8.98,0.15,867.0,255.0,4.4,0.55,10000.0,1.0,20.0,50.0,25.0,20.0,65.0,75.0,35.0,65.0,B,"observed:price,sales,reviews,rating,fba_fee; estimated:search_volume,cpc",estimated_default_costs,Imported from Sorftime; ASIN B0DFR4V4GB; parent B0DFR6R4RH; brand ICERZCZ,https://www.amazon.com/dp/B0DFR4V4GB,35.0,Reject,7.34,0.2204,6360.75,87.3,40.8,20.0,31.0,69.0,hard oversize/logistics risk; supplier quote required; estimated profit is not a rejection gate; oversize risk,,hard oversize/logistics risk,,,,,,,,,,,,
category:Shelf Baskets,B088R37XWZ,B0BRP7LKWW,Seagrass Storage Basket Box with Lid Rectangular Woven Shelf Baskets Bins for Organize Snack Toys Set of 2 Natural Decorative(Large+Small),"['Home & Kitchen', 'home-garden']",US,21.51,6.02,1.72,7.93,0.15,861.0,1564.0,4.5,0.55,10000.0,1.0,20.0,50.0,25.0,20.0,90.0,75.0,35.0,65.0,B,"observed:price,sales,reviews,rating,fba_fee; estimated:search_volume,cpc",estimated_default_costs,Imported from Sorftime; ASIN B088R37XWZ; parent B0BRP7LKWW; brand DECRAFTS,https://www.amazon.com/dp/B088R37XWZ,35.0,Reject,2.61,0.1215,2250.22,87.3,14.3,3.6,36.0,64.0,hard oversize/logistics risk; supplier quote required; estimated profit is not a rejection gate; review count above 600; oversize risk,,hard oversize/logistics risk,,,,,,,,,,,,
category:Shelf Baskets,B0DN6TTN1Y,B0DN6SRK2B,"Large Handwoven Water Hyacinth Storage Wicker Basket with 2 Handles - Brown | Handcrafted Rectangular Organizer, Sturdy Iron Frame, Ideal for Towels, Blankets, Shelves & Décor - 16.5“x13“x7.50“","['Home & Kitchen', 'home-garden']",US,35.99,10.08,2.88,11.18,0.15,786.0,125.0,4.5,0.55,10000.0,1.0,20.0,50.0,25.0,20.0,90.0,75.0,35.0,65.0,B,"observed:price,sales,reviews,rating,fba_fee; estimated:search_volume,cpc",estimated_default_costs,Imported from Sorftime; ASIN B0DN6TTN1Y; parent B0DN6SRK2B; brand Pixoframe,https://www.amazon.com/dp/B0DN6TTN1Y,35.0,Reject,6.45,0.1793,5070.88,87.3,46.8,14.5,36.0,64.0,hard oversize/logistics risk; supplier quote required; estimated profit is not a rejection gate; oversize risk,,hard oversize/logistics risk,,,,,,,,,,,,
category:Shelf Baskets,B0FFGRNXGY,B0F7YKS5H2,"Criusia 4 Pack Closet Organizers and Storage, Large Linen Closet Baskets for Organization, Foldable Storage Containers for Towels, Clothing, Jeans, Books, Shelves, White","['Home & Kitchen', 'home-garden']",US,28.49,7.98,2.28,5.81,0.15,741.0,241.0,4.4,0.55,10000.0,1.0,20.0,50.0,25.0,20.0,90.0,75.0,35.0,65.0,B,"observed:price,sales,reviews,rating,fba_fee; estimated:search_volume,cpc",estimated_default_costs,Imported from Sorftime; ASIN B0FFGRNXGY; parent B0F7YKS5H2; brand Criusia,https://www.amazon.com/dp/B0FFGRNXGY,35.0,Reject,8.15,0.2859,6036.56,87.3,40.8,25.5,36.0,64.0,hard oversize/logistics risk; supplier quote required; estimated profit is not a rejection gate; oversize risk,,hard oversize/logistics risk,,,,,,,,,,,,
category:Shelf Baskets,B0D4TR7275,B0H7T1M5KM,"4 Pack Storage Baskets for Organizing, Shelf Baskets with Handles, White","['Home & Kitchen', 'home-garden']",US,36.99,10.36,2.96,9.36,0.15,720.0,953.0,4.5,0.55,10000.0,1.0,20.0,50.0,25.0,20.0,90.0,75.0,35.0,65.0,B,"observed:price,sales,reviews,rating,fba_fee; estimated:search_volume,cpc",estimated_default_costs,Imported from Sorftime; ASIN B0D4TR7275; parent B0H7T1M5KM; brand UBBCARE,https://www.amazon.com/dp/B0D4TR7275,35.0,Reject,8.76,0.2369,6308.28,87.3,14.3,22.7,36.0,64.0,hard oversize/logistics risk; supplier quote required; estimated profit is not a rejection gate; review count above 600; oversize risk,,hard oversize/logistics risk,,,,,,,,,,,,
category:Storage Boxes,B0D1PLY9YC,B0H1MRV6JN,"CoiiJoii 3PCS Large Clear Hard Shell Zippered Case, Diaper Bag Organizing Pouches, Waterproof Cosmetic Bag, Storage Organizer Bins.","['Home & Kitchen', 'home-garden']",US,18.99,5.32,1.52,7.84,0.15,3079.0,428.0,4.6,0.55,10000.0,1.0,20.0,50.0,25.0,20.0,90.0,75.0,35.0,65.0,B,"observed:price,sales,reviews,rating,fba_fee; estimated:search_volume,cpc",estimated_default_costs,Imported from Sorftime; ASIN B0D1PLY9YC; parent B0H1MRV6JN; brand CoiiJoii,https://www.amazon.com/dp/B0D1PLY9YC,35.0,Reject,1.46,0.077,4499.96,87.3,24.3,10.0,36.0,64.0,hard oversize/logistics risk; supplier quote required; estimated profit is not a rejection gate; oversize risk,,hard oversize/logistics risk,,,,,,,,,,,,
category:Storage Boxes,B0DSVN5T4F,B0F29C7KHK,"Criusia Bed Sheet Organizers and Storage, 6 Pack Foldable Linen Closet Organizer Box – Bedding Holder for Sheet Set (King/Queen Sizes), Duvet Covers, Blankets (Grey)","['Home & Kitchen', 'home-garden']",US,28.99,8.12,2.32,8.31,0.15,2953.0,735.0,4.6,0.55,10000.0,1.0,20.0,50.0,25.0,20.0,90.0,75.0,35.0,65.0,B,"observed:price,sales,reviews,rating,fba_fee; estimated:search_volume,cpc",estimated_default_costs,Imported from Sorftime; ASIN B0DSVN5T4F; parent B0F29C7KHK; brand Criusia,https://www.amazon.com/dp/B0DSVN5T4F,35.0,Reject,5.89,0.2032,17397.6,87.3,24.3,21.8,36.0,64.0,hard oversize/logistics risk; supplier quote required; estimated profit is not a rejection gate; review count above 600; oversize risk,,hard oversize/logistics risk,,,,,,,,,,,,
category:Storage Boxes,B0H3KSXC25,B0HF7MYNFZ,"6 Pack 27 Gallon Heavy Duty Storage Bins with Snap Lids, Durable Plastic Storage Totes with Stackable Black Containers & Yellow Latching Covers for Home Garage Moving Organization","['Home & Kitchen', 'home-garden']",US,34.99,9.8,2.8,6.3,0.15,2709.0,132.0,4.0,0.55,10000.0,1.0,20.0,50.0,25.0,20.0,90.0,65.0,20.0,53.8,C,"observed:price,sales,reviews,rating; estimated:fba_fee,search_volume,cpc",estimated_default_costs,Imported from Sorftime; ASIN B0H3KSXC25; parent B0HF7MYNFZ; brand CLMSTE,https://www.amazon.com/dp/B0H3KSXC25,35.0,Reject,10.84,0.3098,29369.62,87.3,52.8,39.7,36.0,64.0,hard oversize/logistics risk; supplier quote required; estimated profit is not a rejection gate; oversize risk; evidence confidence below supplier-validation threshold,,hard oversize/logistics risk,,,,,,,,,,,,
category:Storage Boxes,B0C1BK6DCP,B0CQQFG82T,"SheetCube Bed Sheet Organizers and Storage 6 Pack, Foldable Linen Closet Organizer with Window and Label, Bedding Folder Storage Box Container for Blanket, Duvet Cover Set, Bed Sheet Set - Beige","['Home & Kitchen', 'home-garden']",US,28.79,8.06,2.3,8.51,0.15,1378.0,2093.0,4.5,0.55,10000.0,1.0,20.0,50.0,25.0,20.0,90.0,75.0,35.0,65.0,B,"observed:price,sales,reviews,rating,fba_fee; estimated:search_volume,cpc",estimated_default_costs,Imported from Sorftime; ASIN B0C1BK6DCP; parent B0CQQFG82T; brand SUOCO,https://www.amazon.com/dp/B0C1BK6DCP,35.0,Reject,5.6,0.1946,7718.87,87.3,14.3,20.4,36.0,64.0,hard oversize/logistics risk; supplier quote required; estimated profit is not a rejection gate; review count above 600; oversize risk,,hard oversize/logistics risk,,,,,,,,,,,,
category:Storage Boxes,B0DRN24XD6,B0DRN7F6FJ,1Pcs Wall-Mounted Storage Box Space-Saving Wall Organizer for Phone Remote Small Items Creative Hanging Storage Easy Install No Electricity Needed(White),"['', '']",US,80.0,22.4,6.4,3.16,0.15,1200.0,285.0,3.8,0.55,10000.0,1.0,20.0,50.0,25.0,20.0,20.0,75.0,35.0,65.0,B,"observed:price,sales,reviews,rating,fba_fee; estimated:search_volume,cpc",estimated_default_costs,Imported from Sorftime; ASIN B0DRN24XD6; parent B0DRN7F6FJ; brand N/A,https://www.amazon.com/dp/B0DRN24XD6,35.0,Reject,36.04,0.4505,43248.0,87.3,42.8,86.7,22.0,78.0,missing or invalid category evidence; supplier quote required; estimated profit is not a rejection gate,,missing or invalid category evidence,,,,,,,,,,,,
category:Storage Boxes,B0DYJRMZCV,B0HFFPZ9FC,"8-Pack Clear Classroom Storage Bins, Plastic Cubby Book Bins for Classroom Organization, Book & Toy Storage Organizer, Perfect for Classroom Library, Shelves, STEM Centers, Daycare & Homeschool","['Home & Kitchen', 'home-garden']",US,28.99,8.12,2.32,9.36,0.15,898.0,16.0,4.3,0.55,10000.0,1.0,20.0,50.0,25.0,20.0,90.0,75.0,35.0,65.0,B,"observed:price,sales,reviews,rating,fba_fee; estimated:search_volume,cpc",estimated_default_costs,Imported from Sorftime; ASIN B0DYJRMZCV; parent B0HFFPZ9FC; brand Hldgras,https://www.amazon.com/dp/B0DYJRMZCV,35.0,Reject,4.84,0.167,4347.67,87.3,68.3,9.6,36.0,64.0,hard oversize/logistics risk; supplier quote required; estimated profit is not a rejection gate; oversize risk,,hard oversize/logistics risk,,,,,,,,,,,,
category:Storage Boxes,B0GZHQRBB3,B0HBJ3CVXY,"EOENVIVS 4 Pack Clear Storage Bins with Lids, Stackable A4 & US Letter File Box Organizers, Craft Storage Bins and Sensory Bins for Classroom, Kids Art Supplies, Documents and Projects, Black Latches","['Home & Kitchen', 'home-garden']",US,25.99,7.28,2.08,9.26,0.15,869.0,120.0,4.5,0.55,10000.0,1.0,20.0,50.0,25.0,20.0,90.0,75.0,35.0,65.0,B,"observed:price,sales,reviews,rating,fba_fee; estimated:search_volume,cpc",estimated_default_costs,Imported from Sorftime; ASIN B0GZHQRBB3; parent B0HBJ3CVXY; brand EOENVIVS,https://www.amazon.com/dp/B0GZHQRBB3,35.0,Reject,3.47,0.1336,3016.73,87.3,46.8,5.8,36.0,64.0,hard oversize/logistics risk; supplier quote required; estimated profit is not a rejection gate; oversize risk,,hard oversize/logistics risk,,,,,,,,,,,,
category:Storage Boxes,B0CN6G2DJ6,B0CN6GD5R8,"LonlyEagle 6 Pcs Clear A4 File Portable Project Case, Plastic Storage Box for 8.5“ x 11“ Letter Paper, Scrapbook Paper Storage Boxes Documents Magazines Holder","['Office Products', 'office-products']",US,24.99,7.0,2.0,7.93,0.15,832.0,334.0,4.2,0.55,10000.0,1.0,20.0,50.0,25.0,20.0,90.0,75.0,35.0,65.0,B,"observed:price,sales,reviews,rating,fba_fee; estimated:search_volume,cpc",estimated_default_costs,Imported from Sorftime; ASIN B0CN6G2DJ6; parent B0CN6GD5R8; brand LonlyEagle,https://www.amazon.com/dp/B0CN6G2DJ6,35.0,Reject,4.31,0.1725,3587.17,87.3,40.8,7.4,36.0,64.0,hard oversize/logistics risk; supplier quote required; estimated profit is not a rejection gate; oversize risk,,hard oversize/logistics risk,,,,,,,,,,,,
category:Storage Boxes,B0DB18VTM9,B0DGGNRC97,"OIASKET Storage Basket for Organizing 3 Pack, Woven Baskets for Storage","['Home & Kitchen', 'home-garden']",US,24.99,7.0,2.0,8.5,0.15,832.0,615.0,4.6,0.55,10000.0,1.0,20.0,50.0,25.0,20.0,65.0,75.0,35.0,65.0,B,"observed:price,sales,reviews,rating,fba_fee; estimated:search_volume,cpc",estimated_default_costs,Imported from Sorftime; ASIN B0DB18VTM9; parent B0DGGNRC97; brand OIASKET,https://www.amazon.com/dp/B0DB18VTM9,35.0,Reject,3.74,0.1497,3112.93,87.3,24.3,6.0,31.0,69.0,hard oversize/logistics risk; supplier quote required; estimated profit is not a rejection gate; review count above 600; oversize risk,,hard oversize/logistics risk,,,,,,,,,,,,
category:Storage Boxes,B0FLCT5PWF,B0DZ5PYNCB,novelinks 10 Quart Clear Plastic Storage Containers with Lids (4 Pack),"['Home & Kitchen', 'home-garden']",US,32.99,9.24,2.64,10.32,0.15,814.0,137.0,4.0,0.55,10000.0,1.0,20.0,50.0,25.0,20.0,65.0,75.0,35.0,65.0,B,"observed:price,sales,reviews,rating,fba_fee; estimated:search_volume,cpc",estimated_default_costs,Imported from Sorftime; ASIN B0FLCT5PWF; parent B0DZ5PYNCB; brand novelinks,https://www.amazon.com/dp/B0FLCT5PWF,35.0,Reject,5.84,0.1771,4754.98,87.3,52.8,12.4,31.0,69.0,hard oversize/logistics risk; supplier quote required; estimated profit is not a rejection gate; oversize risk,,hard oversize/logistics risk,,,,,,,,,,,,
category:Storage Boxes,B002BA5F3O,B0GWMRXH4C,"Sterilite Gasket Storage Box with Lids for Home & Office, 20 Quart, 6-Pack. | Heavy-Duty, Stackable, and Organizing Containers for Bathroom, Cabinet, Closet, and Garage, Clear and Blue Aquarium Latches","['Home & Kitchen', 'home-garden']",US,62.99,17.64,5.04,11.34,0.15,773.0,769.0,4.6,0.55,10000.0,1.0,20.0,50.0,25.0,20.0,85.0,65.0,20.0,53.8,C,"observed:price,sales,reviews,rating; estimated:fba_fee,search_volume,cpc",estimated_default_costs,Imported from Sorftime; ASIN B002BA5F3O; parent B0GWMRXH4C; brand Sterilite,https://www.amazon.com/dp/B002BA5F3O,35.0,Reject,19.52,0.3099,15090.12,87.3,24.3,57.0,35.0,65.0,hard oversize/logistics risk; supplier quote required; estimated profit is not a rejection gate; review count above 600; oversize risk; evidence confidence below supplier-validation threshold,,hard oversize/logistics risk,,,,,,,,,,,,
category:Storage Boxes,B09G2G9KG6,B0CWLFP9S9,"Collapsible Toy Storage Bin with Lid, 82L Large Capacity - Gray Neutral Space-Saving Organizer for Playroom, Bedroom & Nursery, Foldable Design","['', '']",US,18.99,5.32,1.52,8.02,0.15,751.0,1681.0,4.4,0.55,10000.0,1.0,20.0,50.0,25.0,20.0,90.0,75.0,35.0,65.0,B,"observed:price,sales,reviews,rating,fba_fee; estimated:search_volume,cpc",estimated_default_costs,Imported from Sorftime; ASIN B09G2G9KG6; parent B0CWLFP9S9; brand VERONLY,https://www.amazon.com/dp/B09G2G9KG6,35.0,Reject,1.28,0.0675,962.41,87.3,18.3,0.0,36.0,64.0,missing or invalid category evidence; supplier quote required; estimated profit is not a rejection gate; review count above 600; oversize risk,,missing or invalid category evidence,,,,,,,,,,,,
category:Storage Boxes,B0GXPD4DN6,B0DFPNYX5Q,"linen closet organizers and storage, Large Storage Baskets, washable, clothes organizer with handle, sweater organizer for closet (Beige, 15¾'x11¾ x9¾)","['Home & Kitchen', 'home-garden']",US,27.9,7.81,2.23,7.84,0.15,743.0,304.0,4.6,0.55,10000.0,1.0,20.0,50.0,25.0,20.0,90.0,75.0,35.0,65.0,B,"observed:price,sales,reviews,rating,fba_fee; estimated:search_volume,cpc",estimated_default_costs,Imported from Sorftime; ASIN B0GXPD4DN6; parent B0DFPNYX5Q; brand tulinstiraga,https://www.amazon.com/dp/B0GXPD4DN6,35.0,Reject,5.83,0.2091,4335.4,87.3,36.8,11.2,36.0,64.0,hard oversize/logistics risk; supplier quote required; estimated profit is not a rejection gate; oversize risk,,hard oversize/logistics risk,,,,,,,,,,,,
category:Storage Boxes,B0CQLP1HQ6,B0DDKF4223,INFINITKIN Smell Proof Box Large Airtight Storage Box with Lock,"['Home & Kitchen', 'home-garden']",US,39.99,11.2,3.2,7.22,0.15,670.0,342.0,4.6,0.55,10000.0,1.0,20.0,50.0,25.0,20.0,90.0,75.0,35.0,65.0,B,"observed:price,sales,reviews,rating,fba_fee; estimated:search_volume,cpc",estimated_default_costs,Imported from Sorftime; ASIN B0CQLP1HQ6; parent B0DDKF4223; brand INFINITKIN,https://www.amazon.com/dp/B0CQLP1HQ6,35.0,Reject,12.37,0.3094,8288.91,87.3,36.8,42.7,36.0,64.0,hard oversize/logistics risk; supplier quote required; estimated profit is not a rejection gate; oversize risk,,hard oversize/logistics risk,,,,,,,,,,,,
category:Storage Boxes,B0H1C5J3R2,B0H1C5J3R2,"Set of (10) 6 Quart Storage Boxes, Clear Plastic Storage Bin with Snap-on Lid, White","['Home & Kitchen', 'home-garden']",US,15.98,4.47,1.28,3.5,0.15,649.0,10.0,4.4,0.55,10000.0,1.0,20.0,50.0,25.0,20.0,90.0,65.0,20.0,53.8,C,"observed:price,sales,reviews,rating; estimated:fba_fee,search_volume,cpc",estimated_default_costs,Imported from Sorftime; ASIN B0H1C5J3R2; parent B0H1C5J3R2; brand Generic,https://www.amazon.com/dp/B0H1C5J3R2,35.0,Reject,4.33,0.2712,2812.12,87.3,68.3,8.0,36.0,64.0,hard oversize/logistics risk; supplier quote required; estimated profit is not a rejection gate; oversize risk; evidence confidence below supplier-validation threshold,,hard oversize/logistics risk,,,,,,,,,,,,
category:Storage Boxes,B0FN8HSZHC,B0FN8HSZHC,"CNEIESD 2 Count 160 Quart Wheeled Stacker, Extra Large Durable Clear Bin, Box with Latch Lid and Pull Handle | Extra Large, Durable Clear Bin, Latch Lid, Pull Handle","['Home & Kitchen', 'home-garden']",US,52.85,14.8,4.23,9.51,0.15,641.0,45.0,4.1,0.55,10000.0,1.0,20.0,50.0,25.0,20.0,90.0,65.0,20.0,53.8,C,"observed:price,sales,reviews,rating; estimated:fba_fee,search_volume,cpc",estimated_default_costs,Imported from Sorftime; ASIN B0FN8HSZHC; parent B0FN8HSZHC; brand CNEIESD,https://www.amazon.com/dp/B0FN8HSZHC,35.0,Reject,16.38,0.31,10501.18,87.3,65.3,50.8,36.0,64.0,hard oversize/logistics risk; supplier quote required; estimated profit is not a rejection gate; oversize risk; evidence confidence below supplier-validation threshold,,hard oversize/logistics risk,,,,,,,,,,,,
category:Storage Boxes,B0H1F4FF7H,B0811S9WQ6,"2 Pack Large Storage Boxes with Lids and Handles, Collapsible Linen Storage Bins Organizer Containers Baskets Cube with Removable Divider for Home Bedroom Closet Office (Cream, XL)","['Home & Kitchen', 'home-garden']",US,59.99,16.8,4.8,13.21,0.15,612.0,1004.0,4.5,0.55,10000.0,1.0,20.0,50.0,25.0,20.0,90.0,75.0,35.0,65.0,B,"observed:price,sales,reviews,rating,fba_fee; estimated:search_volume,cpc",estimated_default_costs,Imported from Sorftime; ASIN B0H1F4FF7H; parent B0811S9WQ6; brand Valease,https://www.amazon.com/dp/B0H1F4FF7H,35.0,Reject,16.18,0.2697,9903.08,87.3,14.3,45.0,36.0,64.0,hard oversize/logistics risk; supplier quote required; estimated profit is not a rejection gate; review count above 600; oversize risk,,hard oversize/logistics risk,,,,,,,,,,,,
category:Storage Boxes,B0CZ3BLKFQ,B0D9GBJG8R,"Lifewit 4 Pack Clothes Storage Bins with Metal Frame, Stackable Storage Box | 40L Foldable Clothing Storage Bins with Lids, Storage Bags Fabric Box Organizer, Zipper Openings with Clear Window ＆ Handles","['Home & Kitchen', 'home-garden']",US,29.99,8.4,2.4,8.74,0.15,580.0,1152.0,4.5,0.55,10000.0,1.0,20.0,50.0,25.0,20.0,90.0,75.0,35.0,65.0,B,"observed:price,sales,reviews,rating,fba_fee; estimated:search_volume,cpc",estimated_default_costs,Imported from Sorftime; ASIN B0CZ3BLKFQ; parent B0D9GBJG8R; brand Lifewit,https://www.amazon.com/dp/B0CZ3BLKFQ,35.0,Reject,5.95,0.1984,3451.87,87.3,14.3,8.9,36.0,64.0,hard oversize/logistics risk; supplier quote required; estimated profit is not a rejection gate; review count above 600; oversize risk,,hard oversize/logistics risk,,,,,,,,,,,,
category:Storage Boxes,B09X1FJP6M,B0G9Q82KF1,"GUDEMAY Clear Stackable Plastic Storage Bins with Lid, Dustproof Acrylic Display Case for Collectibles, Large Figures Showcase, Shoe Storage Box, Closet Organizer for Book Cosmetic Purse (L, Count, 1)","['Home & Kitchen', 'home-garden']",US,21.99,6.16,1.76,7.71,0.15,569.0,2139.0,4.5,0.55,10000.0,1.0,20.0,50.0,25.0,20.0,90.0,75.0,35.0,65.0,B,"observed:price,sales,reviews,rating,fba_fee; estimated:search_volume,cpc",estimated_default_costs,Imported from Sorftime; ASIN B09X1FJP6M; parent B0G9Q82KF1; brand GUDEMAY,https://www.amazon.com/dp/B09X1FJP6M,35.0,Reject,3.06,0.1392,1741.99,87.3,14.3,2.1,36.0,64.0,hard oversize/logistics risk; supplier quote required; estimated profit is not a rejection gate; review count above 600; oversize risk,,hard oversize/logistics risk,,,,,,,,,,,,
category:Storage Boxes,B0BNZWJB1F,B0BNZWW64L,"Yishyfier Plastic Storage Baskets Bins Boxes With Lids,Organizing Container White Storage Organizer Bins For Shelves Drawers Desktop Playroom Classroom Office,4-Pack","['Office Products', 'office-products']",US,39.99,11.2,3.2,16.18,0.15,522.0,299.0,4.5,0.55,10000.0,1.0,20.0,50.0,25.0,20.0,65.0,75.0,35.0,65.0,B,"observed:price,sales,reviews,rating,fba_fee; estimated:search_volume,cpc",estimated_default_costs,Imported from Sorftime; ASIN B0BNZWJB1F; parent B0BNZWW64L; brand Yishyfier,https://www.amazon.com/dp/B0BNZWJB1F,35.0,Reject,3.41,0.0853,1780.8,87.3,36.8,2.2,31.0,69.0,hard oversize/logistics risk; supplier quote required; estimated profit is not a rejection gate; oversize risk,,hard oversize/logistics risk,,,,,,,,,,,,
category:Storage Boxes,B0FHPNMYMY,B0DZX13PBT,"10 Pack Flat Shallow Clear Storage Box, Drawer Organizer Tray","['Home & Kitchen', 'home-garden']",US,19.99,5.6,1.6,7.93,0.15,512.0,107.0,4.6,0.55,10000.0,1.0,20.0,50.0,25.0,20.0,90.0,75.0,35.0,65.0,B,"observed:price,sales,reviews,rating,fba_fee; estimated:search_volume,cpc",estimated_default_costs,Imported from Sorftime; ASIN B0FHPNMYMY; parent B0DZX13PBT; brand Swuj,https://www.amazon.com/dp/B0FHPNMYMY,35.0,Reject,1.86,0.0931,953.09,87.3,46.8,0.0,36.0,64.0,hard oversize/logistics risk; supplier quote required; estimated profit is not a rejection gate; oversize risk,,hard oversize/logistics risk,,,,,,,,,,,,
category:Storage Boxes,B0DSFDG9WM,B0DSF7TXCR,novelinks 8 Pack 6 Quart Clear Plastic Shoe Storage Bins with Lids (Clear),"['Home & Kitchen', 'home-garden']",US,31.99,8.96,2.56,10.23,0.15,512.0,87.0,4.5,0.55,10000.0,1.0,20.0,50.0,25.0,20.0,90.0,75.0,35.0,65.0,B,"observed:price,sales,reviews,rating,fba_fee; estimated:search_volume,cpc",estimated_default_costs,Imported from Sorftime; ASIN B0DSFDG9WM; parent B0DSF7TXCR; brand novelinks,https://www.amazon.com/dp/B0DSFDG9WM,35.0,Reject,5.44,0.1701,2786.05,87.3,54.3,6.0,36.0,64.0,hard oversize/logistics risk; supplier quote required; estimated profit is not a rejection gate; oversize risk,,hard oversize/logistics risk,,,,,,,,,,,,
category:Storage Boxes,B0CB4YPTB9,B0G1TRXQ2D,HASHSTASH OG Large Bamboo Storage Box with Combination Lock & 3 Jars,"['Home & Kitchen', 'home-garden']",US,69.0,19.32,5.52,8.5,0.15,497.0,2171.0,4.5,0.55,10000.0,1.0,20.0,50.0,25.0,20.0,90.0,75.0,35.0,65.0,B,"observed:price,sales,reviews,rating,fba_fee; estimated:search_volume,cpc",estimated_default_costs,Imported from Sorftime; ASIN B0CB4YPTB9; parent B0G1TRXQ2D; brand HASHSTASH,https://www.amazon.com/dp/B0CB4YPTB9,35.0,Reject,25.31,0.3668,12579.07,86.8,14.3,75.6,36.0,64.0,hard oversize/logistics risk; supplier quote required; estimated profit is not a rejection gate; review count above 600; oversize risk,,hard oversize/logistics risk,,,,,,,,,,,,
category:Storage Boxes,B0CQ89PRRB,B0957C1BGK,"Briful Blue White Floral Nested Decorative Storage Boxes with Lids | 4Pcs Vanity Desktop Organizer Bin, Cardboard Photo Boxes Storage for Makeup, Office Supplies, Entryway Shelf Decor, Gift Box","['Home & Kitchen', 'home-garden']",US,25.99,7.28,2.08,6.59,0.15,494.0,582.0,4.4,0.55,10000.0,1.0,20.0,50.0,25.0,20.0,90.0,75.0,35.0,65.0,B,"observed:price,sales,reviews,rating,fba_fee; estimated:search_volume,cpc",estimated_default_costs,Imported from Sorftime; ASIN B0CQ89PRRB; parent B0957C1BGK; brand Briful,https://www.amazon.com/dp/B0CQ89PRRB,35.0,Reject,6.14,0.2363,3033.9,86.3,28.3,8.1,36.0,64.0,hard oversize/logistics risk; supplier quote required; estimated profit is not a rejection gate; oversize risk,,hard oversize/logistics risk,,,,,,,,,,,,
category:Bathroom Shelves,B0DPX4TBZY,B0H3258JN9,UMDONX Narrow 5-Tier Behind-the-Door Bathroom Storage Rack,"['Tools & Home Improvement', 'hi']",US,39.99,11.2,3.2,8.8,0.15,554.0,286.0,4.6,0.55,10000.0,1.0,20.0,50.0,25.0,20.0,65.0,75.0,35.0,65.0,B,"observed:price,sales,reviews,rating,fba_fee; estimated:search_volume,cpc",estimated_default_costs,Imported from Sorftime; ASIN B0DPX4TBZY; parent B0H3258JN9; brand UMDONX,https://www.amazon.com/dp/B0DPX4TBZY,35.0,Reject,10.79,0.2699,5978.49,87.3,36.8,28.5,31.0,69.0,hard oversize/logistics risk; supplier quote required; estimated profit is not a rejection gate; oversize risk,,hard oversize/logistics risk,,,,,,,,,,,,
category:Bathroom Shelves,B0FG2GMT4Q,B0FWQMVGVC,"QEEIG Bathroom Floating Shelves for Wall - Shelf Over Toilet Paper Storage Farmhouse 16 inch Set of 3, Black (028-40B3)","['Tools & Home Improvement', 'hi']",US,27.82,7.79,2.23,9.5,0.15,204.0,96.0,4.5,0.55,10000.0,1.0,20.0,50.0,25.0,20.0,65.0,75.0,35.0,65.0,B,"observed:price,sales,reviews,rating,fba_fee; estimated:search_volume,cpc",estimated_default_costs,Imported from Sorftime; ASIN B0FG2GMT4Q; parent B0FWQMVGVC; brand QEEIG,https://www.amazon.com/dp/B0FG2GMT4Q,35.0,Reject,4.13,0.1483,841.91,38.0,54.3,0.0,31.0,69.0,hard oversize/logistics risk; supplier quote required; estimated profit is not a rejection gate; oversize risk,,hard oversize/logistics risk,,,,,,,,,,,,
category:Bathroom Shelves,B0G4C8X6JR,B0G4C8X6JR,"BAYKA Wall Shelves for Bedroom Decor, Wood, Pink, Set of 4, 16in","['Tools & Home Improvement', 'hi']",US,26.98,7.55,2.16,9.01,0.15,204.0,10.0,4.4,0.55,10000.0,1.0,20.0,50.0,25.0,20.0,65.0,75.0,35.0,65.0,B,"observed:price,sales,reviews,rating,fba_fee; estimated:search_volume,cpc",estimated_default_costs,Imported from Sorftime; ASIN B0G4C8X6JR; parent B0G4C8X6JR; brand BAYKA,https://www.amazon.com/dp/B0G4C8X6JR,35.0,Reject,4.21,0.1562,859.45,38.0,68.3,0.0,31.0,69.0,hard oversize/logistics risk; supplier quote required; estimated profit is not a rejection gate; oversize risk,,hard oversize/logistics risk,,,,,,,,,,,,
category:Vertical Plate Holders,B08XJN58DY,B098T2T2CW,"Hotop 20 Pcs Invisible Wall Plate Hangers 4-10 Inch with Hooks,Gold | Stainless Steel Holders for Antique Decorative Plates, Vintage Art Display, 20 Hook Nails Included, Invisible Design","['Kitchen & Dining', 'kitchen']",US,17.99,5.04,1.44,4.46,0.15,396.0,980.0,4.6,0.55,10000.0,1.0,20.0,50.0,25.0,20.0,20.0,75.0,35.0,65.0,B,"observed:price,sales,reviews,rating,fba_fee; estimated:search_volume,cpc",estimated_default_costs,Imported from Sorftime; ASIN B08XJN58DY; parent B098T2T2CW; brand Hotop,https://www.amazon.com/dp/B08XJN58DY,34.9,Reject,4.35,0.2419,1723.19,70.0,14.3,2.1,22.0,78.0,supplier quote required; estimated profit is not a rejection gate; review count above 600,,,,,,,,,,,,,,
category:Bathroom Shelves,B07ZGJWBSG,B0CXF9LB5F,"Furinno Turn-N-Tube Slim Space Saving Storage Rack, Espresso/Black","['Tools & Home Improvement', 'hi']",US,16.18,4.53,1.29,12.73,0.15,212.0,596.0,4.3,0.55,10000.0,1.0,20.0,50.0,25.0,20.0,65.0,75.0,35.0,65.0,B,"observed:price,sales,reviews,rating,fba_fee; estimated:search_volume,cpc",estimated_default_costs,Imported from Sorftime; ASIN B07ZGJWBSG; parent B0CXF9LB5F; brand Furinno,https://www.amazon.com/dp/B07ZGJWBSG,32.9,Reject,-4.8,-0.2965,-1016.96,39.3,28.3,0.0,31.0,69.0,hard oversize/logistics risk; supplier quote required; estimated profit is not a rejection gate; oversize risk,,hard oversize/logistics risk,,,,,,,,,,,,
category:Bathroom Shelves,B07HGC7L5R,B09MF1DT55,"Power Perch Double Outlet Shelf, Renter Friendly Shelves, 1-Pack White","['Tools & Home Improvement', 'hi']",US,14.99,4.2,1.2,5.36,0.15,269.0,1578.0,4.5,0.55,10000.0,1.0,20.0,50.0,25.0,20.0,20.0,75.0,35.0,65.0,B,"observed:price,sales,reviews,rating,fba_fee; estimated:search_volume,cpc",estimated_default_costs,Imported from Sorftime; ASIN B07HGC7L5R; parent B09MF1DT55; brand Storage Theory,https://www.amazon.com/dp/B07HGC7L5R,30.5,Reject,1.98,0.1322,533.02,48.8,14.3,0.0,22.0,78.0,supplier quote required; estimated profit is not a rejection gate; review count above 600,,,,,,,,,,,,,,
