review_target_asin,asin,listing_url,rating,review_title,review_text,review_date,pain_point_tags,review_link,verified_purchase,asin_property,helpful
B0FS1YH17C,B0FS1YH17C,https://www.amazon.com/dp/B0FS1YH17C,3.0,None yo beeswax,I can’t say breads last any longer than under normal storage. The bags are bulky. They are attractive but bulky. Also you can’t wash them if they get food on them. This is a super idea just not well thought out.,20260517,cleaning,https://www.amazon.com/gp/customer-reviews/R2JDAJ5SCUMLWO,False,"[{""name"":""Color"",""detail"":""White - Little Bee""}]",0
B0FS1YH17C,B0FS1YH17C,https://www.amazon.com/dp/B0FS1YH17C,5.0,"Beautiful bread bag that makes giving your bread as a hostess gift, the best wrapping ever!",I have 4 of these after ordering my first. Beautiful craftmanship and easy to fit any size loaf. Very durable and wipes clean easily. I love to give my bread away with this bread bag!,20260514,cleaning; size_fit; durability,https://www.amazon.com/gp/customer-reviews/R23SANS9CG5XXW,False,"[{""name"":""Color"",""detail"":""White - Little Bee""}]",0
B0FS1YH17C,B0FS1YH17C,https://www.amazon.com/dp/B0FS1YH17C,5.0,Perfect to keep in,Absolutely perfect. Keeps my freshly made sourdough tasting great all week. Fits a large boule well and super cute. Would repurchase again!,20260510,freshness_or_drying; size_fit,https://www.amazon.com/gp/customer-reviews/R3G2A9DNPBM7GX,False,"[{""name"":""Color"",""detail"":""White - Little Bee""}]",0
B0FS1YH17C,B0FS1YH17C,https://www.amazon.com/dp/B0FS1YH17C,5.0,Keeps your bread products fresh!,Keeps your bread products fresh much longer!,20260509,freshness_or_drying,https://www.amazon.com/gp/customer-reviews/R29CGVFEFOXO8M,False,"[{""name"":""Color"",""detail"":""White - Little Bee""}]",0
B0FS1YH17C,B0FS1YH17C,https://www.amazon.com/dp/B0FS1YH17C,5.0,Bread bags,Yes great size. Love the zipper,20260508,size_fit; durability,https://www.amazon.com/gp/customer-reviews/ROEFXWRLG9UNC,False,"[{""name"":""Color"",""detail"":""White - Little Bee""}]",0
B0FS1YH17C,B0FS1YH17C,https://www.amazon.com/dp/B0FS1YH17C,4.0,Nice,Nice bread bags. Easy to open and clean when needed.,20260503,cleaning,https://www.amazon.com/gp/customer-reviews/R13XNDYEBKNXLL,False,"[{""name"":""Color"",""detail"":""White - Little Bee""}]",0
B0FS1YH17C,B0FS1PFL3X,https://www.amazon.com/dp/B0FS1PFL3X,3.0,Very pretty,"I had high hopes for these bags. Unfortunately have not found them to extend the life of my homemade bread at all. On the flip side of that though, they are more convenient than wrapping in plastic and foil, and would be great foe gifting homemade items.",20260424,,https://www.amazon.com/gp/customer-reviews/R1D43EQV2GFKBZ,False,"[{""name"":""Color"",""detail"":""Blue and White""}]",0
B0FS1YH17C,B0FS1YH17C,https://www.amazon.com/dp/B0FS1YH17C,5.0,Beeswax bread bags,These bags are awesome hoping that they provide me with longevity for my bread,20260421,,https://www.amazon.com/gp/customer-reviews/R3UKVOCPPTJVDS,False,"[{""name"":""Color"",""detail"":""White - Little Bee""}]",0
B0FS1YH17C,B0FS1YH17C,https://www.amazon.com/dp/B0FS1YH17C,5.0,Bread last few days longer than plastic container,I love these for my home made bread. U get two. The zipper is decent Quality its sturdy and the seams are double stictched. The inside is plastic looking but I guess that is the wax finish. I have used this twice now and each time bread last couple days longer in terms of softness. I like the design but I wish it had a hard bad so the bread would stay upright but otherwise no faults.,20260420,freshness_or_drying; smell_or_wax; durability,https://www.amazon.com/gp/customer-reviews/R2QQR4E7TM9DCE,False,"[{""name"":""Color"",""detail"":""White - Little Bee""}]",0
B0FS1YH17C,B0FS1YH17C,https://www.amazon.com/dp/B0FS1YH17C,4.0,Great product!,Great product!,20260415,,https://www.amazon.com/gp/customer-reviews/R2ALXU4F7IL3WA,False,"[{""name"":""Color"",""detail"":""White - Little Bee""}]",0
B0FS1YH17C,B0FS1YH17C,https://www.amazon.com/dp/B0FS1YH17C,5.0,Cute beeswax bread bags,I love this two cute bread bags! They are nice quality including the zipper. They keep fresh my bread longer and I it is very easy to use. You can use it in both the refrigerator and the freezer. I like that the design make it easier to clean when need it.,20260415,freshness_or_drying; cleaning; durability,https://www.amazon.com/gp/customer-reviews/R13BBAILTT85F8,False,"[{""name"":""Color"",""detail"":""White - Little Bee""}]",0
B0FS1YH17C,B0FS1YH17C,https://www.amazon.com/dp/B0FS1YH17C,5.0,No need for plasticbread bags,"This product really intrigued me because of the beeswax. It took me a bit to get used to the idea but I actually like them. There bags are so cute, and cutting back of plastic waste makes these worth it.",20260408,smell_or_wax,https://www.amazon.com/gp/customer-reviews/RW3T6UTCS1Y4X,False,"[{""name"":""Color"",""detail"":""White - Little Bee""}]",0
B0FS1YH17C,B0FS1YH17C,https://www.amazon.com/dp/B0FS1YH17C,5.0,Great quality!,Keeps my fresh baked breads much longer,20260407,freshness_or_drying,https://www.amazon.com/gp/customer-reviews/R1FMGIBTJZRU6V,False,"[{""name"":""Color"",""detail"":""White - Little Bee""}]",0
B0FS1YH17C,B0FS1YH17C,https://www.amazon.com/dp/B0FS1YH17C,5.0,GOOD PRODUCT,"Good idea, decent execution but not perfect.Best fo reco-conscious bakers who want reusable storage
Not ideal if you expect ,bakery-fresh crust for a week.",20260405,freshness_or_drying,https://www.amazon.com/gp/customer-reviews/RJFG4Z06MVLG3,False,"[{""name"":""Color"",""detail"":""White - Little Bee""}]",0
B0FS1YH17C,B0FS1YH17C,https://www.amazon.com/dp/B0FS1YH17C,5.0,Keeps bread fresh longer,"I love these bags 🍞. The quality is great and the material feels durable yet breathable, perfect for sourdough bread. My bread stays fresh longer without getting hard too quickly. I also like that they are reusable and eco-friendly. The XL size is perfect for large loaves and the zipper works well. I would definitely buy them again.",20260405,freshness_or_drying; size_fit; durability,https://www.amazon.com/gp/customer-reviews/R239ZS50IU0JFC,True,"[{""name"":""Color"",""detail"":""White - Little Bee""}]",0
B0FS1YH17C,B0GTRBFJTB,https://www.amazon.com/dp/B0GTRBFJTB,5.0,Great bread bags,Really nice bread bags.  I will update once used more.,20260404,,https://www.amazon.com/gp/customer-reviews/R3MXWXD3G3PJVH,True,"[{""name"":""Color"",""detail"":""White Bread & Flowers""}]",0
B0FS1YH17C,B0FS1PFL3X,https://www.amazon.com/dp/B0FS1PFL3X,5.0,Bread Bags,Quality product that works well,20260402,,https://www.amazon.com/gp/customer-reviews/R2YEC9MYWRRQ7Y,False,"[{""name"":""Color"",""detail"":""Blue and White""}]",0
B0FS1YH17C,B0FS1YH17C,https://www.amazon.com/dp/B0FS1YH17C,5.0,love these bread bags,Very pleased with these bread bags. They are extremely large and pleasing design.,20260402,size_fit,https://www.amazon.com/gp/customer-reviews/R1FIQTHYCC5Y9F,False,"[{""name"":""Color"",""detail"":""White - Little Bee""}]",0
B0FS1YH17C,B0FS1YH17C,https://www.amazon.com/dp/B0FS1YH17C,5.0,Good quality and cute!,First glance they seem well made and are cute! I’ve only used them to hold fresh bread but am curious how they’ll do in the freezer as that’s an option.,20260402,freshness_or_drying,https://www.amazon.com/gp/customer-reviews/R17BI8SD1BXHG0,False,"[{""name"":""Color"",""detail"":""White - Little Bee""}]",0
B0FS1YH17C,B0FS1YH17C,https://www.amazon.com/dp/B0FS1YH17C,5.0,Prettiest bread bags!,"I got these yesterday along with some other ones to gift bread and keep some on the counter. I love homemade bread and it makes great gifts and something like this makes it super cute as a hostess gift. Plus it can be reused while the bread is consumed! Love the prints on these, super pretty! Plus we have bees so the print is perfect!",20260331,,https://www.amazon.com/gp/customer-reviews/RUXIE1CZG7IK0,False,"[{""name"":""Color"",""detail"":""White - Little Bee""}]",0
B0FS1YH17C,B0FS1YH17C,https://www.amazon.com/dp/B0FS1YH17C,5.0,REALLY Keeps Sourdough Bread Fresh!,"I am so surprised at how well these bags work to keep my freshly made sourdough loaves at peak condition. The crust stays firm and the interior of the bread stays moist for DAYS on end! I read the reviews before buying these and thought if they are even half true I will be happy, but it turns out that these are better than I could’ve ever imagined. I highly recommend them!",20260330,freshness_or_drying; moisture_or_mold; size_fit,https://www.amazon.com/gp/customer-reviews/R22J4SUPOZRVS9,False,"[{""name"":""Color"",""detail"":""White - Little Bee""}]",0
B0FS1YH17C,B0FS1YH17C,https://www.amazon.com/dp/B0FS1YH17C,5.0,They keep my homemade bread fresh,These bags are great for keeping my homemade bread fresh.,20260328,freshness_or_drying,https://www.amazon.com/gp/customer-reviews/RB2O7B9XUQ5L4,True,"[{""name"":""Color"",""detail"":""White - Little Bee""}]",0
B0FS1YH17C,B0FS1YH17C,https://www.amazon.com/dp/B0FS1YH17C,5.0,Love these,these bags are great for keeping homemade bread fresh. Bread lasted a full week and still tastes great,20260327,freshness_or_drying,https://www.amazon.com/gp/customer-reviews/R35A6CNASUNZ5Q,False,"[{""name"":""Color"",""detail"":""White - Little Bee""}]",0
B0FS1YH17C,B0FS1YH17C,https://www.amazon.com/dp/B0FS1YH17C,1.0,Bad product,Not the right product. The wax is on inside not woven into cotton bag. Bread turns moldy in 4 days,20260327,moisture_or_mold; smell_or_wax,https://www.amazon.com/gp/customer-reviews/RAKWVNBF7L34L,True,"[{""name"":""Color"",""detail"":""White - Little Bee""}]",0
B0FS1YH17C,B0FS1PFL3X,https://www.amazon.com/dp/B0FS1PFL3X,5.0,Gifting Bread.,"These bags are amazing. They are reusable, beeswax bags for sourdough bread. These are much better to use than plastic these days. They function really well and they fold flat for storage. They are really easy to use and were a great value for the money that I paid. They are very lightweight as they are only paper so I believe they will work well to store the bread for a day or two. You could also gift bread in these bags.",20251117,smell_or_wax; size_fit; value_or_quantity,https://www.amazon.com/gp/customer-reviews/R10F9SFOP3I818,False,,2
B0FS1YH17C,B0FS1YH17C,https://www.amazon.com/dp/B0FS1YH17C,5.0,Gifting Bread.,"These bags are amazing.  They are reusable, beeswax bags for sourdough bread.  These are much better to use than plastic these days.  They function really well and they fold flat for storage.  They are really easy to use and were a great value for the money that I paid.  They are very lightweight as they are only paper so I believe they will work well to store the bread for a day or two.  You could also gift bread in these bags.",20251117,smell_or_wax; size_fit; value_or_quantity,https://www.amazon.com/gp/customer-reviews/R10F9SFOP3I818,True,[],0
B0FS1YH17C,B0FS1YH17C,https://www.amazon.com/dp/B0FS1YH17C,5.0,Good quality,Nice quality bags,20251117,,https://www.amazon.com/gp/customer-reviews/R19K2FHHJV5UYP,True,[],0
B0FS1YH17C,B0FS1YH17C,https://www.amazon.com/dp/B0FS1YH17C,5.0,Reusable and easy to clean,"I have this friend who makes sourdough bread, so I got these and gifted them to her. Then she gave me bread! Win win! She said she got more, and they keep her bread fresh longer, and she even uses them to freeze bread!",20251116,freshness_or_drying; size_fit,https://www.amazon.com/gp/customer-reviews/R3VJEUI91CLTS6,True,[],0
B0FS1YH17C,B0FS1YH17C,https://www.amazon.com/dp/B0FS1YH17C,5.0,Keep bread fresh and kitchen cute,These beeswax bread bags are the best. I love the design and how it keeps my kitchen looking cute. These keep my breads super fresh. They Easley hold fruit and veggies too making them multifunctional.,20251116,freshness_or_drying; smell_or_wax,https://www.amazon.com/gp/customer-reviews/R5B98VNIZS68B,True,[],0
B0FS1YH17C,B0FS1YH17C,https://www.amazon.com/dp/B0FS1YH17C,5.0,Love these beeswax bags,Love these bags!  Will buy again!,20251116,,https://www.amazon.com/gp/customer-reviews/R1SJPW6LF1D73O,True,[],0
B0FS1YH17C,B0FS1PFL3X,https://www.amazon.com/dp/B0FS1PFL3X,5.0,Keeps bread at perfect texture,These bread bags are perfect for the bread baker. They keep the homemade bread at the right texture because of the beeswax coating. The bread stays soft on the inside & crusty on the outside. Also the bags are easy to clean—just a quick wipe with water & good to go. Can even use them for freezing the bread for up to 3 months.,20251114,freshness_or_drying; smell_or_wax; cleaning,https://www.amazon.com/gp/customer-reviews/R1FTD1VRNZJFN7,False,,3
B0FS1YH17C,B0FS1YH17C,https://www.amazon.com/dp/B0FS1YH17C,1.0,Three Days Later - Stale Bread,"I really don‘t know why people will sell products that are not even close to how they are to use.I put my baked rye bread into the bag, and 3 days later; stale and hard as a rock.  I do not recommend this product.I‘m going back to using a plastic bak that is open slightly at the top.",20251114,freshness_or_drying,https://www.amazon.com/gp/customer-reviews/R2UIM5LSWQFM9,True,"[{""name"":""Color"",""detail"":""White - Little Bee""}]",0
B0FS1YH17C,B0FS1YH17C,https://www.amazon.com/dp/B0FS1YH17C,5.0,Keeps bread at perfect texture,These bread bags are perfect for the bread baker. They keep the homemade bread at the right texture because of the beeswax coating. The bread stays soft on the inside & crusty on the outside. Also the bags are easy to clean—just a quick wipe with water & good to go. Can even use them for freezing the bread for up to 3 months.,20251114,freshness_or_drying; smell_or_wax; cleaning,https://www.amazon.com/gp/customer-reviews/R1FTD1VRNZJFN7,True,[],0
B0FS1YH17C,B0FS1PFL3X,https://www.amazon.com/dp/B0FS1PFL3X,5.0,Plenty of room,I was pleasantly surprised at how big the bags are! Plenty of room for a full loaf of bread. It has a nice zipper with a large opening making it easy to use and clean. The beeswax coating is not super heavy so it is not sticky but has enough to prevent rips and tears.,20251112,smell_or_wax; cleaning; size_fit; durability,https://www.amazon.com/gp/customer-reviews/RSK0F5VYASBE,False,,2
B0FS1YH17C,B0FS1YH17C,https://www.amazon.com/dp/B0FS1YH17C,5.0,Large and roomy,"Large bags, can easily fit two of my loaves in one bag. Very durable, quality material. Nice price too!",20251112,size_fit; durability; value_or_quantity,https://www.amazon.com/gp/customer-reviews/R3574LU8B10KP8,True,"[{""name"":""Color"",""detail"":""White - Little Bee""}]",0
B0FS1YH17C,B0FS1YH17C,https://www.amazon.com/dp/B0FS1YH17C,5.0,Plenty of room,I was pleasantly surprised at how big the bags are! Plenty of room for a full loaf of bread. It has a nice zipper with a large opening making it easy to use and clean. The beeswax coating is not super heavy so it is not sticky but has enough to prevent rips and tears.,20251112,smell_or_wax; cleaning; size_fit; durability,https://www.amazon.com/gp/customer-reviews/RSK0F5VYASBE,True,"[{""name"":""Color"",""detail"":""White - Little Bee""}]",0
B0FS1YH17C,B0FS1YH17C,https://www.amazon.com/dp/B0FS1YH17C,5.0,Keeps Bread Fresh,"Sturdy beeswax bags with a wide zipper and XL size, great for homemade loaves. Keeps bread fresh longer and reduces plastic use. Love that they’re reusable.",20251110,freshness_or_drying; smell_or_wax; size_fit; durability,https://www.amazon.com/gp/customer-reviews/RRHMLR6G4X6IT,True,[],0
B0FS1YH17C,B0FS1YH17C,https://www.amazon.com/dp/B0FS1YH17C,5.0,Excellent bread bags,So convenient for storing sourdough! Love!,20251110,size_fit,https://www.amazon.com/gp/customer-reviews/R1VGGMHT86K663,True,[],0
B0FS1YH17C,B0FS1YH17C,https://www.amazon.com/dp/B0FS1YH17C,5.0,Best holiday gift,cute item with good price. Buy it as my friend holiday gift. The cotton and beeswax lining is born as bread bag! They’re reusable and easy to clean. Very eco-friendly,20251110,smell_or_wax; cleaning; value_or_quantity,https://www.amazon.com/gp/customer-reviews/R3R360FH83L5IX,True,[],0
B0FS1YH17C,B0FS1YH17C,https://www.amazon.com/dp/B0FS1YH17C,5.0,Stylish,Perfect size for sourdough bread!!! Amazing product. Easy to clean and bread fits right in,20251108,cleaning; size_fit,https://www.amazon.com/gp/customer-reviews/R895OO0IRFE9X,True,"[{""name"":""Color"",""detail"":""White - Little Bee""}]",0
B0FS1YH17C,B0FS1YH17C,https://www.amazon.com/dp/B0FS1YH17C,5.0,Great value,Great size. I love the material. I bought this to replace the plastic zip bag. I know I Will get a lot of use of these. Great value for the long run.,20251108,size_fit; durability; value_or_quantity,https://www.amazon.com/gp/customer-reviews/R2LV27LAKSQ4CX,True,[],0
B0FS1YH17C,B0FS1YH17C,https://www.amazon.com/dp/B0FS1YH17C,5.0,Good value for money,I really like the functionality of the bread bags.  Easy to clean the inside.  Good value for money.,20251107,cleaning; value_or_quantity,https://www.amazon.com/gp/customer-reviews/R2XLTK5K0L7OUX,True,[],0
B0FS1YH17C,B0FS1YH17C,https://www.amazon.com/dp/B0FS1YH17C,5.0,Excellent product!,"The bread bags are excellent! They’re adorable first off - cute design! They’re also spacious and can hold multiple loaves. Whether using for homemade breads or pastry items, these are perfect for longer lasting breads!",20251107,,https://www.amazon.com/gp/customer-reviews/RRVSAN611Z0NE,True,[],0
B0FS1YH17C,B0FS1YH17C,https://www.amazon.com/dp/B0FS1YH17C,5.0,My favorite bags,I have used these everywhere. We even traveled with one of them with pepperoni rolls. They stayed fresh. These bags are very well made. I‘ve been making bread for years and so far these are my favorite bags.,20251107,freshness_or_drying,https://www.amazon.com/gp/customer-reviews/RK2FN9KLBNZJR,True,[],0
B0FS1YH17C,B0FS1YH17C,https://www.amazon.com/dp/B0FS1YH17C,5.0,"Keeps My Sourdough Fresh, and I Love the Zipper Design","I bake sourdough every week, and this bag has quickly become my favorite way to store it. The beeswax lining keeps the crust perfectly crisp while the inside stays soft and chewy—exactly how sourdough should be. I especially appreciate the zipper design, which makes opening and closing the bag super convenient while still sealing in freshness. It’s sturdy, reusable, and does a much better job than plastic. Excellent quality for homemade bread lovers!",20251107,freshness_or_drying; smell_or_wax; size_fit; durability,https://www.amazon.com/gp/customer-reviews/R2ZI4HZUQ1FKRH,False,"[{""name"":""Color"",""detail"":""White - Little Bee""}]",0
B0FS1YH17C,B0FS1YH17C,https://www.amazon.com/dp/B0FS1YH17C,5.0,Great for Freezing Fresh Bread,"These bags are amazing for batch baking. I freeze my cooled loaves in them, and even after 2–3 months, the bread still tastes fresh with great texture. Much better than freezer bags because the beeswax coating helps protect the bread from freezer burn. Highly recommend for anyone who freezes homemade bread.",20251107,freshness_or_drying; smell_or_wax,https://www.amazon.com/gp/customer-reviews/RQJOEG37ZYEM,False,"[{""name"":""Color"",""detail"":""White - Little Bee""}]",0
B0FS1YH17C,B0FS1YH17C,https://www.amazon.com/dp/B0FS1YH17C,5.0,Eco-friendly and Easy to Clean,"I’m trying to cut down on single-use plastic, and these reusable bags are a fantastic alternative. After using them, I just wipe with cool water and let them air-dry—super simple. The quality feels durable, and the slight beeswax smell disappeared after a day, just as the instructions said.",20251107,freshness_or_drying; smell_or_wax; durability,https://www.amazon.com/gp/customer-reviews/R3B2NGA8W1H0HL,False,"[{""name"":""Color"",""detail"":""White - Little Bee""}]",0
B0FS1YH17C,B0FS1PFL3X,https://www.amazon.com/dp/B0FS1PFL3X,4.0,Large and reusable,"These are really nice bread bags. They could not be more simple and straight forward to use - can fit a large loaf or several pastries and still have room to roll closed. I also love that they are eco-friendly and can be reused for a very long time due to their durablility and quality build. However I am not sure if they are necessarily better at keeping my bread fresher than other storage methods. I still got the occasional mold spots and it‘s hard to clean from the beeswax. I feel like you can never truly remove all the spores safely because of the gentle washing the bag requires, and therefore food molds more quickly after that first outbreak. I eventually had to throw one bag away due to mold but fortunately still have the second one in good condition.",20251106,freshness_or_drying; moisture_or_mold; smell_or_wax; cleaning; size_fit,https://www.amazon.com/gp/customer-reviews/R3C5I63OQ3PFKW,False,,10
B0FS1YH17C,B0FS1YH17C,https://www.amazon.com/dp/B0FS1YH17C,5.0,So cool,So I started to collect all bread making essentials. And I was so happy to come across this. To store healthy food in a health bag! I’m still wondering how this is made with bee wax,20251106,smell_or_wax,https://www.amazon.com/gp/customer-reviews/R2ENN1S22JIS7H,True,[],0
B0FS1YH17C,B0FS1YH17C,https://www.amazon.com/dp/B0FS1YH17C,4.0,Large and reusable,"These are really nice bread bags. They could not be more simple and straight forward to use - can fit a large loaf or several pastries and still have room to roll closed. I also love that they are eco-friendly and can be reused for a very long time due to their durablility and quality build. However I am not sure if they are necessarily better at keeping my bread fresher than other storage methods. I still got the occasional mold spots and it‘s hard to clean from the beeswax. I feel like you can never truly remove all the spores safely because of the gentle washing the bag requires, and therefore food molds more quickly after that first outbreak. I eventually had to throw one bag away due to mold but fortunately still have the second one in good condition.",20251106,freshness_or_drying; moisture_or_mold; smell_or_wax; cleaning; size_fit,https://www.amazon.com/gp/customer-reviews/R3C5I63OQ3PFKW,False,,9
B0FS1YH17C,B0FS1PFL3X,https://www.amazon.com/dp/B0FS1PFL3X,5.0,Great quality. Perfect for sourdough,These bags are great for storing fresh sourdough bread. Using cling-wrap wasn’t cutting it and my bread had been going stale so fast. Since having these bags my bread is more soft and gets eaten before it even has the chance to go stale,20251105,freshness_or_drying; size_fit,https://www.amazon.com/gp/customer-reviews/R11YFYJJDD2HQE,False,,2
B0FS1YH17C,B0FS1YH17C,https://www.amazon.com/dp/B0FS1YH17C,5.0,Great quality. Perfect for sourdough,These bags are great for storing fresh sourdough bread. Using cling-wrap wasn’t cutting it and my bread had been going stale so fast. Since having these bags my bread is more soft and gets eaten before it even has the chance to go stale,20251105,freshness_or_drying; size_fit,https://www.amazon.com/gp/customer-reviews/R11YFYJJDD2HQE,True,[],0
B0FS1YH17C,B0FS1YH17C,https://www.amazon.com/dp/B0FS1YH17C,5.0,Such a great reusable bread bag option,Really nice size bags! My daughter-in-law has been making sourdough bread so this will definitely get lots of use. They are reusable and the beeswax lining can be reapplied if it starts to wear off.,20251105,smell_or_wax; size_fit,https://www.amazon.com/gp/customer-reviews/R2PHC3B9OWW0DS,True,[],0
B0FS1YH17C,B0FS1YH17C,https://www.amazon.com/dp/B0FS1YH17C,5.0,Very good,"Wow, it looks great! The fabric is very high-quality and thick.",20251104,,https://www.amazon.com/gp/customer-reviews/R1OEIDRY5PP591,True,[],0
B0FS1YH17C,B0FS1YH17C,https://www.amazon.com/dp/B0FS1YH17C,5.0,Eco-friendly food storage bags with beeswax lining,"These food storage bags are made from organic cotton lined with beeswax, they feel natural and well-made. The stitching is neat, the fabric texture is pleasant, and the bags hold their shape. A great eco-friendly choice for storing snacks or food when sustainability matters.",20251104,smell_or_wax; cleaning; durability,https://www.amazon.com/gp/customer-reviews/R24UHG9A7SPUJ3,True,[],0
B0FS1YH17C,B0FS1YH17C,https://www.amazon.com/dp/B0FS1YH17C,5.0,Kitchen essential for bread baking lovers,"I’ve looking a while for these reusable beeswax bread bags for my sourdough loaves and bagels and I finally got them. They have quickly become a kitchen essential.  This bags keep the bread fresh and crusty longer than plastic or paper, while still allowing it to breathe naturally, no more soggy crusts! I love that they’re eco-friendly, beautifully made, easy to clean and reuse, making them a sustainable and charming alternative for bread storage. Perfect for anyone who bakes often or simply loves quality bread, like me.",20251103,freshness_or_drying; smell_or_wax; cleaning; size_fit,https://www.amazon.com/gp/customer-reviews/R1V5QXF8NQYFK,True,[],0
B0FS1YH17C,B0FS1YH17C,https://www.amazon.com/dp/B0FS1YH17C,5.0,Awesome bread bag!!!,"Great, high quality material! Comes with 2 bags! So easy to use and to clean, highly recommend!",20251101,cleaning,https://www.amazon.com/gp/customer-reviews/R16EN7519G1EC0,True,[],0
B0FS1YH17C,B0FS1YH17C,https://www.amazon.com/dp/B0FS1YH17C,5.0,Cute and practical!!,"This BeasWax Bread Bag is as practical as it is adorable!The cute design adds charm to your kitchen, while the beeswax lining keeps bread fresh and the bag easy to clean and reuse. I use it for my fresh sourdough loaves. Bonus — it’s freezer-safe, making it perfect for long-term storage. Eco-friendly, functional, and stylish!",20251031,freshness_or_drying; smell_or_wax; cleaning; size_fit,https://www.amazon.com/gp/customer-reviews/R1NPPF0NFUQ4CC,True,[],0
B0FS1YH17C,B0FS1YH17C,https://www.amazon.com/dp/B0FS1YH17C,5.0,Sustainable way to store bread,"If you enjoy using wax paper, you are going to love these. So easy to use, look cute and keep your bread fresh longer",20251031,freshness_or_drying; smell_or_wax,https://www.amazon.com/gp/customer-reviews/RP4364LY9I0UW,True,[],0
B0FS1YH17C,B0FS1PFL3X,https://www.amazon.com/dp/B0FS1PFL3X,5.0,Nice large size bags!,I am impressed with the large size. I bake sourdough bread once a week and am looking forward to using one of these bags to keep my loaves fresh. The clips are easy to use. The size will be good for large round loaves or pan shaped loaves! Great value,20251029,freshness_or_drying; size_fit; value_or_quantity,https://www.amazon.com/gp/customer-reviews/R12OWW38RARF93,False,,2
B0FS1YH17C,B0FS1YH17C,https://www.amazon.com/dp/B0FS1YH17C,5.0,Nice large size bags!,I am impressed with the large size. I bake sourdough bread once a week and am looking forward to using one of these bags to keep my loaves fresh. The clips are easy to use. The size will be good for large round loaves or pan shaped loaves! Great value,20251029,freshness_or_drying; size_fit; value_or_quantity,https://www.amazon.com/gp/customer-reviews/R12OWW38RARF93,True,[],0
B0FS1YH17C,B0FS1YH17C,https://www.amazon.com/dp/B0FS1YH17C,5.0,Bread bag,"Ease in cleaning, quality.",20251029,cleaning,https://www.amazon.com/gp/customer-reviews/RUV2PRHXNZ5RS,True,[],0
B0FS1YH17C,B0FS1YH17C,https://www.amazon.com/dp/B0FS1YH17C,5.0,Keeps bread fresh,This bag is awesome. Theres instructions that are easy to follow to keep the bags clean and what best to do to maintain freshness of sourdough. It’s also just overall very cute bag.,20251029,freshness_or_drying; cleaning; size_fit,https://www.amazon.com/gp/customer-reviews/R8RG9JQ7RFWYJ,True,[],0
B0FS1YH17C,B0FS1YH17C,https://www.amazon.com/dp/B0FS1YH17C,5.0,"Nice quality, and look great on the counter","lovedThese bags meet my food safety requirement by being made of organic cotton and being coated in beeswax, which provides just enough of a barrier on the inside of the bag to keep bread fresh for days longer than expected, even when stored in a pantry.",20251029,freshness_or_drying; smell_or_wax,https://www.amazon.com/gp/customer-reviews/R34O8J4K1BF285,True,[],0
B0FS1YH17C,B0FS1PFL3X,https://www.amazon.com/dp/B0FS1PFL3X,5.0,Keeps Homemade Bread fresh longer,"As a home bread baker, I know how important it is to store bread properly to keep it from going stale or fungus. These reusable beeswax bread bags help keep my home made bread fresh for days without drying out, and I love that they’re made from natural, organic materials. The XL size easily fits large loaves, and they work great both on the table and in freezer. Try not to keep your bread in the fridge.",20251028,freshness_or_drying; smell_or_wax; size_fit,https://www.amazon.com/gp/customer-reviews/R1ZMWBAYYOF3D3,False,,4
B0FS1YH17C,B0FS1YH17C,https://www.amazon.com/dp/B0FS1YH17C,5.0,5 stars,These bread bags are great for keeping bread I buy from the farmers market fresh for longer! Great buy.,20251028,freshness_or_drying,https://www.amazon.com/gp/customer-reviews/R2B4Q4E2Y1K2ZF,True,[],0
B0FS1YH17C,B0FS1YH17C,https://www.amazon.com/dp/B0FS1YH17C,5.0,Keeps Homemade Bread fresh longer,"As a home bread baker, I know how important it is to store bread properly to keep it from going stale or  fungus. These reusable beeswax bread bags help keep my home made bread  fresh for days without drying out, and I love that they’re made from natural, organic materials. The XL size easily fits large loaves, and they work great both on the table and in freezer. Try not to keep your bread in the fridge.",20251028,freshness_or_drying; smell_or_wax; size_fit,https://www.amazon.com/gp/customer-reviews/R1ZMWBAYYOF3D3,True,[],0
B0FS1YH17C,B0FS1YH17C,https://www.amazon.com/dp/B0FS1YH17C,5.0,Good quality,Nice material and quality. Perfect for my homemade sourdough,20251028,size_fit,https://www.amazon.com/gp/customer-reviews/R36128J82K9RN1,True,[],0
B0FS1YH17C,B0FS1YH17C,https://www.amazon.com/dp/B0FS1YH17C,5.0,Reusable,"These sourdough bread bags are an excellent choice for anyone who loves baking homemade bread. I bake bread regularly, and these bags really help keep it fresh, soft, and flavorful for longer. The material is strong, breathable, and reusable, which makes it both eco-friendly and practical. I’m very satisfied and highly recommend it to any home baker",20251026,freshness_or_drying; size_fit,https://www.amazon.com/gp/customer-reviews/R1N0MEOWZ3WQ8,True,[],0
B0FS1YH17C,B0FS1YH17C,https://www.amazon.com/dp/B0FS1YH17C,5.0,Cute design and easy to use.,Cute design and love I have a way to keep my bread fresh. I know feel like an official sourdough bread maker! I also like the fact it’s reusable and I no longer have to wrap my bread in plastic wrap!,20251025,freshness_or_drying; size_fit,https://www.amazon.com/gp/customer-reviews/R2DMBSRAU9KTQL,True,[],0
B0FS1YH17C,B0FS1YH17C,https://www.amazon.com/dp/B0FS1YH17C,5.0,High-quality products.,"A sturdy, roomy bag. I managed to fit two large loaves of bread in it. It has a clasp that helps close the bag tightly. Excellent price for such a high-quality product.",20251023,size_fit; value_or_quantity,https://www.amazon.com/gp/customer-reviews/R2EU7YIJNZ7E5I,True,[],0
B0FS1YH17C,B0FS1YH17C,https://www.amazon.com/dp/B0FS1YH17C,5.0,Keeps My bread Fresh and Crusty,"I love these beeswax bread bags! They keep my homemade bread perfectly fresh,crispy on the outside and soft inside for days. The quality feels premium, and I appreciate that they’re reusable and eco-friendly. Super cute design too. Totally worth it for anyone who bakes bread regularly!",20251023,freshness_or_drying; smell_or_wax,https://www.amazon.com/gp/customer-reviews/R2XMQE8ALVO2MP,False,,0
B0FS1YH17C,B0FS1PFL3X,https://www.amazon.com/dp/B0FS1PFL3X,5.0,"Large enough for your bread loaves, keeps them fresh","These bread bags are very nice, they keep the products fresh and are very large which means there is enough room for the loaves, I just roll the bread bags up click to seal and that‘s it, done",20251019,freshness_or_drying; size_fit,https://www.amazon.com/gp/customer-reviews/R16HZX98DW953N,False,,2
B0FS1YH17C,B0FS1YH17C,https://www.amazon.com/dp/B0FS1YH17C,5.0,"Large enough for your bread loaves, keeps them fresh","These bread bags are very nice, they keep the products fresh and are very large which means there is enough room for the loaves, I just roll the bread bags up click to seal and that‘s it, done",20251019,freshness_or_drying; size_fit,https://www.amazon.com/gp/customer-reviews/R16HZX98DW953N,True,[],0
B0CW1ZBP6P,B0CW1YDB1M,https://www.amazon.com/dp/B0CW1YDB1M,5.0,Perfect for bread gift giving!,Beautiful design and great quality. It keeps bread fresh and is perfect for sharing my homemade baking with friends and family. Enjoyed this baking bag!,20260422,freshness_or_drying,https://www.amazon.com/gp/customer-reviews/R30VO2T38IJ8T7,False,"[{""name"":""Number of Items"",""detail"":""100""}]",0
B0CW1ZBP6P,B0CW1ZBP6P,https://www.amazon.com/dp/B0CW1ZBP6P,5.0,Great product,These bags are great for any sourdough baker. They are sturdy with the window so you can see what the bread looks like without opening the package they come with adorable stickers to make giftgiving fun.,20260422,size_fit; value_or_quantity,https://www.amazon.com/gp/customer-reviews/R1N3S411RESSP3,False,"[{""name"":""Number of Items"",""detail"":""50""}]",0
B0CW1ZBP6P,B0CW1ZBP6P,https://www.amazon.com/dp/B0CW1ZBP6P,5.0,Keeps bread fresher longer,"Keeps the homage bread fresh for weeks. Great for all size breads, round or loaf. Easy to use and strong enough to hold a hefty bread. Just fold for sealing and you are all set. No plastic bags so safe for all you put into it.!",20260407,freshness_or_drying; size_fit; value_or_quantity,https://www.amazon.com/gp/customer-reviews/R3LLLK5SDHYHWO,False,"[{""name"":""Number of Items"",""detail"":""50""}]",0
B0CW1ZBP6P,B0CW1ZBP6P,https://www.amazon.com/dp/B0CW1ZBP6P,5.0,perfect size that works great for sourdough bread!,very nice that works perfect for sourdough bread!!,20260407,size_fit,https://www.amazon.com/gp/customer-reviews/R6L25VKL0NIQ1,False,"[{""name"":""Number of Items"",""detail"":""50""}]",0
B0CW1ZBP6P,B0CW1ZBP6P,https://www.amazon.com/dp/B0CW1ZBP6P,5.0,Ideal for gifting or storing baked goods.,"Great bread bags. They’re thick, sturdy and the window makes homemade loaves look really nice. Perfect size for sourdough or larger breads and the included stickers and ties make packaging super easy. Ideal for gifting or storing baked goods.",20260407,size_fit; value_or_quantity,https://www.amazon.com/gp/customer-reviews/RSI54H276NF7I,False,"[{""name"":""Number of Items"",""detail"":""50""}]",0
B0CW1ZBP6P,B0CW1YDB1M,https://www.amazon.com/dp/B0CW1YDB1M,5.0,Cute and practical for homemade bread – great for gifting,"I bought these bags for homemade bread and baked goods, and overall I’m really happy with them. The paper isn’t super thick, but it’s still sturdy enough for regular use.
What I really like is the window design — it makes the bread look much nicer and more presentable. It’s perfect when you want to share homemade bread with friends or neighbors.

The included stickers are a great touch. They make the packaging feel more thoughtful and a bit more “gift-ready,” which I really appreciate.

If you’re baking at home and want something simple but nice-looking to package your bread, these work really well. I’ve already used them and they make everything look much more polished. Easy to carry and price for 100 pieces is good.

Would buy again!",20260330,value_or_quantity,https://www.amazon.com/gp/customer-reviews/R3GD5H07A173I2,False,"[{""name"":""Number of Items"",""detail"":""100""}]",0
B0CW1ZBP6P,B0CW1ZBP6P,https://www.amazon.com/dp/B0CW1ZBP6P,5.0,Perfect for sharing products,"Excellent product , looks good, holds dozen rolls and 6 burger buns.",20260330,,https://www.amazon.com/gp/customer-reviews/R2VFSMBM8IYKDI,False,"[{""name"":""Number of Items"",""detail"":""50""}]",0
B0CW1ZBP6P,B0CW1ZBP6P,https://www.amazon.com/dp/B0CW1ZBP6P,5.0,Cute and practical for homemade bread – great for gifting,"I bought these bags for homemade bread and baked goods, and overall I’m really happy with them. The paper isn’t super thick, but it’s still sturdy enough for regular use.
What I really like is the window design — it makes the bread look much nicer and more presentable. It’s perfect when you want to share homemade bread with friends or neighbors.

The included stickers are a great touch. They make the packaging feel more thoughtful and a bit more “gift-ready,” which I really appreciate.

If you’re baking at home and want something simple but nice-looking to package your bread, these work really well. I’ve already used them and they make everything look much more polished. Easy to carry and price for 100 pieces is good.

Would buy again!",20260330,value_or_quantity,https://www.amazon.com/gp/customer-reviews/R3GD5H07A173I2,False,"[{""name"":""Number of Items"",""detail"":""100""}]",0
B0CW1ZBP6P,B0CW1YDB1M,https://www.amazon.com/dp/B0CW1YDB1M,5.0,Nice bread bags,"Perfect size for homemade bread and cookies . Sturdy, looks great with the window, and the stickers are a nice bonus. Would buy again!",20260329,size_fit,https://www.amazon.com/gp/customer-reviews/R2LNCW71ZPKFLD,False,"[{""name"":""Number of Items"",""detail"":""100""}]",0
B0CW1ZBP6P,B0CW1YDB1M,https://www.amazon.com/dp/B0CW1YDB1M,5.0,nice,"nice I am extremely impressed with the quality of these bread packaging bags! The paper is thick and sturdy, providing a premium feel compared to thinner alternatives. What stands out most is the generous capacity—it easily fits two large pieces of bread without feeling cramped or squished.The clear window design is a fantastic touch, perfectly showcasing the baked goods while keeping them fresh and hygienic. I also love the included “Thank You"" stickers, which add a professional and thoughtful finish. These bags are both practical and aesthetically pleasing—highly recommended for anyone looking for reliable bread storage!",20260325,freshness_or_drying; size_fit; value_or_quantity,https://www.amazon.com/gp/customer-reviews/RQ10JPGLP6Y0E,False,"[{""name"":""Number of Items"",""detail"":""100""}]",1
B0CW1ZBP6P,B0CW1ZBP6P,https://www.amazon.com/dp/B0CW1ZBP6P,5.0,nice,"nice I am extremely impressed with the quality of these bread packaging bags! The paper is thick and sturdy, providing a premium feel compared to thinner alternatives. What stands out most is the generous capacity—it easily fits two large pieces of bread without feeling cramped or squished.The clear window design is a fantastic touch, perfectly showcasing the baked goods while keeping them fresh and hygienic. I also love the included “Thank You"" stickers, which add a professional and thoughtful finish. These bags are both practical and aesthetically pleasing—highly recommended for anyone looking for reliable bread storage!",20260325,freshness_or_drying; size_fit; value_or_quantity,https://www.amazon.com/gp/customer-reviews/RQ10JPGLP6Y0E,False,"[{""name"":""Number of Items"",""detail"":""100""}]",5
B0CW1ZBP6P,B0CW1ZBP6P,https://www.amazon.com/dp/B0CW1ZBP6P,4.0,Kind of small but good quality bags,"I mostly love these bags. I wish they were a little bigger, which might be my fault but I read that they would fit a full loaf of bread in them. For me, they don‘t fit a boule or sandwich bread loaf. The bags are good quality though, especially for the price. The stickers are cute but a little hard to pull off, but they stick well to the bag.",20260308,freshness_or_drying; size_fit; value_or_quantity,https://www.amazon.com/gp/customer-reviews/R1NA09PLULD1U0,False,"[{""name"":""Number of Items"",""detail"":""50""}]",0
B0CW1ZBP6P,B0CW1ZBP6P,https://www.amazon.com/dp/B0CW1ZBP6P,5.0,Very useful and great for sourdough bread,Great bags. I used them to give away my sourdough bread. It makes my bread look professionally made.,20260307,size_fit,https://www.amazon.com/gp/customer-reviews/R2EYBXICOC6DTL,False,"[{""name"":""Number of Items"",""detail"":""50""}]",0
B0CW1ZBP6P,B0CW1ZBP6P,https://www.amazon.com/dp/B0CW1ZBP6P,5.0,Professional look for my sourdough loaves!,"I’ve been gifting a lot of my homemade sourdough lately, and these 25 Pcs Bread Bags have made such a difference in the presentation. They make my home kitchen look like a professional bakery!Why I’m a fan:
• Clear Window: The transparent window is a great touch—it lets you see the crust and crumb without having to open the bag.
• Bulk Value: Getting a pack of 25 is perfect for a consistent baker; it lasts a while and the price point is very reasonable.
• Sturdy Material: The paper is high-quality and doesn‘t tear easily, even when I’m sliding in a crusty, rustic loaf.
• Freshness: These are ideal for gifting bread on the same day it’s baked, keeping the crust crisp while still looking beautiful.
Bottom Line: If you bake sourdough or any homemade bread, these are a must-have for your pantry. They take your “gift loaves"" to the next level.",20260222,freshness_or_drying; cleaning; size_fit; durability; value_or_quantity,https://www.amazon.com/gp/customer-reviews/RTK2GSUDDANC,False,"[{""name"":""Number of Items"",""detail"":""25""}]",3
B0CW1ZBP6P,B0D2TN5DB6,https://www.amazon.com/dp/B0D2TN5DB6,5.0,Professional look for my sourdough loaves!,"I’ve been gifting a lot of my homemade sourdough lately, and these 25 Pcs Bread Bags have made such a difference in the presentation. They make my home kitchen look like a professional bakery!Why I’m a fan:
• Clear Window: The transparent window is a great touch—it lets you see the crust and crumb without having to open the bag.
• Bulk Value: Getting a pack of 25 is perfect for a consistent baker; it lasts a while and the price point is very reasonable.
• Sturdy Material: The paper is high-quality and doesn‘t tear easily, even when I’m sliding in a crusty, rustic loaf.
• Freshness: These are ideal for gifting bread on the same day it’s baked, keeping the crust crisp while still looking beautiful.
Bottom Line: If you bake sourdough or any homemade bread, these are a must-have for your pantry. They take your “gift loaves"" to the next level.",20260222,freshness_or_drying; cleaning; size_fit; durability; value_or_quantity,https://www.amazon.com/gp/customer-reviews/RTK2GSUDDANC,False,"[{""name"":""Number of Items"",""detail"":""25""}]",0
B0CW1ZBP6P,B0CW1ZBP6P,https://www.amazon.com/dp/B0CW1ZBP6P,5.0,Pretty bread bags,"These bags are great! The perfect size for sourdough loaves (like a regular size store bought French loaf). They are sturdy and don‘t tear, and the stickers are really cute too. I will rebuy when I run out.",20260208,size_fit; durability,https://www.amazon.com/gp/customer-reviews/R1P6ESO57STVSE,False,"[{""name"":""Number of Items"",""detail"":""50""}]",3
B0CW1ZBP6P,B0CW1ZBP6P,https://www.amazon.com/dp/B0CW1ZBP6P,5.0,Exactly what I wanted,"Perfect size and great quality. Looks like will be a good seal, stickers are really cute. Price is perfect for what you get!",20260205,size_fit; value_or_quantity,https://www.amazon.com/gp/customer-reviews/R71R6WXVRZ74J,True,"[{""name"":""Number of Items"",""detail"":""50""}]",0
B0CW1ZBP6P,B0DDB3XNZ4,https://www.amazon.com/dp/B0DDB3XNZ4,5.0,Exactly what I wanted,"Perfect size and great quality. Looks like will be a good seal, stickers are really cute. Price is perfect for what you get!",20260205,size_fit; value_or_quantity,https://www.amazon.com/gp/customer-reviews/R71R6WXVRZ74J,False,"[{""name"":""Number of Items"",""detail"":""50""}]",0
B0CW1ZBP6P,B0CW1ZBP6P,https://www.amazon.com/dp/B0CW1ZBP6P,5.0,Great bags for my sourdough loaves- with stickers!!,I am absolutely loving these bags. I have used about half of them and they are SO GREAT for presentation! I also love the fact that they come with cute stickers to keep them sealed. The size is perfect and I’m able to fold it over a couple of times for freshness to seal it with a sticker. I found that the loaves that I’ve kept in these bags are fresher longer than those I’ve attempted to store in zipped plastic bags. It just works for my sourdough loaves and makes it easy to gift/sell/store them. I will definitely be ordering more!,20260204,freshness_or_drying; size_fit; durability,https://www.amazon.com/gp/customer-reviews/R38OG85KK7KBJA,False,"[{""name"":""Number of Items"",""detail"":""50""}]",0
B0CW1ZBP6P,B0DDB3XNZ4,https://www.amazon.com/dp/B0DDB3XNZ4,5.0,Great bags for my sourdough loaves- with stickers!!,I am absolutely loving these bags. I have used about half of them and they are SO GREAT for presentation! I also love the fact that they come with cute stickers to keep them sealed. The size is perfect and I’m able to fold it over a couple of times for freshness to seal it with a sticker. I found that the loaves that I’ve kept in these bags are fresher longer than those I’ve attempted to store in zipped plastic bags. It just works for my sourdough loaves and makes it easy to gift/sell/store them. I will definitely be ordering more!,20260204,freshness_or_drying; size_fit; durability,https://www.amazon.com/gp/customer-reviews/R38OG85KK7KBJA,False,"[{""name"":""Number of Items"",""detail"":""50""}]",0
B0CW1ZBP6P,B0CW1ZBP6P,https://www.amazon.com/dp/B0CW1ZBP6P,5.0,Great bags for my bread!,"I absolutely love these bread bags! They do a great job keeping bread fresh, and the quality is excellent. I’ve started a little home business and decided to try these—and I’m so glad I did. The included stickers made my packaging look polished and professional, and my neighbors were very impressed. I’ll be sticking with this brand going forward!",20260113,freshness_or_drying; value_or_quantity,https://www.amazon.com/gp/customer-reviews/RR4K30DG2925D,True,"[{""name"":""Number of Items"",""detail"":""50""}]",3
B0CW1ZBP6P,B0DDB3XNZ4,https://www.amazon.com/dp/B0DDB3XNZ4,5.0,Great bags for my bread!,"I absolutely love these bread bags! They do a great job keeping bread fresh, and the quality is excellent. I’ve started a little home business and decided to try these—and I’m so glad I did. The included stickers made my packaging look polished and professional, and my neighbors were very impressed. I’ll be sticking with this brand going forward!",20260113,freshness_or_drying; value_or_quantity,https://www.amazon.com/gp/customer-reviews/RR4K30DG2925D,False,"[{""name"":""Number of Items"",""detail"":""50""}]",4
B0CW1ZBP6P,B0CW1ZBP6P,https://www.amazon.com/dp/B0CW1ZBP6P,5.0,You get so many for the price!,"These bags can hold a massive loaf of sourdough bread. They come with stickers to help seal it so your bread stays fresh for longer. The quality of the bags are great, they don’t rip when putting your bread in.",20260110,freshness_or_drying; size_fit; durability,https://www.amazon.com/gp/customer-reviews/R2XPWJWDJA4CD7,True,"[{""name"":""Number of Items"",""detail"":""50""}]",0
B0CW1ZBP6P,B0DDB3XNZ4,https://www.amazon.com/dp/B0DDB3XNZ4,5.0,You get so many for the price!,"These bags can hold a massive loaf of sourdough bread. They come with stickers to help seal it so your bread stays fresh for longer. The quality of the bags are great, they don’t rip when putting your bread in.",20260110,freshness_or_drying; size_fit; durability,https://www.amazon.com/gp/customer-reviews/R2XPWJWDJA4CD7,False,"[{""name"":""Number of Items"",""detail"":""50""}]",1
B0CW1ZBP6P,B0CW1ZBP6P,https://www.amazon.com/dp/B0CW1ZBP6P,5.0,Perfect Bread Bags with Clear Viewing Windows,"These bread bags are exactly what I needed for sandwich loaves. The size is just right, the material is sturdy, and the clear viewing window is a great feature—it makes it easy to see what’s inside without opening the bag.They keep homemade bread fresh and protected while still looking professional and presentable. I also appreciate how easy they are to use and close, whether for home baking, gifting, or storage.
If you bake sandwich loaves regularly, these bags are a great choice. I will definitely be ordering more.",20260107,freshness_or_drying; size_fit,https://www.amazon.com/gp/customer-reviews/RD53DM54VIMN,True,"[{""name"":""Number of Items"",""detail"":""200""}]",2
B0CW1ZBP6P,B0DDB3XNZ4,https://www.amazon.com/dp/B0DDB3XNZ4,5.0,Perfect Bread Bags with Clear Viewing Windows,"These bread bags are exactly what I needed for sandwich loaves. The size is just right, the material is sturdy, and the clear viewing window is a great feature—it makes it easy to see what’s inside without opening the bag.They keep homemade bread fresh and protected while still looking professional and presentable. I also appreciate how easy they are to use and close, whether for home baking, gifting, or storage.
If you bake sandwich loaves regularly, these bags are a great choice. I will definitely be ordering more.",20260107,freshness_or_drying; size_fit,https://www.amazon.com/gp/customer-reviews/RD53DM54VIMN,True,"[{""name"":""Number of Items"",""detail"":""200""}]",2
B0CW1ZBP6P,B0CW1ZBP6P,https://www.amazon.com/dp/B0CW1ZBP6P,5.0,Perfect for Gifting Homemade Sourdough,"These bags are perfect for gifting my homemade sourdough loaves. They’re sturdy, high quality, and make the bread look so polished and thoughtful. I love that they’re breathable enough to keep the crust nice while still protecting the loaf.
They’ve completely elevated my sourdough gifts and always get compliments. The are the perfect size to fit most any loaf I make, they always fit! The stickers they come with also add a beautiful touch.",20260106,freshness_or_drying; size_fit,https://www.amazon.com/gp/customer-reviews/R3EBKAY5S92XDP,True,"[{""name"":""Number of Items"",""detail"":""50""}]",5
B0CW1ZBP6P,B0DDB3XNZ4,https://www.amazon.com/dp/B0DDB3XNZ4,5.0,Perfect for Gifting Homemade Sourdough,"These bags are perfect for gifting my homemade sourdough loaves. They’re sturdy, high quality, and make the bread look so polished and thoughtful. I love that they’re breathable enough to keep the crust nice while still protecting the loaf.
They’ve completely elevated my sourdough gifts and always get compliments. The are the perfect size to fit most any loaf I make, they always fit! The stickers they come with also add a beautiful touch.",20260106,freshness_or_drying; size_fit,https://www.amazon.com/gp/customer-reviews/R3EBKAY5S92XDP,False,"[{""name"":""Number of Items"",""detail"":""50""}]",8
B0CW1ZBP6P,B0CW1ZBP6P,https://www.amazon.com/dp/B0CW1ZBP6P,5.0,Good product.,Perfect for packing up baked goods and looks good as a gift bag too. The paper doesn’t get too soggy it holds well for more than a couple hours so your baked goods are safe in them. It’s a good product!!,20260105,value_or_quantity,https://www.amazon.com/gp/customer-reviews/R34XHJ9X2RWSWO,True,,0
B0CW1ZBP6P,B0CW1ZBP6P,https://www.amazon.com/dp/B0CW1ZBP6P,5.0,Love these bags!,"We took a sourdough making class, trying to be healthier! Tried to store the bread in a plane lunch-style paper bag and it seemed to actually take the moisture out of the bread. Came across these on a search and gave them a try. They‘re wonderful! I love how easy it is to use them and to seal / reseal the bags. We’ve kept the bread in the fridge for up to 2-weeks without it drying out. (You may have to warm the bread up though after having it in fridge). Good storage capacity and really cute design in case you’re making bread to give as gifts or resell. Will definitely buy more!",20260105,freshness_or_drying; moisture_or_mold; size_fit,https://www.amazon.com/gp/customer-reviews/R12AZTFHTPW25N,False,"[{""name"":""Number of Items"",""detail"":""50""}]",3
B0CW1ZBP6P,B0DDB3XNZ4,https://www.amazon.com/dp/B0DDB3XNZ4,5.0,Love these bags!,"We took a sourdough making class, trying to be healthier! Tried to store the bread in a plane lunch-style paper bag and it seemed to actually take the moisture out of the bread. Came across these on a search and gave them a try. They‘re wonderful! I love how easy it is to use them and to seal / reseal the bags. We’ve kept the bread in the fridge for up to 2-weeks without it drying out. (You may have to warm the bread up though after having it in fridge). Good storage capacity and really cute design in case you’re making bread to give as gifts or resell. Will definitely buy more!",20260105,freshness_or_drying; moisture_or_mold; size_fit,https://www.amazon.com/gp/customer-reviews/R12AZTFHTPW25N,False,"[{""name"":""Number of Items"",""detail"":""50""}]",3
B0CW1ZBP6P,B0CW1ZBP6P,https://www.amazon.com/dp/B0CW1ZBP6P,5.0,Great product,Perfect bags for homemade bread. Just wish they were perforated! I would recommend,20260104,,https://www.amazon.com/gp/customer-reviews/R3L61VCND75NA8,True,"[{""name"":""Number of Items"",""detail"":""50""}]",0
B0CW1ZBP6P,B0CW1ZBP6P,https://www.amazon.com/dp/B0CW1ZBP6P,4.0,Cute and sturdy bags!,Love these bags for my sourdough bread and cookies. They are super easy to assemble. The quality is great- bags are super sturdy and can hold a lot of weight and goodies without any issues. I love the little clear windows that showcase the baked goods and looks so cute for gifting. My only complaint is once you put the sticker on and then open the bag you can’t reseal with the same sticker so you either had to use a new sticker or find another way to store to keep fresh.,20251229,freshness_or_drying; size_fit,https://www.amazon.com/gp/customer-reviews/R2UPLVZ0GSHNSF,True,"[{""name"":""Number of Items"",""detail"":""50""}]",3
B0CW1ZBP6P,B0DDB3XNZ4,https://www.amazon.com/dp/B0DDB3XNZ4,4.0,Cute and sturdy bags!,Love these bags for my sourdough bread and cookies. They are super easy to assemble. The quality is great- bags are super sturdy and can hold a lot of weight and goodies without any issues. I love the little clear windows that showcase the baked goods and looks so cute for gifting. My only complaint is once you put the sticker on and then open the bag you can’t reseal with the same sticker so you either had to use a new sticker or find another way to store to keep fresh.,20251229,freshness_or_drying; size_fit,https://www.amazon.com/gp/customer-reviews/R2UPLVZ0GSHNSF,False,"[{""name"":""Number of Items"",""detail"":""50""}]",4
B0CW1ZBP6P,B0CW1ZBP6P,https://www.amazon.com/dp/B0CW1ZBP6P,5.0,Super cute and functional,I bake sourdough and I was tired of putting loaves for friends/family in gallon bags which were a squeeze and didn’t look the cutest. These bags are amazing! There’s plenty of room for my loaf and they really elevate giving a loaf of bread to someone. I bring flavored sourdough into the office sometimes and everyone thinks these bags are such a nice touch that make it seem almost like they’re from a bakery.,20251119,size_fit,https://www.amazon.com/gp/customer-reviews/R3FZZ1N5I6XCMK,True,,9
B0CW1ZBP6P,B0CW1ZBP6P,https://www.amazon.com/dp/B0CW1ZBP6P,3.0,No folds,You have to make the crease for folds yourself,20251013,,https://www.amazon.com/gp/customer-reviews/R2J64G92S357MH,True,"[{""name"":""Number of Items"",""detail"":""50""}]",0
B0CW1ZBP6P,B0D2TN5DB6,https://www.amazon.com/dp/B0D2TN5DB6,4.0,Good bags for the price,These are great bags for the price. Second time ordering and I will continue.  They come with cute stickers that you can use to seal the bag.,20251013,value_or_quantity,https://www.amazon.com/gp/customer-reviews/R2NYYYYU0QNMLB,True,"[{""name"":""Number of Items"",""detail"":""25""}]",0
B0CW1ZBP6P,B0CW1ZBP6P,https://www.amazon.com/dp/B0CW1ZBP6P,5.0,Nice bags,"My 23 year old son is a baker, I bought these bags for him since he is always baking bread and giving it away.",20251011,,https://www.amazon.com/gp/customer-reviews/R38N4X46NOKQJB,True,[],0
B0CW1ZBP6P,B0CW1ZBP6P,https://www.amazon.com/dp/B0CW1ZBP6P,5.0,LOVE,"These are really nice and has lasted me a long time. They have fit all of my sandwich loafs, and sourdough loafs.",20251011,size_fit,https://www.amazon.com/gp/customer-reviews/RFWTHODQLT5W4,True,"[{""name"":""Number of Items"",""detail"":""50""}]",0
B0CW1ZBP6P,B0CW1ZBP6P,https://www.amazon.com/dp/B0CW1ZBP6P,5.0,Bread bags,No issues. Nice clean bread bag with stickers to close.,20251010,cleaning,https://www.amazon.com/gp/customer-reviews/R3F9AFMH45P32P,True,"[{""name"":""Number of Items"",""detail"":""50""}]",0
B0CW1ZBP6P,B0D2TN5DB6,https://www.amazon.com/dp/B0D2TN5DB6,5.0,Good size,These are great! Holds a decent sized artisan loaf. Easy to get bread in and out. The stickers make it easy to keep it closed,20251010,size_fit,https://www.amazon.com/gp/customer-reviews/R83TAQWH0QTAW,True,"[{""name"":""Number of Items"",""detail"":""25""}]",0
B0CW1ZBP6P,B0CW1ZBP6P,https://www.amazon.com/dp/B0CW1ZBP6P,5.0,Bread bags,Love these bags!  They are perfect for sourdough,20251007,size_fit,https://www.amazon.com/gp/customer-reviews/R15SYF4FUNNWO2,True,"[{""name"":""Number of Items"",""detail"":""50""}]",0
B0CW1ZBP6P,B0CW1ZBP6P,https://www.amazon.com/dp/B0CW1ZBP6P,5.0,These are great.,Initially bought to store sour dough from stores  You can’t make fake Sour Dough last.  Real Sour Dough will not get hard with this cellophane and brown bag.,20251003,freshness_or_drying,https://www.amazon.com/gp/customer-reviews/R2TA6JHC0Q22U7,True,"[{""name"":""Number of Items"",""detail"":""50""}]",0
B0CW1ZBP6P,B0CW1ZBP6P,https://www.amazon.com/dp/B0CW1ZBP6P,5.0,Good Quality Bags,Great for homemade bread.,20251003,,https://www.amazon.com/gp/customer-reviews/R3RMWXBCP7V6YE,True,"[{""name"":""Number of Items"",""detail"":""50""}]",0
B0CW1ZBP6P,B0CW1ZBP6P,https://www.amazon.com/dp/B0CW1ZBP6P,5.0,Great for Warm Bread and Gifting,These have changed giving sour dough loaves from a plastic bag (that gets bread steamy) to keeping it the right temperature and beautiful presentation.,20250929,,https://www.amazon.com/gp/customer-reviews/R2IMQPSJQXIX8W,True,"[{""name"":""Number of Items"",""detail"":""50""}]",0
B0CW1ZBP6P,B0CW1ZBP6P,https://www.amazon.com/dp/B0CW1ZBP6P,5.0,Professional presentation for home bakers,These bags are absolutely fantastic and make your bread look professionally done. They even come with little stickers to hold the bag closed. For me a home Baker it really makes the presentation of the bread fabulous. The bags are good quality and have worked well,20250928,,https://www.amazon.com/gp/customer-reviews/R2092MSD6UBT9Y,True,"[{""name"":""Number of Items"",""detail"":""50""}]",1
B0CW1ZBP6P,B0D2TN5DB6,https://www.amazon.com/dp/B0D2TN5DB6,5.0,Good quality. Perfect size for our sourdough bread.,Perfect for our homemade bread. Will purchase again when we run low!,20250927,,https://www.amazon.com/gp/customer-reviews/RIWZ8VCKU4QYI,True,"[{""name"":""Number of Items"",""detail"":""25""}]",0
B0CW1ZBP6P,B0DDB3XNZ4,https://www.amazon.com/dp/B0DDB3XNZ4,5.0,Perfect for Homemade Sourdough – Keeps Bread Fresh and Beautifully Stored,"I bake sourdough at home weekly, and these bread bags have completely upgraded my storage and selling game. I’ve noticed a definite improvement in freshness compared to using plastic bags.The bags are generously sized – I can easily fit a large loaf of sourdough bread.If you’re serious about your bread baking (or gifting your loaves), these bags are worth every penny. Stylish, practical, and they make your sourdough feel like it came straight from an artisan bakery.",20250925,freshness_or_drying; size_fit,https://www.amazon.com/gp/customer-reviews/R2OQFR3NOVVWEY,True,"[{""name"":""Number of Items"",""detail"":""200""}]",0
B0CW1ZBP6P,B0CW1ZBP6P,https://www.amazon.com/dp/B0CW1ZBP6P,5.0,Nice product,Keep bread nicely!,20250924,,https://www.amazon.com/gp/customer-reviews/RV1RW93THYGQC,True,"[{""name"":""Number of Items"",""detail"":""50""}]",0
B0CW1ZBP6P,B0CW1ZBP6P,https://www.amazon.com/dp/B0CW1ZBP6P,5.0,My favorite sourdough bread  bags,My favorite bread bag! I make very LARGE loaves of sourdough bread and they fit like a glove in the bags! You can roll the bag to seal or use a sticker but it is an open top. When tightly rolled or stick down the food stays fresh! They are medium thickness so they can easily move to fit around your baked item and are quite durable!,20250923,freshness_or_drying; size_fit; durability,https://www.amazon.com/gp/customer-reviews/R2BJP976BTBC0F,True,"[{""name"":""Number of Items"",""detail"":""50""}]",2
B0CW1ZBP6P,B0CW1ZBP6P,https://www.amazon.com/dp/B0CW1ZBP6P,5.0,Love,Love,20250922,,https://www.amazon.com/gp/customer-reviews/R2WH9VZDE2ZRY7,True,"[{""name"":""Number of Items"",""detail"":""50""}]",0
B0CW1ZBP6P,B0CW1ZBP6P,https://www.amazon.com/dp/B0CW1ZBP6P,4.0,Bread bags,"Great bags to pack and save sourdough bread. Roomy and have stickers to keep closed. Not as resilient as I would like in the clear area. It has ripped a few times. Also, you get a lot of bags, so you won‘t quickly run out.",20250922,size_fit; durability; value_or_quantity,https://www.amazon.com/gp/customer-reviews/R1TWYK184GGN1L,True,"[{""name"":""Number of Items"",""detail"":""50""}]",0
B0CW1ZBP6P,B0CW1ZBP6P,https://www.amazon.com/dp/B0CW1ZBP6P,4.0,Baking,Easy to use but a bit thinner,20250920,,https://www.amazon.com/gp/customer-reviews/R2NA97XHJ5ZYRH,True,"[{""name"":""Number of Items"",""detail"":""50""}]",0
B0CW1ZBP6P,B0CW1ZBP6P,https://www.amazon.com/dp/B0CW1ZBP6P,5.0,Perfect for sourdough,These are the perfect way to store my sourdough boules. One boule per bag fits perfectly. It doesn‘t let my bread dry out etc.,20250919,freshness_or_drying; size_fit,https://www.amazon.com/gp/customer-reviews/RPU4Y36VLIP8,True,"[{""name"":""Number of Items"",""detail"":""50""}]",0
B0CW1ZBP6P,B0CW1ZBP6P,https://www.amazon.com/dp/B0CW1ZBP6P,5.0,Bread,The cutest bread bag keeps it neat and nice and comes to sticker.,20250918,,https://www.amazon.com/gp/customer-reviews/R1JGK88XROA8E7,True,"[{""name"":""Number of Items"",""detail"":""50""}]",0
B0CW1ZBP6P,B0CW1ZBP6P,https://www.amazon.com/dp/B0CW1ZBP6P,1.0,Poor quality,Poorly made and ripped,20250917,durability,https://www.amazon.com/gp/customer-reviews/R1102T2G97OQQS,True,"[{""name"":""Number of Items"",""detail"":""50""}]",0
B0CW1ZBP6P,B0CW1ZBP6P,https://www.amazon.com/dp/B0CW1ZBP6P,5.0,Great for gifts or just putting on the counter,"These work best if you add a paper towel to the bag to keep the bread from getting soggy. They hold the moisture, so the bread does not get dry, but sometimes if it is still a little warm, it has too much moisture, but the paper towel makes it perfect.",20250914,freshness_or_drying; moisture_or_mold,https://www.amazon.com/gp/customer-reviews/R2POI14SDGF1MO,True,"[{""name"":""Number of Items"",""detail"":""50""}]",0
B0CW1ZBP6P,B0CW1ZBP6P,https://www.amazon.com/dp/B0CW1ZBP6P,1.0,Bags too thin.,"The bags were so thin, they ripped open when I tried to put the bread inside.",20250913,durability,https://www.amazon.com/gp/customer-reviews/R1IIYE6669D4RO,True,"[{""name"":""Number of Items"",""detail"":""50""}]",0
B0CW1ZBP6P,B0CW1ZBP6P,https://www.amazon.com/dp/B0CW1ZBP6P,1.0,Paper Trash bags are better,Extremely thin. Tears very easy.,20250910,durability,https://www.amazon.com/gp/customer-reviews/R3ETSNU6RCYJL9,True,"[{""name"":""Number of Items"",""detail"":""50""}]",0
B0CW1ZBP6P,B0CW1ZBP6P,https://www.amazon.com/dp/B0CW1ZBP6P,5.0,Bread bag,My go to always for fresh bread ❤️,20250910,freshness_or_drying,https://www.amazon.com/gp/customer-reviews/R2BRWZ9IR32NCQ,True,[],0
B0CW1ZBP6P,B0CW1ZBP6P,https://www.amazon.com/dp/B0CW1ZBP6P,5.0,has cute stickers,perfect for gifting sour dough. very popular in my circles,20250909,,https://www.amazon.com/gp/customer-reviews/R2HBC1NSAJ556D,True,[],0
B0CW1ZBP6P,B0DDB3XNZ4,https://www.amazon.com/dp/B0DDB3XNZ4,5.0,Excellent product!,"These are by far my favorite bread bags I’ve tried! Very sturdy and don’t rip easily, large enough for my sourdough loaves and I love the fun shape of the stickers that come with them",20250908,size_fit; durability,https://www.amazon.com/gp/customer-reviews/R38BFGMV54USM1,False,"[{""name"":""Number of Items"",""detail"":""200""}]",0
B0CW1ZBP6P,B0CW1ZBP6P,https://www.amazon.com/dp/B0CW1ZBP6P,4.0,Nice storage option,Nice durable bags. Work great for keeping my sourdough fresh. Good value for the cost.,20250907,freshness_or_drying; size_fit; durability; value_or_quantity,https://www.amazon.com/gp/customer-reviews/R2ZJ0B2P0678VK,True,"[{""name"":""Number of Items"",""detail"":""50""}]",0
B0CW1ZBP6P,B0CW1ZBP6P,https://www.amazon.com/dp/B0CW1ZBP6P,5.0,VERY USEFUL,"Great, & useful, perfect",20250907,,https://www.amazon.com/gp/customer-reviews/R2HXNIFMBJS0E4,True,"[{""name"":""Number of Items"",""detail"":""50""}]",0
B0CW1ZBP6P,B0CW1ZBP6P,https://www.amazon.com/dp/B0CW1ZBP6P,5.0,Great bread bags!,Love these bags for my homemade bread!!,20250904,,https://www.amazon.com/gp/customer-reviews/R33XC1FGEL1VV0,True,"[{""name"":""Number of Items"",""detail"":""50""}]",0
B0CW1ZBP6P,B0CW1ZBP6P,https://www.amazon.com/dp/B0CW1ZBP6P,4.0,"Extra glue in bags, a pain!","Really like the bags‘ construction and quality, as well as the stickers are a nice, larger size.My issue was that one of the folds long-wise on all of my bags had a thin glue residue that stuck the fold to the bag. I have to gingerly tear the parts apart to be able to open the bag. I think it‘s extra glue from the plastic window, but it‘s a pain. I‘ve torn a couple bags while trying to separate the paper. Most seem to not have this issue though,  so that‘s good!Update: 09/05/25About a half of the bags are tearing when dealing with the above described issue.  Should probably just return them.  Going down to 1 star site to the frustration...Update: 2/10/25Finally just returned the bad batch for a new order (thanks Amazon). Received the the batch today and they are AWESOME! Shoulda just done this WAY sooner. Moving my review to 4 Stars for great product minus the hassle.",20250902,size_fit; durability,https://www.amazon.com/gp/customer-reviews/R2YW0MVREPNKEZ,True,[],0
B0CW1ZBP6P,B0CW1ZBP6P,https://www.amazon.com/dp/B0CW1ZBP6P,1.0,Dont buy,Every bag was stuck together the glue must not have been dry for the plastic part of the bags. I had to pry every bag apart to use and some ripped when I tried to open them. worst bags,20250830,freshness_or_drying; durability,https://www.amazon.com/gp/customer-reviews/R14R92HJ9S22FZ,True,[],0
B0CW1ZBP6P,B0CW1ZBP6P,https://www.amazon.com/dp/B0CW1ZBP6P,1.0,Not good,This is not the bag I received. The bag I received  does not have the bottom that makes it bigger. Useless. That’s the reason I bought it.,20250829,,https://www.amazon.com/gp/customer-reviews/R3DWZ0E43CZQKM,True,"[{""name"":""Number of Items"",""detail"":""50""}]",0
B0CW1ZBP6P,B0CW1ZBP6P,https://www.amazon.com/dp/B0CW1ZBP6P,1.0,stickers,The stickers do not work.,20250824,,https://www.amazon.com/gp/customer-reviews/R3GQVXZQUES015,True,"[{""name"":""Number of Items"",""detail"":""50""}]",0
B0CW1ZBP6P,B0CW1ZBP6P,https://www.amazon.com/dp/B0CW1ZBP6P,1.0,These bags fall apart,"These bags are terrible. The plastic detaches from the paper so easily, leaving your bread exposed to the air. I would not buy them again.",20250823,,https://www.amazon.com/gp/customer-reviews/R33HWUTUIEY2S2,True,"[{""name"":""Number of Items"",""detail"":""50""}]",0
B0CW1ZBP6P,B0CW1ZBP6P,https://www.amazon.com/dp/B0CW1ZBP6P,3.0,Not great quality,"Not crazy about these bags. Bread doesn’t stay fresh very long and the sticker doesn’t secure the whole back. The larger loaves do fit in these, but the plastic does rip easily.",20250823,freshness_or_drying; size_fit; durability,https://www.amazon.com/gp/customer-reviews/R1KSKFOFWKAU2W,True,"[{""name"":""Number of Items"",""detail"":""50""}]",0
B0CW1ZBP6P,B0CW1ZBP6P,https://www.amazon.com/dp/B0CW1ZBP6P,5.0,Professional!!!,"I thought these felt very thin at first, but used the first one for some chicken nuggets I just cooked , to give away... Keeps food warm and fresh not soggy. The window to see the food is nice and did not break open. Darling little seals to seal the bag. I think the quality is very nice and I will be proud to give away my muffins and scones in these beautiful bags this winter.",20250823,freshness_or_drying,https://www.amazon.com/gp/customer-reviews/R2X6MCHXIW99Y0,True,"[{""name"":""Number of Items"",""detail"":""50""}]",1
B0CW1ZBP6P,B0CW1ZBP6P,https://www.amazon.com/dp/B0CW1ZBP6P,5.0,Sturdy and cute,I bought these bags to give my sourdough loaves as gifts. They come with the cutest stickers. I also use these for my personal loves and I just use the bag over and over again cause they’re so durable.,20250823,size_fit; durability,https://www.amazon.com/gp/customer-reviews/RECPE4790NE8I,True,"[{""name"":""Number of Items"",""detail"":""50""}]",0
B0CW1ZBP6P,B0CW1ZBP6P,https://www.amazon.com/dp/B0CW1ZBP6P,5.0,Nice bags!,I make sourdough and these have been perfect for my loafs. Easy to fold open and come with cute stickers!,20250823,size_fit,https://www.amazon.com/gp/customer-reviews/R5NMDM9A804GZ,True,"[{""name"":""Number of Items"",""detail"":""50""}]",0
B0CW1ZBP6P,B0CW1ZBP6P,https://www.amazon.com/dp/B0CW1ZBP6P,5.0,Very easy to use,"Very useful, ready to use",20250823,,https://www.amazon.com/gp/customer-reviews/R15PWVOEYEIE4Y,True,[],0
B0CW1ZBP6P,B0CW1ZBP6P,https://www.amazon.com/dp/B0CW1ZBP6P,5.0,Great price,Loved it,20250823,,https://www.amazon.com/gp/customer-reviews/R2E14XS4LRPWI,True,"[{""name"":""Number of Items"",""detail"":""50""}]",0
B0CW1ZBP6P,B0CW1ZBP6P,https://www.amazon.com/dp/B0CW1ZBP6P,5.0,Just what l needed,It is very good quality and perfect for storing or gifting your home made bread.,20250820,,https://www.amazon.com/gp/customer-reviews/R1O3X3NXF9XPZ0,True,"[{""name"":""Number of Items"",""detail"":""50""}]",0
B0CW1ZBP6P,B0CW1ZBP6P,https://www.amazon.com/dp/B0CW1ZBP6P,5.0,"Cute,",Exactly as pictured. Comes with cute stickers to seal the bag shut. Great if you make sourdough or baked goods all the time and don’t have tupperwares to be giving out endlessly.Long enough for baguettes if needed.,20250819,size_fit,https://www.amazon.com/gp/customer-reviews/R120GIOYH010I1,True,"[{""name"":""Number of Items"",""detail"":""50""}]",0
B0CW1ZBP6P,B0CW1YDB1M,https://www.amazon.com/dp/B0CW1YDB1M,5.0,Great for holiday gifts!,Great for packaging my sourdough bread! Cute stickers to seal the bag make it fun to give to friends and family. Great inexpensive option when it comes to gifting for the holidays.,20250818,size_fit; value_or_quantity,https://www.amazon.com/gp/customer-reviews/RECKC5Z3TX53J,True,"[{""name"":""Number of Items"",""detail"":""100""}]",0
B0CW1ZBP6P,B0CW1ZBP6P,https://www.amazon.com/dp/B0CW1ZBP6P,5.0,Nice bread bags,"I use these to store the bread I make with my bread maker as well as when I bring loaves to family members. They look nicer than regular plastic bread bags, I just use a bag clip to keep them closed. The stickers are a nice touch to seal them when giving loaves to other people.",20250818,,https://www.amazon.com/gp/customer-reviews/R2YAEJFER4I89M,True,"[{""name"":""Number of Items"",""detail"":""50""}]",0
B0CW1ZBP6P,B0CW1ZBP6P,https://www.amazon.com/dp/B0CW1ZBP6P,5.0,The bread bags work nicely with my homemade sour dough loaves.,The bread bags are very nice. A good weight of paper and the see through part makes it very nice for those who receive the gift of homemade bread.The ONLY thing I would suggest is to either change the sticker to say “Enjoy” or leave it blank.,20250818,,https://www.amazon.com/gp/customer-reviews/R1Q49K9A28GFO0,True,"[{""name"":""Number of Items"",""detail"":""50""}]",0
B0CW1ZBP6P,B0CW1ZBP6P,https://www.amazon.com/dp/B0CW1ZBP6P,1.0,Not what is pictured,I did not get the product that is pictured. The bags I was sent does not have a flat bottom. They will fit the bread I make but I am disappointed that the picture does not match the product.,20250817,size_fit,https://www.amazon.com/gp/customer-reviews/R1ZSBA49WZSYWF,True,"[{""name"":""Number of Items"",""detail"":""50""}]",0
B0CW1ZBP6P,B0CW1ZBP6P,https://www.amazon.com/dp/B0CW1ZBP6P,5.0,Better then a towel,"If you leave sourdough on the counter or cover it in a towel, it will turn into a brick, which is handy for masonry but not eating. If you put it into a plastic bag, it will get soft and goopy...yuck. So this is the alternative. Luckily, you now have three days before it can be used to build your dream home, but until then, you get glorious sandwiches. It holds bigger boules than you think it will, which is handy when it poofs up and over. Wish there was a better way to seal the ends. I don‘t use the dainty stickers because they‘re pointless. I just use a chip clip or tape the whole thing.",20250817,size_fit,https://www.amazon.com/gp/customer-reviews/R1YAC4NW8NVHCT,True,"[{""name"":""Number of Items"",""detail"":""50""}]",0
B0CW1ZBP6P,B0CW1ZBP6P,https://www.amazon.com/dp/B0CW1ZBP6P,5.0,Great product,Great product,20250815,,https://www.amazon.com/gp/customer-reviews/R2JOE6NESGQ205,True,"[{""name"":""Number of Items"",""detail"":""50""}]",0
B0CW1ZBP6P,B0CW1ZBP6P,https://www.amazon.com/dp/B0CW1ZBP6P,3.0,Tears easy,They tear easily and no way to reseal once open,20250814,durability,https://www.amazon.com/gp/customer-reviews/R1X09BPV08X98T,True,"[{""name"":""Number of Items"",""detail"":""50""}]",0
B0CW1ZBP6P,B0CW1ZBP6P,https://www.amazon.com/dp/B0CW1ZBP6P,5.0,An attractive way to share or sell bread,"These paper bread bags are a solid choice for packaging sourdough, especially for home bakers who value freshness and presentation. These bags allow the bread to breathe, preserving the crust’s crisp texture while minimizing moisture buildup that can lead to spoilage. They’re also eco-friendly and lend a charming, rustic look that complements the artisanal nature of sourdough. While they’re not ideal for long-term storage, they’re perfect for same-day sales, gifts, or short-term use. Overall, they offer a great balance of practicality, sustainability, and aesthetic appeal.  I will purchase again.",20250814,freshness_or_drying; moisture_or_mold; cleaning; size_fit; value_or_quantity,https://www.amazon.com/gp/customer-reviews/R3603N4FFM9SK4,True,"[{""name"":""Number of Items"",""detail"":""50""}]",1
B0CW1ZBP6P,B0CW1ZBP6P,https://www.amazon.com/dp/B0CW1ZBP6P,2.0,Didn‘t find them useful,Cannot figure out how to insert bread into bag.  Don‘t understand directions.  Bags are sturdy enough. Won‘t reorder.,20250813,,https://www.amazon.com/gp/customer-reviews/RE2GGCS9UFVQ5,True,"[{""name"":""Number of Items"",""detail"":""50""}]",0
B0CW1ZBP6P,B0CW1ZBP6P,https://www.amazon.com/dp/B0CW1ZBP6P,5.0,Quality,"Great product never had a rip or tear, and fit all of our big sourdough loafs.",20250813,size_fit; durability,https://www.amazon.com/gp/customer-reviews/R1FFNNT2WJU50L,True,[],0
B0CW1ZBP6P,B0CW1ZBP6P,https://www.amazon.com/dp/B0CW1ZBP6P,5.0,Great,Very nice.  Needed it for my sourdough,20250813,size_fit,https://www.amazon.com/gp/customer-reviews/R1TEXH1AYHTYQH,True,"[{""name"":""Number of Items"",""detail"":""50""}]",0
B0CW1ZBP6P,B0CW1ZBP6P,https://www.amazon.com/dp/B0CW1ZBP6P,5.0,Perfect for my bread,Perfect packaging!,20250813,value_or_quantity,https://www.amazon.com/gp/customer-reviews/RVYDCN4292XT6,True,[],0
B0CW1ZBP6P,B0CW1ZBP6P,https://www.amazon.com/dp/B0CW1ZBP6P,5.0,Worth the buy!,These are perfect for gifting and storing bread!,20250811,,https://www.amazon.com/gp/customer-reviews/R2P51D41P646Y6,True,"[{""name"":""Number of Items"",""detail"":""50""}]",0
B0CW1ZBP6P,B0CW1ZBP6P,https://www.amazon.com/dp/B0CW1ZBP6P,5.0,They work great!,Love these! Seem to be high quality and keep my homemade bread fresh for days. Good material and nice enough to bag the bread for gifting. Definitely recommend.,20250811,freshness_or_drying,https://www.amazon.com/gp/customer-reviews/R3OJT8ZT91ZJUK,True,"[{""name"":""Number of Items"",""detail"":""50""}]",0
B0CW1ZBP6P,B0CW1ZBP6P,https://www.amazon.com/dp/B0CW1ZBP6P,5.0,Great product to hold my baking needs!,Super cute and durable bags I use for all my farm stand needs. Seals well with stickers to keep my large sour dough loaves fresh. I order these every time I run out for my farm-stand at home because they are a great value!,20250810,freshness_or_drying; size_fit; durability; value_or_quantity,https://www.amazon.com/gp/customer-reviews/R1LJ2JEMLG74Z7,True,"[{""name"":""Number of Items"",""detail"":""50""}]",0
B0CW1ZBP6P,B0CW1ZBP6P,https://www.amazon.com/dp/B0CW1ZBP6P,5.0,Fresh,Loved kept bread fresh on my counter,20250808,freshness_or_drying,https://www.amazon.com/gp/customer-reviews/RCCP5NH1P1F3D,True,"[{""name"":""Number of Items"",""detail"":""50""}]",0
B0CW1ZBP6P,B0CW1ZBP6P,https://www.amazon.com/dp/B0CW1ZBP6P,5.0,Large enough to hold my sourdough bread and reasonably priced,These bakery bags were purchased with the intent to use them for sourdough bread that I give to friends and family.  I had been putting the bread in plastic bags which makes the bread retain too much moisture.These bags are large enough to hold the large loaf and enough extra room to create a nice fold to place a sticker (included) to close the bag.  The bags are thick enough that they haven‘t torn yet and the sticker on back creates an almost professional look.  I feel as though these bags were reasonably priced and I‘m happy I made the purchase.,20250808,moisture_or_mold; size_fit; value_or_quantity,https://www.amazon.com/gp/customer-reviews/R1VQYF8XN2RALK,True,[],1
B0CW1ZBP6P,B0CW1ZBP6P,https://www.amazon.com/dp/B0CW1ZBP6P,1.0,False advertising,They are nice but not as advertised. They don’t have the  flat part on bottom,20250807,,https://www.amazon.com/gp/customer-reviews/R2EZ7WIACOLKBV,True,"[{""name"":""Number of Items"",""detail"":""50""}]",0
B0CW1ZBP6P,B0CW1ZBP6P,https://www.amazon.com/dp/B0CW1ZBP6P,4.0,Thin but good bags,Love these for sourdough. Stickers don’t really keep the bag sealed but they do help keep bread fresh for transport. The bags are thinner than some but I haven’t had one tear.,20250806,freshness_or_drying; size_fit; durability,https://www.amazon.com/gp/customer-reviews/R2IYISAQ013VI4,True,"[{""name"":""Number of Items"",""detail"":""50""}]",0
B0CW1ZBP6P,B0CW1ZBP6P,https://www.amazon.com/dp/B0CW1ZBP6P,5.0,Great product,"Good bang for your buck, easy closure, perfect size for closure storage capability, durability, easy closure design rip resistant are great.",20250806,size_fit; durability,https://www.amazon.com/gp/customer-reviews/R1TPMFEK9M5S18,True,"[{""name"":""Number of Items"",""detail"":""50""}]",0
B0CW1ZBP6P,B0CW1ZBP6P,https://www.amazon.com/dp/B0CW1ZBP6P,5.0,Makes the bread look bougie.,Upgraded how my breads look by a lot wow.,20250805,,https://www.amazon.com/gp/customer-reviews/R2X3POECE0EYLB,True,"[{""name"":""Number of Items"",""detail"":""50""}]",0
B0CW1ZBP6P,B0CW1ZBP6P,https://www.amazon.com/dp/B0CW1ZBP6P,5.0,Great for sourdough!,Perfect bag for sourdough! Great price and comes with the cute stickers!,20250805,size_fit; value_or_quantity,https://www.amazon.com/gp/customer-reviews/R2BP7E25BQN1BG,True,"[{""name"":""Number of Items"",""detail"":""50""}]",0
B0DPJSTLH5,B0DPJSTLH5,https://www.amazon.com/dp/B0DPJSTLH5,5.0,"Great deal, good quality products","Everything one needs for sourdough bread baking. The baskets really do their job, the Lame makes scoring effortless and the scrapers are the best thing I didn’t know I needed.",20260513,size_fit,https://www.amazon.com/gp/customer-reviews/R24ACPMX61IB27,False,"[{""name"":""Size"",""detail"":""9-Piece Kit""}]",0
B0DPJSTLH5,B0DPJSTLH5,https://www.amazon.com/dp/B0DPJSTLH5,5.0,Great kit at a reasonable price,"Exactly as described and pictured. Packaged well, nothing broken or missing. Purchased this kit as a gift for a budding homemade bread enthusiast, and they used it right away. They said everything felt like it‘s good quality and they love the baskets with washable fabric covers so much. They also said the scraper works much better than the spatula they had been using.",20260508,cleaning; durability; value_or_quantity,https://www.amazon.com/gp/customer-reviews/R26P31J616Q4GL,False,"[{""name"":""Size"",""detail"":""9-Piece Kit""}]",0
B0DPJSTLH5,B0DPJSTLH5,https://www.amazon.com/dp/B0DPJSTLH5,5.0,Incredible set!👍,"     Great banneton baskets for sourdough! The dough holds its shape perfectly, doesn’t stick, and comes out with a beautiful bakery-style pattern after baking. Easy to use and clean. Very happy with this purchase — highly recommend!",20260504,cleaning; size_fit,https://www.amazon.com/gp/customer-reviews/R2H8XE26MVX1WH,False,"[{""name"":""Size"",""detail"":""9-piece Kit""}]",0
B0DPJSTLH5,B0DPJSTLH5,https://www.amazon.com/dp/B0DPJSTLH5,4.0,Great starter kit for sourdough,"The baskets are decent quality, you kind of need to use the linen liner because the wood splinters and isn‘t great for putting dough into it directly. But the liners are easy to clean and the baskets are great overall. I haven’t really used the dough whisk because it’s SO hard to clean. Dough gets stuck in the tiny spaces and it’s really tough to clean if you don’t have a dishwasher. I’ve loved the bench scraper and the flexible bowl scraper, though. Overall super great kit to get started with baking sourdough.",20260420,freshness_or_drying; cleaning; size_fit,https://www.amazon.com/gp/customer-reviews/RVW5NKUKXJVXM,False,"[{""name"":""Size"",""detail"":""9-Piece Kit""}]",0
B0DPJSTLH5,B0DPJSTLH5,https://www.amazon.com/dp/B0DPJSTLH5,5.0,Nice,Nice set. I am new to sourdough bread making. Nice to get everything together!,20260411,size_fit; value_or_quantity,https://www.amazon.com/gp/customer-reviews/R16H8I8BLZA6ME,False,"[{""name"":""Size"",""detail"":""9-Piece Kit""}]",0
B0DPJSTLH5,B0DPJSTLH5,https://www.amazon.com/dp/B0DPJSTLH5,5.0,10/10 for sourdough,"Couldn’t be happier with this purchaseGreat for beginners
Quality is 10/10
Perfect size
Very durable",20260411,size_fit; durability,https://www.amazon.com/gp/customer-reviews/R4W563TQ8CGOG,False,"[{""name"":""Size"",""detail"":""9-Piece Kit""}]",0
B0DPJSTLH5,B0DPJSTLH5,https://www.amazon.com/dp/B0DPJSTLH5,5.0,Nice,Great for beginners. Proofing worked much better. Easy to clean and good quality.,20260409,cleaning,https://www.amazon.com/gp/customer-reviews/RBD62YXLQCX5G,False,"[{""name"":""Size"",""detail"":""9-Piece Kit""}]",0
B0DPJSTLH5,B0DPJSTLH5,https://www.amazon.com/dp/B0DPJSTLH5,5.0,Great kit! Has all I need.,I love the kit. It has all things I didn’t even know I needed as a new sourdough baker!!,20260401,size_fit,https://www.amazon.com/gp/customer-reviews/R291ZGCQBTL7S0,False,"[{""name"":""Size"",""detail"":""9-Piece Kit""}]",0
B0DPJSTLH5,B0DPJSTLH5,https://www.amazon.com/dp/B0DPJSTLH5,5.0,Great product,"Great quality and perfect for home bread baking!
We recently started baking bread at home, and this proofing basket set has been exactly what we needed. The quality is excellent, sturdy, well-made, and it feels like it will last a long time.

I also love that it comes with all the extra accessories, which makes the whole process easier, especially for beginners. The size is perfect for standard loaves, and the color is really nice as well.

Overall, great value for the price. I would definitely recommend this set to anyone getting into bread making!",20260401,size_fit; value_or_quantity,https://www.amazon.com/gp/customer-reviews/R5REC7NNCSDGY,False,"[{""name"":""Size"",""detail"":""9-Piece Kit""}]",0
B0DPJSTLH5,B0DPJSTLH5,https://www.amazon.com/dp/B0DPJSTLH5,5.0,Perfect starter kit,Everything worked like it should. They are Durable and they look very well made and nice looking for people to see on my countertop. It’s the perfect starter kit,20260331,durability,https://www.amazon.com/gp/customer-reviews/R3GJ3S6JU5XC1W,True,"[{""name"":""Size"",""detail"":""9-Piece Kit""}]",0
B0DPJSTLH5,B0DPJSTLH5,https://www.amazon.com/dp/B0DPJSTLH5,4.0,Mostly good quality,"The baskets and tools seem to be good quality. I gave only 4 stars because the liner for the oval basket came ripped. I will try to sew it back together, but it would have been nice if it just was not ripped in the first place.",20260327,durability,https://www.amazon.com/gp/customer-reviews/R3G6YJD0XMA6KB,True,"[{""name"":""Size"",""detail"":""9-Piece Kit""}]",0
B0DPJSTLH5,B0DPJSTLH5,https://www.amazon.com/dp/B0DPJSTLH5,5.0,Very helpful,Everything you need.  Awesome,20260325,,https://www.amazon.com/gp/customer-reviews/R1F79IQS598IOR,True,"[{""name"":""Size"",""detail"":""9-Piece Kit""}]",0
B0DPJSTLH5,B0DPJSTLH5,https://www.amazon.com/dp/B0DPJSTLH5,3.0,Missing items,Everything was good but I did not get the scraper that is supposed to be included.,20260323,,https://www.amazon.com/gp/customer-reviews/R1ZYSFWXTXVTN3,True,"[{""name"":""Size"",""detail"":""9-Piece Kit""}]",0
B0DPJSTLH5,B0DPJSTLH5,https://www.amazon.com/dp/B0DPJSTLH5,5.0,Good for small batches,As advertised.,20260323,,https://www.amazon.com/gp/customer-reviews/R10UQ10E56MR1F,True,"[{""name"":""Size"",""detail"":""9-Piece Kit""}]",0
B0DPJSTLH5,B0DPJSTLH5,https://www.amazon.com/dp/B0DPJSTLH5,1.0,Broken,"It‘s the second time I use it and it‘s already broken, I don‘t recommend it.",20260318,durability,https://www.amazon.com/gp/customer-reviews/RF90K8Q6LT265,True,"[{""name"":""Size"",""detail"":""9-Piece Kit""}]",0
B0DPJSTLH5,B0DPJSTLH5,https://www.amazon.com/dp/B0DPJSTLH5,2.0,Broken part,Most of the kit was useful. I’m still waiting for a replacement banneton basket bc mine was broken. I’ve sent emails without response,20260318,durability,https://www.amazon.com/gp/customer-reviews/R3KAN6M8J3IEXH,True,"[{""name"":""Size"",""detail"":""9-Piece Kit""}]",0
B0DPJSTLH5,B0DPJSTLH5,https://www.amazon.com/dp/B0DPJSTLH5,5.0,value,great products great value,20260316,value_or_quantity,https://www.amazon.com/gp/customer-reviews/R4API7WTXCUDC,True,"[{""name"":""Size"",""detail"":""9-Piece Kit""}]",0
B0DPJSTLH5,B0DPJSTLH5,https://www.amazon.com/dp/B0DPJSTLH5,2.0,Flimsy Dough Whisk,The dough whisk broke after 3 uses. disappointing,20260315,,https://www.amazon.com/gp/customer-reviews/R1ZG6ZVQSWIAC5,True,"[{""name"":""Size"",""detail"":""9-Piece Kit""}]",0
B0DPJSTLH5,B0DPJSTLH5,https://www.amazon.com/dp/B0DPJSTLH5,3.0,Cheaply made and from China,It’s fine kind of cheap. Should have looked at other options,20260315,,https://www.amazon.com/gp/customer-reviews/R2JF7JWOV4I1X7,True,"[{""name"":""Size"",""detail"":""9-Piece Kit""}]",0
B0DPJSTLH5,B0DPJSTLH5,https://www.amazon.com/dp/B0DPJSTLH5,5.0,Great Price And Includes Everything You’ll Need!,Great Priced Proofing Set. Its packed well and has everything you need.Over all good quality and honestly I am very impressed with everything.Certainly worth the price! Perfect for when you have quests coming or forjust making delightful breads for your family.,20260314,value_or_quantity,https://www.amazon.com/gp/customer-reviews/R98Y9ZCQ8JAWS,True,"[{""name"":""Size"",""detail"":""9-Piece Kit""}]",0
B0DPJSTLH5,B0DPJSTLH5,https://www.amazon.com/dp/B0DPJSTLH5,5.0,Good buy!,Great set! Exactly what I needed. Definitely recommend.,20260312,value_or_quantity,https://www.amazon.com/gp/customer-reviews/R3AHZFKQYWVIS0,False,"[{""name"":""Size"",""detail"":""9-Piece Kit""}]",0
B0DPJSTLH5,B0DPJSTLH5,https://www.amazon.com/dp/B0DPJSTLH5,5.0,Perfect material,"Everything is perfect, i’m ready for my bread season",20260311,,https://www.amazon.com/gp/customer-reviews/R1FYV4IRD40SAL,True,"[{""name"":""Size"",""detail"":""9-Piece Kit""}]",0
B0DPJSTLH5,B0DPJSTLH5,https://www.amazon.com/dp/B0DPJSTLH5,5.0,Helpful,Quiet helpful makes making bread so much easier,20260309,,https://www.amazon.com/gp/customer-reviews/R9WHFWJ8AQE4N,True,"[{""name"":""Size"",""detail"":""9-Piece Kit""}]",0
B0DPJSTLH5,B0DPJSTLH5,https://www.amazon.com/dp/B0DPJSTLH5,5.0,Perfect gift for starting sourdough,"Good quality, exactly what you need for starting sourdough.",20260308,size_fit,https://www.amazon.com/gp/customer-reviews/R2Y0G85KVUW228,False,"[{""name"":""Size"",""detail"":""9-Piece Kit""}]",0
B0DPJSTLH5,B0DPJSTLH5,https://www.amazon.com/dp/B0DPJSTLH5,2.0,Danger,Only used the baskets and the mixer and they were good. Tried to use the razor and it was so flimsy it split in half while I was scoring the bread.... could have been dangerous if a piece of metal had gotten in there. I don‘t recommend this set at all for this reason,20260308,value_or_quantity,https://www.amazon.com/gp/customer-reviews/R33XZ9IZ1090Q8,True,"[{""name"":""Size"",""detail"":""9-Piece Kit""}]",0
B0DPJSTLH5,B0DPJSTLH5,https://www.amazon.com/dp/B0DPJSTLH5,5.0,Would make a wonderful gift!,"I just started doing sourdough and needed a quick kit for the process of proofing.  If you flour the liner properly the dough does not stick to it.  If the dough happens to stick with a little coaxing it frees right up.  It has everything you need to do Artisan rounds or loafs.  Comes with extra blades for the scoring tool, and the bench scraper is a nice addition.  They are the perfect size and are really solid.  Would make a great gift for someone just starting out making bread.  Excellent value for the money.",20260308,size_fit; value_or_quantity,https://www.amazon.com/gp/customer-reviews/R3ACNHI0KEV6HF,True,"[{""name"":""Size"",""detail"":""9-Piece Kit""}]",0
B0DPJSTLH5,B0DPJSTLH5,https://www.amazon.com/dp/B0DPJSTLH5,5.0,Someone asked about dough stickiness,As long as you season the basket it’s fine. I use rice flour. Much less gummy residue. It doesn’t absorb water.,20260307,,https://www.amazon.com/gp/customer-reviews/RIRWZ65WKZEZ1,True,"[{""name"":""Size"",""detail"":""9-Piece Kit""}]",0
B0DPJSTLH5,B0DPJSTLH5,https://www.amazon.com/dp/B0DPJSTLH5,5.0,Works perfectly,This works perfectly and is exactly as described.  The dough does not stick to the cloth and it is easy to use.  The shape of the bread always comes out nice with the rounded sides of the basket.,20260307,,https://www.amazon.com/gp/customer-reviews/R3QS3WKIXRXOHM,True,"[{""name"":""Size"",""detail"":""9-Piece Kit""}]",0
B0DPJSTLH5,B0DPJSTLH5,https://www.amazon.com/dp/B0DPJSTLH5,5.0,Works great,This kit works great and is a great starter set! The baskets hold their shape well and the liners fit perfectly.,20260306,size_fit; value_or_quantity,https://www.amazon.com/gp/customer-reviews/R1A8LMGPI8IVZ6,False,"[{""name"":""Size"",""detail"":""9-Piece Kit""}]",0
B0DPJSTLH5,B0DPJSTLH5,https://www.amazon.com/dp/B0DPJSTLH5,5.0,Use like a reference book,Can go to straight to a chapter that interest you and get lots of good information from that chapter. I’m saying that you do not have to read the book in order but you can read and use the information in any order.,20260306,,https://www.amazon.com/gp/customer-reviews/R3ORC8ULDVTZPT,True,"[{""name"":""Size"",""detail"":""9-Piece Kit""}]",0
B0DPJSTLH5,B0DPJSTLH5,https://www.amazon.com/dp/B0DPJSTLH5,5.0,So much bang for your buck!,This is the perfect starter set! I bought for my friend that wanted to get into sourdough.,20260304,size_fit; value_or_quantity,https://www.amazon.com/gp/customer-reviews/R3ACYSUWP6UMVY,True,"[{""name"":""Size"",""detail"":""9-Piece Kit""}]",0
B0DPJSTLH5,B0DPJSTLH5,https://www.amazon.com/dp/B0DPJSTLH5,5.0,Great Kit for Beginners,"Great gift for someone just starting out! Already had the starter jar, so this filled in the remaining gaps!",20260303,,https://www.amazon.com/gp/customer-reviews/R38NEAO7Y5B06U,True,"[{""name"":""Size"",""detail"":""9-Piece Kit""}]",0
B0DPJSTLH5,B0G4VNKV69,https://www.amazon.com/dp/B0G4VNKV69,5.0,“Everything You Need for Perfect Sourdough – Highly Recommend!”,"The EWFEN Sourdough Starter Kit is amazing! 🍞✨ This 25-piece set has everything a beginner—or seasoned baker—needs: round and oval bannetons, starter jar, and all the essential bread-making tools. The quality is excellent, and the baskets help create perfect crusts every time. The instructions are clear, and it makes baking sourdough at home fun and satisfying. A complete, well-thought-out kit.",20260302,freshness_or_drying; size_fit; value_or_quantity,https://www.amazon.com/gp/customer-reviews/R27KK7WGE8NW4L,False,"[{""name"":""Size"",""detail"":""25-Piece Kit""}]",0
B0DPJSTLH5,B0DPJSTLH5,https://www.amazon.com/dp/B0DPJSTLH5,5.0,Good buy for the money.,Great package deal. It had everything I needed and more!  And arrived on time.,20260302,value_or_quantity,https://www.amazon.com/gp/customer-reviews/R6SLJ0U4D8KA3,True,"[{""name"":""Size"",""detail"":""9-Piece Kit""}]",0
B0DPJSTLH5,B0DPJSTLH5,https://www.amazon.com/dp/B0DPJSTLH5,5.0,Sourdough Baking,Works for my need...new at this and it helps me tremendously...!,20260302,,https://www.amazon.com/gp/customer-reviews/R17VEFLKVMX137,True,"[{""name"":""Size"",""detail"":""9-Piece Kit""}]",0
B0DPJSTLH5,B0DPJSTLH5,https://www.amazon.com/dp/B0DPJSTLH5,5.0,Great little starter kit,Perfect for beginner sourdough bakers. I had to give the liners a good wash because there was some pink and blue fuzzies but they work great! Make sure to season them before adding your dough.,20260302,cleaning; size_fit,https://www.amazon.com/gp/customer-reviews/R1HSVW5P5TIXEH,True,"[{""name"":""Size"",""detail"":""9-Piece Kit""}]",0
B0DPJSTLH5,B0DPJSTLH5,https://www.amazon.com/dp/B0DPJSTLH5,4.0,Minus one star for the whisk,The kit was great overall but the silly bread whisk already broke,20260228,,https://www.amazon.com/gp/customer-reviews/R9S8CEL90ZINV,True,"[{""name"":""Size"",""detail"":""9-Piece Kit""}]",0
B0DPJSTLH5,B0DPJSTLH5,https://www.amazon.com/dp/B0DPJSTLH5,5.0,Items are just what I wanted and ordeted,Not used thrse items yet bit they are exactly what I ordeted.,20260228,,https://www.amazon.com/gp/customer-reviews/R20EWXACDRMS03,True,"[{""name"":""Size"",""detail"":""9-Piece Kit""}]",0
B0DPJSTLH5,B0DPJSTLH5,https://www.amazon.com/dp/B0DPJSTLH5,5.0,Really great set,"Good value, ease to clean, no chemical or cheap smell, and a good variety of shapes.",20260227,smell_or_wax; cleaning; value_or_quantity,https://www.amazon.com/gp/customer-reviews/R2UJAI0COPAFG1,False,"[{""name"":""Size"",""detail"":""9-Piece Kit""}]",0
B0DPJSTLH5,B0DPJSTLH5,https://www.amazon.com/dp/B0DPJSTLH5,4.0,Nice,"Nice set, but the muslin liner started fraying at the seam after one washing. The frayed area is not a hole. Other than that it‘s been useful.",20260227,cleaning; value_or_quantity,https://www.amazon.com/gp/customer-reviews/R2RPK3I3RETZOG,True,"[{""name"":""Size"",""detail"":""9-Piece Kit""}]",0
B0DPJSTLH5,B0G4VNKV69,https://www.amazon.com/dp/B0G4VNKV69,5.0,Nice assortment of tools,"This sourdough bread starter kit comes with every possible item you may need, along with many extras to make the process even more enjoyable or to take your baking up a notch. I‘m a novice baker, so this kit gives me everything I need since I don‘t have anything for baking except the basics. The kit comes with guidance, which is so nice, regardless of the level of experience you have. The key detail is that this kit has made me want to continue my baking since it‘s now a much easier and fun project for me. I love all the detail and in looking at the other kit options, they did not have this many add-ons. Excellent price and great quality products!",20260226,size_fit; value_or_quantity,https://www.amazon.com/gp/customer-reviews/R161H4YOOMTJY5,False,"[{""name"":""Size"",""detail"":""25-Piece Kit""}]",0
B0DPJSTLH5,B0DPJSTLH5,https://www.amazon.com/dp/B0DPJSTLH5,3.0,Kit missing item,My kit did not come with the bowl scraper. That was one of the reasons I went with this kit. The rest of the items are fine. Definitely disappointed.,20260226,,https://www.amazon.com/gp/customer-reviews/RK8J0GW7EFTID,True,"[{""name"":""Size"",""detail"":""9-Piece Kit""}]",0
B0DPJSTLH5,B0G4VNKV69,https://www.amazon.com/dp/B0G4VNKV69,5.0,Easy Directions for Sour Dough Bread.,Comes with Everything you need to make awesome sour dough bread! Great highly recommend!,20260223,,https://www.amazon.com/gp/customer-reviews/R2VYC03Y2LG33B,False,"[{""name"":""Size"",""detail"":""25-Piece Kit""}]",0
B0DPJSTLH5,B0DPJSTLH5,https://www.amazon.com/dp/B0DPJSTLH5,5.0,Good quality for the price,Good quality tools for a beginner to sourdough bread making.,20260223,size_fit,https://www.amazon.com/gp/customer-reviews/R2OSQ4EX2IVU6J,True,"[{""name"":""Size"",""detail"":""9-Piece Kit""}]",0
B0DPJSTLH5,B0DPJSTLH5,https://www.amazon.com/dp/B0DPJSTLH5,5.0,Great gift,It was a gift and they loved it,20260223,,https://www.amazon.com/gp/customer-reviews/R24IYE8I51TWSI,True,"[{""name"":""Size"",""detail"":""9-Piece Kit""}]",0
B0DPJSTLH5,B0DPJSTLH5,https://www.amazon.com/dp/B0DPJSTLH5,4.0,Not bad,What you would expect. The dough whisk breaks very easy,20260222,,https://www.amazon.com/gp/customer-reviews/R2P4T0SJCM1TYJ,True,"[{""name"":""Size"",""detail"":""9-Piece Kit""}]",0
B0DPJSTLH5,B0DPJSTLH5,https://www.amazon.com/dp/B0DPJSTLH5,4.0,Razors are low quality,I deducted 1 star because the razors for the bread lame are very brittle. They break when applying to the lame. Everything else gets the job done.,20260222,,https://www.amazon.com/gp/customer-reviews/R2W92JMG5WGSQN,True,"[{""name"":""Size"",""detail"":""9-Piece Kit""}]",0
B0DPJSTLH5,B0DPJSTLH5,https://www.amazon.com/dp/B0DPJSTLH5,5.0,Baking,Every thing you need for your sourdough journey! Love it,20260222,size_fit,https://www.amazon.com/gp/customer-reviews/R10A8MMIOPAOE3,True,"[{""name"":""Size"",""detail"":""9-Piece Kit""}]",0
B0DPJSTLH5,B0DPJSTLH5,https://www.amazon.com/dp/B0DPJSTLH5,5.0,Perfect for sourdough!,Perfect set for a beginning sourdough maker - has everything one might need!,20260221,size_fit; value_or_quantity,https://www.amazon.com/gp/customer-reviews/R3SJRC9W1TED74,False,"[{""name"":""Size"",""detail"":""9-Piece Kit""}]",0
B0DPJSTLH5,B0DPJSTLH5,https://www.amazon.com/dp/B0DPJSTLH5,5.0,Nice quality items.,Great price and includes all of the essentials.,20260221,value_or_quantity,https://www.amazon.com/gp/customer-reviews/R1EOTM556MS57X,True,"[{""name"":""Size"",""detail"":""9-Piece Kit""}]",0
B0DPJSTLH5,B0DPJSTLH5,https://www.amazon.com/dp/B0DPJSTLH5,3.0,So so,"The dough mixer broke within the first week. Otherwise, a good set",20260218,value_or_quantity,https://www.amazon.com/gp/customer-reviews/R3I1UDQZG85E7W,True,"[{""name"":""Size"",""detail"":""9-Piece Kit""}]",0
B0DPJSTLH5,B0DPJSTLH5,https://www.amazon.com/dp/B0DPJSTLH5,5.0,"Great set, but lame protector needs to be upgraded.","I like everything in this set except the lame protector.  The lame is very sharp, which it should be, but it cuts through the cheap leather like protection sleeve, a potential hazard to the user.  The protection sleeve needs to be upgraded to a sturdier material.",20260218,value_or_quantity,https://www.amazon.com/gp/customer-reviews/R17A57AL49F540,True,"[{""name"":""Size"",""detail"":""9-Piece Kit""}]",0
B0DPJSTLH5,B0G4VNKV69,https://www.amazon.com/dp/B0G4VNKV69,5.0,Everything needed to get started with sourdough!,"This sourdough bread making kit is exceptionally complete and thoughtfully curated for beginners. With over 25 tools and accessories, it eliminates guesswork and provides everything needed from starter to finished loaf.Proofing and shaping- Wicker banneton baskets in two shapes, with breathable linen liners for perfect rise and shape.- Linen couche cloth for dividing and proofing multiple loaves.- Flexible dough scraper and bench knife for clean cuts and transfers.Measuring and mixing- Nested measuring spoons and cups in standard sizes for precision.- Silicone dough mat with measurements to prevent sticking while baking.Specialized tools- Danish dough whisk for incorporating starter without overmixing.- Bread lame for scoring professional slashes.- Banneton brush and scraper for easy cleaning.Utensils and extras- Silicone spatula, pastry brush, and dough stamp set for decoration.- Starter jar with measuring line, temperature sticker, and rising cover.- Recipe booklet with starter instructions and multiple bread recipes.The quality is impressive—tools feel durable and professional-grade. This kit makes artisan baking accessible and fun.",20260217,cleaning; size_fit; durability; value_or_quantity,https://www.amazon.com/gp/customer-reviews/R1I1MLE0CNOXID,False,"[{""name"":""Size"",""detail"":""25-Piece Kit""}]",0
B0DPJSTLH5,B0G4VNKV69,https://www.amazon.com/dp/B0G4VNKV69,4.0,Everything you need to get started making sourdough!,"I review products for the Amazon Vine program and I received this product to review.This sourdough start kit has everything that you need to get started in making sourdough bread. You just need an oven, ingredients, and a sheet to bake on and everything else you need is here. Instructions and recipes are included to help you get started (although you‘ll need to instructions on how to create your sourdough starter).Everything in this package appears good quality. The utensils are made out of either silicone, stainless steel or wood and stainless steel. The banneton proofing baskets appear of nice quality, and they come with a brush to clean them as well as linen liners. The glass jar which you‘ll make your sourdough starter in comes with a band to help you mark your dates when feeding the sour dough and a measurement marker. To complete the set, there are measuring cups, measuring spoons, a reusable bread bag, a bread, lane with five blades, a bread sling, a dough whisk (which is very sturdy), a silicone spatula and brush, flour duster, a bowl scraper, a dough scraper and even four bread stencils.The price point on these items is extremely reasonable it would cost you a lot of money to buy all these things individually. This is an excellent product for someone who is starting the sourdough bread making process and would make a perfect gift for somebody who is learning sourdough.I recommend this item and I‘m giving it five stars!",20260216,cleaning; size_fit; value_or_quantity,https://www.amazon.com/gp/customer-reviews/R2S64B3163Y39O,False,"[{""name"":""Size"",""detail"":""25-Piece Kit""}]",0
B0DPJSTLH5,B0G4VNKV69,https://www.amazon.com/dp/B0G4VNKV69,5.0,Everything you need!,"This kit contains EVERYTHING! From measuring cups to bread bags you have almost everything you need as a beginner. The starter jar is heavy duty, but seems kind of tall for the tools given. I found it difficult to mix my starter because of this.  Somethings seem a little redundant, like the measuring cups. The price can’t be beat! This is a great gift for anyone interested in baking! Two of my favorite features are the gift ability and the measuring cheat sheet! I love that I can easily gift a loaf of bread!",20260216,size_fit; value_or_quantity,https://www.amazon.com/gp/customer-reviews/RW4UQTVYBOEE0,False,"[{""name"":""Size"",""detail"":""25-Piece Kit""}]",0
B0DPJSTLH5,B0DPJSTLH5,https://www.amazon.com/dp/B0DPJSTLH5,5.0,Proofing items,Received as described and in a prompt manner.,20260216,,https://www.amazon.com/gp/customer-reviews/R64OAKLFB6AP0,True,"[{""name"":""Size"",""detail"":""9-Piece Kit""}]",0
B0DPJSTLH5,B0DPJSTLH5,https://www.amazon.com/dp/B0DPJSTLH5,4.0,Use every time I make lean sourdough boules,Set works nicely,20260215,value_or_quantity,https://www.amazon.com/gp/customer-reviews/R33IXWTB0T23HJ,True,"[{""name"":""Size"",""detail"":""9-Piece Kit""}]",0
B0DPJSTLH5,B0DPJSTLH5,https://www.amazon.com/dp/B0DPJSTLH5,5.0,Perfect,I loved my set,20260215,value_or_quantity,https://www.amazon.com/gp/customer-reviews/R2HK0VW5D8N4FG,True,"[{""name"":""Size"",""detail"":""9-Piece Kit""}]",0
B0DPJSTLH5,B0DPJSTLH5,https://www.amazon.com/dp/B0DPJSTLH5,1.0,Not the best quality,Item arrived broken and it’s difficult to get a replacement,20260214,durability,https://www.amazon.com/gp/customer-reviews/R3S9VNYV4CANSG,True,"[{""name"":""Size"",""detail"":""9-Piece Kit""}]",0
B0DPJSTLH5,B0G4VNKV69,https://www.amazon.com/dp/B0G4VNKV69,4.0,Great Starter Kit for Beginner Sourdough Bakers,"I really like this sourdough starter kit. It has everything I needed to get started making sourdough at home. The banneton baskets are good quality and help the dough hold its shape well. I like that it came with both round and oval options.The starter jar and tools are simple to use and great for beginners like me. Everything feels sturdy and easy to clean. Overall, this is a great kit if you are new to sourdough baking or want an all-in-one starter set.",20260212,cleaning; size_fit; value_or_quantity,https://www.amazon.com/gp/customer-reviews/R2EY770Y6UJPT,False,"[{""name"":""Size"",""detail"":""25-Piece Kit""}]",0
B0DPJSTLH5,B0DPJSTLH5,https://www.amazon.com/dp/B0DPJSTLH5,5.0,Awesome!,Great! Bought as a gift for my brother. He uses it everyday!,20260212,,https://www.amazon.com/gp/customer-reviews/R1WQ5JWWQQVQIV,True,"[{""name"":""Size"",""detail"":""9-Piece Kit""}]",0
B0DPJSTLH5,B0G4VNKV69,https://www.amazon.com/dp/B0G4VNKV69,4.0,"Great Sourdough Starter Kit — Helpful, With One Important Gap","This EWFEN sourdough starter kit is a really solid all-in-one set, with several pieces that are genuinely useful if you’re getting into sourdough baking.One of the best parts of the kit is the banneton proofing baskets. You get a 10” oval and a 9” round, both great sizes for medium loaves. They come with linen covers, care instructions, and a cleaning brush. You’re meant to dust them with flour before use and dry-brush them clean (no water), and with proper care they should last a long time.The sourdough starter jar is another standout. It has measurement markings, a built-in thermometer, and a rotating date band so you can track feedings — which is super helpful when maintaining a starter. It also includes a linen jar cover so the starter can breathe while fermenting.The kit includes recipes for baking sourdough bread, but it does NOT include instructions on how to actually make a sourdough starter, which feels like an odd omission for a “starter” kit. You’ll need to look up starter instructions separately.There’s also a silicone baking mat, measuring cups and spoons, a silicone spatula, and other kitchen tools. Some of these feel a bit lightweight and are items many people already own, but they’re still practical — especially the measuring cups, since you’ll use them frequently for feeding your starter. The spatula is a great shape for scraping the starter jar, though a bit short.A fun bonus is the bread decorating stencils and flour sifter — including a surprisingly funny pot leaf stencil.All in, this 25-piece kit is a convenient way to get started with sourdough. Aside from needing a covered cast iron bread pan (Dutch oven), it covers almost everything else. It would also make a great gift for anyone interested in baking.",20260205,freshness_or_drying; cleaning; size_fit; value_or_quantity,https://www.amazon.com/gp/customer-reviews/RJ2N3Z37685WG,False,"[{""name"":""Size"",""detail"":""25-Piece Kit""}]",0
B0DPJSTLH5,B0DPJSTLH5,https://www.amazon.com/dp/B0DPJSTLH5,2.0,Broken mixer,The bread mixer broke during the first use and will no longer stay in. Very cheap design on the mixer. Everything else seems good so far,20260205,,https://www.amazon.com/gp/customer-reviews/R3UZR4PGVM3GPE,True,"[{""name"":""Size"",""detail"":""9-Piece Kit""}]",0
B0DPJSTLH5,B0G4VNKV69,https://www.amazon.com/dp/B0G4VNKV69,5.0,Pleasantly surprised love this starter kit,"I‘m just getting into making bread and needed a starter kit. I can‘t be any happier with my purchase. There are extra items in the kit that were not even mentioned. If you‘re looking to get started into making sourdough bread, definitely need this startup kit, you will love it.",20260204,size_fit,https://www.amazon.com/gp/customer-reviews/R3B3029J1TF39D,True,"[{""name"":""Size"",""detail"":""25-Piece Kit""}]",0
B0DPJSTLH5,B0G4VNKV69,https://www.amazon.com/dp/B0G4VNKV69,5.0,Great price for a beginners bread making set.,"So I‘m a sourdough newbie and I contemplated ordering this kit to see if I could make quality bread with out any more specialize equipment than this.It turns out I could. Not well, but I definitely made bread.This has everything I needed including parchment and silicone lifting items (I don‘t know what they are called) a sifting thing with stencils to decorate the top (I didn‘t use them but I hope to next time) and a starter jar to keep the starter in.I would like to say I was a success the first time out, but that is not close to true. My baking ability is sub par at best, but I look forward to getting better.What I liked about this set was how I didn‘t have to use any other kitchen items other than the dutch ovens I already own. The size of the jar and proofing baskets is perfect for a simple DIY‘r. The bench scraper and spatulas were perfect for bread baking and easy to clean. The silicone mat made it easy to see what size my loaf SHOULD have been.  I didn‘t use the booklets recipes, so I don‘t know the functionality of them but afterwards I compared them to others and they are very simple and standard. I used a recipe from Paul Hollywood.I ordered a second set and will give it to my niece for her birthday and maybe she can teach me how to do it better.",20260203,cleaning; size_fit; value_or_quantity,https://www.amazon.com/gp/customer-reviews/R1YH0F53QH53SV,False,"[{""name"":""Size"",""detail"":""25-Piece Kit""}]",0
B0DPJSTLH5,B0DPJSTLH5,https://www.amazon.com/dp/B0DPJSTLH5,5.0,Great Buy,Good starting kit for beginners and intermediate bakers. Comes with the necessary basic equipment. Good quality items.,20260203,,https://www.amazon.com/gp/customer-reviews/R1511LMY6PFFSD,False,"[{""name"":""Size"",""detail"":""9-Piece Kit""}]",0
B0DPJSTLH5,B0G4VNKV69,https://www.amazon.com/dp/B0G4VNKV69,4.0,"amazing sourdough starter kit, but the instructions leave a lot to be desired","It seems to be a pretty fair price given how it simplifies the entire process of getting started with making sourdough breads, having pretty much everything you need with the exception of the ingredients.I‘m looking forward to getting started with it as soon as my shipment of sourdough starter arrives, BUT…, Just know that you don‘t have EVERYTHING you need here — what you specifically don‘t have is good instructions for how to get started, which is unfortunate/surprising considering that the product is marketed as being a starter kit. You simply will not be able to get started by just reading the enclosed instruction manual and recipes if this is your first time making sourdough bread. It obviously was not written for someone who is new to making sourdough, using terminology that means absolutely nothing to someone who hasn‘t done this sort of thing before.Examples:- It uses terms like Levain and Autolyse without explaining what they mean.- Even things like saying in the instructions “knead by hand“ without explaining how to do so if it‘s your first time ever doing that, as it will be for me.- Similarly, it talks about doing sets of “stretch and folds“ — sounds more like some sort of yoga movements to a person who‘s not made bread before.- It tells me to “score it“ ... so, I don‘t know, I guess I‘ll give it a 6/10- And it tells me to “proof overnight.“  Okay, but what kind of proof does it need? Do I need to provide my sources;-)So, while the starter kit is a good physical preparation, just know that you will absolutely need to go online and look at videos or articles about what some of those breadmaking-specific terms mean.",20260202,size_fit; value_or_quantity,https://www.amazon.com/gp/customer-reviews/R1SHZ9TMVW2512,False,"[{""name"":""Size"",""detail"":""25-Piece Kit""}]",0
B0DPJSTLH5,B0G4VNKV69,https://www.amazon.com/dp/B0G4VNKV69,5.0,Great All in One Sourdough Starter Kit for Beginners,"I purchased the EWFEN 25 piece sourdough starter kit and have been very pleased with it. The kit is well thought out and includes everything needed to start making sourdough without buying extra tools. It made the process feel much easier and less overwhelming.The round and oval proofing baskets are sturdy and hold their shape well. The liners fit nicely and are easy to clean. I like having both basket shapes since it allows for different loaf styles. The baskets give the dough good structure and help create a nice finished loaf.The glass starter jar is thick and durable with clear measurement markings. Feeding and maintaining the starter is simple and mess free. The breathable cover works well and keeps everything clean. The dough scrapers are solid and comfortable to use, not flimsy or cheap.The extra tools in the kit are very useful and practical. The baking mat, dough whisk, scoring tool, measuring cups, and brush all came in handy. Everything arrived well packaged and in good condition. The overall quality is better than expected for the price.This kit is a great choice for beginners or anyone who wants a complete sourdough setup in one purchase. It offers good value and makes baking sourdough more enjoyable. I would recommend it to anyone interested in getting started with sourdough at home.",20260202,cleaning; size_fit; durability; value_or_quantity,https://www.amazon.com/gp/customer-reviews/RAKYB9IQV5ZLU,False,"[{""name"":""Size"",""detail"":""25-Piece Kit""}]",0
B0DPJSTLH5,B0DPJSTLH5,https://www.amazon.com/dp/B0DPJSTLH5,5.0,Great product,Loved it,20260202,,https://www.amazon.com/gp/customer-reviews/R3GIAT7PGHGPKD,True,"[{""name"":""Size"",""detail"":""9-Piece Kit""}]",0
B0DPJSTLH5,B0DPJSTLH5,https://www.amazon.com/dp/B0DPJSTLH5,5.0,Great buy,Love these baskets and the tools that came with them. I’m new to baking and this had everything I needed to started baking some delicious bread.,20260202,,https://www.amazon.com/gp/customer-reviews/R1TAWXPBG2FM4O,True,"[{""name"":""Size"",""detail"":""9-Piece Kit""}]",0
B0DPJSTLH5,B0G4VNKV69,https://www.amazon.com/dp/B0G4VNKV69,5.0,Perfect for beginners!,This has been such a great set to have as a first time sourdough girlie! Perfect for beginners!,20260201,size_fit; value_or_quantity,https://www.amazon.com/gp/customer-reviews/R1O7CWYA8ZNIVH,True,"[{""name"":""Size"",""detail"":""25-Piece Kit""}]",0
B0DPJSTLH5,B0G4VNKV69,https://www.amazon.com/dp/B0G4VNKV69,5.0,Almost everything needed,"This set is excellent.  It includes almost everything that is needed to make good sourdough loaves.  The materials - glass, stainless steel, silicone, and plastic are high quality and will definitely last.  This one includes 25 items that are needed, including a silicone liner for the Dutch oven, a large jar to hold and renew your starter, measuring cups and spoons, a round and oval banneton, and other necessities.  Most of the items are easy to clean and dishwasher safe.  One of the best things is that it includes a user manual and sourdough recipes, which is missing from most kits.Anyone who wants to make sourdough will definitely want to look at this one.  It is reasonably priced and will insure successful sourdough bread baking.  It would make an excellent gift for anyone who wants to bake sourdough.",20260201,cleaning; size_fit; value_or_quantity,https://www.amazon.com/gp/customer-reviews/R30OI00LYWXUI,False,"[{""name"":""Size"",""detail"":""25-Piece Kit""}]",0
B0DPJSTLH5,B0G4VNKV69,https://www.amazon.com/dp/B0G4VNKV69,5.0,"For beginners this is a great starter set, or back up pieces for your sour dough arsenal.","I started my sourdough journey about 6 months ago and have been making changes to equipment and recipes constantly to find that sweet spot. This starter kit looked amazing for the price to have equipment to be used specifically for my sourdough baking.• Quality: There are a mixture of high quality, and mid quality items in this kit but overall, it gives you just about everything and more to get started. I am going to break this review down into parts since this kit includes so many things.Starter Jar: What I like about this jar is it is thick, heavy and tall. There are markings on the jar for measurements in ml, and a spot for marking when you last fed it. A rubber band is included with day and time (AM PM) that you can also use for making feedings. There is ample room for your starter to rise (I have a 100gram 6-month-old starter in the one in the images). What I do not like - because the jar is so tall, it‘s almost impossible to keep the sides of the jar clean and clear when feeding so you can see the activity of your starter. I previously used two, quart sized mason jars and will probably go back to that method. (using a clean jar at each feeding). There is a cloth lid included which I did not use. I personally like my loose saran wrap.Temperature tape: It is a great idea, but as shown in the images the tape included in my kit did not work. (I use a warmer which keeps my SD at the right temp)Measurement tools: The spoons and cups are cute. Not a high quality but being covered in a silicon covering it makes them easy to use and clean. Especially for SD.SD specific tools: The dough spatula is small and does not really work in the tall jar but is excellent in my quart jars. The Scandinavian dough tool is good quality and works as it should.The bannetons and tops are smaller than average size. But when you are just starting out, they are great to have and easy to use. Having the option of round or oval is a plus as well.The scoring templates are a very nice accessory; I have not used them as of yet but am looking forward to it.The dough scraper and cutter are nice, easy to use and clean.The silicone sling is again like the bannetons smaller than average size, and does not correctly fit my Dutch oven, but I have learned the slings are much easier to work with than parchment paper.The Lame is average and comes with a couple replacement blades which should last you years even if you become a daily baker.• Performance: Easy to work with kit that is excellent for starting out. The kit includes a small instruction book for how to use and care for your bannetons and lame, which is handy if you are a beginner. I love the additional bread bags and stickers as well. Easy to bag up and give your baked product to friends, family or neighbors.• Durability: If cared for this kit should last for years and allow a beginner to figure out what works and what doesn‘t in the SD journey and add to it as needed.Overall, I am very pleased with the kit and would recommend as an excellent value for the price. It would also make an excellent gift for someone who is thinking about getting into the SD culture.",20260131,cleaning; size_fit; value_or_quantity,https://www.amazon.com/gp/customer-reviews/RCDAS8YUKKZEL,False,"[{""name"":""Size"",""detail"":""25-Piece Kit""}]",0
B0DPJSTLH5,B0G4VNKV69,https://www.amazon.com/dp/B0G4VNKV69,4.0,The warming mat is great for midwestern winters!,"There are other sets you can buy that have bannetons and dough mixers, even some with containers for starter, but THIS one comes with all that AND a WARMING MAT!!! Do you know how hard it is to get your dough to rise during a midwestern winter? It’s so hard to keep it at a consistent temperature to have a nice rise (even our breadmaker struggles with it!) This has a mat that you can set a precise temperature to keep your dough warm enough for a good rise without having it fall flat or not rise at all. Included is a brush to clean the bannetons, & the starter container can be put in the dishwasher. The size of all the components are perfect! They’re so easy to use they’re almost idiot-proof.",20260130,freshness_or_drying; cleaning; size_fit; value_or_quantity,https://www.amazon.com/gp/customer-reviews/R2ZFCVBYUIWNSL,False,"[{""name"":""Size"",""detail"":""25-Piece Kit""}]",0
B0DPJSTLH5,B0G4VNKV69,https://www.amazon.com/dp/B0G4VNKV69,5.0,Can one have too many sourdough items? Nope.,"This all-inclusive sourdough starter kit is only missing one thing…a starter warmer mat. (Yes, that’s listed under the “about this item “ section. Aside from that listing error, this set is GREAT for a first time baker. It has everything needed but the starter and cookware to make and bake the bread. From measuring cups and spoons to paper bread bags…this has it all.Trust me, one can never have too many spurtls either…the straight sided jar is a bonus and the best for starters. The canvas bread bag is not lined so unless you wrap the bread in parchment paper and store in a plastic bag, the bread will dry out. Here’s an idea for the canvas bag-keep all your items you’ll use for making dough (except the jar) in the canvas bag-it’s nice, just not for keeping bread.This starter set comes with one 10” round proofing basket (banneton-for boule (round) loaves), one 9” oval proofing basket (banneton- for batard shaped loaves) with each basket fitted with a linen liner, one 24oz glass sourdough starter jar with a day/time tracker and a temperature guide, one silicone bread sling for non-stick baking (wash and bake to prep before first use, one bread lame with 5 blades, one Dutch dough whisk, one silicone spatula (spurtl), one silicone brush, a stainless steel dough scraper, one bowl scraper, a flour duster, a canvas reusable bag, 10 paper bread bags-for when you gift your friends and family loaves, one cleaning brush for the bannetons when not lined, four measuring cups, four measuring spoons, four bread stencils, a user manual and sourdough recipe (use with caution when newly making sourdough-not all recipes are created equally and where you live matters too).There’s a LOT going on with this set, that’s for sure so whether it’s for you or a gift…you won’t be disappointed.The bannetons are not pictured here because I pulled them out, washed the liners-dried them and used the baskets for loaf proofing over the weekend. I didn’t have enough bannetons!I’ll gift the measuring cups and spoons to my cousin who could use a new set (so when I’m at her house I can actually find a measurement utensil I need…lol). Everything else will go into my sourdough basket of items and get used.",20260130,freshness_or_drying; cleaning; size_fit; value_or_quantity,https://www.amazon.com/gp/customer-reviews/R24M3KEAG5FJH1,False,"[{""name"":""Size"",""detail"":""25-Piece Kit""}]",0
B0DPJSTLH5,B0DPJSTLH5,https://www.amazon.com/dp/B0DPJSTLH5,2.0,Missing parts,"The item itself looks like a great basket for the price.  However, the scoring set was missing.  The tool and the blades.  A very important component to making the bread.",20260130,value_or_quantity,https://www.amazon.com/gp/customer-reviews/R2LKQDJCFM4AZ1,True,"[{""name"":""Size"",""detail"":""9-Piece Kit""}]",0
B0DPJSTLH5,B0DPJSTLH5,https://www.amazon.com/dp/B0DPJSTLH5,5.0,Makes a great gift,This was a gift.  The recipient was very pleased with everything.,20260130,,https://www.amazon.com/gp/customer-reviews/R1EV7Z9OXV0LYP,True,"[{""name"":""Size"",""detail"":""9-Piece Kit""}]",0
B0DPJSTLH5,B0G4VNKV69,https://www.amazon.com/dp/B0G4VNKV69,5.0,Everything You Need to Start Baking Bread at Home,"This kit is a very well put-together starter set and honestly exceeded my expectations. I was amazed that everything I needed was included, you could literally have nothing in your kitchen, take this kit out, and be fully equipped to make bread (aside from the ingredients, of course).The round and oval bannetons are perfect for even fermentation and give the loaves a beautiful, professional look. I also love that stencils are included, which makes decorating the bread fun and adds a nice personal touch.I’m new to bread making and usually bake on the weekends, so having everything I need in one kit is incredibly convenient. The recipe book is straightforward and easy to follow, and I really appreciated the step-by-step instructions, they were exactly what I needed as a beginner. Overall, this kit made the learning process enjoyable and stress-free.",20260129,value_or_quantity,https://www.amazon.com/gp/customer-reviews/R2QCUNC1U7R5KA,False,"[{""name"":""Size"",""detail"":""25-Piece Kit""}]",0
B0DPJSTLH5,B0DPJSTLH5,https://www.amazon.com/dp/B0DPJSTLH5,2.0,"Only comes with bowls, no tools.","Did not come with any tools, only the bowls. Very disappointing as the listing states it comes with all the tools. But",20260129,,https://www.amazon.com/gp/customer-reviews/RVPB4P621U6QK,True,"[{""name"":""Size"",""detail"":""9-Piece Kit""}]",0
B0DPJSTLH5,B0G4VNKV69,https://www.amazon.com/dp/B0G4VNKV69,5.0,Do yourself a favor and buy this,"I cannot WAIT to use this!! I make a lot of homemade rolls, sauces, jams, bread, crusts, pies, etc etc etc. I love it. I have been a chicken about starting sourdough though and after finding this kit, I decided to heck with it! Gonna try it out, why not?! I was thinking that the instructions would explain how to start the starter but it only explains how to maintain all the items in the package. Which is fine, Google is a friend, right? The quality of all the items in this thing seem to be top notch! Especially for being just a starter kit. I didnt expect this to go above and beyond with some of the tools, I was pleasantly surprised to see the razor tool and blades included! And the little leather sheath for the open blades? Thoughtful and convenient. Oh! And I loooove me a good Danish whisk! Hahaha I love that this kit comes with a short handled one!! Ooo and the metal measuring cups?! I just cannot say enough good things about this kit. There‘s even bags and stickers to wrap them up and give for gifts! Just so cute. I have the confidence to start making sourdough with this kit y‘all. Just order it! Or gift it, you literally can‘t go wrong 🤎",20260128,freshness_or_drying; size_fit; value_or_quantity,https://www.amazon.com/gp/customer-reviews/R2G8P8DPEIAERG,False,"[{""name"":""Size"",""detail"":""25-Piece Kit""}]",0
B0DPJSTLH5,B0G4VNKV69,https://www.amazon.com/dp/B0G4VNKV69,5.0,Bread Baking With This Huge Set of Supplies Makes It SO Easy,"They weren‘t kidding when they said this Sourdough Starter Kit by EWFEN was complete.  My first thought when I opened the box up was “How did they ever fit all this in the box?“  I am always partial to companies who conveniently add everything you need for their product and some you didn‘t even know you  needed.I will try to list everything it comes with but forgive me, if I miss some.  There is a very strong wood and metal whisk, mat with measurement in inches and centimeters, bread bags and labels, silicone spatula and baster, a brush, measuring cups and spoon sets, a slicer to split the dough into separate equal parts, razor blades, handle and cover, a canning jar glass with lid and cloth cover, a pack of stencils, instruction booklets and recipes, one bread bag (great for crusty bread storage, two bread proofing bowls or serving baskets for the bread, a plastic spatula for removing dough from the work surface, and finally a manual flour duster for even coats of flour.I have been baking bread several times a week for many decades, and even I haven‘t seen some of these things, but I am going to have a whole lot of fun discovering the ways to use them. The bread baskets are smaller, one is oval and the other is round with matching covers.  The jar for the sour dough starter is 7.50 inches tall and about 3.75 inches wide. It is  a heavy weight glass and small enough not to take up too much space in your refrigerator but large enough for frequent use and subsequent “feeding“.To test some things out, I used my tried and true herb bread recipe this time that is my family‘s favorite. It makes two loaves so I used both the oval and round baskets for proofing.  They did very well.  All in all, I loved what I used and the bread turned out perfectly.  I did get a little spoiled by the flour duster as it spreads a very even layer of flour that was perfect.In the coming weeks, I will get my sourdough starter and start making that more frequently.  That is one of my son‘s favorite bread so I will be able to try everything out.This set is equally useful and handy for seasoned bread bakers, like me, to beginners who want to learn the art of bread baking.  I think this set belongs in every household so that people can make bread with pure ingredients.  They will be shocked a the difference in taste.I give the makers of this set a warm congratulations on this more than complete bread baking kit.",20260127,freshness_or_drying; size_fit; value_or_quantity,https://www.amazon.com/gp/customer-reviews/R3RT2YFBO585HZ,False,"[{""name"":""Size"",""detail"":""25-Piece Kit""}]",0
B0DPJSTLH5,B0DPJSTLH5,https://www.amazon.com/dp/B0DPJSTLH5,4.0,Great baskets and the extras were a great addition.,Make sure you look at the size of baskets. I didn‘t and will need a to purchase a larger round basket. Quality is good and these will work. Great value for sure.,20260127,size_fit; value_or_quantity,https://www.amazon.com/gp/customer-reviews/R3K3GW35DI8YDE,False,"[{""name"":""Size"",""detail"":""9-Piece Kit""}]",2
B0DPJSTLH5,B0DPJSTLH5,https://www.amazon.com/dp/B0DPJSTLH5,5.0,sourdough starter must have,"I use this daily and it makes the whole sourdough process feel so much easier (and cuter). the round + oval proofing baskets are perfect for switching things up, and they give your loaves that bakery-style look without trying too hard. I love the oval one because it makes the bread rise 10 x more satisfying.
it comes with everything you actually need — bread lame, danish whisk, scrapers, linen liners — so you’re not hunting down random tools mid-bake. everything feels sturdy, well-made, and super beginner-friendly but still great if you bake all the time.

honestly such a good set for anyone who’s into sourdough or wants to get into it. functional, aesthetic, and makes baking at home feel a little extra special 🤍✨ and the price is great - you don‘t need anything else!",20260126,freshness_or_drying; size_fit; value_or_quantity,https://www.amazon.com/gp/customer-reviews/RBQRWUED0VHFG,True,"[{""name"":""Size"",""detail"":""9-Piece Kit""}]",1
B0DPJSTLH5,B0G4VNKV69,https://www.amazon.com/dp/B0G4VNKV69,5.0,"All you need is yeast, flour, salt and water; everything else is in this kit.  Great value.","An incredible selection, even if you don‘t particularly need all the items.  For me, I can never have enough measuring cups and spoons.  But first, let‘s talk about bread.If you have never made bread, but wanted to try, I strongly suggest you take a hard look at this set. It is geared to sourdough, of course, but the fact is that many of the items here work with all kinds of bread, and it is true that plain breads and rolls are easier, and a great place to start; leave the sourdough for a little until you gain knowledge of how dough should look and act.I will say that I love making bread for the pure satisfaction.  Once, when you make and bake it; second, when you serve it and watch the faces of your loved ones as they take that first bite; and third, because with each loaf you get more confident and sure of your actions, and are ready to advance to another level.  The only drawback I have ever found is getting hooked on baking.  (It is like an itch; stay too long out of the kitchen, and you feel it.)Now, back to the package that can make your earliest efforts successful: Sure, it has bannetons, both circular and oblong, along with the liners; it has a pattern for measuring the loaf to fit in those bannetons; but some of the real gems lie elsewhere.  Included is literally every tool you will need to bake the old fashioned way.  There are spatulas, cups, spoons, dough whisk, brushes, bench knife, scraper, and I haven‘t even covered it all.  I have tried to show everything in the pictures.  Please look.As for recipes: they give you a small booklet, but with the internet, you have almost every recipe under the sun; and detailed instructions.  And when the time comes, they also have given you a starter jar for your sourdough yeast.The best part?  These pieces are quality.  Everything will stand up over time, and dozens of loaves. And everything is full sized.  No skimping here.In short, if you wanted to try, take the plunge.  You will love it.  I know I did. And there is literally nothing that says “love“ to family like home made bread.  Trust me on that one.As far as value?  In my opinion you are getting a tremendous value.  I would estimate that buying this stuff separately would cost double or almost triple the price asked.  You literally cannot find a better deal.",20260125,freshness_or_drying; size_fit; durability; value_or_quantity,https://www.amazon.com/gp/customer-reviews/R2YMNE3RMI42FM,False,"[{""name"":""Size"",""detail"":""25-Piece Kit""}]",0
B0DPJSTLH5,B0G4VNKV69,https://www.amazon.com/dp/B0G4VNKV69,5.0,"Sourdough Baking Kit with Starter Jar, Baskets, and Tools for Decorative Tops","This 25-piece sourdough starter kit includes everything needed to make sourdough bread; just add your sourdough starter. It is perfect for anyone who wants to make sourdough bread without baking accessories.The set includes four plastic measuring cups with metal handles (1/4 c, 1/3 c, 1/2 c, and 1 c) and four plastic measuring spoons with metal handles (1/2 tsp, 1 tsp, 1 1/2 Tbsp, and 1 Tbsp). There is also a silicone brush, a skinny spatula and a plastic bowl scraper.The sourdough starter jar is marked up to 800 ml and includes a flexible thermometer and a sliding band to track when the starter was last fed. To add decorative finishes to your bread with the bread, the kit includes a bread lame for scoring and four flexible 6“ x 6“ stencils to create a pattern on the loaf with the included flour duster.The bread sling makes it easy to lift the loaf out of a backing pan without tilting it and risking distorting the top pattern. Both a round and an oval proofing basket are included, each with a removable fabric liner and a cleaning brush. The set also includes one reusable cloth bread bag and ten paper bread sacks with a cellophane window.",20260125,cleaning; size_fit; value_or_quantity,https://www.amazon.com/gp/customer-reviews/R2DMB7SDU1JH5U,False,"[{""name"":""Size"",""detail"":""25-Piece Kit""}]",0
B0DPJSTLH5,B0DPJSTLH5,https://www.amazon.com/dp/B0DPJSTLH5,5.0,Perfect,Just wish the blades were higher quality.,20260125,,https://www.amazon.com/gp/customer-reviews/R3EVFIHFJS0FJ8,True,"[{""name"":""Size"",""detail"":""9-Piece Kit""}]",0
B0DPJSTLH5,B0DPJSTLH5,https://www.amazon.com/dp/B0DPJSTLH5,5.0,Great item!,I love using this set! It has everything you need to start your sourdough journey,20260125,size_fit; value_or_quantity,https://www.amazon.com/gp/customer-reviews/R3NEELUVGU0DBQ,True,"[{""name"":""Size"",""detail"":""9-Piece Kit""}]",0
B0DPJSTLH5,B0DPJSTLH5,https://www.amazon.com/dp/B0DPJSTLH5,5.0,Great for making bread. Highly recommended,"Perfect kit for sour dough production. I have used this set multiple times and everything is holding up well and easy to clean. I have not needed to use the scraper yet, but the baskets are good quality and the blade tool is wonderful for slicing a slit for the steam.",20260124,cleaning; value_or_quantity,https://www.amazon.com/gp/customer-reviews/R2RS98P27TZ7SW,True,"[{""name"":""Size"",""detail"":""9-Piece Kit""}]",1
B0DPJSTLH5,B0DPJSTLH5,https://www.amazon.com/dp/B0DPJSTLH5,5.0,Basket review,Excellent,20260124,,https://www.amazon.com/gp/customer-reviews/RAAHTW0LXX1JT,True,"[{""name"":""Size"",""detail"":""9-Piece Kit""}]",0
B0DPJSTLH5,B0DPJSTLH5,https://www.amazon.com/dp/B0DPJSTLH5,5.0,Perfect,"These worked perfectly for us. The sizes are perfect. I love the look of these, and they were sturdy and easy to clean.",20260124,cleaning; size_fit,https://www.amazon.com/gp/customer-reviews/R2HIC79R9EF3JE,True,"[{""name"":""Size"",""detail"":""9-Piece Kit""}]",0
B0DPJSTLH5,B0DPJSTLH5,https://www.amazon.com/dp/B0DPJSTLH5,5.0,Great and Necessary Kit,"I jumped into the Sourdough world, not knowing what I was getting myself into.  Fortunately I had the foresight to get this set, as I needed all of the elements.  I‘m hooked now and use every tool.  They are holding up well.",20260123,size_fit; value_or_quantity,https://www.amazon.com/gp/customer-reviews/R3144IEMUENET3,True,"[{""name"":""Size"",""detail"":""9-Piece Kit""}]",0
B0DPJSTLH5,B0DPJSTLH5,https://www.amazon.com/dp/B0DPJSTLH5,5.0,Perfect Gift for Any Sourdough Baker!,"I’m absolutely thrilled with this Sourdough Proofing Basket Gift Set! The quality of the rattan baskets exceeded my expectations—they’re sturdy, smooth, and beautifully handcrafted. Both the 9“ round and 10"" oval bannetons hold their shape well and help produce beautifully structured loaves with that classic artisan look.
The included tools make this set an incredible value. The bread lame is sharp and precise, the dough whisk handles thick dough with ease, and the scrapers are durable and comfortable to use. I also love that the set comes with washable linen liners, which make cleanup quick and simple.

What impressed me most is how beginner‑friendly everything is. Whether you‘re just starting your sourdough journey or you’ve been baking for years, this kit has everything you need in one box. My loaves now rise better, release easily, and look more professional than ever.

Overall, this set is thoughtfully curated, high quality, and perfect as a gift—or as a treat for yourself. Highly recommended for anyone serious about baking great sourdough!",20260120,cleaning; size_fit; durability; value_or_quantity,https://www.amazon.com/gp/customer-reviews/R110DFVQ2GUFN6,True,"[{""name"":""Size"",""detail"":""9-Piece Kit""}]",2
B0DPJSTLH5,B0DPJSTLH5,https://www.amazon.com/dp/B0DPJSTLH5,5.0,Excellent starter kit!,"Great starter kit with all the basics, super value for the price and quality of the materials. Have used all except the rectangle loaf banneton, but excellent set up for the beginner.",20260120,size_fit; value_or_quantity,https://www.amazon.com/gp/customer-reviews/RQG8HXGR0R150,True,"[{""name"":""Size"",""detail"":""9-Piece Kit""}]",1
B0DPJSTLH5,B0DPJSTLH5,https://www.amazon.com/dp/B0DPJSTLH5,5.0,Christmas was a hit because of this!,"Bought this for my moms christmas present. I took a heat pen and let my kids write on the handles for her with pencil and I traced it over with the heat pen. It made a beautiful display and held up very well. I love the wood color and texture, the thickness and size of handles fits perfectly. The baskets were well made and sturdy. All around a good purchase.",20260120,size_fit,https://www.amazon.com/gp/customer-reviews/R24XLJOYWBX5ZN,True,"[{""name"":""Size"",""detail"":""9-Piece Kit""}]",2
B0DPJSTLH5,B0DPJSTLH5,https://www.amazon.com/dp/B0DPJSTLH5,1.0,Potentially dangerous,"I returned it. Some of the tools seemed okay, but the baskets were the problem. They had visual pieces sticking that out could come lose into the dough - dangerous.  I know I can use a towel, but I‘d like the flexibility to not have to, and to get the deep lines that look so beautiful on the bread, without fear of being stabbed in the mouth by a stray splinter.",20260120,,https://www.amazon.com/gp/customer-reviews/R2U46QQWUMNX68,True,"[{""name"":""Size"",""detail"":""9-Piece Kit""}]",0
B0DPJSTLH5,B0DPJSTLH5,https://www.amazon.com/dp/B0DPJSTLH5,4.0,Water stains on fabric,Fabric stained when washed (by hand). The fabric that lines the basket had a “water“ ring after the first washing.,20260120,cleaning,https://www.amazon.com/gp/customer-reviews/R210XT1GO7UAX6,True,"[{""name"":""Size"",""detail"":""9-Piece Kit""}]",0
B0DPJSTLH5,B0DPJSTLH5,https://www.amazon.com/dp/B0DPJSTLH5,4.0,good but eh,Ehhh too small!!!,20260120,size_fit,https://www.amazon.com/gp/customer-reviews/R3F9Q25W70AJCJ,True,"[{""name"":""Size"",""detail"":""9-Piece Kit""}]",0
B0DPJSTLH5,B0DPJSTLH5,https://www.amazon.com/dp/B0DPJSTLH5,1.0,Whisk is weak,Receive this today and it’s pretty cheap. The baskets are OK. But the danish dough wisk broke 3 min into use.,20260118,,https://www.amazon.com/gp/customer-reviews/R15HPY2D7EMNQN,True,"[{""name"":""Size"",""detail"":""9-Piece Kit""}]",0
B0DPJSTLH5,B0DPJSTLH5,https://www.amazon.com/dp/B0DPJSTLH5,5.0,great value.,everything is excellent.,20260118,,https://www.amazon.com/gp/customer-reviews/R3093U9TA8MH81,True,"[{""name"":""Size"",""detail"":""9-Piece Kit""}]",0
B0DPJSTLH5,B0DPJSTLH5,https://www.amazon.com/dp/B0DPJSTLH5,5.0,Great kit,Great sourdough kit especially if you are just starting out. Has everything but the jar that you would need,20260118,size_fit,https://www.amazon.com/gp/customer-reviews/R3HTIKRSQZMYRS,True,"[{""name"":""Size"",""detail"":""9-Piece Kit""}]",0
B09N3M4BDJ,B09N3M4BDJ,https://www.amazon.com/dp/B09N3M4BDJ,4.0,Works great!,I make bread every weekend and these bags have made a big difference. They bread lasts longer and doesn‘t mold or get hard. These are also great to store your purchased bagels in. Easy to clean too.,20260515,freshness_or_drying; moisture_or_mold; cleaning,https://www.amazon.com/gp/customer-reviews/R1M36M9WD23HYV,False,,0
B09N3M4BDJ,B09N3M4BDJ,https://www.amazon.com/dp/B09N3M4BDJ,4.0,Roomy but I got freezer burn,Roomy bag ( I can fit 2 loaves into each one) and I like the zipper and roll up & snap it shut. I do though see freezer burn on my bread I labored to make so I now put them in a freezer bag ( reusing these each time) and then into these bags. So not super freezer friendly like I would like but still keeping them due to being able to put 2 freezer bags into one of these for great overall freezer storage of my loaves.,20260427,size_fit; durability,https://www.amazon.com/gp/customer-reviews/ROQ2ESF5QRESW,False,,0
B09N3M4BDJ,B09N3M4BDJ,https://www.amazon.com/dp/B09N3M4BDJ,5.0,Sourdough bread bag,     I love how easy to clean this bread bag is. It keeps my sourdough bread fresher for longer.,20260417,freshness_or_drying; cleaning; size_fit,https://www.amazon.com/gp/customer-reviews/R2WD27YPYUK7TT,False,,0
B09N3M4BDJ,B09N3M4BDJ,https://www.amazon.com/dp/B09N3M4BDJ,3.0,Damaged item,One bag is great but the other bag is missing one of the plastic clips. It does not look like it was ever attached. Sadly I did not realize it when purchased. I used the good bag to gift bread to someone and just now went to use the 2nd bag. Fortunately the zipper works,20260406,durability,https://www.amazon.com/gp/customer-reviews/R3MDDB5SG47K6O,False,,0
B09N3M4BDJ,B09N3M4BDJ,https://www.amazon.com/dp/B09N3M4BDJ,3.0,Not for bread,"Good plastic type of bags. Do not keep bread longer, has a tendency to cause mold due to the heat. Good bags to freeze in. Will use for something other than bread.",20260317,moisture_or_mold,https://www.amazon.com/gp/customer-reviews/R3SG3YPU2YGVQY,False,,0
B09N3M4BDJ,B09N3M4BDJ,https://www.amazon.com/dp/B09N3M4BDJ,5.0,Perfect!!,"My husband just mastered sourdough bread! So when I started looking for these, I liked everything that the description had to say, and it definitely does what it says! Great gift for a bread maker!",20260315,size_fit; durability,https://www.amazon.com/gp/customer-reviews/R1ZAWG51Y1MBOC,False,,0
B09N3M4BDJ,B09N3M4BDJ,https://www.amazon.com/dp/B09N3M4BDJ,5.0,Best bread Bag,Love it! We just started making homemade bread and this works great! I’ve had the loaf in the bag for 3 days so far and it’s still moist and fresh!! Great product!,20260303,freshness_or_drying; moisture_or_mold; size_fit,https://www.amazon.com/gp/customer-reviews/R2R6E73HWGD7C2,False,,0
B09N3M4BDJ,B09N3M4BDJ,https://www.amazon.com/dp/B09N3M4BDJ,5.0,Keeps Bread Soft,"So far, these have kept my homemade sourdough bread very fresh, even a week later!",20260215,freshness_or_drying; size_fit,https://www.amazon.com/gp/customer-reviews/R6AGTH8WTJ3YB,False,,0
B09N3M4BDJ,B09N3M4BDJ,https://www.amazon.com/dp/B09N3M4BDJ,5.0,You won’t regret it!,Good quality.,20260215,,https://www.amazon.com/gp/customer-reviews/R3I01S8LBSD7D2,False,,0
B09N3M4BDJ,B09N3M4BDJ,https://www.amazon.com/dp/B09N3M4BDJ,5.0,Great bags,Love these bags for freezing my breads.,20260124,,https://www.amazon.com/gp/customer-reviews/R3Q0PL7R7A2LLB,True,,0
B09N3M4BDJ,B09N3M4BDJ,https://www.amazon.com/dp/B09N3M4BDJ,5.0,Best bread bags for homemade sourdough,"I’ve been using these bread bags daily for 18 months now and I still love them! Sturdy, easy to fold up, and keeps my homemade sourdough fresh and soft!",20251218,freshness_or_drying; size_fit,https://www.amazon.com/gp/customer-reviews/R2UBWAJ1PZ10JX,True,,1
B09N3M4BDJ,B09N3M4BDJ,https://www.amazon.com/dp/B09N3M4BDJ,5.0,5 star,"I love these bags! I make all my breads on Sunday. One Italian loaf gets put in the freezer in one of these bags. Take it out, defrost and it’s perfect! I was worried about freezer burn but I haven’t experienced any yet. The my sandwich bread goes in another and it keeps them fresh all week.",20251204,freshness_or_drying; size_fit,https://www.amazon.com/gp/customer-reviews/R14S88FVYK5QHI,True,,0
B09N3M4BDJ,B09N3M4BDJ,https://www.amazon.com/dp/B09N3M4BDJ,5.0,Cute and practical,These bags are great! They zip AND clasp. They’re a great size too and they’re very cute.,20251109,size_fit; durability,https://www.amazon.com/gp/customer-reviews/R4WQXV4A0R9M0,True,,0
B09N3M4BDJ,B09N3M4BDJ,https://www.amazon.com/dp/B09N3M4BDJ,4.0,no warm food,amazing but be careful of putting anything warm inside. it will cause condensation which may lead to mold.,20251025,moisture_or_mold,https://www.amazon.com/gp/customer-reviews/R38925X46WL2GX,False,,1
B09N3M4BDJ,B09N3M4BDJ,https://www.amazon.com/dp/B09N3M4BDJ,1.0,Do not keep baked goods fresh!!,They do NOT keep bread fresh for long at all. Sadly within three days it was moldy so not happy with them and too late to return unfortunately,20251004,freshness_or_drying; moisture_or_mold,https://www.amazon.com/gp/customer-reviews/RFFR1WEZYXBQP,True,[],0
B09N3M4BDJ,B09N3M4BDJ,https://www.amazon.com/dp/B09N3M4BDJ,5.0,Bread Saver That Works,My bread is lasting so much longer! I tested leaving one in fridge and one in pantry and it preserves the bread great both ways.,20250924,,https://www.amazon.com/gp/customer-reviews/R1BYNH3ZXYDC1Q,True,[],0
B09N3M4BDJ,B09N3M4BDJ,https://www.amazon.com/dp/B09N3M4BDJ,5.0,Works great,"Molds fast on the counter, but lasts a really long time in the fridge, with sourdough.",20250923,moisture_or_mold; size_fit,https://www.amazon.com/gp/customer-reviews/R3SU986RBZQ18W,True,[],0
B09N3M4BDJ,B09N3M4BDJ,https://www.amazon.com/dp/B09N3M4BDJ,2.0,Use a Zip-lock Bag Instead,Bread bags are actually lined with plastic.  Could have used a zip-lock bag instead—- much better value.,20250917,durability; value_or_quantity,https://www.amazon.com/gp/customer-reviews/R2IA1AHKAFUNAK,True,[],0
B09N3M4BDJ,B09N3M4BDJ,https://www.amazon.com/dp/B09N3M4BDJ,1.0,Don’t waste your money!,It doesn’t keep the bread so fresh so much that half the loaf got hard after several days. Big purchase mistake on my part despite some of the positive reviews.,20250829,freshness_or_drying; size_fit,https://www.amazon.com/gp/customer-reviews/R605US402UHKS,True,[],1
B09N3M4BDJ,B09N3M4BDJ,https://www.amazon.com/dp/B09N3M4BDJ,5.0,Ordering Another!,"Love these bags! They are double layered bags with a zipper and clip closure at the top. When I freeze my sourdough loaves I place each loaf in a clear plastic bag with a twist tie and then place two loaves in one of these bags and freeze.  This minimizes freezer burn, keeps these bags clean and crumb free and the thawed bread tastes as if it is fresh baked! They can seem a bit pricey but they are worth it and work great for me and my family!",20250825,freshness_or_drying; cleaning; size_fit; durability; value_or_quantity,https://www.amazon.com/gp/customer-reviews/R3PGPJIR2YL0TX,True,[],0
B09N3M4BDJ,B09N3M4BDJ,https://www.amazon.com/dp/B09N3M4BDJ,5.0,Outdid itself,"These bags were much bigger than I thought they were going to be, which is a plus. They‘re also not crinkly and the material and inside are fantastic. It also clips together so you can hang it. Very good buy.",20250819,,https://www.amazon.com/gp/customer-reviews/R93K1SVPHGK5W,True,[],0
B09N3M4BDJ,B09N3M4BDJ,https://www.amazon.com/dp/B09N3M4BDJ,5.0,Keeps bread soft,I really like these bags. They do a great job. Love it fir my sourdough.,20250813,size_fit,https://www.amazon.com/gp/customer-reviews/R1FXC2ORNPAB3U,True,[],0
B09N3M4BDJ,B09N3M4BDJ,https://www.amazon.com/dp/B09N3M4BDJ,5.0,Good product,"I’ve been using this for a little bit now, and it really does the job. My bread stays soft and fresh, and the zipper makes it quick and easy to open and close. I also love that I can just toss it in the washing machine when it needs cleaning. Simple, practical, and it works.",20250810,freshness_or_drying; cleaning; durability,https://www.amazon.com/gp/customer-reviews/R1A0HTZHVDOKOR,True,[],1
B09N3M4BDJ,B09N3M4BDJ,https://www.amazon.com/dp/B09N3M4BDJ,5.0,Bread bag,Kept bread frozen while traveling,20250809,,https://www.amazon.com/gp/customer-reviews/R2YADH0ZPAS0DK,True,[],0
B09N3M4BDJ,B09N3M4BDJ,https://www.amazon.com/dp/B09N3M4BDJ,3.0,Still growing mold,"I was hoping these bags would keep my sourdough bread fresh longer, but several times now, I‘ve opened a bag to find an explosion of mold- same as the case when I kept the bread in a food-grade plastic food container. Most likely the issue is that both trap moisture inside.",20250806,freshness_or_drying; moisture_or_mold; size_fit,https://www.amazon.com/gp/customer-reviews/R2LODWIMD8V3G8,True,[],0
B09N3M4BDJ,B09N3M4BDJ,https://www.amazon.com/dp/B09N3M4BDJ,4.0,Homemade bread can still get mold but good reusable bag,Home baked bread can still get mold insidr this beautiful and cost friendly bread bag. I did not expect my homemade bread to get mold. I will still use and recommend for storage and will put in refrigerator. We live in Texas and bag was set out on the table in about 77 temp central air.,20250805,moisture_or_mold; value_or_quantity,https://www.amazon.com/gp/customer-reviews/RLK82TU28XN8E,True,[],0
B09N3M4BDJ,B09N3M4BDJ,https://www.amazon.com/dp/B09N3M4BDJ,3.0,Falling apart,One of my bags is tearing by the zipper.,20250802,durability,https://www.amazon.com/gp/customer-reviews/R3SH0YEQCYP5YL,True,[],0
B09N3M4BDJ,B09N3M4BDJ,https://www.amazon.com/dp/B09N3M4BDJ,2.0,Didn’t work for me,Took my  bread out after 3 days and it was green and fuzzy. 😟,20250802,,https://www.amazon.com/gp/customer-reviews/R3GJSIVB01HGFE,True,[],0
B09N3M4BDJ,B09N3M4BDJ,https://www.amazon.com/dp/B09N3M4BDJ,2.0,Spoiled sourdough rapidly,Had so much hope for these bags. Loved them at first but my bread spoiled so quickly in it. Maybe if they had a window for some light and breathability they would be more practical. They went straight Into the trash,20250720,,https://www.amazon.com/gp/customer-reviews/R3R2NVQ4BHPHKJ,True,[],0
B09N3M4BDJ,B09N3M4BDJ,https://www.amazon.com/dp/B09N3M4BDJ,5.0,Works for all shapes and lengths of bread,I absolutely love these! They’re big enough for all shapes and sizes of bread. Obsessed.,20250716,size_fit,https://www.amazon.com/gp/customer-reviews/R1TUJZ55LAH29W,True,[],0
B09N3M4BDJ,B09N3M4BDJ,https://www.amazon.com/dp/B09N3M4BDJ,1.0,Creates Moldy Environment,"If I could give this a zero, I would. I‘ve made SD bread for a very long time. My process is consistent and the place I make it the same. I have also made the same bread loaf. It‘s always lasted a week in a standard plastic bag on the counter after cooling down 100%. This bad makes my bread mold in 5 days. And lot‘s of mold not just a little.",20250715,moisture_or_mold; size_fit,https://www.amazon.com/gp/customer-reviews/R33PKCM6Y5C5C3,True,[],0
B09N3M4BDJ,B09N3M4BDJ,https://www.amazon.com/dp/B09N3M4BDJ,5.0,A Must-Have,"Why did you pick this product vs others?:I can’t believe how amazing these bags are!  The two of us don’t eat a lot of bread, so end up freezing extra or wasting a lot. The bread stays so fresh, and not only not moldy, but stays soft, too!  Even sourdough. Crazy. Highly recommend.",20250705,freshness_or_drying; moisture_or_mold; size_fit,https://www.amazon.com/gp/customer-reviews/RJBKFY5AGDUQY,True,[],0
B09N3M4BDJ,B09N3M4BDJ,https://www.amazon.com/dp/B09N3M4BDJ,3.0,"Roomy and easy to close, but bread still gets moldy","I really wanted to like these bags. They are big and fit a loaf of round sourdough bread well! However, even with zipping and rolling up the bag, my bread got moldy within a few days. I like that you can wash them in the washing machine and that they have both a zip and roll closure, but I expected my bread to last a little longer in them.",20250628,moisture_or_mold; cleaning; size_fit; durability,https://www.amazon.com/gp/customer-reviews/R1GU1R6QHHM1ZY,True,[],1
B09N3M4BDJ,B09N3M4BDJ,https://www.amazon.com/dp/B09N3M4BDJ,5.0,Great reusable option,Was looking for bread storage that was reusable but kept the bread fresh. So far this has been perfect. I only hand wash but it has held up after many uses.,20250627,freshness_or_drying; cleaning,https://www.amazon.com/gp/customer-reviews/R29W8HMNSUEUVO,True,[],0
B09N3M4BDJ,B09N3M4BDJ,https://www.amazon.com/dp/B09N3M4BDJ,5.0,Worth it. Get them.,"These bags are worth every penny. I am in the process of buying even more. Unlike my friends, I do not BBQ. I bake. These are amazing to hold loaves and bagels. I have used these to hold all sorts of baked goods. The zippers are solid. Super easy to roll them tight and clip.I bake using all means, including a bread machine periodically. The bread machine makes taller loaves. The bags can easily fit these loaves without any trouble. I love to pre-cut my bread for my family. The bags do a great job holding the slices.",20250626,size_fit; durability,https://www.amazon.com/gp/customer-reviews/R29H0V0584FFN8,True,[],0
B09N3M4BDJ,B09N3M4BDJ,https://www.amazon.com/dp/B09N3M4BDJ,5.0,"Buy these, not ziplock bags, you‘ll save money","Why did you pick this product vs others?:These have been by far the best bread bags. Have you ever used. It keeps our bread from drying out, it seems like it lasts a decent amount of time. I was tired of spending money on disposable ziplock bags. I‘m very happy with this purchase and recommend it to anybody who does a lot of bread baking. I really like how you can zip it up. Roll it and snap it. You don‘t have to do this, but we like to. Heavy duty material. It seems to last a long time. I‘m very easy to clean.",20250625,freshness_or_drying; cleaning; durability,https://www.amazon.com/gp/customer-reviews/R2QHS66F8BGM5Z,True,[],0
B09N3M4BDJ,B09N3M4BDJ,https://www.amazon.com/dp/B09N3M4BDJ,1.0,My advice? Give these a pass!!,"Used these for 45 days as directed (15 days past the return window closed). Only with my homemade bread in a very dry climate, and yet the bread has started consistently molding within 5 days or less. After the first time, I sanitized the interior of the bags with a vinegar and alcohol solution and left them to dry inside out, which discolored the bags. My bread never molded in the plastic bags I used before, only dried out. It must be the bags. I can‘t risk moldy bread (and a moldy bag) every 5 days!My advice for other shoppers? Pass these by, as the return window is too short. By the time you realize the defects of the design, it will be too late to to start a return.",20250622,freshness_or_drying; moisture_or_mold,https://www.amazon.com/gp/customer-reviews/RG94QM2PHPFTX,True,[],1
B09N3M4BDJ,B09N3M4BDJ,https://www.amazon.com/dp/B09N3M4BDJ,3.0,Not breathable,"This bag actually made my sourdough boule go bad quicker than usual, I think it would work well for freezing bread and storing in cold weather.",20250617,size_fit,https://www.amazon.com/gp/customer-reviews/R28RNO0P4YDKM0,True,[],1
B09N3M4BDJ,B09N3M4BDJ,https://www.amazon.com/dp/B09N3M4BDJ,2.0,Fine for freezer. Not for counter,"These work well for storing bread in the freezer, but that’s about it. If you live in a moderately humid climate, I wouldn’t recommend using them for bread stored on the counter. Even when I wash and dry them thoroughly between uses, the bread still gets moldy within 3–4 days.",20250616,freshness_or_drying; moisture_or_mold; cleaning,https://www.amazon.com/gp/customer-reviews/R1SBH49TBHP7RL,True,[],0
B09N3M4BDJ,B09N3M4BDJ,https://www.amazon.com/dp/B09N3M4BDJ,5.0,Fresh,"Great bread bags, keeps bread fresh",20250610,freshness_or_drying,https://www.amazon.com/gp/customer-reviews/R1NNESO64WK6L4,True,[],1
B09N3M4BDJ,B09N3M4BDJ,https://www.amazon.com/dp/B09N3M4BDJ,5.0,Bread bags,The bags are amazing,20250607,,https://www.amazon.com/gp/customer-reviews/R1JT9MQVTHF97S,True,[],0
B09N3M4BDJ,B09N3M4BDJ,https://www.amazon.com/dp/B09N3M4BDJ,5.0,Bags are nicely made.,Nicely made.,20250528,,https://www.amazon.com/gp/customer-reviews/R1P7BUF6EJK18,True,[],0
B09N3M4BDJ,B09N3M4BDJ,https://www.amazon.com/dp/B09N3M4BDJ,5.0,Great for freezing bread,Freezing bread is the way to go. Pull two pieces out and pop them into the toaster. Instant sandwich meal!Bag works easily and provides protection from freezer burn.,20250520,,https://www.amazon.com/gp/customer-reviews/R2MNO22KXWATXJ,True,[],1
B09N3M4BDJ,B09N3M4BDJ,https://www.amazon.com/dp/B09N3M4BDJ,5.0,Perfect bread bag,"Pretty, easy to use, quality materials.  These bags have helped me keep my homemade bread fresher longer than any other bag I‘ve found.  The built in handle makes ease of closure and portability top tier.  Machine washable and made of recycled materials.",20250515,freshness_or_drying; cleaning,https://www.amazon.com/gp/customer-reviews/R39F5ZGKW4XUJ2,True,[],1
B09N3M4BDJ,B09N3M4BDJ,https://www.amazon.com/dp/B09N3M4BDJ,5.0,Perfect for my sourdough bread,Love these cute bread bags and they are washable!,20250511,cleaning,https://www.amazon.com/gp/customer-reviews/R28UB2GR2NPQZK,True,[],0
B09N3M4BDJ,B09N3M4BDJ,https://www.amazon.com/dp/B09N3M4BDJ,5.0,Very nice,"Gets the job done, bit pricey but my sourdough stays fresh for a long time",20250510,freshness_or_drying; size_fit; value_or_quantity,https://www.amazon.com/gp/customer-reviews/R2LXEY4QXQ7BP4,True,[],0
B09N3M4BDJ,B09N3M4BDJ,https://www.amazon.com/dp/B09N3M4BDJ,1.0,Bread turned moldy faster in this bag. So Bummed!,I would love for someone to tell me what we did wrong as this bag received all these 5 star reviews but our bread is turning moldy faster than if we kept it in the plastic bag it came in from the baker.We buy fresh baked bread every 1-2 weeks. I was excited to try these bags. It has been one month and all of the loaves of bread we put in here turn moldy faster than before we used the bag.We zipped up the bag and snapped the closure piece. We even tried to let air out of the bag before zippering closed.Bummer. We kept using the bag for a month with each new loaf to keep trying and now I can‘t return it because its passed the 30 day return window.  $25 in the trash bin with our moldy bread. 🥖☹️,20250506,freshness_or_drying; moisture_or_mold; size_fit; durability,https://www.amazon.com/gp/customer-reviews/R5E9LQZAIT5PX,True,[],0
B09N3M4BDJ,B09N3M4BDJ,https://www.amazon.com/dp/B09N3M4BDJ,5.0,Favorite bags for sourdough,"These bags are perfect for sourdough! They are easy to seal and keep the bread surprisingly fresh. I tried machine washing them, but ultimately decided hand washing was better due to lint from washing machine.",20250505,freshness_or_drying; cleaning; size_fit,https://www.amazon.com/gp/customer-reviews/R3QYOUOCD20HPD,True,[],0
B09N3M4BDJ,B09N3M4BDJ,https://www.amazon.com/dp/B09N3M4BDJ,5.0,Game changer!,"These are awesome for storing sourdough! Game changer, it actually softens in this bag.",20250504,size_fit,https://www.amazon.com/gp/customer-reviews/R15TI3W468JT8M,True,[],0
B09N3M4BDJ,B09N3M4BDJ,https://www.amazon.com/dp/B09N3M4BDJ,2.0,"Nice for bread storage, but they retain odors","These are great for storing bread and not going through rolls and rolls of foil. But they retain odor like you wouldn’t believe. I had a loaf go bad in the bag. After washing it twice (in the washing machine) and putting baking soda in it overnight, it still smells bad, and any new bread picks it up. So I will be looking at different alternatives for my bread storage.",20250503,smell_or_wax; cleaning; size_fit,https://www.amazon.com/gp/customer-reviews/RTWHYSEBWJ598,True,[],0
B09N3M4BDJ,B09N3M4BDJ,https://www.amazon.com/dp/B09N3M4BDJ,3.0,Good for freezing,I think these are great for storing loaves when freezing. I made homemade sourdough and after 4 days it turned moldy in these bags leaving it at room temperature. I’m not super thrilled as a loaf of sourdough takes a lot of work!,20250428,moisture_or_mold; size_fit,https://www.amazon.com/gp/customer-reviews/R1497BFCAG9FMX,True,[],3
B09N3M4BDJ,B09N3M4BDJ,https://www.amazon.com/dp/B09N3M4BDJ,5.0,Bread bags,Works great and keeps homemade bread fresh for a week,20250427,freshness_or_drying,https://www.amazon.com/gp/customer-reviews/RNQJTB3VVPASR,True,[],0
B09N3M4BDJ,B09N3M4BDJ,https://www.amazon.com/dp/B09N3M4BDJ,5.0,Works well,Bought these to keep homemade bread fresh and they work well. Fits a standard size sourdough loaf easily. Love that you can wash and reuse.,20250427,freshness_or_drying; cleaning; size_fit,https://www.amazon.com/gp/customer-reviews/R32SIN53K1U44V,True,[],0
B09N3M4BDJ,B09N3M4BDJ,https://www.amazon.com/dp/B09N3M4BDJ,5.0,Sourdough bakers dream!,"Love these reusable bags for my sourdough loaves! I have tried just about everything to keep my loaves fresh after baking. They fit a large loaf, no problem and my sourdough keeps fresh the longest in them! Loves that they are reusable!!",20250426,freshness_or_drying; size_fit,https://www.amazon.com/gp/customer-reviews/RECPUQWG3GF7H,True,[],1
B09N3M4BDJ,B09N3M4BDJ,https://www.amazon.com/dp/B09N3M4BDJ,5.0,Beautiful!!,These bags are PERFECT for boules!  I had a hard time fitting them in a ziplock and found myself having to cut up the bread to make it fit.  Then it would dry out and just looked and tasted sad and dry!  These bags are so easy to clean and keep my bread fresh!  The lining reminds me of our old cloth diaper bags from years ago :),20250425,freshness_or_drying; cleaning; size_fit; durability,https://www.amazon.com/gp/customer-reviews/R26T4BHGTZVGJD,True,[],1
B09N3M4BDJ,B09N3M4BDJ,https://www.amazon.com/dp/B09N3M4BDJ,5.0,Bread stays fresh much longer!,"I like many other people, have recently gotten into sourdough baking. However, being single means I’ve got a lot of leftover bread.  I didn’t really expect much out of these bags because everyone knows thathomemade bread goes stale very fast.  However, I’m extremely impressed, I have a loaf in it now that I’ve been eating off of for four days and it is still moist and fresh.  Highly recommend.",20250422,freshness_or_drying; moisture_or_mold; size_fit,https://www.amazon.com/gp/customer-reviews/R1QB41EONF16JS,True,[],2
B09N3M4BDJ,B09N3M4BDJ,https://www.amazon.com/dp/B09N3M4BDJ,5.0,Bread bag,Love it cool bread bag.,20250421,,https://www.amazon.com/gp/customer-reviews/R2KLIJH9I6X0AO,True,[],0
B09N3M4BDJ,B09N3M4BDJ,https://www.amazon.com/dp/B09N3M4BDJ,5.0,Great product idea!,The product received was just as pictured/described.,20250416,,https://www.amazon.com/gp/customer-reviews/RD7DUDJS8110C,False,,0
B09N3M4BDJ,B09N3M4BDJ,https://www.amazon.com/dp/B09N3M4BDJ,2.0,"Cute, but MOLD",Had to toss both of these bags. My bread was molding faster than ever.,20250415,moisture_or_mold,https://www.amazon.com/gp/customer-reviews/R1KI9C9T2X0ZH3,True,[],1
B09N3M4BDJ,B09N3M4BDJ,https://www.amazon.com/dp/B09N3M4BDJ,2.0,My bread molded in three days,Sadly my bread was moldy after a few days. I’m not sure if it is because I had buttered the top of the loaf or because I put it in the bag and then inside my wooden bread box. 🙁,20250412,moisture_or_mold; size_fit,https://www.amazon.com/gp/customer-reviews/R2J593W95BO92I,True,[],1
B09N3M4BDJ,B09N3M4BDJ,https://www.amazon.com/dp/B09N3M4BDJ,5.0,Easy to clean and use,Very handy for my homemade bread!! Especially when bringing for company,20250410,,https://www.amazon.com/gp/customer-reviews/R11BB4K5ZB4B9K,True,[],0
B09N3M4BDJ,B09N3M4BDJ,https://www.amazon.com/dp/B09N3M4BDJ,1.0,Not for us!,Would not purchase. New loaf of sourdough and it got moldy!!,20250407,moisture_or_mold; size_fit,https://www.amazon.com/gp/customer-reviews/R3KW0UC079YRP0,True,[],2
B09N3M4BDJ,B09N3M4BDJ,https://www.amazon.com/dp/B09N3M4BDJ,2.0,Just okay.,These are okay. The bread becomes moldy.,20250405,moisture_or_mold,https://www.amazon.com/gp/customer-reviews/R3PE6PRH2HPMH6,False,,1
B09N3M4BDJ,B09N3M4BDJ,https://www.amazon.com/dp/B09N3M4BDJ,5.0,Keeps bread fresh for over a week!,Great!  Keeps bread fresh for over a week.  Best thing I‘ve bought in a long time.  We keep one on the counter and the other in the freezer.,20250401,freshness_or_drying,https://www.amazon.com/gp/customer-reviews/R3NIMEXN8WTGKD,True,[],0
B09N3M4BDJ,B09N3M4BDJ,https://www.amazon.com/dp/B09N3M4BDJ,4.0,It’s plastic not fabric,It’s really plasticy. I thought it’d be more fabric from the description.,20250401,durability,https://www.amazon.com/gp/customer-reviews/R2AXAMUA37DCMI,True,[],1
B09N3M4BDJ,B09N3M4BDJ,https://www.amazon.com/dp/B09N3M4BDJ,1.0,Stay away!,Not beeswax lined! Plastic liner in the bag promotes mold growth and is no better than the plastic bag that bread from the grocery store comes in.  Complete wasted of money.,20250330,moisture_or_mold; smell_or_wax,https://www.amazon.com/gp/customer-reviews/R2I15UCMVD4RWR,True,[],2
B09N3M4BDJ,B09N3M4BDJ,https://www.amazon.com/dp/B09N3M4BDJ,5.0,Great addition,"Love these bags. I use them for both keeping fresh bread in and also freezing home made breads. Easy to access, easy to clean.",20250327,freshness_or_drying; cleaning,https://www.amazon.com/gp/customer-reviews/R1M7PP3F0YDE1N,True,[],0
B09N3M4BDJ,B09N3M4BDJ,https://www.amazon.com/dp/B09N3M4BDJ,5.0,Keeps the bread Fresh,I keep my bread in these every week and it stays fresh and not to damp over the week.,20250323,freshness_or_drying,https://www.amazon.com/gp/customer-reviews/R1DHG49H62KP3X,True,[],0
B09N3M4BDJ,B09N3M4BDJ,https://www.amazon.com/dp/B09N3M4BDJ,5.0,Wonderful!,"I bought 5 bread cookbooks because homemade bread is so delicious but I was worried about how to store the bread. I came across plastic bags but I don‘t want plastic or bags I have to throw away so when I found reusable bags, I had to buy them! They’re a great quality, hold so much and I love the design! Now all I have to worry about is getting the bread into the bag instead of my family eating all of it before I can store it! Highly recommend these reusable bags, they’re really neat!",20250323,,https://www.amazon.com/gp/customer-reviews/R3QHR5WIJ38EMH,True,[],0
B09N3M4BDJ,B09N3M4BDJ,https://www.amazon.com/dp/B09N3M4BDJ,5.0,Great quality and bread is great even days later!,I absolutely recommend these. I haven’t thrown away any of my sourdough bread since I bought them. Even the hubby was impressed. I plan to buy some more to pass onto my kids and other favorite people.,20250323,size_fit,https://www.amazon.com/gp/customer-reviews/R3AZ1VIV0PCNYA,True,[],0
B09N3M4BDJ,B09N3M4BDJ,https://www.amazon.com/dp/B09N3M4BDJ,3.0,Not what I expected,"I was under the impression that these bags would keep homemade bread from getting too moist. Actually, I think a tea towel over bread works better.",20250319,moisture_or_mold,https://www.amazon.com/gp/customer-reviews/R34OHAP51XU07R,True,[],0
B09N3M4BDJ,B09N3M4BDJ,https://www.amazon.com/dp/B09N3M4BDJ,5.0,Great product!,"I ordered these bags for homemade sourdough loaves well over a year ago and we are still using them. They are holding up very well, love that they are washable and reusable, and they keep the bread very fresh. We recommend them to everybody!",20250319,freshness_or_drying; cleaning; size_fit,https://www.amazon.com/gp/customer-reviews/RRBA01DIAE7NH,True,[],3
B09N3M4BDJ,B09N3M4BDJ,https://www.amazon.com/dp/B09N3M4BDJ,5.0,Loaf-ly Freshness: The Ultimate Bread Bag,"These bread bags are nothing short of amazing! They keep homemade bread as fresh as the day it was baked—no stale crumbs in sight. It’s like your bread gets its own personal spa treatment, staying soft and delicious no matter how long it hangs around. Perfect for anyone who believes that a good loaf deserves the very best in protection and style. Highly recommended for all your crusty creations!",20250318,freshness_or_drying; cleaning; size_fit,https://www.amazon.com/gp/customer-reviews/R1P4FTASGHK5U5,True,[],0
B09N3M4BDJ,B09N3M4BDJ,https://www.amazon.com/dp/B09N3M4BDJ,5.0,Absolutely recommend,"These are great!! I usually don‘t write reviews but I loved these bags. I started making bread and wasn’t sure how to store it. There’s a reason people used to make bread every day - it doesn’t last very long. I made a loaf, ate some, and then 6-7 days later I picked up the bag to toss it, knowing it would be rock hard. Nope, still soft, so I made toast.",20250317,freshness_or_drying; size_fit,https://www.amazon.com/gp/customer-reviews/RZH8RO69PXOGL,True,[],0
B09N3M4BDJ,B09N3M4BDJ,https://www.amazon.com/dp/B09N3M4BDJ,5.0,If you know a sourdough/ bread addict get this for them.,These are great. Wife is going through her sourdough phase so I’ve gained 20lbs. This has helped me from having to eat a loaf of bread every other day. Bread lasts 5 to 6 days easily. Washes clean easily. Would definitely recommend,20250316,cleaning; size_fit,https://www.amazon.com/gp/customer-reviews/RAXRS4QTEW77V,True,[],0
B09N3M4BDJ,B09N3M4BDJ,https://www.amazon.com/dp/B09N3M4BDJ,5.0,Great product.,I love these bags. They kept my sourdough baguettes really soft.,20250316,size_fit,https://www.amazon.com/gp/customer-reviews/R3L1K9IJLCHAM1,True,[],0
B09N3M4BDJ,B09N3M4BDJ,https://www.amazon.com/dp/B09N3M4BDJ,2.0,Bread didn’t last any longer,"I got these bags to store my homemade bread in. Unfortunately, the bread did not seem to last any longer than if I left it out on the counter. They are also very large, seem more like a bag you would take to the farmers market to fill with produce. I ended up returning them.",20250314,size_fit,https://www.amazon.com/gp/customer-reviews/R1SPF7AYQ1U6VY,True,[],0
B09N3M4BDJ,B09N3M4BDJ,https://www.amazon.com/dp/B09N3M4BDJ,5.0,Great Bags,Love these. They fit up to 3 loaves of my homemade bread. Fantastic for my baking days. They are so much better than using ziplock bags. They keep the frost off fairly well.,20250313,size_fit; durability,https://www.amazon.com/gp/customer-reviews/R2S3IBQA3ITYX2,True,[],0
B09N3M4BDJ,B09N3M4BDJ,https://www.amazon.com/dp/B09N3M4BDJ,3.0,Didn’t notice a difference,"The bags are very nice quality, they are great for when you are doing big batches of baking and using them for extra storage. I just didn’t see any improvement using them. Recommend if you want to use reusable bags but no difference on making the bread last longer.",20250310,,https://www.amazon.com/gp/customer-reviews/R3BSZ68UCGO4GT,True,[],0
B09N3M4BDJ,B09N3M4BDJ,https://www.amazon.com/dp/B09N3M4BDJ,5.0,Great for bread storage,Bread last longer when using these,20250306,,https://www.amazon.com/gp/customer-reviews/R3VB06KF70Z8LX,True,[],0
B09N3M4BDJ,B09N3M4BDJ,https://www.amazon.com/dp/B09N3M4BDJ,5.0,She loved it,Great gift,20250306,,https://www.amazon.com/gp/customer-reviews/R2FG77M17BQZWC,True,[],0
B09N3M4BDJ,B09N3M4BDJ,https://www.amazon.com/dp/B09N3M4BDJ,5.0,Cut down on plastic waste,I am very pleased with this purchase! Keeps my homemade bread fresh and allows me to cut down on the plastic waste . I plan on purchasing more in the future.,20250303,freshness_or_drying,https://www.amazon.com/gp/customer-reviews/RR73V7UVK9JCG,True,[],0
B09N3M4BDJ,B09N3M4BDJ,https://www.amazon.com/dp/B09N3M4BDJ,5.0,Great for Homemade Breads,These are great for storing my homemade sourdoughs on the countertop and in the freezer. The zipper makes it convenient even for my Autistic daughter who has difficulty closing bread bags properly. My sourdough and sandwich loaves stay fresh for several days. I will be purchasing more gifts to give to my sourdoughs.,20250303,freshness_or_drying; size_fit; durability,https://www.amazon.com/gp/customer-reviews/R2RTB7JLY9R4HS,True,[],0
B09N3M4BDJ,B09N3M4BDJ,https://www.amazon.com/dp/B09N3M4BDJ,4.0,Ok,They are ok,20250228,,https://www.amazon.com/gp/customer-reviews/R1PURAEAURX91R,True,[],0
B09N3M4BDJ,B09N3M4BDJ,https://www.amazon.com/dp/B09N3M4BDJ,1.0,try again,"did not help the bread from molding, nor freezer burn. only took 1 week.",20250223,moisture_or_mold,https://www.amazon.com/gp/customer-reviews/RFUDV8GJX12OZ,True,[],0
B09N3M4BDJ,B09N3M4BDJ,https://www.amazon.com/dp/B09N3M4BDJ,2.0,"Inside plastic, not very durable","I loved this bag while it was intact, but somehow it got ripped inside just from bread storage in the fridge..",20250212,durability,https://www.amazon.com/gp/customer-reviews/R2371QXQ19UVR5,True,[],1
B09N3M4BDJ,B09N3M4BDJ,https://www.amazon.com/dp/B09N3M4BDJ,5.0,Good,Use every week for homemade bread. Love print and easy to wash,20250210,cleaning,https://www.amazon.com/gp/customer-reviews/ROFFY9JZ7GXGY,True,[],0
B09N3M4BDJ,B09N3M4BDJ,https://www.amazon.com/dp/B09N3M4BDJ,5.0,You need these bags if you are baking your own bread,These bread bags are great. Since I’m baking my own bread I wanted a better way to store my bread. Cleaning is simple and easy. The inner lining can be flipped out and washed with soap and water. I have used them for a few months now and they are really holding up well. Even popped them into the freezer and no issues with that either.,20250209,cleaning,https://www.amazon.com/gp/customer-reviews/R2DOCTF624MY4Y,True,[],1
B09N3M4BDJ,B09N3M4BDJ,https://www.amazon.com/dp/B09N3M4BDJ,5.0,"Grin BY Grin Bread Bags, My One Year Review","Spoiler alert I love these bags!I do a fair amount of home sourdough bread baking.  It‘s just my wife and I as a rule so I normally bake two loaves every seven to ten days, but truthfully it just depends on how quickly we eat the bread. Sometimes, two loaves will last a couple of weeks. Anyway, I always bake two loaves at a time since it‘s a couple of days process. One is usually unbleached white flour or whole wheat, and the second loaf is usually a seeded Rye. To keep them fresh, for years I reused plastic Dave’s bread bags, but honestly my loaves are big enough to make that a challenge. The bags were barely large enough. So I began looking for something better.At first I tried muslin bags,which while they are great for transporting bread, they are useless for keeping it fresh. The muslin being extremely porous, the bread dries out and gets stale very quickly.Luckily I found the Grin By Grin bags. They come as a pair which is perfect  for my needs.  Also, being different  colors ivory and blue I can easily distinguish one loaf from the other. I have used these bags continuously for about 13 months and they are great!Pros:They are very well made and sturdy.  I haven’t had a single issue in that regard. Complaints I’ve read about weak seams or zippers are definitely not true for me.They breath, but are not extremely porous, so they keep my bread fresh without it getting stale or drying out.They are large. In a couple of my pictures you can see that I easily fit two loaves onto a single bag.  I don’t do that, but I wanted to show it’s possible.The zipper is really not necessary as it’s really the rolling and buckling the end of the bag that seals it. I say that because a few of the complaints I read regarded the zipper failing.They claim to be machine washable, but I have not found it necessary and I don’t think I’d risk it. It’s so easy to shake out the crumbs and I’ve even turned them inside out at least once and wet wiped them.I’ve not had my bread mold in them and I’ve kept bread in them for up to two weeks. That said, I don’t even bag my bread until it’s 24 hours old and I refrigerate my bread after I bag it. Occasionally, if I know it will be a while before we consume it, I will freeze it.  These bags are great for either. I have seen a few complaints of moisture build up in the bags and mold occurring. I have experienced neither. I believe my success is because I never bag my bread until the day after it’s been baked and after that, I store it in the refrigerator.Cons: None!",20250208,freshness_or_drying; moisture_or_mold; cleaning; size_fit; durability,https://www.amazon.com/gp/customer-reviews/RFNTWOWQIAVGF,True,[],0
B09N3M4BDJ,B09N3M4BDJ,https://www.amazon.com/dp/B09N3M4BDJ,5.0,Perfect for Storing Fresh Bread!,"These GRIN BY GRIN Reusable Bread Bags are a must-have for any baker! The 12x17-inch size is perfect for most loaves, and the double-lock feature keeps bread fresh and soft for days. I love the eco-friendly design made from recycled plastic bottles, and they’re easy to clean – just toss them in the washer! I highly recommend these bags for keeping bread fresh and reducing waste!",20250207,freshness_or_drying; cleaning; size_fit,https://www.amazon.com/gp/customer-reviews/R3A1KK5DCTS2PM,True,[],0
B09N3M4BDJ,B09N3M4BDJ,https://www.amazon.com/dp/B09N3M4BDJ,5.0,Bread bags,"Perfect for storing bread. I have used these in the freezer and they work well. It keeps the bread fresh for a few days. It’s supper easy to kip and fold. We have thrown these in the washer and they held up well, very well made! They smell fine!!",20250129,freshness_or_drying; smell_or_wax; cleaning,https://www.amazon.com/gp/customer-reviews/R1YAABPXU7I2DK,True,[],0
B09N3M4BDJ,B09N3M4BDJ,https://www.amazon.com/dp/B09N3M4BDJ,4.0,"Nice bags for bread, clips could be improved","These are very large sized and would hold a variety of types of bread easily. The zippers work well, the lining is nice, and they do improve the quality of my bread several days out.  Definitely an improvement over the storage methods I tried before I got the bags. My only criticism is that the clips aren‘t especially sturdy and could be improved.",20250128,size_fit; durability,https://www.amazon.com/gp/customer-reviews/R387G71JVUO7WX,True,[],0
B09N3M4BDJ,B09N3M4BDJ,https://www.amazon.com/dp/B09N3M4BDJ,2.0,Hard work wasted,"The cornbread and bread twirls molded in 2 days when stored in the bag.  I think it is the plastic lining that didn‘t allow for any air circulation.  The inside of the bag felt moist even though it was dry when I put the bread in the bag.  A third Artisan yeast bread didn‘t seem to mold.  These bags will be good to use for travel bags or take a bread gift to someone, but I wouldn‘t store bread in them.  Also, the beeswax lined bags are larger and accommodated my large single yeast loaf whereas it would not fit into these bags.",20250127,freshness_or_drying; moisture_or_mold; smell_or_wax; size_fit,https://www.amazon.com/gp/customer-reviews/R2SCZBM16USPNW,True,[],0
B09N3M4BDJ,B09N3M4BDJ,https://www.amazon.com/dp/B09N3M4BDJ,5.0,Doesn’t dry out quickly,The bread can last a couple days before it starts getting dry. Is a good starter size and doesn’t take up a lot of room.,20250127,freshness_or_drying; size_fit,https://www.amazon.com/gp/customer-reviews/RMT1Y8G6WHO6B,True,[],0
B09N3M4BDJ,B09N3M4BDJ,https://www.amazon.com/dp/B09N3M4BDJ,5.0,Bread bags nice,Bought for daughter she loves to bake and this is what she asked for,20250123,,https://www.amazon.com/gp/customer-reviews/R3DIKOV0NAQ9F4,True,[],0
B09N3M4BDJ,B09N3M4BDJ,https://www.amazon.com/dp/B09N3M4BDJ,5.0,Solid purchase,"These are well made and a great value for the money, surprisingly large, I was nervous they would be too small as they were a gift for someone who usually makes round loaves but they are large enough to fit them easily.",20250122,size_fit; value_or_quantity,https://www.amazon.com/gp/customer-reviews/RMX33S4GB1XPO,True,[],0
B09N3M4BDJ,B09N3M4BDJ,https://www.amazon.com/dp/B09N3M4BDJ,5.0,LOVE,I love these. Love that it came in a pack of two and that I can freeze my loaves of bread in them. It‘s super easy to compress and get all the air out and I really like that it clips together and has a zipper. Extra assurance that your bread will stay fresh.,20250115,freshness_or_drying; durability; value_or_quantity,https://www.amazon.com/gp/customer-reviews/RSUA8TG1T4DNN,True,[],0
B09N3M4BDJ,B09N3M4BDJ,https://www.amazon.com/dp/B09N3M4BDJ,1.0,Why plastic?,I dislike the fact that this bag is made of plastic!!Everyone knows now the adverse effect that plastic has on the human body.  It affects people in a negative way. Not healthy at all. I will not use these!,20250109,,https://www.amazon.com/gp/customer-reviews/RUSL1SRHVRHGV,False,,0
B09N3M4BDJ,B09N3M4BDJ,https://www.amazon.com/dp/B09N3M4BDJ,1.0,Too much moisture,"I thought I was going to love this bag for keeping the air out of our bread. However, I just went to get a loaf out of it that I made 2 days ago and it was so moist that the top of the crust stuck in the bag. I‘m glad I realized it before it started molding!",20250109,freshness_or_drying; moisture_or_mold; size_fit,https://www.amazon.com/gp/customer-reviews/R132BXZAA2RNWJ,True,[],0
B09N3M4BDJ,B09N3M4BDJ,https://www.amazon.com/dp/B09N3M4BDJ,1.0,Bug from within,Upon opening the shipping box there was little bugs that came out from the box and between the bags,20250108,,https://www.amazon.com/gp/customer-reviews/R3M1VFEL3YED91,True,[],0
B00GK3QTCE,B0GF9R6MZY,https://www.amazon.com/dp/B0GF9R6MZY,5.0,Works great,Excellent for bread storage. Best product I’ve come across to make sure your crust stays crispy.,20260510,freshness_or_drying,https://www.amazon.com/gp/customer-reviews/RPNLRTUXCTOVR,False,"[{""name"":""Color"",""detail"":""Meadow Magic (Beeswax)""}]",0
B00GK3QTCE,B0F3QFGWMM,https://www.amazon.com/dp/B0F3QFGWMM,5.0,The best product you can purchase.,This is the best product I’ve purchased in a while. My bread stays fresh and soft. Easy to use as well.,20260429,freshness_or_drying,https://www.amazon.com/gp/customer-reviews/R1IE73JMSF8Q6V,False,"[{""name"":""Color"",""detail"":""Ocean""}]",0
B00GK3QTCE,B00GK3QTCE,https://www.amazon.com/dp/B00GK3QTCE,5.0,Awesome wrapper,Works great! Keeps my sourdough bread fresh and crispy on the outside.,20260428,freshness_or_drying; size_fit,https://www.amazon.com/gp/customer-reviews/R3CGOJR10I70W2,False,"[{""name"":""Color"",""detail"":""Honeycomb""}]",0
B00GK3QTCE,B0GTL8YDT2,https://www.amazon.com/dp/B0GTL8YDT2,5.0,5 stars,"Works fantastically, no odor, fits my favorite Italian round loaf, keeps it good for days without refrigeration, and looks so cute on my countertop. Love it.",20260417,smell_or_wax; size_fit,https://www.amazon.com/gp/customer-reviews/R8GXHYD4TBSEF,False,"[{""name"":""Color"",""detail"":""Fresh Squeeze""}]",0
B00GK3QTCE,B0GF9R6MZY,https://www.amazon.com/dp/B0GF9R6MZY,5.0,Keeps Bread so soft!!,The bread stays soft and moist for so much longer while still maintaining the crunch on the crust!,20260415,freshness_or_drying; moisture_or_mold,https://www.amazon.com/gp/customer-reviews/R2AHNG5TO4CS7Q,False,,0
B00GK3QTCE,B0F3QFGWMM,https://www.amazon.com/dp/B0F3QFGWMM,5.0,Just what I needed!,Love this wrap! Works great for my sourdough loaves,20260411,size_fit,https://www.amazon.com/gp/customer-reviews/R2S95PU51SQTGA,False,"[{""name"":""Color"",""detail"":""Ocean""}]",0
B00GK3QTCE,B00GK3QTCE,https://www.amazon.com/dp/B00GK3QTCE,5.0,Great product!!,"Great product! Keeps sandwiches fresh and neat, reheats leftovers beautifully, and cleans up easily! No messy, wasteful plastic wrap. A good value for the money.",20260317,freshness_or_drying; cleaning; value_or_quantity,https://www.amazon.com/gp/customer-reviews/R2SIWC7LVFHHB0,False,"[{""name"":""Color"",""detail"":""Honeycomb""}]",0
B00GK3QTCE,B00GK3QTCE,https://www.amazon.com/dp/B00GK3QTCE,5.0,Practical and efficient,Love it! So easy to use and I feel better using less plastic! Perfect for keeping big loaves of bread.,20260312,,https://www.amazon.com/gp/customer-reviews/R2XTUK5E1W6BSV,False,"[{""name"":""Color"",""detail"":""Honeycomb""}]",0
B00GK3QTCE,B0FK16H33Y,https://www.amazon.com/dp/B0FK16H33Y,5.0,Fantastic. Kept bread fresh on the counter much longer than expected.,"I was a bit skeptical, but I‘m a convert. I ordered a second for myself and another for a friend. I like whole Italian loaves from Costco, but they will either go stale or moldy on the kitchen counter no matter what I store them in. I’ve taken to freezing half a loaf, but even then its disappointing. Until now. The beeswax wrap kept the loaf in good condition until the end. A loaf of sourdough also lasted longer and stayed fresher than anything else by far. It’s not magic though. There are limits, but those limits are far longer than any other way I’ve used to keep bread fresh. The wrap is easy to use, easy to clean. Recommended.",20260305,freshness_or_drying; moisture_or_mold; smell_or_wax; cleaning; size_fit,https://www.amazon.com/gp/customer-reviews/R1MVFNRF08DZNR,False,"[{""name"":""Color"",""detail"":""Bakery Lane""}]",0
B00GK3QTCE,B00GK3QTCE,https://www.amazon.com/dp/B00GK3QTCE,4.0,Ample size,Works ok for bread but smells awful.,20260226,smell_or_wax,https://www.amazon.com/gp/customer-reviews/R1CXF90AHKI5M0,False,"[{""name"":""Color"",""detail"":""Honeycomb""}]",0
B00GK3QTCE,B00GK3QTCE,https://www.amazon.com/dp/B00GK3QTCE,5.0,It‘s Pretty Darn Amazing!!,"So I‘m very impressed with this Beeswax Wrap for bread. I tried it for the first time on a loaf of Mancini’s Italian bread and it’s still fresh with no signs of mold after 6 days!!! This is a first for sure. It will be interesting to see what happens in the summer, but I’m still very happy that I bought this. I’m planning on making more homemade bread and I’m hoping it will work as well for that.",20260225,freshness_or_drying; moisture_or_mold; smell_or_wax; size_fit,https://www.amazon.com/gp/customer-reviews/R1PH7EL4CUNPOX,False,"[{""name"":""Color"",""detail"":""Honeycomb""}]",0
B00GK3QTCE,B00GK3QTCE,https://www.amazon.com/dp/B00GK3QTCE,5.0,Amazing!,I wish I had known about this bread wrap sooner. It’s an amazing product. It keeps my homemade bread fresh and soft while wrapped in this amazing bread wrap. Thank goodness I no longer use those Foodsaver plastic vacuum bags. I also love that this product is made in America! I definitely need to buy more! Highly recommended!,20260216,freshness_or_drying,https://www.amazon.com/gp/customer-reviews/R2D99R41BU0V8D,False,"[{""name"":""Color"",""detail"":""Honeycomb""}]",0
B00GK3QTCE,B00GK3QTCE,https://www.amazon.com/dp/B00GK3QTCE,5.0,Great product,We use this every week to wrap bread purchased from a local bakery. It’s so much better than using a plastic bag or plastic wrap. Keeps bread fresh. Big enough for a large loaf of bread. Easy to clean.,20260209,freshness_or_drying; cleaning; size_fit,https://www.amazon.com/gp/customer-reviews/RUPFWFBH9YEPI,False,"[{""name"":""Color"",""detail"":""Honeycomb""}]",0
B00GK3QTCE,B00GK3QTCE,https://www.amazon.com/dp/B00GK3QTCE,5.0,Great for wrapping bread,I got this to wrap up fresh bread. Worked amazing!! Stayed sealed shut. And the bread didnt get stales.,20260116,freshness_or_drying,https://www.amazon.com/gp/customer-reviews/RU2U9VQIULXV7,True,"[{""name"":""Color"",""detail"":""Honeycomb""}]",0
B00GK3QTCE,B00GK3QTCE,https://www.amazon.com/dp/B00GK3QTCE,5.0,Highly recommended for home bread makers!,"This product is amazing! I highly recommend it for anyone who is interested in storing homemade bread and keeping it fresh!
Durability: This product lasted me almost exactly 12 months before starting to go bad - definitely exceeded my expectations! It reduced our plastic waste significantly while providing us better performance than plastic storage.

Performance: This keeps bread fresh for about 1 week when wrapped properly! It’s very easy to use and keeps moisture in and air out! We absolutely love this product!",20260114,freshness_or_drying; moisture_or_mold,https://www.amazon.com/gp/customer-reviews/R3KF0LYSJY8O7P,True,"[{""name"":""Color"",""detail"":""Honeycomb""}]",9
B00GK3QTCE,B00GK3QTCE,https://www.amazon.com/dp/B00GK3QTCE,5.0,Earth friendly wrap that works perfectly,First time using bees wax wrap and I’m sold! I bought the large size and ended up cutting it smaller. Used it to wrap a block of cheese and it has kept it fresh and the wrap continues to stick to itself. Nice thick durable material that’ll last thru many uses. Very convenient and I don’t use plastic wrap anymore.,20260109,freshness_or_drying; smell_or_wax; size_fit; durability,https://www.amazon.com/gp/customer-reviews/R31NTMNHIUNDMG,True,"[{""name"":""Color"",""detail"":""Honeycomb""}]",1
B00GK3QTCE,B0FK16H33Y,https://www.amazon.com/dp/B0FK16H33Y,5.0,Must-have for home bakers!,"I got a bread maker for Christmas and I’ve been making bread almost every day since. I was very worried about freshness and keeping mold away because I live in a humid tropical climate. Store bought bread starts getting moldy within 3 days in their plastic if they’re sitting on the counter. Well, these wraps work! I really want my family to greatly reduce ultraprocessed foods and the plastic wraps they come in, and these wraps keep the bread mold-free AND soft like the day it was baked. The wraps are super easy to use, smell really nice, easy to clean with just a rinse (we use these only for homemade bread), and plenty large enough to fit a whole 2lb loaf. A few tips:
1. Let your bread cool COMPLETELY after baking. I usually wait over an hour, til the crust is COOL - not warm - COOL to the touch.
2. I slice up the bread and let them sit flat on a cooling rack to let any residual heat/moisture escape. Not sure how long, I usually go off and do something and then come back to it maybe 20-30 minutes later.
3. Stand the bread slices upright and make sure they fit back together right before wrapping. This keeps the crumb as moist as it needs to be while wrapped.
4. I wrap both ends, but unwrap only one end every time I need a slice just to make it easier to rewrap. I also grab slices from the middle and save the ends for last.
5. I keep them in a closed pantry in the kitchen, away from any heat sources or moisture. Definitely don’t keep it out on the counter next to the stove/air fryer/toaster/dishawasher/etc.

So far, my French bread has lasted 3 days, and my wheat/milk breads have lasted 4 days. The only reason I can’t vouch for longer than that is because my family eats it up by them. Although, based on the freshness up to the very last slice, I’m sure the bread is capable of lasting at least a couple more days beyond that. I will recommend these to everyone I know who bakes at home and will likely buy a few more for myself as I get more comfortable baking.",20260105,freshness_or_drying; moisture_or_mold; smell_or_wax; cleaning; size_fit,https://www.amazon.com/gp/customer-reviews/R3EWYLHWHVE6X3,True,"[{""name"":""Color"",""detail"":""Bakery Lane""}]",4
B00GK3QTCE,B00GK3QTCE,https://www.amazon.com/dp/B00GK3QTCE,5.0,Must-have for home bakers!,"I got a bread maker for Christmas and I’ve been making bread almost every day since. I was very worried about freshness and keeping mold away because I live in a humid tropical climate. Store bought bread starts getting moldy within 3 days in their plastic if they’re sitting on the counter. Well, these wraps work! I really want my family to greatly reduce ultraprocessed foods and the plastic wraps they come in, and these wraps keep the bread mold-free AND soft like the day it was baked. The wraps are super easy to use, smell really nice, easy to clean with just a rinse (we use these only for homemade bread), and plenty large enough to fit a whole 2lb loaf. A few tips:
1. Let your bread cool COMPLETELY after baking. I usually wait over an hour, til the crust is COOL - not warm - COOL to the touch.
2. I slice up the bread and let them sit flat on a cooling rack to let any residual heat/moisture escape. Not sure how long, I usually go off and do something and then come back to it maybe 20-30 minutes later.
3. Stand the bread slices upright and make sure they fit back together right before wrapping. This keeps the crumb as moist as it needs to be while wrapped.
4. I wrap both ends, but unwrap only one end every time I need a slice just to make it easier to rewrap. I also grab slices from the middle and save the ends for last.
5. I keep them in a closed pantry in the kitchen, away from any heat sources or moisture. Definitely don’t keep it out on the counter next to the stove/air fryer/toaster/dishawasher/etc.

So far, my French bread has lasted 3 days, and my wheat/milk breads have lasted 4 days. The only reason I can’t vouch for longer than that is because my family eats it up by them. Although, based on the freshness up to the very last slice, I’m sure the bread is capable of lasting at least a couple more days beyond that. I will recommend these to everyone I know who bakes at home and will likely buy a few more for myself as I get more comfortable baking.",20260105,freshness_or_drying; moisture_or_mold; smell_or_wax; cleaning; size_fit,https://www.amazon.com/gp/customer-reviews/R3EWYLHWHVE6X3,False,"[{""name"":""Color"",""detail"":""Bakery Lane""}]",12
B00GK3QTCE,B00GK3QTCE,https://www.amazon.com/dp/B00GK3QTCE,5.0,Surprisingly useful (and cute)!,"Total game changer for storing sourdough loaves! I’ve never found anything that keeps bread this moist and fresh for so long. These beeswax wraps work far better for me than cling wrap or plastic wrap ever did. I love that they’re eco-friendly and so easy to use - just warm them with your hands and shape them around almost anything. The design is also beautiful; I’m especially glad they offer the cute blue bear pattern, which feels perfectly at home in our Denver kitchen. I’ll probably cut out a little piece to cover my avocados, since I never make huge loaves - the bread wrap is generously sized!",20260103,freshness_or_drying; moisture_or_mold; smell_or_wax; size_fit,https://www.amazon.com/gp/customer-reviews/R28M44G066N76Q,False,"[{""name"":""Color"",""detail"":""Bees &amp; Bears""}]",7
B00GK3QTCE,B00GK3QTCE,https://www.amazon.com/dp/B00GK3QTCE,4.0,Great for fresh bread,"Very pleased with this wrap. I was looking for a way to wrap my fresh bread, that could be reused. It adheres well and seems to be keeping my bread fresh.",20251125,freshness_or_drying,https://www.amazon.com/gp/customer-reviews/R1FB8IQPT6HFIS,True,"[{""name"":""Color"",""detail"":""Honeycomb""}]",6
B00GK3QTCE,B0F3PXCKT3,https://www.amazon.com/dp/B0F3PXCKT3,5.0,The Beeeest🐝,Superb product and great for wrapping bread!,20251019,,https://www.amazon.com/gp/customer-reviews/R3FZZMT85CURTL,True,"[{""name"":""Color"",""detail"":""Bees & Bears""}]",0
B00GK3QTCE,B00GK3QTCE,https://www.amazon.com/dp/B00GK3QTCE,5.0,Endless uses.,Keep food fresh!,20251017,freshness_or_drying,https://www.amazon.com/gp/customer-reviews/RW3W4S99MPTQ5,True,"[{""name"":""Color"",""detail"":""Honeycomb""}]",0
B00GK3QTCE,B0F3Q2X5RD,https://www.amazon.com/dp/B0F3Q2X5RD,5.0,Great Quality and Easy to use,"Bought these after watching a video on baking sour dough bread.  The person was right, these are great quality wraps.  Easy to use and re-use.",20251016,,https://www.amazon.com/gp/customer-reviews/RLSYOHLLL3LWO,True,"[{""name"":""Color"",""detail"":""Botanical""}]",0
B00GK3QTCE,B00GK3QTCE,https://www.amazon.com/dp/B00GK3QTCE,5.0,Keeps your homemade bread fresher longer!,"I bout the single, large wrap and it holds my big loafs of homemade sourdough bread perfectly!It keeps much longer than using a lined linen bag or a plastic bread bag. I highly recommend this to keep your bread fresh for a week or more!",20250928,freshness_or_drying; size_fit,https://www.amazon.com/gp/customer-reviews/R69XPP9L8V4TP,True,"[{""name"":""Color"",""detail"":""Honeycomb""}]",0
B00GK3QTCE,B0FK16H33Y,https://www.amazon.com/dp/B0FK16H33Y,5.0,Beeswax bread wrapper,Amazing product,20250927,,https://www.amazon.com/gp/customer-reviews/R2V4AWMPA90WJC,True,[],0
B00GK3QTCE,B0FK16H33Y,https://www.amazon.com/dp/B0FK16H33Y,5.0,This XL one perfectly sized,Perfect size for a Boule or loaf bread.,20250925,size_fit,https://www.amazon.com/gp/customer-reviews/RGM01YMGGFQ6I,True,[],0
B00GK3QTCE,B0F3PXCKT3,https://www.amazon.com/dp/B0F3PXCKT3,5.0,LOVE this!!,Love this wrap! Keeps things fresh and love that it‘s reusable.,20250923,freshness_or_drying,https://www.amazon.com/gp/customer-reviews/R1Y7FTLY08GYLS,True,"[{""name"":""Color"",""detail"":""Bees & Bears""}]",0
B00GK3QTCE,B0FK16H33Y,https://www.amazon.com/dp/B0FK16H33Y,5.0,Sticky n Sweet,This is a great wrap. It holds so firm and keeps in moisture. Highly recommend for wrapping up fresh bread.,20250922,freshness_or_drying; moisture_or_mold,https://www.amazon.com/gp/customer-reviews/RFQNVWKPPEQPP,True,[],0
B00GK3QTCE,B0F3PXCKT3,https://www.amazon.com/dp/B0F3PXCKT3,5.0,Great Product,Great product,20250920,,https://www.amazon.com/gp/customer-reviews/R1IS9JG03DWHNS,True,"[{""name"":""Color"",""detail"":""Bees & Bears""}]",0
B00GK3QTCE,B00GK3QTCE,https://www.amazon.com/dp/B00GK3QTCE,5.0,Love this product,Great product,20250920,,https://www.amazon.com/gp/customer-reviews/R8TD3Z1PIMWN3,True,"[{""name"":""Color"",""detail"":""Honeycomb""}]",0
B00GK3QTCE,B0FK16H33Y,https://www.amazon.com/dp/B0FK16H33Y,5.0,Works well for a regular oblong or round loaf of sourdough.,"I have used these products off and on for a few years, and the bread wraps didn‘t disappoint. (Hint: wrap bread upside down so the flaps are tucked under the bread.)",20250918,,https://www.amazon.com/gp/customer-reviews/RUXT10YVF6ZMP,True,[],0
B00GK3QTCE,B0FK16H33Y,https://www.amazon.com/dp/B0FK16H33Y,5.0,Best planet-saving item in my kitchen,"I LOVE not having to use plastic to wrap my homemade bread in! This wrap works like a charm to keep the bread fresh, and plus, it’s cute. I’ll need to get more of these over time.",20250917,freshness_or_drying,https://www.amazon.com/gp/customer-reviews/R1E9NM2R7T4KI9,True,[],0
B00GK3QTCE,B0FK16H33Y,https://www.amazon.com/dp/B0FK16H33Y,5.0,"Eco friendly, reusable.",This size beeswax paper is the perfect size for wrapping my sourdough bread in. It can be rinsed off to use multiple times. Love how it sticks to its self for tight sealing.,20250917,smell_or_wax; size_fit,https://www.amazon.com/gp/customer-reviews/RY7JKI7EB138P,True,[],0
B00GK3QTCE,B00GK3QTCE,https://www.amazon.com/dp/B00GK3QTCE,5.0,Fresh,Keeps bread fresh and soft,20250915,freshness_or_drying,https://www.amazon.com/gp/customer-reviews/RXICSP37TSZGT,True,"[{""name"":""Color"",""detail"":""Honeycomb""}]",0
B00GK3QTCE,B0F3QFGWMM,https://www.amazon.com/dp/B0F3QFGWMM,5.0,Cute design quality product,Strong and cute design,20250915,,https://www.amazon.com/gp/customer-reviews/R3AU0GGNGQHBWT,True,"[{""name"":""Color"",""detail"":""Ocean""}]",0
B00GK3QTCE,B0FK16H33Y,https://www.amazon.com/dp/B0FK16H33Y,5.0,Durable but very pliable,Love this concept which is I believe just an old one resurrected - it wraps so easily and really keeps the air out - easy to use and easy to clean - definitely worth buying!,20250913,cleaning,https://www.amazon.com/gp/customer-reviews/R1217O823FNBRU,True,[],0
B00GK3QTCE,B00GK3QTCE,https://www.amazon.com/dp/B00GK3QTCE,5.0,Works as advertised,Keeps the bread fresh,20250913,freshness_or_drying,https://www.amazon.com/gp/customer-reviews/R8VQZ4XU4EVLF,True,"[{""name"":""Color"",""detail"":""Honeycomb""}]",0
B00GK3QTCE,B0F3QFGWMM,https://www.amazon.com/dp/B0F3QFGWMM,5.0,Great product to reduce plastic waste and is reusable.,"I love these bees wax papers for all kinds of items. Bread, cheese, I even cover my bowls in the fridge with it. I reuse them for years. I think this might be my third set in about 12 years. So they last.",20250909,smell_or_wax; value_or_quantity,https://www.amazon.com/gp/customer-reviews/R3TAS56XPV4HCH,True,"[{""name"":""Color"",""detail"":""Ocean""}]",0
B00GK3QTCE,B00GK3QTCE,https://www.amazon.com/dp/B00GK3QTCE,5.0,Usefull!,I like itKeris bread fresh,20250906,freshness_or_drying,https://www.amazon.com/gp/customer-reviews/RQZVTWAWKTDPH,True,"[{""name"":""Color"",""detail"":""Honeycomb""}]",0
B00GK3QTCE,B00GK3QTCE,https://www.amazon.com/dp/B00GK3QTCE,1.0,Not worth it as a sourdough enthusiast,I was super hopeful this was going to be a better alternative to the plastic bread bags I was using. Unfortunately it was not. It’s not too hard to work with to get my loaf wrapped up but after 2 days my loaf was already showing signs of not getting a full seal. I had kept one loaf in the plastic and one in the wax wrap. I don’t love the idea of using plastic but it was superior for keeping my loaf fresher longer.,20250906,freshness_or_drying; smell_or_wax; size_fit,https://www.amazon.com/gp/customer-reviews/R28WEHY8TRTQFI,True,"[{""name"":""Color"",""detail"":""Honeycomb""}]",0
B00GK3QTCE,B00GK3QTCE,https://www.amazon.com/dp/B00GK3QTCE,5.0,Highly recommend,Great for bread and romaine lettuce. Sticks well. Easy to clean. Better for the environment. No more plastic bags.,20250821,cleaning,https://www.amazon.com/gp/customer-reviews/RFKWIFB7OCNOJ,True,"[{""name"":""Color"",""detail"":""Honeycomb""}]",0
B00GK3QTCE,B00GK3QTCE,https://www.amazon.com/dp/B00GK3QTCE,5.0,Good for the Environment.,Love these beeswax wraps. They do their job while helping to save the environment.,20250815,smell_or_wax,https://www.amazon.com/gp/customer-reviews/R13MWG1VL5FEU1,True,"[{""name"":""Color"",""detail"":""Honeycomb""}]",0
B00GK3QTCE,B00GK3QTCE,https://www.amazon.com/dp/B00GK3QTCE,5.0,Storage wrap,Works well for storing fresh sourdough loaves.,20250814,freshness_or_drying; size_fit,https://www.amazon.com/gp/customer-reviews/R8X1CWWIUHE0J,True,"[{""name"":""Color"",""detail"":""Honeycomb""}]",0
B00GK3QTCE,B00GK3QTCE,https://www.amazon.com/dp/B00GK3QTCE,4.0,Works well,"Works well, needs bigger pieces.",20250813,,https://www.amazon.com/gp/customer-reviews/R377ZIK1OLH6I2,True,"[{""name"":""Color"",""detail"":""Honeycomb""}]",0
B00GK3QTCE,B00GK3QTCE,https://www.amazon.com/dp/B00GK3QTCE,5.0,Beeswax large enough for bread loaves,Keeps baguettes and other breads fresh for days. Also great to cover the bowl while homemade breads are rising.,20250812,freshness_or_drying; size_fit,https://www.amazon.com/gp/customer-reviews/R1NHTBZSJ5N2BJ,True,"[{""name"":""Color"",""detail"":""Honeycomb""}]",0
B00GK3QTCE,B0F3PXCKT3,https://www.amazon.com/dp/B0F3PXCKT3,5.0,Great for keeping home baked bread.,"This a great for fresh bread. I like to bake and usually make 1-2 loaves each weekend. For whatever reason the bread stays fresh longer without mold. Using plastic bags meant moldy bread by Wed/Thurs. Using this wrap I’ve had loaves last >1 week. Also, easy to clean with a sponge, soap, and water.",20250804,freshness_or_drying; moisture_or_mold; cleaning,https://www.amazon.com/gp/customer-reviews/R1VTMKO3QP005T,True,[],0
B00GK3QTCE,B00GK3QTCE,https://www.amazon.com/dp/B00GK3QTCE,5.0,Great for keeping home baked bread.,"This a great for fresh bread. I like to bake and usually make 1-2 loaves each weekend. For whatever reason the bread stays fresh longer without mold. Using plastic bags meant moldy bread by Wed/Thurs. Using this wrap I’ve had loaves last >1 week. Also, easy to clean with a sponge, soap, and water.",20250804,freshness_or_drying; moisture_or_mold; cleaning,https://www.amazon.com/gp/customer-reviews/R1VTMKO3QP005T,True,[],0
B00GK3QTCE,B00GK3QTCE,https://www.amazon.com/dp/B00GK3QTCE,5.0,Love this!,Love this! Reusable. Molds to whatever your covering. I used it for my homemade bread and I’ve also used it on fruit. I have since bought 2 more!,20250724,moisture_or_mold,https://www.amazon.com/gp/customer-reviews/R1ZT1O4H9XPM4A,True,"[{""name"":""Color"",""detail"":""Honeycomb""}]",0
B00GK3QTCE,B00GK3QTCE,https://www.amazon.com/dp/B00GK3QTCE,5.0,It works,Keeps bread fresh,20250721,freshness_or_drying,https://www.amazon.com/gp/customer-reviews/RP909R8BV5A5O,True,"[{""name"":""Color"",""detail"":""Honeycomb""}]",0
B00GK3QTCE,B00GK3QTCE,https://www.amazon.com/dp/B00GK3QTCE,5.0,Quality product,Quality product,20250721,,https://www.amazon.com/gp/customer-reviews/R3DEC2I6NL5VB0,True,"[{""name"":""Color"",""detail"":""Honeycomb""}]",0
B00GK3QTCE,B00GK3QTCE,https://www.amazon.com/dp/B00GK3QTCE,1.0,Missy,Do not like  Is not up to my expectations,20250721,,https://www.amazon.com/gp/customer-reviews/R2E0YSDEHODX2Z,True,"[{""name"":""Color"",""detail"":""Honeycomb""}]",0
B00GK3QTCE,B00GK3QTCE,https://www.amazon.com/dp/B00GK3QTCE,5.0,Works great,Works great for keeping sourdough loaves (whole or cut up) fresh for several days!,20250720,freshness_or_drying; size_fit,https://www.amazon.com/gp/customer-reviews/R3T3MFWMKCI4MF,False,"[{""name"":""Color"",""detail"":""Honeycomb""}]",0
B00GK3QTCE,B0F3PXCKT3,https://www.amazon.com/dp/B0F3PXCKT3,5.0,Keeps food fresh and they are reusable.,"These wraps are amazing for lots of food.  We use for our homemade sourdough bread.  We love them, also a great gift to give.",20250714,size_fit,https://www.amazon.com/gp/customer-reviews/R3JFVEAK1NANL,True,"[{""name"":""Color"",""detail"":""Bees & Bears""}]",0
B00GK3QTCE,B00GK3QTCE,https://www.amazon.com/dp/B00GK3QTCE,5.0,"Wonderful, American made beeswax wrap","We absolutely love the beeswax wrap. It works wonderfully, keeping our homemade bread fresh. It wraps snugly around our bread, regardless of how much is left (rarely a full loaf, gotta get the crusty end while it’s warm so the butter gets melted, lol). The wrap smells delicious also (just like honey, whoda thunk it, lol) what a pleasant, unexpected surprise!! We’re so excited to have found this effective alternative to plastic. It’s easy to clean and reusable which makes the price affordable. We are so happy that it’s made in America, added bonus 👍.Only wish it came in the bread bag style. Oh well, we’ll keep using this brand until we find something as good.  So far no luck, we’ve been sending everything else back.",20250713,freshness_or_drying; smell_or_wax; cleaning; size_fit; value_or_quantity,https://www.amazon.com/gp/customer-reviews/R2FUGCOXBVWN8Q,True,"[{""name"":""Color"",""detail"":""Honeycomb""}]",0
B00GK3QTCE,B00GK3QTCE,https://www.amazon.com/dp/B00GK3QTCE,5.0,works like a champ!,"It works very well , forming around the bread, etc. from the heat of your hands. I need to buy a second one!",20250706,,https://www.amazon.com/gp/customer-reviews/R1LM5W6E25W40E,True,"[{""name"":""Color"",""detail"":""Honeycomb""}]",0
B00GK3QTCE,B00GK3QTCE,https://www.amazon.com/dp/B00GK3QTCE,5.0,Opinion,Great!,20250706,,https://www.amazon.com/gp/customer-reviews/RC76T1UTH14YU,True,"[{""name"":""Color"",""detail"":""Honeycomb""}]",0
B00GK3QTCE,B00GK3QTCE,https://www.amazon.com/dp/B00GK3QTCE,5.0,Great Product,"Beeswax wraps are a great sustainable alternative to plastic wrap. They’re reusable, mold to food and containers easily, and keep food fresh without chemicals. I love how versatile and durable they are—perfect for sandwiches, cheese, fruits, and leftovers. A fantastic choice for anyone looking to reduce plastic waste in the kitchen!",20250630,freshness_or_drying; moisture_or_mold; smell_or_wax; cleaning; durability,https://www.amazon.com/gp/customer-reviews/RPGR7J75HM9UL,True,"[{""name"":""Color"",""detail"":""Honeycomb""}]",1
B00GK3QTCE,B00GK3QTCE,https://www.amazon.com/dp/B00GK3QTCE,5.0,Eco friendly,love this product. Earth friendly. Good value for the money. Sticks well when wrapped around the bread. No plastic-YAH!,20250629,value_or_quantity,https://www.amazon.com/gp/customer-reviews/R1TI5Y8OQSXETJ,True,"[{""name"":""Color"",""detail"":""Honeycomb""}]",1
B00GK3QTCE,B0F3Q572JP,https://www.amazon.com/dp/B0F3Q572JP,5.0,Pleasantly surprised,They seal very well. Love the plastic alternative. I need to buy a couple more.,20250628,,https://www.amazon.com/gp/customer-reviews/R3MOS5ND11YQDE,True,"[{""name"":""Color"",""detail"":""Garden Party""}]",0
B00GK3QTCE,B00GK3QTCE,https://www.amazon.com/dp/B00GK3QTCE,5.0,Keeps bread fresh!,"Thought I‘d try this out for storing homemade bread, it‘s a nice alternative to plastic wrap, especially when you can wash and reuse it. Just be sure to use cool water when cleaning it. When not in use I just fold it up and keep it stored in a drawer.",20250624,cleaning,https://www.amazon.com/gp/customer-reviews/R1M3XU70PR0LHA,True,"[{""name"":""Color"",""detail"":""Honeycomb""}]",1
B00GK3QTCE,B0F3QFGWMM,https://www.amazon.com/dp/B0F3QFGWMM,5.0,The perfect wrap,This is my preferred way to store sourdough. It keeps it fresher for longer as long as it is wrapped correctly. I also prefer this brand over others that I have tried. I found it last around 8 months if used all the time.,20250622,freshness_or_drying; size_fit,https://www.amazon.com/gp/customer-reviews/R1PSIE6VBQIEI2,True,"[{""name"":""Color"",""detail"":""Ocean""}]",0
B00GK3QTCE,B00GK3QTCE,https://www.amazon.com/dp/B00GK3QTCE,5.0,Keep our sourdough bread perfectly,"Why did you pick this product vs others?:Recommended by Ben Starr, sourdough extraordinaire and ultimate food geek",20250621,size_fit,https://www.amazon.com/gp/customer-reviews/R3K7CPATYV3D97,True,"[{""name"":""Color"",""detail"":""Honeycomb""}]",1
B00GK3QTCE,B00GK3QTCE,https://www.amazon.com/dp/B00GK3QTCE,5.0,Great wrap,I love this bees wax wrap.  It clings tightly to itself and keeps my sourdough bread pretty fresh for several days.,20250621,freshness_or_drying; smell_or_wax; size_fit,https://www.amazon.com/gp/customer-reviews/R1EIP52H101HUD,True,"[{""name"":""Color"",""detail"":""Honeycomb""}]",1
B00GK3QTCE,B00GK3QTCE,https://www.amazon.com/dp/B00GK3QTCE,4.0,Eco friendly,"This eco-friendly plastic wrap replacement is a must. I was getting tired of all of the saran wrap that I was using for my bread. My one issue that I have with it is that you kinda get a little aftertaste of the beeswax on the bread, but after a few good washes that has gone away",20250619,smell_or_wax; cleaning,https://www.amazon.com/gp/customer-reviews/RGRW108K1Z756,True,"[{""name"":""Color"",""detail"":""Honeycomb""}]",1
B00GK3QTCE,B00GK3QTCE,https://www.amazon.com/dp/B00GK3QTCE,3.0,Small size not large enough for a full loaf,"Disappointed, doesn’t cover all the loaf",20250616,size_fit,https://www.amazon.com/gp/customer-reviews/R1LLKD4OLKJHU4,True,"[{""name"":""Color"",""detail"":""Honeycomb""}]",0
B00GK3QTCE,B00GK3QTCE,https://www.amazon.com/dp/B00GK3QTCE,3.0,Do not consider this a good buy.,"Not good for large loaves of bread. The article seems to be well made however for something as small as a 1.5 pound loaf of bread the extra large sheet that I bought will not wrap around fold over and cover it. I‘m sure for small round loaves of sourdough or whatever bread, it might work but, I couldn‘t guarantee it therefore, wouldn‘t recommend it.  And for the price I think there must be something better out there, I only got one sheet in that package.  I don‘t tend to make small loaves of bread, I make sandwich size loaves of bread.",20250612,size_fit; value_or_quantity,https://www.amazon.com/gp/customer-reviews/R9CB5O7DF4U9Y,True,"[{""name"":""Color"",""detail"":""Honeycomb""}]",3
B00GK3QTCE,B00GK3QTCE,https://www.amazon.com/dp/B00GK3QTCE,5.0,Seals well.,The wrap seals well and keeps your bread fresh. This one is large enough for a whole loaf.,20250609,freshness_or_drying; size_fit,https://www.amazon.com/gp/customer-reviews/R2V0IQ89OWEII0,True,"[{""name"":""Color"",""detail"":""Honeycomb""}]",1
B00GK3QTCE,B00GK3QTCE,https://www.amazon.com/dp/B00GK3QTCE,5.0,Perfect for my use,Definitely recommend!!!!,20250606,,https://www.amazon.com/gp/customer-reviews/R22CMXAC2QRLYY,True,"[{""name"":""Color"",""detail"":""Honeycomb""}]",0
B00GK3QTCE,B00GK3QTCE,https://www.amazon.com/dp/B00GK3QTCE,5.0,Cling Wrap Be Gone!,Fabulous! These are so nice and easy to use! I love that I don‘t have to deal with cling wrap anymore!,20250603,,https://www.amazon.com/gp/customer-reviews/R2YDRVFFF6PHI2,True,"[{""name"":""Color"",""detail"":""Honeycomb""}]",0
B00GK3QTCE,B00GK3QTCE,https://www.amazon.com/dp/B00GK3QTCE,1.0,Don’t waste your money,"I purchased one of these for my sourdough bread. It will work for a couple of loaves and then you’ll have to buy another one. I tried everything that the instructions say to do, but didn’t help!!  I purchased a second one and it did the same thing…  waste of time and money!",20250602,size_fit,https://www.amazon.com/gp/customer-reviews/R1H4HXCU0QKEVO,True,"[{""name"":""Color"",""detail"":""Honeycomb""}]",0
B00GK3QTCE,B00GK3QTCE,https://www.amazon.com/dp/B00GK3QTCE,5.0,Smells like honey!,We wrap our fresh loaf in this every week and its completely removed plastic from that portion of our meal prep.  Bonus feature: the beeswax smells slightly sweet like honey.,20250601,freshness_or_drying; smell_or_wax; size_fit,https://www.amazon.com/gp/customer-reviews/R1VK0FTBFDFZP0,True,"[{""name"":""Color"",""detail"":""Honeycomb""}]",0
B00GK3QTCE,B00GK3QTCE,https://www.amazon.com/dp/B00GK3QTCE,5.0,Highly recommended,Fits the bread wonderfully and a way better quality than the last kind of beeswax paper I bought from a different seller.,20250531,smell_or_wax; size_fit,https://www.amazon.com/gp/customer-reviews/R9T715WEBCVXS,True,"[{""name"":""Color"",""detail"":""Honeycomb""}]",0
B00GK3QTCE,B00GK3QTCE,https://www.amazon.com/dp/B00GK3QTCE,5.0,The bees knees,I was so surprised how well this worked for my bread. I started going down the sourdough baking journey two months ago. For the last month these bees wax wraps have reduced the parchment paper use and kept my breads fresh for about a week to wee and half.,20250530,freshness_or_drying; smell_or_wax; size_fit,https://www.amazon.com/gp/customer-reviews/RMOX98JFCM6W3,True,"[{""name"":""Color"",""detail"":""Honeycomb""}]",0
B00GK3QTCE,B00GK3QTCE,https://www.amazon.com/dp/B00GK3QTCE,5.0,Quality beeswax wrap,High quality and really fun to gift a loaf of homemade sourdough bread!,20250528,size_fit,https://www.amazon.com/gp/customer-reviews/RLRTRQLR6JUBY,True,"[{""name"":""Color"",""detail"":""Honeycomb""}]",0
B00GK3QTCE,B00GK3QTCE,https://www.amazon.com/dp/B00GK3QTCE,5.0,Bread wrap,I have used this wrap for several loaves of sourdough and it’s wonderful. The bread stays fresh and it’s so much better than a plastic ziplock.,20250526,freshness_or_drying; size_fit; durability,https://www.amazon.com/gp/customer-reviews/RX3ZQ50SNGRKP,True,"[{""name"":""Color"",""detail"":""Honeycomb""}]",0
B00GK3QTCE,B00GK3QTCE,https://www.amazon.com/dp/B00GK3QTCE,5.0,A neat and effective way to keep your home made bread at room temp .....,"The wrap is substantial, well sized, and makes a neat and effective wrapping and kept my lean sourdough bread in good condition for several days.  Glad I learned about it on Ben Starr‘s Youtube channel.",20250526,size_fit,https://www.amazon.com/gp/customer-reviews/R2BYRHK6Z87FMF,True,"[{""name"":""Color"",""detail"":""Honeycomb""}]",0
B00GK3QTCE,B00GK3QTCE,https://www.amazon.com/dp/B00GK3QTCE,3.0,Doesn’t last,It didn’t last long enough to make it worth the cost,20250526,,https://www.amazon.com/gp/customer-reviews/R3W1N5ZJ6FJE31,True,"[{""name"":""Color"",""detail"":""Honeycomb""}]",0
B00GK3QTCE,B00GK3QTCE,https://www.amazon.com/dp/B00GK3QTCE,5.0,Satisfied,What I expectedA large size enough to wrap my sourdough bread completely,20250524,size_fit,https://www.amazon.com/gp/customer-reviews/R3KNI2DL4OAGOE,True,"[{""name"":""Color"",""detail"":""Honeycomb""}]",0
B00GK3QTCE,B00GK3QTCE,https://www.amazon.com/dp/B00GK3QTCE,5.0,Keeps bread fresh.,Perfect for my homemade bread! Very easy to clean and reuse. I ordered a 2nd one and plan on giving as gifts.,20250524,cleaning,https://www.amazon.com/gp/customer-reviews/R2TPTQ3K7VMJ18,True,"[{""name"":""Color"",""detail"":""Honeycomb""}]",1
B00GK3QTCE,B00GK3QTCE,https://www.amazon.com/dp/B00GK3QTCE,5.0,Pretty good.,Works; durable; could have a bit more in the package though.,20250522,durability; value_or_quantity,https://www.amazon.com/gp/customer-reviews/R1IPFCNKNBFTFK,True,"[{""name"":""Color"",""detail"":""Honeycomb""}]",0
B00GK3QTCE,B00GK3QTCE,https://www.amazon.com/dp/B00GK3QTCE,5.0,Good results!,Tried bees wax bags for storing my homemade sour dough bread…disappointing. This wrap is doing the job! Keeping my bread fresher longer and eliminating the need for plastic wrap/aluminum foil!!!,20250518,freshness_or_drying; smell_or_wax,https://www.amazon.com/gp/customer-reviews/RWEL2XLKIU0SA,True,"[{""name"":""Color"",""detail"":""Honeycomb""}]",0
B00GK3QTCE,B00GK3QTCE,https://www.amazon.com/dp/B00GK3QTCE,5.0,Get it!!!!,Great product! Works well and keeps bread nice and fresh!!,20250518,freshness_or_drying,https://www.amazon.com/gp/customer-reviews/R2XCJQYWG22TPV,True,"[{""name"":""Color"",""detail"":""Honeycomb""}]",0
B00GK3QTCE,B00GK3QTCE,https://www.amazon.com/dp/B00GK3QTCE,5.0,a little pricey but reusable and good quality,a little pricey but reusable and good quality,20250510,value_or_quantity,https://www.amazon.com/gp/customer-reviews/R2LX6BYYCLD15G,True,"[{""name"":""Color"",""detail"":""Honeycomb""}]",0
B00GK3QTCE,B00GK3QTCE,https://www.amazon.com/dp/B00GK3QTCE,5.0,Keeps bread fresh longer..,Love this product. Keeps sourdough fresh a lot longer.,20250509,freshness_or_drying; size_fit,https://www.amazon.com/gp/customer-reviews/REL7OPD8BY8LC,True,"[{""name"":""Color"",""detail"":""Honeycomb""}]",0
B00GK3QTCE,B0F3PXCKT3,https://www.amazon.com/dp/B0F3PXCKT3,5.0,Love,These work great. I wrap my handmade bread in them and they stay fresh. You can also cut them to size.,20250508,freshness_or_drying; size_fit,https://www.amazon.com/gp/customer-reviews/R3DA41WGXFHFH5,True,[],0
B00GK3QTCE,B00GK3QTCE,https://www.amazon.com/dp/B00GK3QTCE,4.0,Funny smell but great product,I love this beeswax wrap for my breads. Out of the package the smell is off putting but once you use it a few times the scent dulls out.,20250508,smell_or_wax; value_or_quantity,https://www.amazon.com/gp/customer-reviews/REAMLVSK9GSSD,True,"[{""name"":""Color"",""detail"":""Honeycomb""}]",1
B00GK3QTCE,B00GK3QTCE,https://www.amazon.com/dp/B00GK3QTCE,5.0,Love,These work great. I wrap my handmade bread in them and they stay fresh. You can also cut them to size.,20250508,freshness_or_drying; size_fit,https://www.amazon.com/gp/customer-reviews/R3DA41WGXFHFH5,True,[],0
B00GK3QTCE,B00GK3QTCE,https://www.amazon.com/dp/B00GK3QTCE,5.0,Worth the buy,"I love the product, and since buying this, my bread does stay fresh and well protected. This is my second purchase, I‘ve got another sitting in my cart and a few others thrown into a list. I rather have this for my breads, my cookies, my food storage than plastic or foils. Been trying to get away from those things and this is the best replacement for doing so. Every other bread preservation product I‘ve seen still has some stupid plastic lining in it... That‘s not what I want. So thank you, for making a wonderful product",20250507,freshness_or_drying,https://www.amazon.com/gp/customer-reviews/R3LZOPLV9UA8R3,True,"[{""name"":""Color"",""detail"":""Honeycomb""}]",0
B00GK3QTCE,B00GK3QTCE,https://www.amazon.com/dp/B00GK3QTCE,5.0,It’s great,I absolutely love my beeswax wraps,20250506,smell_or_wax,https://www.amazon.com/gp/customer-reviews/R2MUDVC926G8CB,True,"[{""name"":""Color"",""detail"":""Honeycomb""}]",0
B00GK3QTCE,B00GK3QTCE,https://www.amazon.com/dp/B00GK3QTCE,1.0,Appeared used,Mine came unwrapped like it was a return that was re shipped,20250505,,https://www.amazon.com/gp/customer-reviews/RTQF74D3TYLH0,True,"[{""name"":""Color"",""detail"":""Honeycomb""}]",0
B00GK3QTCE,B00GK3QTCE,https://www.amazon.com/dp/B00GK3QTCE,2.0,Product description is a bit misleading,The product descriptions mix singular and plural. This is for one food (bread) wrap. No wraps. Just wrap.,20250504,durability,https://www.amazon.com/gp/customer-reviews/R1SP9QPJ76UL5T,False,"[{""name"":""Color"",""detail"":""Honeycomb""}]",0
B00GK3QTCE,B00GK3QTCE,https://www.amazon.com/dp/B00GK3QTCE,5.0,Amazing wrap that works great for sourdough bread,"Frankly, I never used or even knew about this bee wrap until my wife started baking sourdough bread. This stuff is just perfect for keeping the loaf fresh for days (sourdough bread usually is gone in a day).",20250429,freshness_or_drying; size_fit,https://www.amazon.com/gp/customer-reviews/R3V2IPZS7J5S61,True,"[{""name"":""Color"",""detail"":""Honeycomb""}]",1
B00GK3QTCE,B00GK3QTCE,https://www.amazon.com/dp/B00GK3QTCE,5.0,wife likes it,wife likes it,20250424,,https://www.amazon.com/gp/customer-reviews/R11POD5LJZZEXQ,True,"[{""name"":""Color"",""detail"":""Honeycomb""}]",0
B00GK3QTCE,B00GK3QTCE,https://www.amazon.com/dp/B00GK3QTCE,2.0,Ok at first,Worked well initially but then after 3 washes (as was recommended per package instructions) it started to get beading with white particles-maybe the beeswax disintegrating? I could not use it as I felt like it would transfer on the bread and the texture was unpleasant.,20250423,smell_or_wax; cleaning; value_or_quantity,https://www.amazon.com/gp/customer-reviews/R2WTFQW662BA2R,True,"[{""name"":""Color"",""detail"":""Honeycomb""}]",0
B00GK3QTCE,B00GK3QTCE,https://www.amazon.com/dp/B00GK3QTCE,5.0,I bought two!,Love it so much I bought two!  Great cleaner alternative to plastic wrap or aluminum foil.,20250422,cleaning,https://www.amazon.com/gp/customer-reviews/RCJJ5AH6G1G8X,True,"[{""name"":""Color"",""detail"":""Honeycomb""}]",0
B00GK3QTCE,B00GK3QTCE,https://www.amazon.com/dp/B00GK3QTCE,5.0,Does what it‘s supposed to,"Great value for its price. You get multiple uses out of it. I only used it for homemade bread, but I‘m sure you could use it for other things.",20250421,value_or_quantity,https://www.amazon.com/gp/customer-reviews/R33QRTYYBG5JD7,True,"[{""name"":""Color"",""detail"":""Honeycomb""}]",0
B00GK3QTCE,B00GK3QTCE,https://www.amazon.com/dp/B00GK3QTCE,5.0,Great product!,Love it for my sourdough!,20250419,size_fit,https://www.amazon.com/gp/customer-reviews/R1TYEPPK8DCLLC,True,"[{""name"":""Color"",""detail"":""Honeycomb""}]",0
B00GK3QTCE,B00GK3QTCE,https://www.amazon.com/dp/B00GK3QTCE,5.0,Bee paper,It‘s very good to frize my bread slises,20250418,,https://www.amazon.com/gp/customer-reviews/R376DGFE5OFG0F,True,"[{""name"":""Color"",""detail"":""Honeycomb""}]",0
B00GK3QTCE,B00GK3QTCE,https://www.amazon.com/dp/B00GK3QTCE,5.0,Great product and reusable,This product is great. It keeps the bread fresh fir a longer period without the use of plastic,20250418,freshness_or_drying,https://www.amazon.com/gp/customer-reviews/REMQBD8NTRFS8,True,"[{""name"":""Color"",""detail"":""Honeycomb""}]",0
B00GK3QTCE,B00GK3QTCE,https://www.amazon.com/dp/B00GK3QTCE,5.0,Works well,Helps to keep bread fresh longer. We like it for our homemade loaves of bread and have gifted some to others as well.,20250418,freshness_or_drying,https://www.amazon.com/gp/customer-reviews/RCRKMOL5N91B6,True,"[{""name"":""Color"",""detail"":""Honeycomb""}]",1
B0DYF8MC26,B0DYF8MC26,https://www.amazon.com/dp/B0DYF8MC26,5.0,Easy to clean and cute,These are super easy to clean and have a really cute design. I would rebuy if necessary.,20260306,cleaning,https://www.amazon.com/gp/customer-reviews/R1N6YZF2APEJ54,False,,0
B0DYF8MC26,B0DYF8MC26,https://www.amazon.com/dp/B0DYF8MC26,5.0,Bread bag,"I simply love my bread storage bags, it keeps any kind of bread fresh, the desiged clip to keep the bag in place is great. Keep in mind the importants after several days needs to go into the refrigerator on the bottom shelf, so the bread doesn’t develop mole. I love this alternative bag instead of putting in a microplastic bag which it does not breathe.",20260124,freshness_or_drying,https://www.amazon.com/gp/customer-reviews/R315WSXVJZJWQU,False,,0
B0DYF8MC26,B0DYF8MC26,https://www.amazon.com/dp/B0DYF8MC26,5.0,Useful to have if you bake your own breads.,Keeps your bread fresh for a week.,20251212,freshness_or_drying,https://www.amazon.com/gp/customer-reviews/R2L2TG2FVU82OW,False,,0
B0DYF8MC26,B0DYF8MC26,https://www.amazon.com/dp/B0DYF8MC26,5.0,Bread bag,Im very pleased with this bread bag. I really works well in longer lasting mold-free pastry n breads,20251206,moisture_or_mold,https://www.amazon.com/gp/customer-reviews/R13FB0G5DB4GYH,False,,0
B0DYF8MC26,B0DYF8MC26,https://www.amazon.com/dp/B0DYF8MC26,5.0,Good bags.,The bags work well for holding bread. They look old fashioned which is nice.,20251016,,https://www.amazon.com/gp/customer-reviews/R1BXY9SR9RYQ6W,True,[],0
B0DYF8MC26,B0DYF8MC26,https://www.amazon.com/dp/B0DYF8MC26,5.0,Great item,Love the bag. Keeps bread fresh. Easy to clean,20251015,freshness_or_drying; cleaning,https://www.amazon.com/gp/customer-reviews/R3EKF6KXEH273X,True,[],0
B0DYF8MC26,B0DYF8MC26,https://www.amazon.com/dp/B0DYF8MC26,5.0,Wax bags,Love these for keeping fresh made bread fresh. Also bakery items,20250918,freshness_or_drying,https://www.amazon.com/gp/customer-reviews/R1QV0RNEGFTKV8,True,[],0
B0DYF8MC26,B0DYF8MC26,https://www.amazon.com/dp/B0DYF8MC26,5.0,Game changer!!!!,I make my family‘s bread. I don‘t like all the chemicals so I make it. It does no good making bread however if the flour you use is junk from the U.S. I buy flour from France or Germany most times. Because I don‘t nurse any preservatives bread tends to mold quickly if not stored correctly. I made bread Sunday and it is now Tuesday and it is as fresh as the day I made it. Whole wheat bread dries out rather quickly in normal circumstances but these bags are simply a miracle. I am saving money and making healthy food for my family and myself. This is a no brainer. Get this product!,20250909,freshness_or_drying; moisture_or_mold,https://www.amazon.com/gp/customer-reviews/RS7TA3OV6FYWJ,True,[],0
B0DYF8MC26,B0DYF8MC26,https://www.amazon.com/dp/B0DYF8MC26,4.0,Cotton WILL shrink; beeswax bags a little tricky to keep clean,"These are a bit of a mixed bag, for me. (Pun intended.) I do like that they will cut down on my use of plastic bags. I like the beeswax inner bags better than some of the beeswax wraps I‘ve tried -- more flexible, and pretty easy to clean. Still, they are bags, rather than sheets, so you do have to pay attention to keeping corners and seams clean, which can be a little tricky. The cotton bags are fine -- well sewn. One is white and the other off-white, so if you want you can assign one for sweet and one for savory bread, or one for wheat and one for rye, or whatever you might want to do. The reason I don‘t give 5 stars is that before I used the bags, I washed them, and one of them shrank A LOT. I mean, it shrank so much that the beeswax liner is significantly bigger than the bag now. Sure, you can fold the inner bag to make it fit, but you‘d think the cotton bags would be sized with shrinkage in mind. The other bag didn‘t shrink so significantly, so clearly, not the same batch of fabric. But what a difference in the two bags!",20250804,smell_or_wax; cleaning; size_fit,https://www.amazon.com/gp/customer-reviews/R2TZUNPEMKXHD1,False,[],0
B0DYF8MC26,B0DYF8MC26,https://www.amazon.com/dp/B0DYF8MC26,5.0,Love these bags! Keeps bread fresh! Don’t bunch up cotton if handwashing. Will stay wrinkled!,"These two pack beeswax double layer bread bags are pretty neat! You can smell the beeswax when you open them up! I love the design too! It’s one of my favorite that I’ve seen.They are slightly different shades. One was white and the other was more of an off-white, canvas type color. I tried to show in the pictures. I personally think this is awesome because if you are using both and have different things in them you can easily tell them apart!I haven’t made any homemade bread yet or tested them out in the freezer, but I did put the bread we bought at the store in them. I feel like they are definitely keeping it fresher. They are quite large! I was able to fit the entire loaf from the store in one bag!I really like that you can take out inner beeswax lining! It washes up and dries easily. It also has a little tab on it so you can it up to dry or when not using.The cotton bag is pretty nice too! All the wrinkles stayed in it after drying. Perhaps it was my fault for sort of bunching it up when I hand washed it. I should have known better with the fabric. Next time I‘ll try giving it a good shake out before hanging to dry!I’m really looking forward to using these when I have to pack a bunch of sandwiches for our all day sporting events! They will work so much better than a large plastic bag or multiple lunch containers!!I will very likely buy more of these!",20250725,freshness_or_drying; smell_or_wax; cleaning; size_fit; value_or_quantity,https://www.amazon.com/gp/customer-reviews/R1SF77WND5CPPK,False,[],0
B0DYF8MC26,B0DYF8MC26,https://www.amazon.com/dp/B0DYF8MC26,5.0,Beeswax bags with removable liner!,I really like these cotton/beeswax bags for keeping vegetables fresh in the refrigerator. These bags work especially well for mushrooms. What‘s special about this product is the beeswax inner lining is removable from the cotton outer bag. This is great because it allows me to wash the outer cotton bag in the washing machine when it gets soiled. I could never dream of doing that with a typical beeswax/cotton bag where the wax is permanently welded to the cotton bag.,20250722,freshness_or_drying; smell_or_wax; cleaning,https://www.amazon.com/gp/customer-reviews/R50ANRYHNYTOL,False,[],0
B0DYF8MC26,B0DYF8MC26,https://www.amazon.com/dp/B0DYF8MC26,5.0,Handy for storing frozen bread,"I never go through all my bread on time without it going bad so I always freeze mine,  so these will be perfect for that.These are double lined bags.  So I took out the inner bag and put my loaf of sourdough bread I bought from a store and then put the outer bag inside it.  I especially like these because with my chest freezer, it‘s easy for things to get lost.  These are unique bags, They‘ll be easy to spot in the freezer.  The large loaf of sourdough bread just fit in the the inner bag so circumference wise and there was plenty of space left lengthwise, that I just folded the bag up removing as much air as possible before putting it in the freezerThese are made of cotton material so I suspect that I will be using these for ever. They will be easy to clean and I think as long as you freeze the bread as soon as you buy it, it should keep the bread freshness for quite a while.",20250720,freshness_or_drying; cleaning; size_fit,https://www.amazon.com/gp/customer-reviews/RZNZ6SPK5B5QW,False,[],0
B0DYF8MC26,B0DYF8MC26,https://www.amazon.com/dp/B0DYF8MC26,4.0,Keeps breads fresh,The bags have so far kept our breads fresh and soft. It‘s great that the liners are reusable and can be cleaned easily - great design. It‘s easy to use and much preferable to plastic bags.,20250719,freshness_or_drying; cleaning,https://www.amazon.com/gp/customer-reviews/RTR2LRZBYZIZ6,False,[],0
B0F3HKCFZS,B0F3HKCFZS,https://www.amazon.com/dp/B0F3HKCFZS,3.0,Well made and look nice.,"The bags are very well made and look nice, but I did not find them to be what I expected or needed for bread storage. The reviews were great, but they just don‘t keep my bread any fresher than a zip lock bag.",20260508,freshness_or_drying; durability,https://www.amazon.com/gp/customer-reviews/RKINF1WVDK72V,False,"[{""name"":""Color"",""detail"":""White""}]",0
B0F3HKCFZS,B0F3HKCFZS,https://www.amazon.com/dp/B0F3HKCFZS,5.0,Bread Bag,Great product to keep your bread in. Helps bread last longer,20260426,,https://www.amazon.com/gp/customer-reviews/R1MCFZ4AT8PTF0,False,"[{""name"":""Color"",""detail"":""White""}]",0
B0F3HKCFZS,B0F3HKCFZS,https://www.amazon.com/dp/B0F3HKCFZS,1.0,Not clear if it is Organic cotton/Organic Beeswax,"There is no marking on the box to tell whether these bags are made of organic cotton and/or organic beeswax. I’m not even sure that the lining is pure beeswax or if it is plastic lined with beeswax. I wanted to like these bags and believed that the description was correct. I’m returning these bags as there is not enough information to know if what I got, is what was stated.
I do like the size of the bags and the zipper/clasp look like it will work well.",20260408,smell_or_wax; size_fit; durability,https://www.amazon.com/gp/customer-reviews/RUM9ZJKQFZV4O,False,"[{""name"":""Color"",""detail"":""White""}]",0
B0F3HKCFZS,B0F3HKCFZS,https://www.amazon.com/dp/B0F3HKCFZS,5.0,Bread Stays Fresh for DAYS,"These bags make a noticeable difference in the freshness of my bread. My bread never hardens over time with these bread bags, and my loaves stay just as soft as they did the day I baked them. For comparison, my neighbor used to bring me bread (before I started my own sourdough journey) in a flour sack material bread bag, and after about two days, the bread would begin to harden and become inedible by about day 4. I have not had that problem with these bread bags. They trap just enough moisture without creating a bacteria-ridden environment. Beeswax bread bags are DEFINITELY the way to go. They were well worth the price, are easy to clean with the beeswax coating, and were one of my best purchases this year. (I‘ll be buying more.) Go ahead and add to cart. You won’t regret it!",20260406,freshness_or_drying; moisture_or_mold; smell_or_wax; cleaning; size_fit; value_or_quantity,https://www.amazon.com/gp/customer-reviews/R1LIKBIDZ9O89,False,"[{""name"":""Color"",""detail"":""White""}]",0
B0F3HKCFZS,B0F3HKCFZS,https://www.amazon.com/dp/B0F3HKCFZS,2.0,Bread Doesn‘t Stay Soft,Doesn‘t keep bread soft. Gets hard within two days.,20260401,freshness_or_drying,https://www.amazon.com/gp/customer-reviews/R133E81WB3TSZ6,True,"[{""name"":""Color"",""detail"":""White""}]",0
B0F3HKCFZS,B0F3HKCFZS,https://www.amazon.com/dp/B0F3HKCFZS,1.0,Not enough info,Bread dried out the next day. Nothings like advertising .,20260319,freshness_or_drying,https://www.amazon.com/gp/customer-reviews/R1L5WI6E48SX78,True,"[{""name"":""Color"",""detail"":""White""}]",0
B0F3HKCFZS,B0F3HKCFZS,https://www.amazon.com/dp/B0F3HKCFZS,2.0,Molds quickly,"Cute bag, however the bread that usually lasts a whole week, got moldy within a few days. I had to throw the whole loaf away.",20260313,moisture_or_mold; size_fit,https://www.amazon.com/gp/customer-reviews/R11LJE4SUN9IF2,True,"[{""name"":""Color"",""detail"":""White""}]",0
B0F3HKCFZS,B0F3HKCFZS,https://www.amazon.com/dp/B0F3HKCFZS,5.0,Keep fresh bread longer!!,These bags actually work to keep sourdough bread fresh longer. The zipper closes it tightly and the bag is big enough to then fold over. The bags are very attractive and useful. Our loafs stay fresh for over a week now rather than just a few days!! Highly recommend!!,20260312,freshness_or_drying; size_fit; durability,https://www.amazon.com/gp/customer-reviews/R2B253P37HN6BN,False,"[{""name"":""Color"",""detail"":""White""}]",0
B0F3HKCFZS,B0F3HKCFZS,https://www.amazon.com/dp/B0F3HKCFZS,1.0,Missing bag?!?,"Only received 1 bag, packaging & description said there were 2.",20260307,durability; value_or_quantity,https://www.amazon.com/gp/customer-reviews/R6X2FY52SZ97Y,True,"[{""name"":""Color"",""detail"":""White""}]",0
B0F3HKCFZS,B0F3HKCFZS,https://www.amazon.com/dp/B0F3HKCFZS,1.0,Made in China,"Made in China. There is not enough information about the company. I don‘t know where the cotton and wax were manufactured, therefore this is a return for me.",20260307,smell_or_wax,https://www.amazon.com/gp/customer-reviews/R3MM3A6OQ2MPU2,True,"[{""name"":""Color"",""detail"":""White""}]",0
B0F3HKCFZS,B0F3HKCFZS,https://www.amazon.com/dp/B0F3HKCFZS,3.0,Reduced early molding,"Does appear to improve longevity before molding, but not freshness.",20260307,freshness_or_drying; moisture_or_mold,https://www.amazon.com/gp/customer-reviews/RACJQA61F1GIH,True,"[{""name"":""Color"",""detail"":""White""}]",0
B0F3HKCFZS,B0F3HKCFZS,https://www.amazon.com/dp/B0F3HKCFZS,1.0,Doesn’t work.,Was so excited to receive this.  This worked one time for me.  Followed the directions on how to clean to a T.  Very disappointed.  Waste of money.,20260305,cleaning,https://www.amazon.com/gp/customer-reviews/R5QB8NWJ27PH6,True,"[{""name"":""Color"",""detail"":""White""}]",0
B0F3HKCFZS,B0F3HKCFZS,https://www.amazon.com/dp/B0F3HKCFZS,5.0,Perfect Bread Keeper,Love this bag. Keeps my bread fresh for so much longer.,20260303,freshness_or_drying,https://www.amazon.com/gp/customer-reviews/R20D0DXGRXETBW,False,,0
B0F3HKCFZS,B0F3HKCFZS,https://www.amazon.com/dp/B0F3HKCFZS,5.0,Does the trick.,Bread is noticeably fresher. Easy maintenance of the bag.,20260301,freshness_or_drying,https://www.amazon.com/gp/customer-reviews/R31U908FNW5RXA,True,"[{""name"":""Color"",""detail"":""White""}]",0
B0F3HKCFZS,B0F3HKCFZS,https://www.amazon.com/dp/B0F3HKCFZS,5.0,Keeps bread and looks nice.,Love this bag. Keeps sourdough that should never be put in plastic bags. Nice looking also.,20260228,size_fit,https://www.amazon.com/gp/customer-reviews/R26NS3Z7VFISL8,False,"[{""name"":""Color"",""detail"":""White -1""}]",0
B0F3HKCFZS,B0F3HKCFZS,https://www.amazon.com/dp/B0F3HKCFZS,1.0,Person bread bag,This purchase was very disappointing. It does not keep our sourdough bread fresh. It’s worse than a plastic bag. Would not recommend this product.,20260225,freshness_or_drying; size_fit,https://www.amazon.com/gp/customer-reviews/R15FYCSETJGP5Q,True,"[{""name"":""Color"",""detail"":""White""}]",0
B0F3HKCFZS,B0F3HKCFZS,https://www.amazon.com/dp/B0F3HKCFZS,2.0,It would be better without a zipper,"I think the zipper locks in too much moisture. The crust on my sourdough went soft. One I used at my son’s house did not have a zipper, just folded over. It worked better.",20260224,freshness_or_drying; moisture_or_mold; size_fit; durability,https://www.amazon.com/gp/customer-reviews/R232BS5G94NRY6,True,"[{""name"":""Color"",""detail"":""White""}]",0
B0F3HKCFZS,B0F3HKCFZS,https://www.amazon.com/dp/B0F3HKCFZS,5.0,LOVE IT,Love this!Use dailyGood quality!,20260222,,https://www.amazon.com/gp/customer-reviews/R3SASXX420F9S0,True,"[{""name"":""Color"",""detail"":""White""}]",0
B0F3HKCFZS,B0F3HKCFZS,https://www.amazon.com/dp/B0F3HKCFZS,5.0,Freshness,My loaf of everything sourdough has stayed fairly fresh for 8 days now!  Extremely happy with it!  Would highly recommend this bag.,20260222,freshness_or_drying; size_fit,https://www.amazon.com/gp/customer-reviews/R382240LW3YBQ6,True,"[{""name"":""Color"",""detail"":""White""}]",0
B0F3HKCFZS,B0F3HKCFZS,https://www.amazon.com/dp/B0F3HKCFZS,4.0,Works well,"Works well. Seems to do the work so far. Keeps bread fresh longer. However, the zipper didn’t last long, I have to use clips to keep the bag closed. It would be a good idea to use Velcro closing instead.",20260220,freshness_or_drying; durability,https://www.amazon.com/gp/customer-reviews/R2MDI2FTTL1J3L,False,"[{""name"":""Color"",""detail"":""White -1""}]",0
B0F3HKCFZS,B0F3HKCFZS,https://www.amazon.com/dp/B0F3HKCFZS,5.0,Love these bags!,After getting a bread maker - I realized the bread got so stale so quickly. So I researched and got these bags - now my bread lasts! Love it!,20260214,freshness_or_drying,https://www.amazon.com/gp/customer-reviews/R1PK05B4VTLVGK,False,"[{""name"":""Color"",""detail"":""White -1""}]",0
B0F3HKCFZS,B0F3HKCFZS,https://www.amazon.com/dp/B0F3HKCFZS,1.0,"Not bees wax, just plastic.",Did not have bees wax on it. It was plastic! I sent it back!,20260212,smell_or_wax,https://www.amazon.com/gp/customer-reviews/R37GHZY542MR4L,True,"[{""name"":""Color"",""detail"":""White""}]",0
B0F3HKCFZS,B0F3HKCFZS,https://www.amazon.com/dp/B0F3HKCFZS,5.0,Amazing,"I can‘t believe I didn’t find out about this storage method sooner. Glad I finally did.
these bags are like magic. The cut end of the bread doesn’t dry out. The crust stays just like it came out of the oven. The loaf stays fresh longer than it takes me to eat it.",20260211,freshness_or_drying; size_fit,https://www.amazon.com/gp/customer-reviews/R2CVSTHJQET76E,False,"[{""name"":""Color"",""detail"":""White -1""}]",0
B0F3HKCFZS,B0F3HKCFZS,https://www.amazon.com/dp/B0F3HKCFZS,5.0,Works as described,Keeps bread warm and springy,20260209,,https://www.amazon.com/gp/customer-reviews/RT7ARLNYYF73Z,True,"[{""name"":""Color"",""detail"":""White""}]",0
B0F3HKCFZS,B0F3HKCFZS,https://www.amazon.com/dp/B0F3HKCFZS,3.0,Didn’t love,Not a fan. Croissants molded the next day.,20260206,moisture_or_mold,https://www.amazon.com/gp/customer-reviews/R3KBUL7ZENT3P6,True,"[{""name"":""Color"",""detail"":""White""}]",0
B0F3HKCFZS,B0F3HKCFZS,https://www.amazon.com/dp/B0F3HKCFZS,4.0,"Okay, but has a defective clip.","Bags are generous size and so far seem to do what they are designed for. One of the bags had a defective clip... just used it for the first time tonight. Both sides of the clip are the “female"" side. Too late to return it.",20260204,size_fit,https://www.amazon.com/gp/customer-reviews/RLDEGPV1TLO61,True,"[{""name"":""Color"",""detail"":""White -1""}]",0
B0F3HKCFZS,B0F3HKCFZS,https://www.amazon.com/dp/B0F3HKCFZS,5.0,Works great,"I was nervous that these bags would really keep the sourdough bread fresh. It does! The bread lasted for 8 days. Day 8 the bread just started to slightly dry out, there was only 1 slice left. These bags are a great alternative to storing bread.",20260203,freshness_or_drying; size_fit,https://www.amazon.com/gp/customer-reviews/RXVPUVBEVSWKQ,False,"[{""name"":""Color"",""detail"":""White -1""}]",0
B0F3HKCFZS,B0F3HKCFZS,https://www.amazon.com/dp/B0F3HKCFZS,4.0,"Heavy, but works as expected",Seems to work very well but larger and easier than i had expected.,20260203,size_fit,https://www.amazon.com/gp/customer-reviews/R2NAWONQR6AF1O,True,"[{""name"":""Color"",""detail"":""White""}]",0
B0F3HKCFZS,B0F3HKCFZS,https://www.amazon.com/dp/B0F3HKCFZS,5.0,Great,Works great and I think it freezes bread in a way that keeps it even fresher.,20260131,freshness_or_drying,https://www.amazon.com/gp/customer-reviews/R25MNZF961NKTH,True,"[{""name"":""Color"",""detail"":""White -1""}]",0
B0F3HKCFZS,B0F3HKCFZS,https://www.amazon.com/dp/B0F3HKCFZS,5.0,Works,Good size for storing ur potatoes,20260131,size_fit,https://www.amazon.com/gp/customer-reviews/R1PM7C27XZQTD2,True,"[{""name"":""Color"",""detail"":""White""}]",0
B0F3HKCFZS,B0F3HKCFZS,https://www.amazon.com/dp/B0F3HKCFZS,5.0,Great Bread Bag!,A wonderful bread bag!! Keeps our Sourdough nice and soft!!,20260129,size_fit,https://www.amazon.com/gp/customer-reviews/R32NDQSK7WMC4T,True,"[{""name"":""Color"",""detail"":""White -1""}]",0
B0F3HKCFZS,B0F3HKCFZS,https://www.amazon.com/dp/B0F3HKCFZS,5.0,Bred storage bag,Very pretty and extremely sturdy. It should do the trick.,20260129,,https://www.amazon.com/gp/customer-reviews/R1ESIW23A8ZX8G,True,"[{""name"":""Color"",""detail"":""White -1""}]",0
B0F3HKCFZS,B0F3HKCFZS,https://www.amazon.com/dp/B0F3HKCFZS,3.0,Bread bag,Bag is cute but my bread gets moldy very quickly still.,20260129,moisture_or_mold,https://www.amazon.com/gp/customer-reviews/RZJUJLYZTQUNX,True,"[{""name"":""Color"",""detail"":""White -1""}]",0
B0F3HKCFZS,B0F3HKCFZS,https://www.amazon.com/dp/B0F3HKCFZS,4.0,Pretty good.,Like this for my homemade bread. Still starts to mold after about 4 days.,20260129,moisture_or_mold,https://www.amazon.com/gp/customer-reviews/RAVIHUSH35TFU,False,"[{""name"":""Color"",""detail"":""White -1""}]",0
B0F3HKCFZS,B0F3HKCFZS,https://www.amazon.com/dp/B0F3HKCFZS,5.0,Quality,Very happy with this for my sourdough bread!,20260123,size_fit,https://www.amazon.com/gp/customer-reviews/R142ARB549ZPWK,True,"[{""name"":""Color"",""detail"":""White -1""}]",0
B0F3HKCFZS,B0F3HKCFZS,https://www.amazon.com/dp/B0F3HKCFZS,5.0,Great purchase,I love this knife.  Just as promised.  Cuts great and does not make a mess.,20260120,,https://www.amazon.com/gp/customer-reviews/R34EAG62KSK08Z,True,"[{""name"":""Color"",""detail"":""White -1""}]",0
B0F3HKCFZS,B0F3HKCFZS,https://www.amazon.com/dp/B0F3HKCFZS,5.0,These bread bags are very well made.,These bread bags are very good quality and beautiful. Im looking forward to using them for my sourdough bread. The size is much bigger than I expected.,20260116,size_fit,https://www.amazon.com/gp/customer-reviews/R1RBSEM0EZ8TLD,True,"[{""name"":""Color"",""detail"":""White -1""}]",0
B0F3HKCFZS,B0F3HKCFZS,https://www.amazon.com/dp/B0F3HKCFZS,5.0,Worth it,Perfect for sourdough loaves- I don’t know if it makes it actually last longer- mold doesn’t start for like 5-6 days but the vibes of the bag and the ease of cleaning it is worth it and it’s a great place to just store the bread in and leave it on the counter,20260113,moisture_or_mold; cleaning; size_fit,https://www.amazon.com/gp/customer-reviews/R2ZAW6MA4UX3PV,True,"[{""name"":""Color"",""detail"":""White -1""}]",0
B0F3HKCFZS,B0F3HKCFZS,https://www.amazon.com/dp/B0F3HKCFZS,5.0,Keeps bread fresh!,"Keeps fresh baked bread 5-7 days longer than a plastic bag. My husband makes 2 loaves each week and these bags have kept our bread fresh, longer. They wipe up nicely and dry within a couple hours. Highly recommend.",20260113,freshness_or_drying,https://www.amazon.com/gp/customer-reviews/R21SPDOEQZA74O,True,"[{""name"":""Color"",""detail"":""White -1""}]",0
B0F3HKCFZS,B0F3HKCFZS,https://www.amazon.com/dp/B0F3HKCFZS,5.0,Boule bread bag,The bread bag is as described. It’s large enough to hold a large boule. The beeswax keeps the bread fresh  longer. I love it!,20260109,freshness_or_drying; smell_or_wax; size_fit,https://www.amazon.com/gp/customer-reviews/R2CHZG6XOKOIO5,True,"[{""name"":""Color"",""detail"":""White -1""}]",0
B0F3HKCFZS,B0F3HKCFZS,https://www.amazon.com/dp/B0F3HKCFZS,5.0,Great!,These have been awesome!,20260107,,https://www.amazon.com/gp/customer-reviews/RSV7HIUD3ZSJ7,True,"[{""name"":""Color"",""detail"":""White -1""}]",0
B0F3HKCFZS,B0F3HKCFZS,https://www.amazon.com/dp/B0F3HKCFZS,5.0,Versatile bread storage,My daughter in law loves her bread bags. They are roomy and absorbent and hold her sourdough loaves as advertised. They are very attractive.,20260105,size_fit,https://www.amazon.com/gp/customer-reviews/R5QNYEGL7EB7M,True,"[{""name"":""Color"",""detail"":""White -1""}]",0
B0F3HKCFZS,B0F3HKCFZS,https://www.amazon.com/dp/B0F3HKCFZS,5.0,Great bread bag.,I have tried cloth bags with poor results.  This kept the bread moist for several days.,20260102,moisture_or_mold,https://www.amazon.com/gp/customer-reviews/R2MRI4L1MT64W9,True,"[{""name"":""Color"",""detail"":""White -1""}]",0
B0F3HKCFZS,B0F3HKCFZS,https://www.amazon.com/dp/B0F3HKCFZS,5.0,Great product,This is a high quality bag,20251227,,https://www.amazon.com/gp/customer-reviews/R1KO1PE9Z53IMR,True,"[{""name"":""Color"",""detail"":""White -1""}]",0
B0F3HKCFZS,B0F3HKCFZS,https://www.amazon.com/dp/B0F3HKCFZS,5.0,Good Buy,Can fit two loaves,20251226,size_fit,https://www.amazon.com/gp/customer-reviews/R3K62SNU0ZZ9K3,True,"[{""name"":""Color"",""detail"":""White -1""}]",0
B0F3HKCFZS,B0F3HKCFZS,https://www.amazon.com/dp/B0F3HKCFZS,5.0,Love,Great choice,20251222,,https://www.amazon.com/gp/customer-reviews/RLLZ6AHVSKNQF,True,"[{""name"":""Color"",""detail"":""White -1""}]",0
B0F3HKCFZS,B0F3HKCFZS,https://www.amazon.com/dp/B0F3HKCFZS,2.0,Bread dries out!,My bread dried out within one day. I do not recommend!,20251207,freshness_or_drying,https://www.amazon.com/gp/customer-reviews/R18RM0WE0VF65R,True,"[{""name"":""Color"",""detail"":""White -1""}]",0
B0F3HKCFZS,B0F3HKCFZS,https://www.amazon.com/dp/B0F3HKCFZS,3.0,Not sure,I liked it at first but seemed to dry the bread out.,20251123,freshness_or_drying,https://www.amazon.com/gp/customer-reviews/R23ZN2W86LUIB7,True,[],0
B0F3HKCFZS,B0F3HKCFZS,https://www.amazon.com/dp/B0F3HKCFZS,5.0,Keep your bread fresh!,"I love these bags, they keep my bread so fash.",20251114,,https://www.amazon.com/gp/customer-reviews/R34OF2Z1F8YQ6S,True,[],0
B0F3HKCFZS,B0F3HKCFZS,https://www.amazon.com/dp/B0F3HKCFZS,5.0,The Best Bread Bag Ever,Made well and big. Absolutely need the zipper—it was the selling point for me. I’ve baked bread for 65 years and sure wish had these. The linen and bees wax lining and handle are all pluses. I was going to just make my own; but cost would have been much higher. And who cares about the company name on the bag— they deserve it!,20251108,smell_or_wax; durability,https://www.amazon.com/gp/customer-reviews/R13COW4IQ1W9V2,True,[],0
B0F3HKCFZS,B0F3HKCFZS,https://www.amazon.com/dp/B0F3HKCFZS,5.0,Great bread bags!,"They are large enough for a big loaf of bread or many rolls. It keeps the bread at a good moisture level and fresh. It‘s very easy to clean. And with the strap on the top, I hang my bread on a drawer handle so it doesn‘t take up room on the counter. I‘m absolutely happy with this purchase!!!",20251103,freshness_or_drying; moisture_or_mold; cleaning; size_fit,https://www.amazon.com/gp/customer-reviews/R2CX3AZPLVRTK4,True,[],0
B0F3HKCFZS,B0F3HKCFZS,https://www.amazon.com/dp/B0F3HKCFZS,3.0,Good idea but….,Really good idea but my bread got moldy inside and I couldn’t get it out so I had to throw it away.,20251031,moisture_or_mold,https://www.amazon.com/gp/customer-reviews/R1FYMMRW1B8WAO,True,[],0
B0F3HKCFZS,B0F3HKCFZS,https://www.amazon.com/dp/B0F3HKCFZS,5.0,Son muy buenas,Me gustarobn bueno compra,20251031,,https://www.amazon.com/gp/customer-reviews/RVDWCU874SBEG,True,[],0
B0F3HKCFZS,B0F3HKCFZS,https://www.amazon.com/dp/B0F3HKCFZS,1.0,Moldy bread,My bread got moldy within a few days.  It was completely cooled before placed in the bag.,20251025,moisture_or_mold,https://www.amazon.com/gp/customer-reviews/R11MJIDFT6KHID,True,[],0
B0F3HKCFZS,B0F3HKCFZS,https://www.amazon.com/dp/B0F3HKCFZS,5.0,Oerdoh bread bags are perfect for my homemade bread,I bake my own bread and using these bags keeps my bread fresh. I was using just plastic containers and would have problems of moisture buildup on the loaves. I don’t have this issue using the oerdoh bread bags. The bread is standard loaf size and fits perfectly in the bags. Like the zipper and fold down closure. The bags do not change the taste or quality of my bread.,20251016,freshness_or_drying; moisture_or_mold; size_fit; durability,https://www.amazon.com/gp/customer-reviews/R8CA664GMWNYN,True,"[{""name"":""Color"",""detail"":""White -1""}]",0
B0F3HKCFZS,B0F3HKCFZS,https://www.amazon.com/dp/B0F3HKCFZS,5.0,Just About Perfect,"Pretty basic product, but it‘s so well executed that it‘s an excellent value.The bags are well constructed; they are sturdy and they close tightly.  Our sourdough bread stays fresh for days on end.  And the beeswax coating makes them easy to clean.  With reasonable care, they should last for years.Really nothing negative to report  -- not super cheap, but they are made so well they are a great value.",20251007,freshness_or_drying; smell_or_wax; cleaning; size_fit; value_or_quantity,https://www.amazon.com/gp/customer-reviews/RRLVAMIHOE56O,False,"[{""name"":""Color"",""detail"":""White -1""}]",0
B0F3HKCFZS,B0F3HKCFZS,https://www.amazon.com/dp/B0F3HKCFZS,5.0,Bread bag,Keeps bread fresh.,20251002,freshness_or_drying,https://www.amazon.com/gp/customer-reviews/R1VDNA3N8EW41M,True,"[{""name"":""Color"",""detail"":""White -1""}]",0
B0F3HKCFZS,B0F3HKCFZS,https://www.amazon.com/dp/B0F3HKCFZS,5.0,Well made great product,Great product.  Keeps bread nice and moist well made,20250918,moisture_or_mold,https://www.amazon.com/gp/customer-reviews/R1WLID3IF0NX1X,True,"[{""name"":""Color"",""detail"":""White -1""}]",0
B0F3HKCFZS,B0F3HKCFZS,https://www.amazon.com/dp/B0F3HKCFZS,5.0,Product is acceptable. Final inspection could be better.,"I like this product and the concept. However, when I receive my two beeswax bags for my bread, one of the bags has the same clip on both sides for closure. Therefore the bag will zip, but you can’t fold it down and clip it close tight. However, one of the bags is correct and so I will be keeping it because I need it for my sourdough bread. I’ll just use the one that doesn’t have the clips on when I have to. So this product I think is a satisfactory product. I think something got missed in the product inspection at the end.",20250918,smell_or_wax; size_fit; durability,https://www.amazon.com/gp/customer-reviews/R29A3G4QWFA8H1,True,"[{""name"":""Color"",""detail"":""White -1""}]",0
B0F3HKCFZS,B0F3HKCFZS,https://www.amazon.com/dp/B0F3HKCFZS,5.0,Exactly like the description!,These bags help the bread last longer.,20250917,,https://www.amazon.com/gp/customer-reviews/R340KOPORP86GA,True,"[{""name"":""Color"",""detail"":""White -1""}]",0
B0F3HKCFZS,B0F3HKCFZS,https://www.amazon.com/dp/B0F3HKCFZS,3.0,Brad does not stay as fresh,"Although I think that this product slowed down the molding of the fresh Bosnian bread, when you take it out of the plastic bag and put it into this product, it is not as soft. Doesn’t have that soft texture after a day or two. It does prevent the mold for an extra few days, but doesn’t the consistency of the bread",20250914,freshness_or_drying; moisture_or_mold,https://www.amazon.com/gp/customer-reviews/R9H37FSSXBC7Q,True,"[{""name"":""Color"",""detail"":""White -1""}]",0
B0F3HKCFZS,B0F3HKCFZS,https://www.amazon.com/dp/B0F3HKCFZS,5.0,Best bread bags ever,Wonderful bags so much nicer than I expected .,20250912,,https://www.amazon.com/gp/customer-reviews/R3AA18LIRU41ZL,True,"[{""name"":""Color"",""detail"":""White -1""}]",0
B0F3HKCFZS,B0F3HKCFZS,https://www.amazon.com/dp/B0F3HKCFZS,5.0,Bread bag,"Great product, keeps the bread fresh.",20250912,freshness_or_drying,https://www.amazon.com/gp/customer-reviews/R2SLS52T259EQY,True,"[{""name"":""Color"",""detail"":""White -1""}]",0
B0F3HKCFZS,B0F3HKCFZS,https://www.amazon.com/dp/B0F3HKCFZS,5.0,Bread bags,Love it so much I gave one to my mom!,20250912,,https://www.amazon.com/gp/customer-reviews/R13F2MKQ90TBDW,True,"[{""name"":""Color"",""detail"":""White -1""}]",0
B0F3HKCFZS,B0F3HKCFZS,https://www.amazon.com/dp/B0F3HKCFZS,5.0,Bread bag,"So far it’s very good, it has kept the bread fresh for at least a week.",20250908,freshness_or_drying,https://www.amazon.com/gp/customer-reviews/R1777P576TJTUM,True,"[{""name"":""Color"",""detail"":""White -1""}]",0
B0F3HKCFZS,B0F3HKCFZS,https://www.amazon.com/dp/B0F3HKCFZS,4.0,Worked great before I ruined it...,"I really liked these bags, I had just gotten into making sourdough when I got these and they did a great job keeping a load fresh for an extra day or two in the cupboard. Unfortunately I left some bread in them for about a week and a half and it molded and I was unable to get them clean again. I tried working my way up from lighter methods as I could and I could never get the mold smell out. Eventually I ran them through the washing machine and the wax melted out of the bags and made a huge mess. I think if treated properly these would be great. Unfortunately I screwed it up. They were a great size to hold a standard loaf of sourdough and kept it fresh for a few extra days. They were solidly made. Had a nice soft canvas feel to them and they were a great price. I will probably buy more and try to be more diligent with taking care of them.",20250907,freshness_or_drying; moisture_or_mold; smell_or_wax; cleaning; size_fit; value_or_quantity,https://www.amazon.com/gp/customer-reviews/R2X5VMUQXRBECO,False,"[{""name"":""Color"",""detail"":""White -1""}]",2
B0F3HKCFZS,B0F3HKCFZS,https://www.amazon.com/dp/B0F3HKCFZS,5.0,Great deal for 2 bags!,"These bags are absolutely great!  Great for bread or any fresh baked goods really.  Easy to use and easy to clean, making life easier!  The bags seal well and keep bread fresh longer than usual.  The bags are also a good size, we are able to put a whole homemade loaf in with room to spare.  I highly recommend this product.",20250907,freshness_or_drying; cleaning; size_fit,https://www.amazon.com/gp/customer-reviews/R1J9DCN65NQ0PL,False,"[{""name"":""Color"",""detail"":""White -1""}]",0
B0F3HKCFZS,B0F3HKCFZS,https://www.amazon.com/dp/B0F3HKCFZS,5.0,works great with sourdough bread,"really nice bags,  Keeps bread fresh for several days.  Beeswax materiel is nice and easy to clean",20250906,freshness_or_drying; smell_or_wax; cleaning,https://www.amazon.com/gp/customer-reviews/R1LCJP5KPEV6DX,True,"[{""name"":""Color"",""detail"":""White -1""}]",0
B0F3HKCFZS,B0F3HKCFZS,https://www.amazon.com/dp/B0F3HKCFZS,5.0,Great bread bags,"Great for holding my freshly baked bread. I try to avoid using plastic bags as much as possible, so these are a lifesaver!",20250905,freshness_or_drying,https://www.amazon.com/gp/customer-reviews/RGZNVW753YBMF,True,"[{""name"":""Color"",""detail"":""White -1""}]",1
B0F3HKCFZS,B0F3HKCFZS,https://www.amazon.com/dp/B0F3HKCFZS,5.0,You will receive 2 large bread bags.,I love the bread bags! They really keep bread fresh for a longer period time.  I just wished they came in two sizes. One large and one medium.,20250901,freshness_or_drying; size_fit,https://www.amazon.com/gp/customer-reviews/R1PH3XVTLBHZX2,True,"[{""name"":""Color"",""detail"":""White -1""}]",0
B0F3HKCFZS,B0F3HKCFZS,https://www.amazon.com/dp/B0F3HKCFZS,5.0,Perfect! I am a believer.,These bags are awesome! The bags themselves are heavy cotton outside with a beeswax type liner inside. They feel incredibly well made and sturdy.  Definitely a quality product.  I tested them with a baguette that I cut in half in order to fit.  It fit well.  The next day the bread was still good!  I ended up getting three days out of my fresh bread and i ate it all before it went stale so it may last even longer.  The bags have a heavy zipper and lock at the top.  Super easy to use and are cute enough to leave out on the counter top.  The functionality is great and I can imagine so many uses other than just bread but I would buy this for bread alone.,20250828,freshness_or_drying; smell_or_wax; size_fit; durability,https://www.amazon.com/gp/customer-reviews/RYIWCBUVS6A7P,False,"[{""name"":""Color"",""detail"":""White -1""}]",0
B0F3HKCFZS,B0F3HKCFZS,https://www.amazon.com/dp/B0F3HKCFZS,5.0,Good quality,Great bag for homemade bread,20250821,,https://www.amazon.com/gp/customer-reviews/R5VFISCCOXCGT,True,"[{""name"":""Color"",""detail"":""White -1""}]",0
B0F3HKCFZS,B0F3HKCFZS,https://www.amazon.com/dp/B0F3HKCFZS,5.0,Love it!,Loved these!!! Great quality as well.,20250812,,https://www.amazon.com/gp/customer-reviews/R2L40HMWD7MNAV,True,[],0
B0F3HKCFZS,B0F3HKCFZS,https://www.amazon.com/dp/B0F3HKCFZS,5.0,Good bags,"I don‘t make homemade sourdough bread any longer, but I still like to eat it.My solution: buying bread from my local bakery. That‘s where the Oerdoh Bread Bags come in.  I believe they work just as well on purchased bread as homemade bread. And I didn‘t have to turn the oven on!!Turn them inside out, rinse with water and dry to clean.  They work for me",20250810,freshness_or_drying; cleaning; size_fit,https://www.amazon.com/gp/customer-reviews/R16XCHZP4ZJGY4,False,"[{""name"":""Color"",""detail"":""White -1""}]",0
B0F3HKCFZS,B0F3HKCFZS,https://www.amazon.com/dp/B0F3HKCFZS,5.0,Reusable Organic Beeswax Cloth bread bags,"I have always tried to figure out how best to store my noknead bread that I make in the dutch oven.  A plastic bag makes the crust go soft too fast and mold sets in very quickly.  If I don‘t put it in a ziplock bag, it dries out too fast. These reusable beeswax bags have solved that for me.They‘re big enough to fit my loaves of bread made in a dutch oven. They keep the bread from drying out but do not add a lot of moisture, so I‘m not throwing out bread anymore.  The zipper is a nice feature and the bags are pretty enough to leave out on the counter, inviting my family to come have a slice of bread.  Very nice cloth; I can see these will last a long time.  Had no trouble cleaning these inside out and placing them in my drying rack.These bread bags would make a nice housewarming gift to someone who bakes bread.",20250805,freshness_or_drying; moisture_or_mold; smell_or_wax; cleaning; size_fit; durability; value_or_quantity,https://www.amazon.com/gp/customer-reviews/R11J8WQCHHOILZ,False,"[{""name"":""Color"",""detail"":""White -1""}]",0
B0F3HKCFZS,B0F3HKCFZS,https://www.amazon.com/dp/B0F3HKCFZS,5.0,These work!,Wonderful! Wish I had discovered these sooner. The bread keeps perfectly.,20250802,,https://www.amazon.com/gp/customer-reviews/R3UKP2SSBKI7MH,True,"[{""name"":""Color"",""detail"":""White -1""}]",0
B0F3HKCFZS,B0F3HKCFZS,https://www.amazon.com/dp/B0F3HKCFZS,5.0,Must have for anyone who bakes bread!,These bread bags are absolutely perfect.  We use them to store mostly sourdough bread and the size is nice and big and fits every loaf no matter how big.  There‘s no weird smell or off putting taste with it either. It zips up to keep the bread fresh and in many cases warm.  We absolutely do not take bread anywhere now without one.  It seems incredibly durable and tough.  The zipper is good quality and all the materials are strong.This is basically a must have for anyone who bakes bread and likes to take it places.  Heck you can even just use it at home if you want to keep the bread good.  I highly recommend this.,20250725,freshness_or_drying; smell_or_wax; size_fit; durability,https://www.amazon.com/gp/customer-reviews/R2BJKBKA2B31XF,False,"[{""name"":""Color"",""detail"":""White -1""}]",0
B0F3HKCFZS,B0F3HKCFZS,https://www.amazon.com/dp/B0F3HKCFZS,5.0,Large capacity for fresh bakery products,Large capacity fits sourdough bread loaves. Easy clean wax interior with zipper and buckle close. I did see a difference in freshness over the week.,20250724,freshness_or_drying; smell_or_wax; cleaning; size_fit; durability,https://www.amazon.com/gp/customer-reviews/R2AXLBQZHHK0RC,True,[],0
B0F3HKCFZS,B0F3HKCFZS,https://www.amazon.com/dp/B0F3HKCFZS,4.0,Well made sturdy bags . . . I worry that they might be too air tight,I like the quality of construction of these bags and how they look. The size is perfect for my breadmaker bread. The sealed interior fabric is easy to clean but I worry that they‘re a little too air tight. I haven‘t had issues but I worry about it being too good an environment for mold,20250722,moisture_or_mold; cleaning; size_fit,https://www.amazon.com/gp/customer-reviews/R1F15PDHFJT2CU,False,"[{""name"":""Color"",""detail"":""White -1""}]",0
B0F3HKCFZS,B0F3HKCFZS,https://www.amazon.com/dp/B0F3HKCFZS,5.0,"Good Material, Excellent Size!","I really love these bread bags! Preserving bread has never been an easy task as it‘s so easy for them to get stale/get moldy, and regular bags either don‘t seal well at all. These beeswax bread bags are completely different! We purchased local artisan bread from a local bakery and kept it in the bag for four days. The bread was still as delicious as if it had just come out of the oven. The print of the various types of breads on the bags is also super cute - highly recommended!",20250719,freshness_or_drying; moisture_or_mold; smell_or_wax,https://www.amazon.com/gp/customer-reviews/RD38HDZ1X9MU,False,"[{""name"":""Color"",""detail"":""White -1""}]",0
B0F3HKCFZS,B0F3HKCFZS,https://www.amazon.com/dp/B0F3HKCFZS,4.0,"Seems to work pretty well, but more work than I want","This bread bag was very interesting to me, I live in a very dry climate and bake a lot of bread. With traditional sourdough I don‘t put it in plastic or the crust gets soft. But you still have to protect the cut portion or it will become rock hard. So I tried these bags to see if I could come to a happy medium.They did keep the bread crunchy for several days longer than they would in a plastic bag, and kept the cut portion softer. However, they are definitely more work than I prefer to do in order to maintain my bread, and since the bread is hidden it isn‘t eaten as fast in my house.There was a smell that I was uncomfortable with when I initially opened the package, but it went away over time. However, I did feel like I needed to wash the bags before use, and they are not particularly easy to clean.Cool water, inside out, don‘t get the outside wet, air dry, etc is a lotwhen you‘re just trying to eat bread.",20250719,freshness_or_drying; smell_or_wax; cleaning; size_fit; value_or_quantity,https://www.amazon.com/gp/customer-reviews/R2UC1DF8OR0AE2,False,"[{""name"":""Color"",""detail"":""White -1""}]",3
B0F3HKCFZS,B0F3HKCFZS,https://www.amazon.com/dp/B0F3HKCFZS,5.0,Great reusable bread bag,"Wonderful quality item for my aunt‘s homemade bread, helps to keep fresh and reduce waste with this reusable option",20250716,freshness_or_drying,https://www.amazon.com/gp/customer-reviews/R2SLXUTGNY39F1,True,"[{""name"":""Color"",""detail"":""White -1""}]",0
B0F3HKCFZS,B0F3HKCFZS,https://www.amazon.com/dp/B0F3HKCFZS,5.0,Love,Excellent bags. Love the size and quality. It is lined with thick plastic on the inside and have zippers. I’m excited to bake my first few loaves and store them inside to see how fresh everything stays. It comes with 2 bags.,20250715,freshness_or_drying; size_fit; durability,https://www.amazon.com/gp/customer-reviews/RR3QLVVRWF6LY,False,"[{""name"":""Color"",""detail"":""White -1""}]",0
B0F3HKCFZS,B0F3HKCFZS,https://www.amazon.com/dp/B0F3HKCFZS,5.0,Better alternative to plastic,So far so good. Much better than using a ziplock bag. Seems to keep the bread fresher longer as it doesn‘t trap moister like plastic does.,20250711,freshness_or_drying; moisture_or_mold; durability,https://www.amazon.com/gp/customer-reviews/R1MGL0CTKTSAUX,True,"[{""name"":""Color"",""detail"":""White -1""}]",0
B0F3HKCFZS,B0F3HKCFZS,https://www.amazon.com/dp/B0F3HKCFZS,5.0,such a great gift,I friend of mine is baking bread at home and i gifted her this bag and she said that it is so good! Great quality and cute design!,20250710,,https://www.amazon.com/gp/customer-reviews/R37XL3GE04QRV2,True,"[{""name"":""Color"",""detail"":""White -1""}]",0
B0F3HKCFZS,B0F3HKCFZS,https://www.amazon.com/dp/B0F3HKCFZS,5.0,Love the Size and Zipper - Great for Homemade Bread!,"These are great bags and work really well! The large size fits even my biggest loaves, and multiple oaces at once, and they seal up nicely. The zipper is super convenient, way easier than tying off or folding down a regular bag. My bread stays fresh on the counter noticeably longer than it ever did in plastic or foil. They’re easy to clean, and it‘s simple to redistribute the beeswax if needed. Definitely a staple now for my sourdough routine!",20250709,freshness_or_drying; smell_or_wax; cleaning; size_fit; durability,https://www.amazon.com/gp/customer-reviews/R1ZJ0DQS8K76YT,False,"[{""name"":""Color"",""detail"":""White -1""}]",0
B0F3HKCFZS,B0F3HKCFZS,https://www.amazon.com/dp/B0F3HKCFZS,5.0,Perfect for my bread,"Perfect for my sourdough bread, love them!",20250708,size_fit,https://www.amazon.com/gp/customer-reviews/R1L3HGFJUAQXG0,True,"[{""name"":""Color"",""detail"":""White -1""}]",0
B0F3HKCFZS,B0F3HKCFZS,https://www.amazon.com/dp/B0F3HKCFZS,5.0,Perfect Upgrade for Storing Fresh Bread,"These beeswax bread bags turned out to be such a smart little upgrade for my homemade bread routine. They’re big enough to easily fit my sourdough loaves, with durable stitching and a thick linen feel that gives them a nice, rustic look on my counter. The zipper and wrap buckle combo is clever you can zip the bag shut, roll it down, and clip it tight, which really helps keep the bread soft and fresh for a few extra days.I also like that they feel sturdy and reusable, so I’m not wasting plastic bags or cling wrap every week. The waxed lining does a great job creating a barrier to help keep moisture in without turning the crust soggy. Even store-bought bread benefits from a quick transfer into one of these it stays fresher and looks a lot nicer sitting on the counter.Cleaning takes a bit of patience, since I like to turn mine inside out to wipe the lining, but it’s worth it to reuse them over and over. Overall, if you bake your own bread or pick up fresh loaves from a bakery, these are a great tool to help you store them well practical, good looking, and easy to use!",20250708,freshness_or_drying; moisture_or_mold; smell_or_wax; cleaning; size_fit; durability,https://www.amazon.com/gp/customer-reviews/RGKMDPIYK61NE,False,"[{""name"":""Color"",""detail"":""White -1""}]",0
B0F3HKCFZS,B0F3HKCFZS,https://www.amazon.com/dp/B0F3HKCFZS,5.0,Big Bags!,"The instructions made it sound like you can separate the inner wax lining from the outer bag, but you can’t (or at least I couldn’t figure out how to). I guess there is a clip part so you can hang it off things. I guess I could hang it off my pantry shelves or something but then I’d just forget about my bread.I used it to put part of a leftover loaf. It’s quite big for leftovers…and actually is pretty big for the whole loaf. I zipped it and folded it over. Even folded it over, it takes up a bit of space on my counter. I didn’t notice much  difference in my bread, but it works for storage :) I think it was more moist than usual. I think it usually dries out faster, but I don’t have a specific number of days or anything. It’s just all very qualitative…Nice!I think the name, “OerDoh” (Our Dough) is pretty clever XD",20250707,moisture_or_mold; smell_or_wax; size_fit; durability,https://www.amazon.com/gp/customer-reviews/R2KY62Z30GIUFO,False,"[{""name"":""Color"",""detail"":""White -1""}]",0
B0F3HKCFZS,B0F3HKCFZS,https://www.amazon.com/dp/B0F3HKCFZS,5.0,Beeswax bread bag,These bread bags are really really nice.  Thick and the beeswax on the inside is very nice.  The bag is very durable and is not going to break.  We used to cut our bread and then put inside a ziplock baggie.  This is so much nicer and easier to use.  The zipper of the bag is very nice and then you can fold over after zipping however much you need to keep your bread contained. Our bread has remained fresh and the bag is easy to clean and reuse over and over.  I am able to fit 2 homemade loaves in it but my loaves are a little smaller than normal.,20250706,freshness_or_drying; smell_or_wax; cleaning; size_fit; durability,https://www.amazon.com/gp/customer-reviews/RM8H5YCLD3NSO,False,"[{""name"":""Color"",""detail"":""White -1""}]",0
B0F3HKCFZS,B0F3HKCFZS,https://www.amazon.com/dp/B0F3HKCFZS,5.0,Great Product!,"I was hesitant about this working but after using it for a few weeks on the fresh bread from our local bakery, I can say this works amazingly well!The only downside is the difficulty to clean. I turned it inside out (seen in photo) which was difficult but not impossible. It‘s well worth it to not have half a loaf go bad in just a couple days.",20250703,freshness_or_drying; cleaning; size_fit,https://www.amazon.com/gp/customer-reviews/RO1ZD5FNEOR8L,False,"[{""name"":""Color"",""detail"":""White -1""}]",0
B0F3HKCFZS,B0F3HKCFZS,https://www.amazon.com/dp/B0F3HKCFZS,4.0,Rustic look,"This is a review for “Bread Bags for Homemade Bread - 2 Packs XL Reusable Organic Beeswax Linen Cotton Sourdough Bag, Homesteading Essentials Sourdough Bags with Sealing Zip to Keep Fresh“.These feel pretty well made, and definitely much nicer than plastic ones. Size is large, you could fit a large sourdough loaf in one. Plus the closing mechanism is nice for keeping the bread fresh a little longer. I wish the beeswax lining felt more solid. Still, it does help the bread last compared to not using a bag or using a plastic one. Great for homemade bread or store bought.",20250702,freshness_or_drying; smell_or_wax; size_fit; durability; value_or_quantity,https://www.amazon.com/gp/customer-reviews/R3UM5P8U2ICV9R,False,"[{""name"":""Color"",""detail"":""White -1""}]",0
B0F3HKCFZS,B0F3HKCFZS,https://www.amazon.com/dp/B0F3HKCFZS,5.0,Very nice bread bags,"Super happy with these bread bags. They are extra large, have waxed lining and a zipper as well as the wrap and lock feature. I love making sourdough bread, and I hate using plastic to store it.",20250630,smell_or_wax; size_fit; durability,https://www.amazon.com/gp/customer-reviews/R1YMKMKMEE49UD,True,"[{""name"":""Color"",""detail"":""White -1""}]",0
B0F3HKCFZS,B0F3HKCFZS,https://www.amazon.com/dp/B0F3HKCFZS,5.0,Nice Quality Linen and Beeswax Bags,"I love to bake sourdough, and having a method of storing it without using a plastic bag is important to me.  These bags are great.  They are a generous size and seem to be made of healthier materials, and definitely not plastic.  The linen material is sturdy, and the beeswax serves to help the bread stay fresh longer.  A loaf of fresh sourdough usually only lasts a couple of days here, but these bread bags are perfect for giving us a more “natural“ way of storing our bread.  And even if I have to buy bread at the store, which yes, I still have to do, I can move the store-bought bread into one of these bags for healthier storage.",20250630,freshness_or_drying; smell_or_wax; size_fit,https://www.amazon.com/gp/customer-reviews/R5JZAGZEH5HWG,False,"[{""name"":""Color"",""detail"":""White -1""}]",0
B0F3HKCFZS,B0F3HKCFZS,https://www.amazon.com/dp/B0F3HKCFZS,5.0,Good material and excellent size,"My wife makes sourdough bread and we always had problems keeping it and keeping it, this is a great idea it is made of a resistant material and has a large capacity it also has a detail that we liked a lot and that is that it has a handle to be able to transport and so you do not hit the bread.",20250629,size_fit,https://www.amazon.com/gp/customer-reviews/R8DOBLEU04UY6,True,"[{""name"":""Color"",""detail"":""White -1""}]",0
B0F3HKCFZS,B0F3HKCFZS,https://www.amazon.com/dp/B0F3HKCFZS,4.0,"Functional, Beautiful, but Not Fully Circular ♻️","These bread bags are undeniably well made—durable stitching, functional zip closures, and a charming farmhouse aesthetic that elevates your countertop or lunch bag. They do a great job extending the freshness of foods (breads, produce, snacks), and they’re a solid upgrade from disposable plastic. That said, the environmental claims deserve a closer look. Marketing phrases like “eco-friendly,” “natural organic beeswax,” and “sustainable” are appealing—but in practice, these bags don’t fully align with zero-waste principles. The waxed lining doesn’t behave like traditional beeswax wraps—it lacks the distinct scent, texture, and pliability, and may include paraffin or other stabilizers (which aren’t compostable). And while the bags are reusable, their construction includes a zipper and plastic buckle—features that extend the product life and enhance utility, but also complicate end-of-life disposal. This isn’t a product you can toss in the compost when it’s worn out. In short: these bags are excellent for food storage, especially for short-term freshness. But for eco-conscious buyers expecting a fully recyclable or biodegradable option, this lands more in the “eco-inspired” category than truly “eco-friendly.” Still a great tool for reducing single-use waste, just know what you’re really getting.",20250628,freshness_or_drying; smell_or_wax; cleaning; durability,https://www.amazon.com/gp/customer-reviews/RBZMHQORLA5LY,False,"[{""name"":""Color"",""detail"":""White -1""}]",1
B0F3HKCFZS,B0F3HKCFZS,https://www.amazon.com/dp/B0F3HKCFZS,5.0,Quality Bags to keep breads warm and fresh,"A set of two bags arrived. The fabric (cotton linen) feels sturdy and of good quality—not cheap at all—with a decent thickness that adds to its durability. The interior is well-treated, which should help preserve the warmth and aroma of freshly baked bread. I just transferred some loaves from the bakery into them, and they still look great. The zip tie and the circular closure around the zipper secure the contents well, making the bags easy to carry. Overall, the linen material and finishing give me confidence that these bags will keep the bread fresh and in good condition.",20250628,freshness_or_drying; durability; value_or_quantity,https://www.amazon.com/gp/customer-reviews/R3EI3G3XAXXG43,False,"[{""name"":""Color"",""detail"":""White -1""}]",0
B0F3HKCFZS,B0F3HKCFZS,https://www.amazon.com/dp/B0F3HKCFZS,4.0,Keeps bread better longer,"I love baking my own bread, but without preservatives they don‘t last long, especially in humid Georgia. These have really helped, as the beeswax creates a sort of seal to keep humidity and mold out for at least a couple more days. I do still prefer to refrigerate mine, just to be on the safe side, though.",20250627,moisture_or_mold; smell_or_wax,https://www.amazon.com/gp/customer-reviews/R3NXLY260YUOLQ,False,"[{""name"":""Color"",""detail"":""White -1""}]",0
B0F3HKCFZS,B0F3HKCFZS,https://www.amazon.com/dp/B0F3HKCFZS,5.0,"Great Bread Bags, Work Well, Well Made","My wife makes her own home-made sourdough bread and these bags are awesome.Functionality/Quality:Very well built, no loose threads or holes. The zippers work very well and are well made. They do keep bread fresher, longer.Look/Finish:Nice design, I mean, yes it advertises their product but, honestly the name is unique enough and non-Chinese sounding so, it actually gives it a ‘high quality‘ appearance, especially if you pronounce it all Euro to your friends, “Oh, it‘s ‘Euh-Doh style.“ Daheck is that? I dunno, but it sounds fancy.30bucks, seems a little steep for 2 bags but, they are big, and they are very well made.",20250626,freshness_or_drying; size_fit; durability,https://www.amazon.com/gp/customer-reviews/R25D0ZJOR7MVC7,False,"[{""name"":""Color"",""detail"":""White -1""}]",0
B0F3HKCFZS,B0F3HKCFZS,https://www.amazon.com/dp/B0F3HKCFZS,5.0,Eco-Friendly Bread Bags That Keep Loaves Fresh,"These beeswax-lined linen bags are great!  The sturdy zipper seal keeps my bread fresh. The natural beeswax scent is subtle, and the XL size fits sandwich loaves with room to spare. It has quality stitching and dual closure and helps reduce plastic waste.",20250625,freshness_or_drying; smell_or_wax; size_fit; durability,https://www.amazon.com/gp/customer-reviews/R334PDXP4SZAG9,False,"[{""name"":""Color"",""detail"":""White -1""}]",0
B0FHWFDZ39,B0FHWFDZ39,https://www.amazon.com/dp/B0FHWFDZ39,5.0,So cute!!,I purchased these bags as a gift for my sourdough making friend. She absolutely loves them! They are durable and very easy to clean!,20260511,cleaning; size_fit; durability,https://www.amazon.com/gp/customer-reviews/R1MO0OHE5D87RY,False,"[{""name"":""Color"",""detail"":""green and purple""}]",0
B0FHWFDZ39,B0CPLQGT7J,https://www.amazon.com/dp/B0CPLQGT7J,5.0,Nice but not for me,"This bread box is nice and it‘s cute but I don’t like having to find a place to put the lid every time that I get a piece of bread,",20260505,,https://www.amazon.com/gp/customer-reviews/R274N6VIDC712Q,False,"[{""name"":""Color"",""detail"":""Black""}]",0
B0FHWFDZ39,B0FHWFDZ39,https://www.amazon.com/dp/B0FHWFDZ39,5.0,These are the bomb!!,"I am very impressed with these bags. I received them a week ago, and stored a loaf of bread that I baked same day. Seven days later, and the bread hasn’t molded, and not dried out. I highly recommend these for folks who bake bread in their homes!",20260502,freshness_or_drying; moisture_or_mold; size_fit,https://www.amazon.com/gp/customer-reviews/R6DWFGTTD4BQ7,False,"[{""name"":""Color"",""detail"":""green and purple""}]",0
B0FHWFDZ39,B0GK76QQPJ,https://www.amazon.com/dp/B0GK76QQPJ,5.0,Great set for proofing and bread storage,"I was genuinely happy to get this set. It is such a relief to have something for proofing dough that is not a damp towel or plastic wrap. The bowl cover is much cleaner and easier to work with, and it feels like a more practical solution for regular baking.
The bread bag works well too. I fold the top down and use the clasp to keep my loaf covered, and it does a nice job helping the bread stay fresh. The material feels well made and sturdy enough for repeat use, and the overall quality is better than I expected for the price. The design is also elegant and beautiful. The bag is large enough to hold a bakery style loaf.

What stood out to me most is the value. Similar bread bags I have seen cost more, so this feels like a solid buy if you bake often and want something reusable that actually works.

Pros
• Great for dough proofing
• Nice alternative to plastic wrap or wet cloths
• Bread bag keeps loaves fresh well
• Easy to fold and secure at the top
• Good quality materials
• Very good value for the price

Cons
• Best suited for standard bowl sizes
• Requires gentle cleaning and care

Bottom line

This is a very useful set for anyone making sourdough or homemade bread at home. It works well, feels nicely made, and gives you a more reusable and practical way to proof and store bread without spending a lot.",20260430,freshness_or_drying; cleaning; size_fit; value_or_quantity,https://www.amazon.com/gp/customer-reviews/R2CBA0U5ZRTMJP,False,"[{""name"":""Color"",""detail"":""Beeswax Bread Bags Cover""}]",0
B0FHWFDZ39,B0GK76QQPJ,https://www.amazon.com/dp/B0GK76QQPJ,5.0,ESSENTIAL FOR HOMEMADE GLUTEN FREE SOURDOUGH BREAD!,"I recently used the cotton bowl cover while making my first-ever gluten-free sourdough breadand it turned out amazing! I used the reusable cover during the cold fermentation process (9-12 hours in the fridge), and it fit perfectly over my smaller bread bowl. One thing to note is that it doesn’t stretch much, so that could be a slight limitation depending on your bowl size.
Overall, I love that both the bowl cover and bread bag are eco-friendly, reusable, and easy to clean. I had some flour spill on the inside of the cover, and it wiped right off with a damp cloth. These have quickly become my new favorites!

The bowl cover reminds me of a shower cap...but for food and the bread bag keeps my sourdough fresh for about 2–3 days. After that, I’d recommend slicing and freezing it. I also really like the spring design and the clips on the bread ba. They keep pests (like my occasional fruit flies) out while still allowing airflow so the bread doesn’t get too damp or moldy.

My only wish is that there were an option to include an extra bowl cover or bread bag!",20260419,freshness_or_drying; moisture_or_mold; cleaning; size_fit,https://www.amazon.com/gp/customer-reviews/RTGKS1RDYK1ZC,False,,0
B0FHWFDZ39,B0GK76QQPJ,https://www.amazon.com/dp/B0GK76QQPJ,4.0,A Great Sourdough Companion with a Few Quirks,"It does a great job of maintaining that “sweet spot"" for sourdough. The beeswax lining creates a barrier that keeps the crumb moist while preventing the crust from getting as soggy as it would in a plastic bag. It fits a standard round boule or a medium oval loaf comfortably.
The Bowl Cover: This is the highlight for me. It fits my 10-inch glass bowls perfectly. Unlike plastic wrap, it breathes just enough during a long bulk fermentation so the dough doesn‘t get ""sweaty,"" but it stays sealed enough that the top of the dough doesn’t develop a dry skin.

Eco-Friendly: I love cutting back on single-use plastics. This feels durable and like it will last a season of heavy baking.

When it first arrives, the beeswax smell is quite strong. If you aren’t a fan of the smell of honey/wax, you’ll want to air it out for a day before putting a fresh loaf in it.

It’s easy to wipe down, but remember: cool water only. If you use hot water, you’ll melt the wax coating right off the cotton.

While the bag is ""breathable,"" if you live in an extremely humid climate, you still need to keep an eye on it to ensure no moisture gets trapped in the folds of the bag. For those with extra-large ""Texas-sized"" loaves, the 10-inch cover might be a tight squeeze, but for standard 500g–800g flour recipes, it’s a perfect fit.

It’s a thoughtful gift for a baker, but also a practical upgrade for your own kitchen. It performs better than a tea towel and is much prettier than a plastic bag. Just be patient with the initial waxiness!",20260414,freshness_or_drying; moisture_or_mold; smell_or_wax; cleaning; size_fit; durability,https://www.amazon.com/gp/customer-reviews/R25ZV3IFRE6FL6,False,,0
B0FHWFDZ39,B0GK76QQPJ,https://www.amazon.com/dp/B0GK76QQPJ,5.0,"Review for Beeswax Bread Bag and Cotton Bowl Cover Set, Reusable Bread Storage Bag for Sourdough","I’m really happy with this bread bag and bowl cover set. It’s an upgrade that makes a big difference since I started baking at home regularly. Quality feels great! It’s made out of thick, durable cotton and a natural beeswax lining that gives it a slightly structured feel. It’s not too stiff, but not too soft either.The bread bag does a great job at keeping homemade bread fresh, especially sourdough. I’ve noticed my sourdough still feels fresh 2 days after baking it. It keeps that balance between a crisp crust with a soft inside that doesn’t dry out too quickly. My loaves last longer compared to just leaving them out or using plastic.
The bowl cover is also really good. It fits snugly over my mixing bowls and feels very breathable, which seems to help the dough rise really well. Plus, it’s much more convenient and eco-friendlier than using plastic wrap.
I really like that this set is a sustainable choice and a great alternative to single-use items. A few months ago, I started looking for more environmentally friendly elements to incorporate to my everyday life, and this definitely helps my purpose. It’s reusable, easy to clean, and cuts down on single-use plastics without sacrificing performance. It’s both practical and easy to store, making it perfect for anyone who enjoys baking and wants a more natural way to store and proof their bread.",20260413,freshness_or_drying; smell_or_wax; cleaning; size_fit; durability; value_or_quantity,https://www.amazon.com/gp/customer-reviews/R3RRNBZXZPP6S4,False,,0
B0FHWFDZ39,B0FHWFDZ39,https://www.amazon.com/dp/B0FHWFDZ39,5.0,Magic Bags,These bags are magic and made well! I can hold homemade bread for nearly a week without molding. Well worth it!,20260412,moisture_or_mold,https://www.amazon.com/gp/customer-reviews/R8M1ISQPOWU2V,False,"[{""name"":""Color"",""detail"":""Purple+Green""}]",0
B0FHWFDZ39,B0GK76QQPJ,https://www.amazon.com/dp/B0GK76QQPJ,5.0,Pretty designs. Organic beeswax and cotton bag. Homemade.,"First, I am happy that these bread items came in an easy open seal bag, so you do not need to use a sharp object to open the shipping bag. You will have no worries about accidentally cutting the item.This is the second bread bag that I have ordered. I enjoyed the first set so much I ordered a another. I feel like the look screams organic and crunchy! I adore the tulip spring design. I love the whimsical print on this bread bag! They are homemade and the colors are bright. They give a very natural, homey appearance to your kitchen. As you know making your own sour dough is really trendy right now. The proofing cotton cover is a new one for me. It matches the bag well, but mostly love that it is all cotton and has a nice tight, secure elastic fit, up to 10 inch bowl,. Fits most bowls up to 10 inches, with elastic edges for a secure fit, It creates a perfect environment for your dough to rise. I love that I don’t need dangerous plastic bags for bread storage with these bags. The beeswax bags are large enough for big and full loaves, or several smaller breads. I love the organic feeling of cotton bags, and food grade beeswax for healthy eating. The organic, natural beeswax will help with long freshness and preservation to your bread. You spent all your time making the bread, let’s help keep it fresh longer! The plastic closure is easy to use and keeps the air exposure down, and also keeps your bread from drying out. The top of the bags have a thick and well seamed edge and easy to use opening. The bags are reusable, that saves you money and helps you do your part to keep plastic out of the landfills. The bags come with instructions for use and care. They are easy to hand wash and clean. Follow those instructions for long lasting results. I am looking forward to using these bags for many years to come. They are a great value, and you will save money as you will not need to keep buying plastic bags.",20260412,freshness_or_drying; smell_or_wax; cleaning; size_fit; value_or_quantity,https://www.amazon.com/gp/customer-reviews/R26F53JUF7P9I7,False,,0
B0FHWFDZ39,B0CPLQGT7J,https://www.amazon.com/dp/B0CPLQGT7J,4.0,Aesthetically pleasing,"Aesthetically I love it, it fits the color theme of my kitchen. I also love that the lid doubles as a cutting board, I just wish the lid was more air tight.",20260411,size_fit,https://www.amazon.com/gp/customer-reviews/R22XX4HQDLUWZN,False,"[{""name"":""Color"",""detail"":""Black""}]",0
B0FHWFDZ39,B0GK76QQPJ,https://www.amazon.com/dp/B0GK76QQPJ,5.0,Great reusable bread storage and proofing set,"I picked this up to try for both bread storage and dough prep, and it has been a really nice addition to my setup.
The bread bag is a great size for a standard loaf and works really well for keeping bread fresh on the counter. It helps keep the inside soft while still allowing the outside to stay more like a bakery style loaf instead of getting soggy like it can in plastic. I like that it is lightweight and flexible, which makes it easy to store when not in use.

The bowl cover is also a nice bonus. It fits snug over a mixing bowl and works well for covering dough while it is rising. It stays in place and provides a breathable cover, which I prefer over plastic wrap.

The material feels durable and well made, and the patterns are really cute without being over the top. Everything is easy to clean with a quick rinse and air dry.

Overall, this is a simple but useful set if you make homemade bread or just want a reusable option for storing it.",20260411,freshness_or_drying; cleaning; size_fit; durability; value_or_quantity,https://www.amazon.com/gp/customer-reviews/RJU7BFPK6OO0T,False,,0
B0FHWFDZ39,B0GK76QQPJ,https://www.amazon.com/dp/B0GK76QQPJ,4.0,This beeswax bread bag and bowl cover set is a nicely-executed take on reusable bread storage.,"The overall construction is what stands out first. The bag is well made and nicely finished, with clean stitching and materials that feel durable without being overly stiff. It has that expected beeswax-lined texture that feels appropriate for bread storage, and it gives the impression it will hold up over time. The cotton bowl cover is equally well done—it fits securely and works well to seal a bowl without using plastic wrap. YAY !!!!!
In actual use of the fabric bag, it performs well. I’ve successfully used it to store fresh sourdough boules, and it does a good job maintaining the crust and interior texture for a reasonable period. It’s not going to extend shelf life dramatically, but for keeping bread fresher, it works as expected and adds a day or 2 if you aren‘t freezing the bread.

One design element I didn’t quite understand at first was the the plastic clasps on the bag. They didn’t seem designed to do anything particularly helpful. But after watching the video from the seller, after folding the top of the bag, the claps allows you to mostly secure the top from reopening. I guess that works, but I think an internal drawstring sewn into the top seam would have been more useful.

That aside, the rest of the design is practical and well executed. The bowl cover is listed as organic and made in China?

✅ both pieces are nicely made with clean, durable construction
✅ bag works well for sourdough storage and proofing
✅ bowl cover fits securely (if slightly warmed before application) and performs as expected
✅ bowl cover helps to cut down on plastic wrap waste
⛔ plastic clasp doesn’t serve a clear purpose

BOTTOM LINE: well-made set that works well",20260411,freshness_or_drying; smell_or_wax; cleaning; size_fit; durability; value_or_quantity,https://www.amazon.com/gp/customer-reviews/R3BZCPAC1ZI0PA,False,,0
B0FHWFDZ39,B0GK76QQPJ,https://www.amazon.com/dp/B0GK76QQPJ,5.0,Natural Food Storage That Actually Works,"I’ve always liked using beeswax wraps, and this Beeswax Bread Bag and Cotton Bowl Cover Set is a great example of why. It creates a breathable barrier that helps keep bread from drying out too quickly, which means you get a couple of extra days to enjoy something like sourdough without it going stale. It strikes a nice balance between protecting the bread and still letting it breathe.
The quality of both the bag and bowl cover feels solid, especially when using them for proofing dough. They fit well, hold their shape, and do exactly what you’d want during the process without feeling flimsy or overly stiff.

Beeswax coverings are great because they’re reusable, naturally antibacterial, and help regulate moisture better than plastic. Instead of trapping condensation, they allow just enough airflow to keep food fresher for longer. It’s a simple, more natural way to store and protect food while cutting down on disposable materials.",20260410,freshness_or_drying; moisture_or_mold; smell_or_wax; size_fit; value_or_quantity,https://www.amazon.com/gp/customer-reviews/R1OMPV3EZ3DEJV,False,,0
B0FHWFDZ39,B0GK76QQPJ,https://www.amazon.com/dp/B0GK76QQPJ,5.0,Great replacement for plastic wrap,"     Throw out the plastic wrap! These are great. Excellent quality materials. Feels sturdy yet soft, which is great for breads! They are super easy to use and do exactly what they are designed to do - better than I expected actually. If I had any concern about the structure, it would be the single stitch seam around the bowl cover, but I think it will hold.

The bread bag is fantastic. I put a few rolls in there - you could easily fit a dozen or more - and 5 days later the rolls are still soft! Not as soft as when I first got them out of the bag, but still quite lovely. This is going to be great for my homemade sourdough bread.

The bowl cover is super versatile. It covers my 7 inch bowl up to my 11 inch bowl. I found a 12 inch Tupperware to try it on and that fit great too. Keeps my food fresh and I don’t worry about extra plastics covering my food.

Everyone needs these in their pantry. It’s going to be a new staple item in mine. Highly recommend.",20260410,freshness_or_drying; size_fit; durability,https://www.amazon.com/gp/customer-reviews/R12H2HS68H7CLP,False,,0
B0FHWFDZ39,B0GK76QQPJ,https://www.amazon.com/dp/B0GK76QQPJ,5.0,beautiful and practical,"This is such a beautiful and practical item. The bread bag is great to use for your fresh homemade bread and easy to clean and reuse. The beeswax cover is well-made and I can tell both items will last a very long time. The patterns look just like the advertised pictures and both items are beautiful.
Both of these items are great for those trying to move away from plastics and toward more sustainable options",20260410,freshness_or_drying; smell_or_wax; cleaning,https://www.amazon.com/gp/customer-reviews/R2FTADLOQBET0I,False,,0
B0FHWFDZ39,B0FHWFDZ39,https://www.amazon.com/dp/B0FHWFDZ39,5.0,"Cute, keeps bread fresh, and worth the $$","Love these. Keeps my homemade sourdough fresh, and they are so cute. Make sure you eat or toss the bread before it goes bad, i left one in the bag while i went on vacation and the mold clung to the inside. It wasnt too hard to clean out, but left a stain behind. It also does not hold water, as i tried to soak the inside and left it sitting on the counter.",20260409,freshness_or_drying; moisture_or_mold; cleaning; size_fit,https://www.amazon.com/gp/customer-reviews/R4JVXMCN4KEH4,False,"[{""name"":""Color"",""detail"":""Purple+Green""}]",0
B0FHWFDZ39,B0GK76QQPJ,https://www.amazon.com/dp/B0GK76QQPJ,5.0,"Practical, sustainable, and so cute","I absolutely love this beeswax bread bag and cotton bowl cover set! It’s such a great eco-friendly alternative to plastic, and it keeps my homemade sourdough fresh so much longer than I expected.
The beeswax bag is well-made and has a nice, sturdy feel without being too stiff. It’s easy to use and seals well, helping maintain the perfect texture of my bread, crispy on the outside and soft on the inside. The cotton bowl cover is just as useful and fits nicely over my mixing bowls during proofing.

I also appreciate how reusable and easy to clean everything is. It feels good knowing I’m reducing waste while still getting great performance.

Overall, this set is both practical and sustainable. If you bake bread at home, this is definitely worth it!",20260408,freshness_or_drying; smell_or_wax; cleaning; size_fit; value_or_quantity,https://www.amazon.com/gp/customer-reviews/R23GWH52XLQ027,False,,0
B0FHWFDZ39,B0GK76QQPJ,https://www.amazon.com/dp/B0GK76QQPJ,4.0,Kinda Cool But Not Really a 2 Pack,"I got this to store my sourdough since plastic bags always make it go bad fast. The bag holds a big loaf easy and that waxy inside keeps the crust crisp while the middle stays soft for days. The cover works alright on my bowl when dough is rising.
They call it a 2 pack but I just got one of each which sucks. Already used up the bag in a week and need another. Its good enough but come on match the listing next time. Might grab more if they sort that out.",20260408,freshness_or_drying; smell_or_wax; size_fit; value_or_quantity,https://www.amazon.com/gp/customer-reviews/R2FOD57E2JQGN9,False,,0
B0FHWFDZ39,B0GK76QQPJ,https://www.amazon.com/dp/B0GK76QQPJ,5.0,Perfect gift idea!,Amazing quality material. Colors match perfectly! This set would be a great gift for someone who loves to bake.,20260405,value_or_quantity,https://www.amazon.com/gp/customer-reviews/RZZ1C1AVKO04O,False,,0
B0FHWFDZ39,B0FHWFDZ39,https://www.amazon.com/dp/B0FHWFDZ39,5.0,Cute bread bags,"Great bread bags, only wish they came with directions for cleaning/care of them.",20260403,cleaning,https://www.amazon.com/gp/customer-reviews/R1WAIFAU8HC294,False,"[{""name"":""Color"",""detail"":""Purple+Green""}]",0
B0FHWFDZ39,B0GK76QQPJ,https://www.amazon.com/dp/B0GK76QQPJ,5.0,Love it for picnics and brunch,The bread bag with handle is such a nice touch. I brought homemade sourdough to a picnic and it was so easy to carry. It looks much nicer than using plastic or foil. The beeswax bread storage bag kept everything fresh for hours. I’ve already used it for brunch gatherings too.,20260401,freshness_or_drying; smell_or_wax; size_fit,https://www.amazon.com/gp/customer-reviews/R5WEYUIP0N0M2,False,,0
B0FHWFDZ39,B0GK76QQPJ,https://www.amazon.com/dp/B0GK76QQPJ,5.0,Perfect for proofing and daily use,"I originally bought this for dough proofing, and the beeswax bowl cover works really well. My dough rises evenly without drying out. The reusable bread bag is also super handy for storing leftovers or fresh loaves. I use it almost every day now, definitely a useful kitchen item.",20260401,freshness_or_drying; smell_or_wax,https://www.amazon.com/gp/customer-reviews/R1G2QFX71HT34T,False,,0
B0FHWFDZ39,B0CPLQGT7J,https://www.amazon.com/dp/B0CPLQGT7J,5.0,Great snug bread box.,Nice design for a small kitchen. Very much like the black with wood top. Doesn’t take up too much room on the counter and is attractive,20260320,size_fit,https://www.amazon.com/gp/customer-reviews/RS3B8MF1XTF2P,False,"[{""name"":""Color"",""detail"":""Black""}]",0
B0FHWFDZ39,B0FHWFDZ39,https://www.amazon.com/dp/B0FHWFDZ39,5.0,Beautiful & Sealed freshness,Beautiful and keeping our homemade bread fresher for a longer period of time without plastics and chemicals! Great size and sealed for freshness! I‘m really impressed as I make 2 loaves a week!,20260307,freshness_or_drying; size_fit,https://www.amazon.com/gp/customer-reviews/R2MCUM6OGOWZE8,False,"[{""name"":""Color"",""detail"":""Purple+Green""}]",0
B0FHWFDZ39,B0CPLQGT7J,https://www.amazon.com/dp/B0CPLQGT7J,5.0,This is the best and so cute!,Absolutely gorgeous and holding all my different loafs of bread! Strongly recommend.,20260226,size_fit,https://www.amazon.com/gp/customer-reviews/RLWTQX0KNTZKY,False,"[{""name"":""Color"",""detail"":""Black""}]",0
B0FHWFDZ39,B0FHWFDZ39,https://www.amazon.com/dp/B0FHWFDZ39,5.0,Love love love,"These were a gift for my best friend and shes obsessed. Loves the thickness and quality of the bags, plus the pattern. It kept her bread fresh for 2 weeks and she said her sourdough stayed soft.",20260217,freshness_or_drying; size_fit,https://www.amazon.com/gp/customer-reviews/R2KW36EPA9D79G,False,"[{""name"":""Color"",""detail"":""Purple+Green""}]",0
B0FHWFDZ39,B0CPLQGT7J,https://www.amazon.com/dp/B0CPLQGT7J,5.0,love this bread box,"So cute and practical small bread box, fits one loaf within little room left over.",20260217,size_fit,https://www.amazon.com/gp/customer-reviews/R1API2KGT8N7QJ,False,"[{""name"":""Color"",""detail"":""Black""}]",0
B0FHWFDZ39,B0CPLQGT7J,https://www.amazon.com/dp/B0CPLQGT7J,5.0,Very pleased with this purchase!,"I love the bread box! I have a small kitchen, so the size of this bread box is a nice fit for my counter. It‘s light weight yet good quality. I love the look. The lid is thin, so I’m not sure if it would work as a cutting board (I haven’t tried using it as one). Overall, I’m very pleased with the purchase.",20260214,size_fit,https://www.amazon.com/gp/customer-reviews/RK346WHFUAKTS,False,"[{""name"":""Color"",""detail"":""Black""}]",0
B0FHWFDZ39,B0CPLQGT7J,https://www.amazon.com/dp/B0CPLQGT7J,5.0,Recommend this product,Goes great with my kitchen I love the design and I appreciate the fact it has a seal on the lid,20260207,,https://www.amazon.com/gp/customer-reviews/R33VHUVGZWVIH1,False,"[{""name"":""Color"",""detail"":""Black""}]",0
B0FHWFDZ39,B0CPLQGT7J,https://www.amazon.com/dp/B0CPLQGT7J,5.0,Breadbox,Simply beautiful.,20260129,,https://www.amazon.com/gp/customer-reviews/R3GHQSOUBFRMPI,True,"[{""name"":""Color"",""detail"":""Black""}]",0
B0FHWFDZ39,B0CPLQGT7J,https://www.amazon.com/dp/B0CPLQGT7J,5.0,Bread stays fresh ....,"Keeps my bread, tortillas .... Fresh",20260121,freshness_or_drying,https://www.amazon.com/gp/customer-reviews/R3MR63Y6PFST7Z,True,"[{""name"":""Color"",""detail"":""Black""}]",0
B0FHWFDZ39,B0FHWFDZ39,https://www.amazon.com/dp/B0FHWFDZ39,5.0,Great product does everything it‘s should!,"These are perfect for one loaf of bread, there‘s just enough bees wax, I’ve had them a month,I bake my own breads, we are very pleased with this product. Does everything we expected it to do.",20251231,smell_or_wax; size_fit,https://www.amazon.com/gp/customer-reviews/R3FKR3ZRLF1ZO4,True,"[{""name"":""Color"",""detail"":""Purple+Green""}]",0
B0FHWFDZ39,B0CPLQGT7J,https://www.amazon.com/dp/B0CPLQGT7J,5.0,Practical and attractive,"I was looking for a bread box that could hold a fair amount but not take up lots of counter space or be too conspicuous. I wasn‘t sure this would do it, but I gave it a shot, and I am so pleased with it. My last one seemed to take up space but not hold that much. This was is the reverse, and it’s nice looking",20251226,,https://www.amazon.com/gp/customer-reviews/R1GCL3J677YVHU,True,"[{""name"":""Color"",""detail"":""Black""}]",0
B0FHWFDZ39,B0FHWFDZ39,https://www.amazon.com/dp/B0FHWFDZ39,5.0,Great bread and baked goods keeper!,They are esthetically pleasing which doesn’t hurt. Beautiful construction and function. First loaf of bread has lasted so much longer than in a plastic bag. Great investment!,20251217,size_fit,https://www.amazon.com/gp/customer-reviews/R1T86E5G9DSJ66,True,"[{""name"":""Color"",""detail"":""Purple+Green""}]",0
B0FHWFDZ39,B0FHWFDZ39,https://www.amazon.com/dp/B0FHWFDZ39,5.0,Great quality and absolutely beautiful!,LOVE these! They are SO beautiful and are very good quality. They are easy to open and reseal. I am likely to buy more. Is a smart purchase!,20251211,,https://www.amazon.com/gp/customer-reviews/R3DKODER4S2H33,True,"[{""name"":""Color"",""detail"":""Purple+Green""}]",0
B0FHWFDZ39,B0CPLQGT7J,https://www.amazon.com/dp/B0CPLQGT7J,5.0,keeps butter nicely 24 hrs. I use so much butter-used up real quick so never goes bad.,Beautiful… Just beautiful. Have a tiny little plant sitting on the left side and a black ceramic butter dish that says “Butter“ on it… So cute. And it’s got a tiny brown wooden/knife that I never use that’s on top. For display only I guess but really cute.. love it.,20251207,,https://www.amazon.com/gp/customer-reviews/R1A3LOECMI5HW6,True,"[{""name"":""Color"",""detail"":""Black""}]",0
B0FHWFDZ39,B0CPLQGT7J,https://www.amazon.com/dp/B0CPLQGT7J,5.0,Easy to use,Nice design and great quality,20251206,,https://www.amazon.com/gp/customer-reviews/R3VZWG1KRVJ9D9,True,"[{""name"":""Color"",""detail"":""Black""}]",0
B0FHWFDZ39,B0FHWFDZ39,https://www.amazon.com/dp/B0FHWFDZ39,2.0,These are not lined with beeswax,"Nice bags, but they are lined with plastic, not beeswax. Disappointed.",20251117,smell_or_wax,https://www.amazon.com/gp/customer-reviews/R2UKFNQ64CGEPC,True,"[{""name"":""Color"",""detail"":""Purple+Green""}]",0
B0FHWFDZ39,B0CPLQGT7J,https://www.amazon.com/dp/B0CPLQGT7J,5.0,Keeps my bread fresher longer.,I wanted something like this to keep my loaf of bread to last longer without becoming stale or moldy.  I had been keeping it in the pantry and I’ve noticed some mold growing on it.  I saw how cute and small this one was so I purchased it. It has definitely kept my bread fresh longer. So it’s worth the money.,20251109,freshness_or_drying; moisture_or_mold; size_fit,https://www.amazon.com/gp/customer-reviews/R6C8YR997BLZH,True,"[{""name"":""Color"",""detail"":""Black""}]",0
B0FHWFDZ39,B0CPLQGT7J,https://www.amazon.com/dp/B0CPLQGT7J,5.0,quality,good option for home made bread easy to clean,20251026,cleaning,https://www.amazon.com/gp/customer-reviews/R1X1PNKTNB4H3W,True,"[{""name"":""Color"",""detail"":""Black""}]",0
B0FHWFDZ39,B0CPLQGT7J,https://www.amazon.com/dp/B0CPLQGT7J,5.0,Very nice,Great lovevit,20251023,,https://www.amazon.com/gp/customer-reviews/R2QRH707F34748,True,"[{""name"":""Color"",""detail"":""Black""}]",0
B0FHWFDZ39,B0CPLQGT7J,https://www.amazon.com/dp/B0CPLQGT7J,5.0,Perfect,Great! Very nice,20251022,,https://www.amazon.com/gp/customer-reviews/R3M5C925Q6V7GE,True,"[{""name"":""Color"",""detail"":""Black""}]",0
B0FHWFDZ39,B0FHWFDZ39,https://www.amazon.com/dp/B0FHWFDZ39,4.0,Good quality product.,"Well made, very sturdy.  I think this would be more beneficial in my use if these were offered in a smaller size.  I use them for a few bagels and english muffins, but these are so big they take up too much space.",20251019,size_fit,https://www.amazon.com/gp/customer-reviews/R1VUW9QBXQ9DPK,True,"[{""name"":""Color"",""detail"":""Purple+Green""}]",0
B0FHWFDZ39,B0CPLQGT7J,https://www.amazon.com/dp/B0CPLQGT7J,5.0,looks very nice on kitchen counter.,keeps bread nice and fresh,20251013,freshness_or_drying,https://www.amazon.com/gp/customer-reviews/R1Z2TFGO13QZL7,True,"[{""name"":""Color"",""detail"":""Black""}]",0
B0FHWFDZ39,B0CPLQGT7J,https://www.amazon.com/dp/B0CPLQGT7J,5.0,Best bread box,This is just what I wanted.,20251004,,https://www.amazon.com/gp/customer-reviews/R2XES8N8749UDU,True,"[{""name"":""Color"",""detail"":""Black""}]",0
B0FHWFDZ39,B0CPLQGT7J,https://www.amazon.com/dp/B0CPLQGT7J,5.0,It does a good job!,I just love it!! Wish it came in a bigger size. Can hold a whole loaf and maybe half a liaf,20251004,size_fit,https://www.amazon.com/gp/customer-reviews/R11COK5BKNBT8I,True,"[{""name"":""Color"",""detail"":""Black""}]",0
B0FHWFDZ39,B0CPLQGT7J,https://www.amazon.com/dp/B0CPLQGT7J,5.0,Just as advertised.,"Wanted a smaller, less obnoxious bread box; this one fits the bill. Looks nice on my countertop.",20251002,size_fit,https://www.amazon.com/gp/customer-reviews/R1WL7TB0MG8VQV,True,"[{""name"":""Color"",""detail"":""Black""}]",0
B0FHWFDZ39,B0CPLQGT7J,https://www.amazon.com/dp/B0CPLQGT7J,5.0,Just the right size.,"This is a great little breadbox. This size is just right for one person, one loaf.Love the black it goes with my appliances.",20250926,size_fit,https://www.amazon.com/gp/customer-reviews/R2GXFYT79THC27,True,"[{""name"":""Color"",""detail"":""Black""}]",0
B0FHWFDZ39,B0CPLQGT7J,https://www.amazon.com/dp/B0CPLQGT7J,5.0,Breadbox,Nice,20250918,,https://www.amazon.com/gp/customer-reviews/R2XNFLMIVHF4MZ,True,"[{""name"":""Color"",""detail"":""Black""}]",0
B0FHWFDZ39,B0CPLQGT7J,https://www.amazon.com/dp/B0CPLQGT7J,5.0,Great bread box!,Very sturdy and looks nice in my kitchen,20250901,,https://www.amazon.com/gp/customer-reviews/R1PM563VCT1R7C,True,"[{""name"":""Color"",""detail"":""Black""}]",0
B0FHWFDZ39,B0CPLQGT7J,https://www.amazon.com/dp/B0CPLQGT7J,5.0,Nice look,Nice look,20250809,,https://www.amazon.com/gp/customer-reviews/R2EVNTGCSPCR15,True,[],0
B0FHWFDZ39,B0CPLQGT7J,https://www.amazon.com/dp/B0CPLQGT7J,4.0,Looks good,"Looks ok, but it is rather flimsy.  But it will hide my bread on the counter.",20250702,,https://www.amazon.com/gp/customer-reviews/R3UR5HGP6GEU2Z,True,[],0
B0FHWFDZ39,B0CPLQGT7J,https://www.amazon.com/dp/B0CPLQGT7J,5.0,Nice country feel....,Very nice and sturdy...love that the cover can double as a bread board! 10 out of 10,20250624,,https://www.amazon.com/gp/customer-reviews/R3ML8PD4YX7589,True,[],0
B0FHWFDZ39,B0CPLQGT7J,https://www.amazon.com/dp/B0CPLQGT7J,5.0,Great bread pan,Absolutely cute. The cutting board didn’t have any rough edges. Awesome for storing homemade bread and store bought. I like that it’s different from the traditional bread pan,20250623,,https://www.amazon.com/gp/customer-reviews/R1JUT62S9V1QQU,True,[],0
B0FHWFDZ39,B0CPLQGT7J,https://www.amazon.com/dp/B0CPLQGT7J,5.0,Good protection and freshness,Excellent bread box,20250619,,https://www.amazon.com/gp/customer-reviews/R3CYIAOY0YGVTX,True,[],0
B0FHWFDZ39,B0CPLQGT7J,https://www.amazon.com/dp/B0CPLQGT7J,5.0,Bread box,Love it,20250617,,https://www.amazon.com/gp/customer-reviews/RR9U9IDD1ZDLJ,True,[],0
B0FHWFDZ39,B0CPLQGT7J,https://www.amazon.com/dp/B0CPLQGT7J,5.0,Bread bin,Wonderful bread bin,20250612,,https://www.amazon.com/gp/customer-reviews/R38BMT13PTQ43F,True,[],0
B0FHWFDZ39,B0CPLQGT7J,https://www.amazon.com/dp/B0CPLQGT7J,5.0,Nice,It‘s perfect. It‘s the size of a loaf of bread or hamburger buns. Love it,20250612,size_fit,https://www.amazon.com/gp/customer-reviews/R1CRU10OC837CO,True,[],0
B0FHWFDZ39,B0CPLQGT7J,https://www.amazon.com/dp/B0CPLQGT7J,5.0,Nice,Great bread keeper,20250520,,https://www.amazon.com/gp/customer-reviews/R3Q3QA2QL6AIOY,True,[],0
B0FHWFDZ39,B0CPLQGT7J,https://www.amazon.com/dp/B0CPLQGT7J,5.0,Perfect on counter,Matches my all black kitchen perfectly and the butcher block on my island,20250519,,https://www.amazon.com/gp/customer-reviews/R20U1VG7JYGSD5,True,[],0
B0FHWFDZ39,B0CPLQGT7J,https://www.amazon.com/dp/B0CPLQGT7J,3.0,Not big enough!,This box looks nice and does hold a loaf of bread. I would not purchase if you want to store more than one loaf in it.,20250429,size_fit,https://www.amazon.com/gp/customer-reviews/R2G3T5QALA427K,True,[],0
B0FHWFDZ39,B0CPLQGT7J,https://www.amazon.com/dp/B0CPLQGT7J,3.0,decoration only!,"The box looks well made. The wood is smooth and does not have rough edges. The paint is nice and lettering is astatically pleasing. However, this should only be used for decoration. I tried to store my home made sourdough bread. Overnight my beautiful crackly crust was soft and pliable. After only a few days it was moldy and i had to throw it out. Store bought bread did not last much longer. This box traps moisture and does not breath. I am returning it.",20250328,freshness_or_drying; moisture_or_mold; size_fit,https://www.amazon.com/gp/customer-reviews/R1U9GZKW16XDWO,True,[],0
B0FHWFDZ39,B0CPLQGT7J,https://www.amazon.com/dp/B0CPLQGT7J,2.0,good cover but small inside,small size best for just one loaf of bread,20250312,size_fit,https://www.amazon.com/gp/customer-reviews/R2FYRVLYRER1NA,True,[],0
B0FHWFDZ39,B0CPLQGT7J,https://www.amazon.com/dp/B0CPLQGT7J,5.0,Butter dish,This is a very very nice butter dish. I’m glad I changed to this. It goes very well with my decor. I would highly recommend it.,20250312,,https://www.amazon.com/gp/customer-reviews/R2YBVA877C2WHZ,True,[],0
B0FHWFDZ39,B0CPLQGT7J,https://www.amazon.com/dp/B0CPLQGT7J,5.0,Bread  Box,This is a great bread box.....,20250227,,https://www.amazon.com/gp/customer-reviews/R2LT39QAUL6KB6,True,[],0
B0FHWFDZ39,B0CPLQGT7J,https://www.amazon.com/dp/B0CPLQGT7J,5.0,Looks nice in the kitchen,I actually have the writing to the back so the box is plain black. It’s nice and deep and the wooden lid is handy,20250222,,https://www.amazon.com/gp/customer-reviews/R3G5IENKWZN1HT,True,[],0
B0FHWFDZ39,B0CPLQGT7J,https://www.amazon.com/dp/B0CPLQGT7J,1.0,Broke in one use.,The lid broke in half the first time I pressed on it.  Very disappointed.,20250128,,https://www.amazon.com/gp/customer-reviews/R3A72WHCC0SFEG,True,[],0
B0FHWFDZ39,B0CPLQGT7J,https://www.amazon.com/dp/B0CPLQGT7J,5.0,Breadbox,I love the way this breadbox looks in my kitchen. Well worth the money,20250117,,https://www.amazon.com/gp/customer-reviews/RUJE6RQ0AWGG3,True,[],0
B0FHWFDZ39,B0CPLQGT7J,https://www.amazon.com/dp/B0CPLQGT7J,5.0,Material is aluminum end wooden lid !,Nice end comfortable for kitchen:),20241219,,https://www.amazon.com/gp/customer-reviews/RYJHY9QQJ2S78,True,[],0
B0FHWFDZ39,B0CPLQGT7J,https://www.amazon.com/dp/B0CPLQGT7J,4.0,A neat way to keep bread,I liked that this provided a way too keep bread neat and safely covered. We found the process of cutting the bread to be awkward and ended up not using it much. ,20241213,,https://www.amazon.com/gp/customer-reviews/R34HADVCJXDXW1,True,[],0
B0FHWFDZ39,B0CPLQGT7J,https://www.amazon.com/dp/B0CPLQGT7J,1.0,Size is.off,Oh sure this might keep store bought bread but it doesn‘t even close with bread from bread machine. This item also seems to keep in humidity after the bread is cut so the lid keeps down. ,20241211,,https://www.amazon.com/gp/customer-reviews/R5IXMW47Y5N7S,True,[],0
B0FHWFDZ39,B0CPLQGT7J,https://www.amazon.com/dp/B0CPLQGT7J,4.0,Pretty,"Not only is it beautiful, it‘s also efficient in doubling as a cutting board.  Wish it had a knob or something to make it easier to lift the lid though. ",20240924,,https://www.amazon.com/gp/customer-reviews/R108N2LCCR4GOV,False,[],0
B0FHWFDZ39,B0CPLQGT7J,https://www.amazon.com/dp/B0CPLQGT7J,5.0,Nice,I Love the color of it. Bread fits right in. ,20240911,size_fit,https://www.amazon.com/gp/customer-reviews/R8KGYKXL2GVJ1,True,[],0
B0FHWFDZ39,B0CPLQGT7J,https://www.amazon.com/dp/B0CPLQGT7J,3.0,Nice bread box and the lid works nice as a cutting board.,Nice bread box and the lid works nice as a cutting board. ,20240722,,https://www.amazon.com/gp/customer-reviews/RXP5NOK6X1PL9,False,[],0
B0FHWFDZ39,B0CPLQGT7J,https://www.amazon.com/dp/B0CPLQGT7J,5.0,Cute bread box,This is a cute bread box. It looks great on the kitchen counter. Keeps the bread fresher than just leaving it out on the counter. It also doesn‘t take up too much space. I also like that the lid is a cutting board. Neat product and I highly recommend! ,20240717,freshness_or_drying,https://www.amazon.com/gp/customer-reviews/R15UNSTRBZN2W8,False,[],1
B0FHWFDZ39,B0CPLQGT7J,https://www.amazon.com/dp/B0CPLQGT7J,5.0,"Nice, quality really good",I like it ,20240714,,https://www.amazon.com/gp/customer-reviews/R1M1YY4S6PM2NE,True,[],0
B0FHWFDZ39,B0CPLQGT7J,https://www.amazon.com/dp/B0CPLQGT7J,5.0,Great Bread Box!,"Love, love, love this bread box! Great size, bigger than other ones I‘ve seen, it‘s very well made, beautiful design, lovely color, and a really nice bamboo lid that doubles as a cutting board. Looks and functions great. Very aesthetically pleasing. Matches our farm style kitchen deco perfectly.  Beauty and functionality! Love it! ",20240628,size_fit,https://www.amazon.com/gp/customer-reviews/R2QQQH8E3NS88H,False,[],0
B0FHWFDZ39,B0CPLQGT7J,https://www.amazon.com/dp/B0CPLQGT7J,4.0,Awesome bread box pass on cutting board,"So for this one I didn‘t make a video So I can completely break down this product. So please go check that out. So I would Recommend this if you are looking for a cool looking bread box. Fits nicely anything on the counter on top of that.It does store decent amount of bread. However I would not be using it as a cutting board as there are some issues with the bamboo top. That being said , i‘m still going to recommend this because it is really good looking just use a different cutting board.",20240627,size_fit,https://www.amazon.com/gp/customer-reviews/R3EOUOVOZ5F3KB,False,[],4
B0FHWFDZ39,B0CPLQGT7J,https://www.amazon.com/dp/B0CPLQGT7J,4.0,Looks and Works Great!,"The box design looks so nice in the kitchen. Easy to use and clean. You can store it easily given the shape, if not needed. Keeps bread fresh in the standard timeframe. We use this with homemade bread and this is such a perfect box for it. Recommended!",20240625,freshness_or_drying; cleaning,https://www.amazon.com/gp/customer-reviews/R3FZZCDJ0540BJ,False,[],0
B0FHWFDZ39,B0CPLQGT7J,https://www.amazon.com/dp/B0CPLQGT7J,5.0,Good bread storage,"I make a lot of bread so having a bread box for storage it’s great. I also use this for my store bought breads and tortillas. The top is easy to remove, but doesn’t pop off. I haven’t used the top as a cutting board. It’s a nice looking and useful addition to my kitchen. ",20240611,,https://www.amazon.com/gp/customer-reviews/R228JQ5HKTKBMA,False,[],0
B0FHWFDZ39,B0CPLQGT7J,https://www.amazon.com/dp/B0CPLQGT7J,4.0,Fits homemade bread but lid does not fit flush,Bought this for homemade bread loafs because the store bought boxes werent big enough.  Only problem is the lid/cutting board does not fit flush on the box ,20240604,size_fit,https://www.amazon.com/gp/customer-reviews/R318FFLICUQ3NG,True,[],1
B0FHWFDZ39,B0CPLQGT7J,https://www.amazon.com/dp/B0CPLQGT7J,5.0,"The box is durable, easy to clean","Its sleek black metal construction with a bamboo lid not only enhances the countertop aesthetics but also offers functionality by doubling as a cutting board. While its compact size might not fit larger homemade loaves, it is perfect for smaller loaves, pastries, and bagels. The box is durable, easy to clean, and the bamboo lid adds a touch of elegance and convenience. Ideal for small spaces and those who appreciate multi-purpose kitchen tools, this bread box is a great value for its price and design ",20240523,cleaning; size_fit; durability; value_or_quantity,https://www.amazon.com/gp/customer-reviews/RVWD46T2TID2N,False,[],1
B0FHWFDZ39,B0CPLQGT7J,https://www.amazon.com/dp/B0CPLQGT7J,5.0,Bread Box,Elegant looking metal bread box.  The lid doubles as a wood cutting board which is very convenient.  I store my bagels inside and the cutting board is very convenient to slice them in the morning.,20240518,,https://www.amazon.com/gp/customer-reviews/RLVBOJCQA5MHM,False,[],0
B0FHWFDZ39,B0CPLQGT7J,https://www.amazon.com/dp/B0CPLQGT7J,5.0,Fantastic Bread Box with Bamboo Cutting Board Lid- Your bread will thank you!,"This Bread Box with Bamboo Cutting Board Lid is a stylish and practical addition to any kitchen counter. Crafted with modern design sensibilities and functionality in mind, this bread box offers the perfect solution for storing bread and keeping it fresh for longer.The sleek black metal construction not only adds a touch of contemporary flair to your kitchen but also ensures durability and longevity. Its compact size makes it ideal for small kitchen spaces, while its spacious interior provides ample room for storing bread, pastries, and other baked goods.The standout feature of this bread box is its bamboo cutting board lid, which doubles as a versatile surface for slicing bread or serving snacks. The natural bamboo adds warmth and texture to the overall design while offering a practical and hygienic solution for food preparation.Highly recommend it.",20240508,freshness_or_drying; size_fit,https://www.amazon.com/gp/customer-reviews/RAUDU3KGGOH48,False,[],0
B0FHWFDZ39,B0CPLQGT7J,https://www.amazon.com/dp/B0CPLQGT7J,5.0,Bread box,"This breadbox is sturdy, with bamboo cutting board. It is easy to use, easy to close, easy to clean. It is lightweight, and value for money. I recommend this.",20240425,cleaning; value_or_quantity,https://www.amazon.com/gp/customer-reviews/R3G4C3SQXVSVND,False,[],0
B0FHWFDZ39,B0CPLQGT7J,https://www.amazon.com/dp/B0CPLQGT7J,5.0,love it!,Looks great in my country kitchen and i love the bamboo cutting board lid. I had been looking for a bread box and never quite thrilled with what I saw until I came across this one. It is the perfect counter top bread box for my kitchen. Definitely recommend. it would also make a lovely house-warming (or other) gift - fill it will bakery items and you have a great gift box!,20240421,,https://www.amazon.com/gp/customer-reviews/R3AKP8EYSKDPEL,False,[],0
B0FHWFDZ39,B0CPLQGT7J,https://www.amazon.com/dp/B0CPLQGT7J,4.0,"Fancy shoe box? oh, bread box!","This bread box looks like a shoe box with a fancy lid. The two half-loafs I put in it are already very small bread loafs and the homemade bread I have had in the past is bigger than those typically so there is no way it would fit. I know some people make smaller loafs and those would fit just fine.This is a cool design with the black painted metal box and the bamboo/cutting board lid. For someone lacking space, this could help by combining a cutting board with a bread box.",20240416,size_fit,https://www.amazon.com/gp/customer-reviews/R37RSVJMOUO4YM,False,[],1
B0FHWFDZ39,B0CPLQGT7J,https://www.amazon.com/dp/B0CPLQGT7J,5.0,For Our Tiny House!,"We have a tiny house adjacent to our home on our property and we like to rent it out to others who like to stay for various reasons or who eventually want to remain therein for long periods of time. To that event, we have been looking for items to make it as comfortable and versatile as possible. This bread box is PERFECT for anyone who will reside therein! We also love wood and rustic motifs so this will fit in nicely as well as hold up as it is very well made. For any type of home, this bread box is awesome indeed! An excellent purchase!",20240416,size_fit,https://www.amazon.com/gp/customer-reviews/R1HUF4IFSPVYOB,False,[],0
B0FHWFDZ39,B0CPLQGT7J,https://www.amazon.com/dp/B0CPLQGT7J,5.0,Nice box,"This is attractive on the counter and is good quality. It arrived in perfect condition.  I use it to store packaged bread, so I mostly got it just to get the package off the counter.",20240416,value_or_quantity,https://www.amazon.com/gp/customer-reviews/R2GXD78A24UP1L,False,[],0
B0FHWFDZ39,B0CPLQGT7J,https://www.amazon.com/dp/B0CPLQGT7J,5.0,Large Metal Bread Box,"The top can be used as a cutting board.  The outside of the breadbox is made of metal so this is a long lasting kitchenware item.  The inside is unlined, The top does not have a silcone seal on it.  I keep my bread in plastic bag then put it in this breadbox.  the breadbox is large and it can hold a large loaf easily.  A larger longer bread form like cuban bread may require you to cut the bread in half before putting in the bread box though both halves will fit easily.",20240416,size_fit,https://www.amazon.com/gp/customer-reviews/R1H3I9V96I2FFE,False,[],0
B0FHWFDZ39,B0CPLQGT7J,https://www.amazon.com/dp/B0CPLQGT7J,5.0,"It‘s beautiful, well made and elegant","I love how this bread box looks on my kitchen counter.  It is not only functional but it serves as a lovely decorative piece.  It has a classy, elegant design.  It is very well made.  The box is a simple metal box with a beautiful calligraphy design.  It has a French country look to me.  The curved edges are smooth, no roughness anywhere.  Because of its simplicity, it was really easy to wash and dry.The bamboo lid that really sets it off.  It is such a beautiful piece of wood.  The color, the grain, the smoothness and the quality of the wood.  The lid is also advertised as being a cutting board but I won‘t use it for that.  It’s just too beautiful and I wouldn‘t want to risk any cut marks in the wood. With the lid removed, for a special occasion, I will line the box with a white tea towel to hold rolls or muffins to add just a bit of elegance to the  table.  This is a great bread box.",20240415,freshness_or_drying; cleaning; value_or_quantity,https://www.amazon.com/gp/customer-reviews/R39MX3WS8Q30XT,False,[],1
B0FHWFDZ39,B0CPLQGT7J,https://www.amazon.com/dp/B0CPLQGT7J,4.0,Dislike cutting board,I wish it was a larger bread box and the cutting board was a better quality wood.,20240415,size_fit,https://www.amazon.com/gp/customer-reviews/R3CKR9Z2UYXWMK,False,[],0
B0FHWFDZ39,B0CPLQGT7J,https://www.amazon.com/dp/B0CPLQGT7J,4.0,Not for Cat Owners,"This light weight metal (tin maybe?) breadbox can be used for one standard size loaf of bread, or a variety of smaller pastries. As the top is wood, and there are no hinges or latches, the top can be easily removed. This might be an issue for some who have adventurous cats. Like myself. If you are looking for something with more of a secure closure, this might not be the box. The light weight metal might also makes it easy to dent. But all in all this is a cute addition to any kitchen.",20240415,size_fit,https://www.amazon.com/gp/customer-reviews/R269TSQQP23E5E,False,[],0
B0FHWFDZ39,B0CPLQGT7J,https://www.amazon.com/dp/B0CPLQGT7J,5.0,Classic yet modern,"The classic shape yet modern coloring of this bread box separates my Gluten Free bread from the wheat bread in my household. Imagine this, I‘m no longer wasting my time scrubbing and sanitizing a plastic cutting board for one slice of GF bread since it‘s inner lid is a bread board. This is probably the biggest time saver for me since I have a baby and I already didn‘t have much free time. I can make sandwiches and toast with much more ease than I‘m accustomed too and I am beyond happy with this order!A+++ ⭐⭐⭐⭐⭐",20240415,,https://www.amazon.com/gp/customer-reviews/R1E13H6WJ1VEDZ,False,[],0
B0FHWFDZ39,B0CPLQGT7J,https://www.amazon.com/dp/B0CPLQGT7J,5.0,Real reviews,"I love it . It’s nice and deep and has a very nice clean look to it .  I love the gold writing on the front of this box , something that I actually didn’t notice until I received this box , and I love the nice solid weight of this bread box plus it’s made from metal , the bread box itself is , I also love the completely detachable lid that can serve as a cutting board .  One other thing I really love about this bread box …? You can actually use this as a decorative piece if you choose , just be creative .",20240415,cleaning,https://www.amazon.com/gp/customer-reviews/R2XHAU1WEDMDD9,False,[],0
B0FHWFDZ39,B0CPLQGT7J,https://www.amazon.com/dp/B0CPLQGT7J,4.0,Good size,This is a good size bread box and it seals tightly which should help keep bread fresh longer. I like the look of it too. The black is kind of classy.,20240415,freshness_or_drying; size_fit,https://www.amazon.com/gp/customer-reviews/RAWZEQSR3BFJC,False,[],0
B0FHWFDZ39,B0CPLQGT7J,https://www.amazon.com/dp/B0CPLQGT7J,5.0,Bigger than imagined,"This is bigger than I was expecting which is great because it can fit a full size loaf from the grocery store in it. I was actually thinking I might use it to serve dinner rolls at the table but it‘s probably not really well suited for that. But should be perfect for its intended purpose.The box is a thin sheet aluminum but the paint is perfect, no scratches or dings. The bamboo top is nice and thick and fits perfectly. Would be perfect for some laser or CNC personalization on top if you‘re into that sort of thing.",20240414,size_fit,https://www.amazon.com/gp/customer-reviews/R1Q5QJXRN4F6PZ,False,[],0
B0FHWFDZ39,B0CPLQGT7J,https://www.amazon.com/dp/B0CPLQGT7J,4.0,Nice clean look for display on counter,This is a nice looking breadbox. I like how the bamboo lid contrasts with the black paint. I often by bread from the bakery so I was excited to order this bread box.This is large enough to fit a few loves of bread from the bakery. I like how the lid can be used as a cutting board too.I prefer this look to the old all-wood style boxes from my childhood.,20240413,size_fit,https://www.amazon.com/gp/customer-reviews/R12BCP201MH9SD,False,[],0
B0FHWFDZ39,B0CPLQGT7J,https://www.amazon.com/dp/B0CPLQGT7J,5.0,large enough to hold a full loaf,"I‘ve always had a bread box. When our family was little, I remember always wanting to see what was in my grandmother‘s because hers was so pretty. We had one in our own family but it was more functional. Even as an adult on my own, it‘s just one of those things I‘ve always had. Sometimes it holds bread and sometimes it holds tortillas!The one I had was probably 30 years old and yes, it was like my mom‘s - functional. But this one...is functional and it also looks so nice. I typically have my bread box in the pantry on the shelf. But I put this one out on the counter just because it looks so nice.It holds not just a full loaf but it‘s very roomy and will also fit a package of rolls - or more tortillas. As an added bonus, the lid doubles as a cutting board in case you make your own bread.",20240412,size_fit; value_or_quantity,https://www.amazon.com/gp/customer-reviews/R1XILZZ9ND0N1L,False,[],0
B0FB84KH2X,B0FB8B4KFQ,https://www.amazon.com/dp/B0FB8B4KFQ,5.0,Amazing!,By far the best bread bag ever! Just don’t put water on the inside - it messed one of them up!,20260515,,https://www.amazon.com/gp/customer-reviews/R2Y5OYTDX3MBQO,False,"[{""name"":""Model"",""detail"":""MBD-03""}]",0
B0FB84KH2X,B0FB84KH2X,https://www.amazon.com/dp/B0FB84KH2X,5.0,Great Product,"The best bread bag I have found yet, kept a homemade sourdough loaf soft and not dried of for a week!",20260509,freshness_or_drying; size_fit,https://www.amazon.com/gp/customer-reviews/R3JN7JJETB9PGA,False,"[{""name"":""Model"",""detail"":""MBD-02""}]",0
B0FB84KH2X,B0FB84KH2X,https://www.amazon.com/dp/B0FB84KH2X,4.0,Seems to help with Bread preservation,I make sourdough bread once a week. This bag is large enough to hold the loafs I make and keeps them relatively fresh for a week. This bag is better than wrapping the bread in plastic. Easy to secure for closure and it‘s easy to clean. I turn it inside out and wash by hand and hang it to dry. So far it’s working well!,20260430,freshness_or_drying; cleaning; size_fit,https://www.amazon.com/gp/customer-reviews/R1KKG1607CNPB2,False,"[{""name"":""Model"",""detail"":""MBD-02""}]",0
B0FB84KH2X,B0FB84KH2X,https://www.amazon.com/dp/B0FB84KH2X,5.0,Must have for Sourdough Bakers,Must have item for sourdough bakers. I love how easy these are to clean and they allow me to keep my sourdough.,20260403,cleaning; size_fit,https://www.amazon.com/gp/customer-reviews/R2FL4Y41F0N6GA,False,"[{""name"":""Model"",""detail"":""MBD-02""}]",0
B0FB84KH2X,B0FB84KH2X,https://www.amazon.com/dp/B0FB84KH2X,5.0,Perfect size,It was better than expected,20260401,,https://www.amazon.com/gp/customer-reviews/R29RIUI7B8OKIF,False,"[{""name"":""Model"",""detail"":""MBD-02""}]",0
B0FB84KH2X,B0FB84KH2X,https://www.amazon.com/dp/B0FB84KH2X,4.0,Good bag for bread storage,"Has been a great bag for bread storage, love the roll down top with the latch. Has kept break well and is easy enough to turn inside out and rinse off to clean. My only complaint is the smell, when we received the smell was off putting…. I had plenty of beeswax wraps and none have smelled like that. Took a bit for the smell to go away.",20260330,smell_or_wax; cleaning,https://www.amazon.com/gp/customer-reviews/R3MXY2U0E3K9IX,False,"[{""name"":""Model"",""detail"":""MBD-02""}]",0
B0FB84KH2X,B0FB84KH2X,https://www.amazon.com/dp/B0FB84KH2X,5.0,Perfect Bread Storage,Preserves our bread for almost a week and doesn‘t let it dry out or take on extra moisture. Love them!,20260329,freshness_or_drying; moisture_or_mold,https://www.amazon.com/gp/customer-reviews/RPIAHE8060W9G,False,"[{""name"":""Model"",""detail"":""MBD-02""}]",0
B0FB84KH2X,B0FB84KH2X,https://www.amazon.com/dp/B0FB84KH2X,5.0,Bread Bag,Love these. They keep my bakery bread and my bagels very fresh.,20260305,freshness_or_drying,https://www.amazon.com/gp/customer-reviews/R2C7ADG5O1UQZU,False,"[{""name"":""Model"",""detail"":""MBD-02""}]",0
B0FB84KH2X,B0FB84KH2X,https://www.amazon.com/dp/B0FB84KH2X,5.0,They keep your bread fresh!!,They are good!!,20260218,,https://www.amazon.com/gp/customer-reviews/RM7NX83G7BS4T,False,"[{""name"":""Model"",""detail"":""MBD-02""}]",0
B0FB84KH2X,B0FB8B4KFQ,https://www.amazon.com/dp/B0FB8B4KFQ,5.0,Great for my keeping my sourdough loaves fresh.,Great for keeping my sourdough loaves fresh for a week or more. The bag is large enough for 2 loaves and it‘s easy to wipe out with a paper towel when needed. I like the clip closure and the print on the bags is very cute. The quality of the bag is good and the stitching is good quality.,20260217,freshness_or_drying; size_fit; durability,https://www.amazon.com/gp/customer-reviews/R1OKIVSWATWZQ0,False,"[{""name"":""Model"",""detail"":""MBD-03""}]",0
B0FB84KH2X,B0FB8B4KFQ,https://www.amazon.com/dp/B0FB8B4KFQ,5.0,Wonderful,I love these!,20260214,,https://www.amazon.com/gp/customer-reviews/R3CZV71RLOKF9U,False,"[{""name"":""Model"",""detail"":""MBD-03""}]",0
B0FB84KH2X,B0FB8B4KFQ,https://www.amazon.com/dp/B0FB8B4KFQ,5.0,Useful,I’ve used it for six loaves now. Bread doesn’t turn into a brick anymore! Yay. It softens the crispy crust but the toaster brings it right back,20260210,freshness_or_drying,https://www.amazon.com/gp/customer-reviews/R1S2QH4GF8Z54A,False,"[{""name"":""Model"",""detail"":""MBD-03""}]",0
B0FB84KH2X,B0FB84KH2X,https://www.amazon.com/dp/B0FB84KH2X,5.0,Awesome good quality,Love these bags! Keeps bread good far longer than the paper or plastic options!,20260113,,https://www.amazon.com/gp/customer-reviews/RDFG2HIGA5QNN,True,"[{""name"":""Model"",""detail"":""MBD-02""}]",0
B0FB84KH2X,B0FB84KH2X,https://www.amazon.com/dp/B0FB84KH2X,5.0,Practical,Love these for my home made bread! Will b buying more!,20260112,,https://www.amazon.com/gp/customer-reviews/R1AOJ1HCJ7MOM2,True,"[{""name"":""Model"",""detail"":""MBD-02""}]",0
B0FB84KH2X,B0FB84KH2X,https://www.amazon.com/dp/B0FB84KH2X,5.0,Surprised,"Went away for the weekend & forgot to refrigerate my bread, it was just like I left it. I’m very impressed!",20260106,,https://www.amazon.com/gp/customer-reviews/R2VC1G4A3HAAHU,True,"[{""name"":""Model"",""detail"":""MBD-02""}]",0
B0FB84KH2X,B0FB8B4KFQ,https://www.amazon.com/dp/B0FB8B4KFQ,5.0,Great product,Gave these as Christmas gifts and were loved by the recipients. Nice size and quality.,20260106,size_fit,https://www.amazon.com/gp/customer-reviews/RLFWLBPXTU8VZ,True,"[{""name"":""Model"",""detail"":""MBD-03""}]",0
B0FB84KH2X,B0FB8B4KFQ,https://www.amazon.com/dp/B0FB8B4KFQ,5.0,Great bags,Love these bags. I have finally gotten my sourdough loaves good enough to keep bread baked. These bags are how I store mine and I‘ve been happy.,20260105,size_fit,https://www.amazon.com/gp/customer-reviews/R1OI0FH5RBPF7N,True,"[{""name"":""Model"",""detail"":""MBD-03""}]",0
B0FB84KH2X,B0FB84KH2X,https://www.amazon.com/dp/B0FB84KH2X,5.0,Love the item,AAA++++++++*,20251231,,https://www.amazon.com/gp/customer-reviews/R1EVLXX5D0SCVK,False,"[{""name"":""Model"",""detail"":""MBD-02""}]",0
B0FB84KH2X,B0FB84KH2X,https://www.amazon.com/dp/B0FB84KH2X,5.0,Wonderful gift,"I love love love these bags, they keep the sourdough fresh for days and are super easy to wipe out when they get dirty. I have purchased 6 so far and given as gifts.",20251216,freshness_or_drying; size_fit,https://www.amazon.com/gp/customer-reviews/RWA7LQ1KJH865,True,"[{""name"":""Model"",""detail"":""MBD-02""}]",0
B0FB84KH2X,B0FB8B4KFQ,https://www.amazon.com/dp/B0FB8B4KFQ,5.0,Great for home baking,"I recently started learning how to make different breads and quickly realized I need a good storage solution to keep them fresh. These bread bags are maybe too good! I wasn’t expecting such freshness after a few days of storage. I really like that it comes in a 2 pack because I sometimes make more than 1 loaf. It’s very easy to use as you just put your bread in the bag, properly seal and enjoy fresh bread for as long as it lasts. I’ve been making different breads, and I have noticed that sourdough and artisan last the longest with these bags. The sizing is perfect as I can fit my whole loaf in there. They are very sturdy bags and the design is very appealing. If you’re looking for food storage that is really simple and keeps your food fresh, then this is for you. Its function is very simple and I recommend testing different breads as well.",20251008,freshness_or_drying; size_fit; value_or_quantity,https://www.amazon.com/gp/customer-reviews/R3JDTPLD9IHGFS,False,"[{""name"":""Model"",""detail"":""MBD-03""}]",0
B0FB84KH2X,B0FB8B4KFQ,https://www.amazon.com/dp/B0FB8B4KFQ,5.0,Work great!,"I just got into doing sourdough for the first time in the last few months here and I have quite enjoyed looking for an ordering sourdough equipment off of Amazon! I didn‘t even know special bags existed till I saw them! I honestly expected them too sort of to be like a flour sack, but they are so much nicer than that!This package comes with two bags in two different prints or designs. They have really cool fastenings at the top! So basically you put your bread in and then you roll down the bag and then snap the closure closed. This way the bread stays fresh inside the bags because you rolled them down several times. So they are not exposed to the air. The bags appear to be lined with a beeswax coating. This makes the fabric feel thicker and more sturdy, plus airtight  They are not going to be letting air in or out which will keep your bread fresh longer.I probably won‘t end up using both bags at the same time, but it‘s nice to have a backup or to be able to put a loaf in one to share with somebody else. I think at under $20 for two bags it is a fair price and I would buy this product again. I find it easy to use and I find the bags sturdy and really convenient. Plus they are the perfect size for homemade loaves!",20250924,freshness_or_drying; smell_or_wax; size_fit; value_or_quantity,https://www.amazon.com/gp/customer-reviews/R293F1CGWY7D8B,False,"[{""name"":""Model"",""detail"":""MBD-03""}]",0
B0FB84KH2X,B0FB8B4KFQ,https://www.amazon.com/dp/B0FB8B4KFQ,5.0,A must have,These bags are the best!!!  I bake bread with no preservatives and these bags keep everything so fresh!  A must have!!!,20250910,freshness_or_drying,https://www.amazon.com/gp/customer-reviews/R32TDXDW12J9H6,True,"[{""name"":""Model"",""detail"":""MBD-03""}]",0
B0FB84KH2X,B0FB84KH2X,https://www.amazon.com/dp/B0FB84KH2X,1.0,Bread is hard and stale,"Did not keep bread fresh. I had my bread in this bag for about a week, maybe less, and it‘s hard and very stale now. Did not mold, but bread is not edible. Very disappointed and had high hopes. Will be returning. I love the design and the pattern on the bag but not worth it if it doesn‘t keep bread from getting stale.",20250909,freshness_or_drying; moisture_or_mold,https://www.amazon.com/gp/customer-reviews/R33GC8P5KGV503,True,"[{""name"":""Model"",""detail"":""MBD-02""}]",0
B0FB84KH2X,B0FB8B4KFQ,https://www.amazon.com/dp/B0FB8B4KFQ,4.0,Beeswax with roll and clasp closure,"These bags have a nice soft beeswax lining that keeps them from feeling overly heavy. They fit large artisan loaves or multiple loaves, depending on how you “roll“, lol.  These have a roll and clasp closure, and the clasp doubles as a carrying handle. These are great for storing bread like sourdough to extend the shelf life. I prefer one of the prints over the other, and would rather have two matching prints, but that‘s a great excuse to gift one bag to a friend.",20250822,smell_or_wax; size_fit,https://www.amazon.com/gp/customer-reviews/R1ZVQ9MV1BWBFV,False,"[{""name"":""Model"",""detail"":""MBD-03""}]",0
B0FB84KH2X,B0FB8B4KFQ,https://www.amazon.com/dp/B0FB8B4KFQ,4.0,Very handy,"I‘ve starting putting my store bought bread in these.The plastic always seems to seal in the moisture to a fault and encourages mold.So, far I‘ve not had that happen with these.The buckle on this one is a bit odd. I do prefer the bread bags with a typical webbing buckle.",20250819,moisture_or_mold,https://www.amazon.com/gp/customer-reviews/R1F0D7LNZLSFFN,False,"[{""name"":""Model"",""detail"":""MBD-03""}]",0
B0FB84KH2X,B0FB84KH2X,https://www.amazon.com/dp/B0FB84KH2X,5.0,"Really nicely made, keeps bread fresh!","If you are in to homemade bread, I would highly recommend these bags for storage. They come in a two-pack which is nice, and they are really well made. The roll tops work well and so far they‘ve done a great job at keeping our bread fresh. They are lined with beeswax, not sure why, but it must have something to do with the function. Any way, we are really happy with these and highly recommend them.",20250818,freshness_or_drying; smell_or_wax; value_or_quantity,https://www.amazon.com/gp/customer-reviews/R2P57NVRG6YEUC,False,"[{""name"":""Model"",""detail"":""MBD-02""}]",0
B0FB84KH2X,B0FB8B4KFQ,https://www.amazon.com/dp/B0FB8B4KFQ,5.0,Cute and effective at staying fresh,These are super cute bags with trendy designs. The inner lining g is made of beeswax which helps keep my bread fresher for longer than if it were in a plastic bag. I love the clip to help keep it enclosed tightly. They’re easy to clean.,20250818,freshness_or_drying; smell_or_wax; cleaning,https://www.amazon.com/gp/customer-reviews/R3RL9DQPE5BBY5,False,"[{""name"":""Model"",""detail"":""MBD-03""}]",0
B0FB84KH2X,B0FB8B4KFQ,https://www.amazon.com/dp/B0FB8B4KFQ,5.0,2 PACK Reusable Cotton Beeswax Bread Bag,"If you make a lot of bread you‘ve probably wondered how to best transport it.  I‘ve been making sourdough since pre pandemic and have found a combination of ways works best.  These bags fit into the “transport where you will either use the whole loaf at the event or are confident that the bag will come back to you eventually“The good - the bag opens wide enough to fit a boule with a good ear and not damage it.  Because appearances matter for bread.  the shape of the bag will accommodate both a round boule and a oblong loaf of standard size.  It also makes tucking it into a larger bag with the rest of your food much easier.  The beeswax lining is great for slightly longer term storage of a loaf, keeping it fresh if you‘re bringing it for a weekend of bread nibbling.I personally don‘t use this for gifting loaves, because I like a bag with a viewable window for those occasions.  But for my close circle that gets bread on the regular or when I am bringing it to my cookbook club meals, this sort of bag is my go to.Because they are reusable I find them to be a good value, and better for our planet as well.",20250817,freshness_or_drying; smell_or_wax; size_fit; value_or_quantity,https://www.amazon.com/gp/customer-reviews/R24LSQA74PDOJT,False,"[{""name"":""Model"",""detail"":""MBD-03""}]",1
B0FB84KH2X,B0FB8B4KFQ,https://www.amazon.com/dp/B0FB8B4KFQ,5.0,Great for bakers!,"Anyone who makes their own bread without preservatives knows how hard it is to keep it fresh without getting moldy or losing texture in the refrigerator. This is truly the answer to that - the bags are lined with beeswax and feature a secure buckle system to keep them sealed. They’re adorable bags and obviously well made, they’d make a great gift for any baker in your life!",20250815,freshness_or_drying; moisture_or_mold; smell_or_wax,https://www.amazon.com/gp/customer-reviews/R3LG80JK9Z6SHJ,False,"[{""name"":""Model"",""detail"":""MBD-03""}]",0
B0FB84KH2X,B0FB84KH2X,https://www.amazon.com/dp/B0FB84KH2X,4.0,It works,"These are great for extending the life of your loaf. Fresh baked bread with no preservatives is a beautiful thing, so you want to keep it as long as possible. This set of two lined bags is great for that. The bags can roll down and clip to seal up even tiny loaves, so the sizing is really flexible. So far I’ve only had to wipe them out with a dry cloth, so cleaning is easy.I don’t bake much during the summer so these have only had a few tests. Once the weather cools off we will be baking daily. These bags would make a great gift for a sourdough baking friend.",20250814,freshness_or_drying; cleaning; size_fit; value_or_quantity,https://www.amazon.com/gp/customer-reviews/R2123QZZ4LZRKE,False,"[{""name"":""Model"",""detail"":""MBD-02""}]",0
B0FB84KH2X,B0FB8B4KFQ,https://www.amazon.com/dp/B0FB8B4KFQ,5.0,Fresh bread!,"Day 13*, rolls are still fresh!That‘s more than I expeted but  I‘m very happy to see it! It‘s been crazy hot around here lately and any bread left out at room temperature ends up moldy before you know it. I‘ve been putting it in the fridge but that isn‘t what you want if you‘re after some plain ol‘ bread & butter, or a nice sammie.The bags are decent sized and easy to manipulate. I could‘ve asked for a cuter design - there‘s some stuff that should‘ve been left on the outer packaging but it‘s not a deal breaker.At an advertised price of just under $25 for two, they‘re a little expensive but they‘re washable, reuseable, and if they keep my bread fresh I‘m ok!UPDATING this review & adding a star b/c I‘ve had a loaf of good bread in there for well over a week & it‘s still soft with no sign of mold. Previously, this specific kind would‘ve green within 5 days. Well worth the price.",20250814,freshness_or_drying; moisture_or_mold; cleaning; size_fit; value_or_quantity,https://www.amazon.com/gp/customer-reviews/R160OI81770AOE,False,"[{""name"":""Model"",""detail"":""MBD-03""}]",0
B0FB84KH2X,B0FB8B4KFQ,https://www.amazon.com/dp/B0FB8B4KFQ,5.0,Flexible waxed canvas bread bags,"These waxed bags are nicer than expected. I had waxed bread bags that were so stiff. These bags are very flexible. The canvas cloth is also soft with nice design. The bread stays fresh in this bag for 8 days. I have also put the bread in the fridge by folding the bag few times and locking the tabs. I did not try it in the freezer but it may work fine. I have also used one for my smaller baked items. The bag looks great on the countertop.Overall, the bread bags are great quality and looks stylish. The bags are big enough for 2 loafs of bread. The bags seal well and bread stays fresh. Easy to hand wash. The price is good.",20250813,freshness_or_drying; smell_or_wax; cleaning; size_fit; value_or_quantity,https://www.amazon.com/gp/customer-reviews/R1ZM1ISUOF6YLM,False,"[{""name"":""Model"",""detail"":""MBD-03""}]",0
B0FB84KH2X,B0FB8B4KFQ,https://www.amazon.com/dp/B0FB8B4KFQ,5.0,Versatile storage bags.,"Good size bread bags, nice quality too. I like the design. Also works well for holding dried beans, rice, dog food, oats, etc.",20250813,freshness_or_drying; size_fit,https://www.amazon.com/gp/customer-reviews/R2XJKQ801M5LM4,False,"[{""name"":""Model"",""detail"":""MBD-03""}]",0
B0FB84KH2X,B0FB8B4KFQ,https://www.amazon.com/dp/B0FB8B4KFQ,3.0,Thin Beeswax Liner,"Nice basic bread bags. If you‘ve used the beeswax lined bread bags before, these are pretty much what you‘d expect with size, clip, design, etc.  I just think the beeswax layer is quite thin and the current ($26 at time of review) price is kinda high-tho there is a current 25% off coupon. I dunno. There‘s just better options, but they‘re ok",20250811,smell_or_wax; size_fit; value_or_quantity,https://www.amazon.com/gp/customer-reviews/R3PNRZ0K6NJS5T,False,"[{""name"":""Model"",""detail"":""MBD-03""}]",0
B0FB84KH2X,B0FB8B4KFQ,https://www.amazon.com/dp/B0FB8B4KFQ,3.0,Cute but could be improved,"I‘m only giving 3 stars mainly because of the beeswax lining. I think it‘s way too thin. I have another brand I‘ve used for years, so long they are in need of replacing and I was hoping this more affordable brand would be an acceptable replacement. It‘s not. The first problem was having to pry the two sides apart which ripped the beeswax in one of the bags, so perhaps a piece of parchment would be a good idea to place between the 2 side walls when sending them out in hotter months so it doesn‘t melt together.The outer linen is also thinner which is a good thing and a bad thing. It‘s good because it makes them easier to close but bad in that it doesn‘t protect my bread as well. I had to toss the loaf I stored in this bag a day and a half earlier than with my other bags.Lastly, I think they forgot to crop  out a portion of their advertising photo before they printed the image on the bag. Not deducting stars for that, but the bag doesn‘t need the sales pitch printed directly on them.",20250807,smell_or_wax; size_fit; durability,https://www.amazon.com/gp/customer-reviews/RCD2ZTDC3I8Z2,False,"[{""name"":""Model"",""detail"":""MBD-03""}]",0
B0FB84KH2X,B0FB8B4KFQ,https://www.amazon.com/dp/B0FB8B4KFQ,4.0,Bread bags,"These reusable bread bags are a great alternative to one time use plastic bags at the grocery store. They are large enough to hold large loafs of bread and the shorter baguettes. The inside lining is beeswax and the outer layer is linen like.Cleaning is easy and I hand washed it after turning it inside out. However, I prefer bags with zippers and buckles for sealing instead for just a buckle like this set.",20250807,smell_or_wax; cleaning; size_fit; durability; value_or_quantity,https://www.amazon.com/gp/customer-reviews/R3PB3M9JS8PZNJ,False,"[{""name"":""Model"",""detail"":""MBD-03""}]",0
B0FB84KH2X,B0FB84KH2X,https://www.amazon.com/dp/B0FB84KH2X,5.0,Our families new must have,"I got this originally for myself.  Since then I have ordered 3 more, after my other family members saw them..  My initial use was for our homemade bread.  They are a great way to avoid plastic and can be used over and over.  The top rolls down and clips, creating a snug environment.  I currently have bagels in them.  I have the cinnamon in one bag and the everything in the other.  It keeps the bagels fresh and the flavors separate, so I wont have to eat a garlic smelling cinnamon bagel.  Once you finish your baked Item you inside out and clean.  Gold stars for working well and creating less waste with plastic.",20250805,freshness_or_drying; smell_or_wax; cleaning,https://www.amazon.com/gp/customer-reviews/R1H4EJM6ARLOY1,False,"[{""name"":""Model"",""detail"":""MBD-02""}]",0
B0FB84KH2X,B0FB8B4KFQ,https://www.amazon.com/dp/B0FB8B4KFQ,4.0,Reusable Beeswax Lined Bags for Storing Bread and Baked Goods,"I ordered and received the PICcircuit Store‘s “2 PACK Sourdough Bread Bags for Homemade Bread, Reusable Cotton Beeswax Bread Bag Portable Waxed Storage All Natural Bees Wax Linen Bag Keep Fresh,13‘‘×17‘‘, 03a‘. These are cotton bags with a beeswax lining. These bags are great for storing bread, bagels and other baked goods. The bags allows bread to breathe and dispel the moisture which causes bread to mold. You can pull the beeswax lining out to gently wash them with cold water and dish washing soap since the lining is only sewed into the top part of the bags. I use these bags at room temperature, in the refrigerator and in the freezer. Never put hot bread into them or the beeswax could melt. The clips secure the top of the bags. I like to roll the top over two times before fastening the clips. If you look at the bags in my photo I show you the front of the bags. If you were to turn them over, the one that says “bread bag“ on it is blank on the reverse side. The other bag has a continuous pattern on both sides of the bag. The bags are generously sized. These bags have a thinner lining than other ones I own. These bags being reusable will allow me to reduce my using of plastic bags and that is a good thing. The price for two bags is reasonable making these a good value.",20250804,freshness_or_drying; moisture_or_mold; smell_or_wax; cleaning; size_fit; value_or_quantity,https://www.amazon.com/gp/customer-reviews/R3RLBLZ8IRGP1O,False,"[{""name"":""Model"",""detail"":""MBD-03""}]",0
B0FB84KH2X,B0FB8B4KFQ,https://www.amazon.com/dp/B0FB8B4KFQ,4.0,Decent bread bags with good locks,"These bread bags are made from a heavy and thick material on the outside. The inside is lined a little thinner and lighter than other bread bags I have though. I really like the secure locks on top so that I can completely seal the bags shut. Overall, these are decent little bread bags.",20250803,,https://www.amazon.com/gp/customer-reviews/R2FAQL4YKICVZV,False,"[{""name"":""Model"",""detail"":""MBD-03""}]",0
B0FB84KH2X,B0FB8B4KFQ,https://www.amazon.com/dp/B0FB8B4KFQ,5.0,Game-Changer for Fresh Bread Storage,"I’ve never used bread bags before, but I’ve always wanted to — especially this summer — and I’m so glad I finally got these. With the heat and humidity, all of my fresh bread was molding way too fast no matter what we did. But once I started using these bags, the difference was immediate — my bread lasted so much longer.The quality and material are excellent — thick, natural, and well-made. I also really appreciated that they included instructions on how to use and clean them, which made the whole experience super easy. The beeswax lining works like a charm, and the pattern is both charming and functional.Honestly, I’ve never had a product work so well, so quickly. These are a must-have if you bake or buy fresh bread regularly, especially in warmer climates. Highly recommend!",20250803,freshness_or_drying; moisture_or_mold; smell_or_wax; cleaning,https://www.amazon.com/gp/customer-reviews/R8GJ14BWDLUBO,False,"[{""name"":""Model"",""detail"":""MBD-03""}]",0
B0FB84KH2X,B0FB8B4KFQ,https://www.amazon.com/dp/B0FB8B4KFQ,4.0,Better Than Most Bread Boxes,"Model: MBD-03I‘ve always had a problem with storing bread because of how quickly it can go bad on you. Have always loved bread boxes, but for some reason, my bread always got moldy even faster when I used them. Then I learned about the wonders of using bees wax. Yet again, those little bees have come to the rescue. Bees wax actually does help to protect the immediate area and will help to prevent spoiling. These bags look nice and are of a good size. Good to have this set of two to store more than just one loaf of bread. Can easily be used to store muffins, croissants, donuts, cakes and other foods. Not just bakery products either. They really do work to help keep your foods fresher longer.The only reason that I gave this set 4 stars instead of 5 is because I find that the wax lining is a bit thinner than it is on my other set that I own. Still good, but I do prefer the ones with the thicker bees wax lining for even more protection.",20250802,freshness_or_drying; moisture_or_mold; smell_or_wax; size_fit; value_or_quantity,https://www.amazon.com/gp/customer-reviews/R22SDRYJIZM0NR,False,"[{""name"":""Model"",""detail"":""MBD-03""}]",0
B0FB84KH2X,B0FB8B4KFQ,https://www.amazon.com/dp/B0FB8B4KFQ,5.0,"Gorgeous set of 2 cotton, reusable bread bags","This is a very beautiful set of 2 cotton bread bags. Each bag has its own look and colored print design, which I found very interesting. These are high quality, bees waxed lined bags, and strap- buckle closings, which has the added benefit of creating little carrying handles. The bags are easy to clean, by simply turning inside out and hand washing with mild soap, such as dish-soap, then line drying. I love the homey look and feel of these gorgeous bread bags. Perfect for storing large sour dough loaves on the kitchen counter or the freezer! Could also be used for vegetables from the garden or farmer‘s market. Useful for storing coffee or dried beans, as well. The bags really have endless uses! These bread bags make lovely and thoughtful gifts, especially filled with a fresh loaf of bread inside for the recipient.",20250801,freshness_or_drying; smell_or_wax; cleaning; size_fit; value_or_quantity,https://www.amazon.com/gp/customer-reviews/R1O0RGFHGAADYB,False,"[{""name"":""Model"",""detail"":""MBD-03""}]",0
B0FB84KH2X,B0FB8B4KFQ,https://www.amazon.com/dp/B0FB8B4KFQ,5.0,"Great for Keeping Homemade Bread Fresher, Longer","These reusable sourdough bread bags have been a wonderful addition to our kitchen. The natural cotton fabric combined with the beeswax lining feels high-quality and well-made. We’re new to sourdough baking, so every little improvement makes a difference, and these bags have definitely helped. Our loaves stay fresh an extra day or two, which really adds up. With a bit of care, I can tell these will last a long time. Practical, natural, and effective!",20250801,freshness_or_drying; smell_or_wax; size_fit,https://www.amazon.com/gp/customer-reviews/R34R1WRM9Z6TPY,False,"[{""name"":""Model"",""detail"":""MBD-03""}]",0
B0FB84KH2X,B0FB8LXH67,https://www.amazon.com/dp/B0FB8LXH67,5.0,"Giftable, But Practical Bread Bags","My friend has recently started making sourdough breads and even gifts loaves to people.  I spotted this pair of reusable cloth bags and immediately knew they were sharp-looking with the pen sketch-like detailing, practical with the waxy interior, and most definitely giftable.  They can hold a pretty good size loaf just shy of the gigantum proportions.Looks well made and I look forward to seeing her use them (and maybe gift me a loaf of her delicious sourdough as a result).",20250731,smell_or_wax; size_fit,https://www.amazon.com/gp/customer-reviews/R3ED1K0XNA0Q38,False,"[{""name"":""Model"",""detail"":""MBD-01""}]",0
B0FB84KH2X,B0FB8B4KFQ,https://www.amazon.com/dp/B0FB8B4KFQ,4.0,"Good bags, fair price, but I don‘t care for the feature graphics at the bottom of one of the bags","These bread bags are well made with tight seams that help prevent buildup of crumbs and crud.  I can easily and completely turn them inside out for cleaning.  The linen fabric is relatively lightweight, which is a plus for me because they fold up compactly and the outside can be gently hand cleaned when necessary.  They are similar to ones I‘ve been using for some time except they have a different style of clip.  The one disappointment is the labeling / feature graphics at the bottom of one of the bags. They really spoil the nice design for me.  You can see parts of them in the current product images, but it is almost as if they were intentionally obscured so I am sharing a clearer photo of them.  I would expect to see them on the product packaging, but not on the product itself.  I was tempted to give 5 stars to these bags, but I can‘t quite do it.",20250731,cleaning; value_or_quantity,https://www.amazon.com/gp/customer-reviews/RWL8RNKVWJVOC,False,"[{""name"":""Model"",""detail"":""MBD-03""}]",0
B0FB84KH2X,B0FB8B4KFQ,https://www.amazon.com/dp/B0FB8B4KFQ,5.0,Natural Bread Storage,These are nice durable bread bags made out of naturally sourced materials. The bag is made from linen and the inside is lined with beeswax. The inside liner holds up to baking oils. It feels like a waterproof liner. The bags are pretty roomy and would hold a large amount of bakery goods or large loaves of bread. They‘re a pretty solid set and good quality. The price is fair for what you get.,20250731,smell_or_wax; size_fit; durability; value_or_quantity,https://www.amazon.com/gp/customer-reviews/R3FLHPYZWTTCTD,False,"[{""name"":""Model"",""detail"":""MBD-03""}]",0
B0FB84KH2X,B0FB8B4KFQ,https://www.amazon.com/dp/B0FB8B4KFQ,5.0,Super cute with many uses other than bread storage,"2 PACK Sourdough Bread Bags for Homemade Bread, Reusable Cotton Beeswax Bread Bag Portable Waxed Storage All Natural Bees Wax Linen Bag Keep Fresh,13‘‘×17‘‘ are well made reuseable bread bags that are good for other uses as well. Great for dried beans and rice. Potatoes and onion. Makes a cute lunch bag. So many uses. Two in a pack for a good price. The bags are large and easy to clean.",20250731,freshness_or_drying; smell_or_wax; cleaning; size_fit; value_or_quantity,https://www.amazon.com/gp/customer-reviews/R2ICC7SIGJ00PV,False,"[{""name"":""Model"",""detail"":""MBD-03""}]",0
B0FB84KH2X,B0FB8B4KFQ,https://www.amazon.com/dp/B0FB8B4KFQ,5.0,Bread approved!,"Needed a storage solution for bread that seems to be spoiling too quickly.These bags have a thinner beeswax lining than some I‘ve tried. Others just felt thick and heavy, so I prefer these thinner, more lightweight bags.The clip works easily and feels well made.Appreciate the neutral rustic country theme patterns.These are versatile, being freezer and refrigerator safe.The bags are large, but not long enough for a full baguette.Arrived in a thin gift-quality box.Happy to find and recommend these affordable quality kitchen basic.",20250730,smell_or_wax; size_fit,https://www.amazon.com/gp/customer-reviews/R2LL23CH6QB5TC,False,"[{""name"":""Model"",""detail"":""MBD-03""}]",0
B0FB84KH2X,B0FB8B4KFQ,https://www.amazon.com/dp/B0FB8B4KFQ,5.0,Excellent quality,These bread bags are very well made. The fabrics are thick and high quality. The bag printed with various breads and wheat in brown is linen. The bag with the three loaves and wheat stalks in grey is cotton. The interior of both is beeswax. Both lock closed at the top with clips.I am very happy with these high quality bags. They are well stitched and made with high quality fabric.,20250730,smell_or_wax; durability,https://www.amazon.com/gp/customer-reviews/RA0ZX2NA2PM6Q,False,"[{""name"":""Model"",""detail"":""MBD-03""}]",0
B0FHH693Z4,B0FHH693Z4,https://www.amazon.com/dp/B0FHH693Z4,5.0,Heavy duty,"I received these today and am pleasantly surprised at the quality. They have zippers and bucks buckles to hang them for drying. I can‘t wait to use them. Fingers crossed, they help keep my bread fresher, longer.",20260506,freshness_or_drying; durability,https://www.amazon.com/gp/customer-reviews/R3V4CUQPX1WLJT,False,"[{""name"":""Color"",""detail"":""Off-White""}]",0
B0FHH693Z4,B0FHH693Z4,https://www.amazon.com/dp/B0FHH693Z4,5.0,Surprised by their good capacity.,"Bags are good sized, easily hold even a large loaf. Work well, too.",20260505,size_fit,https://www.amazon.com/gp/customer-reviews/R32CNKK90UX3ZJ,False,"[{""name"":""Color"",""detail"":""Off-White""}]",0
B0FHH693Z4,B0FHH693Z4,https://www.amazon.com/dp/B0FHH693Z4,5.0,Nice bag,"The size is really big, can fit many types of bread. I stored the homemade bread for couple days at the room temperature , so far no mold issues. It is also a very cute design and the zipper is a nice touch!",20260504,moisture_or_mold; size_fit; durability,https://www.amazon.com/gp/customer-reviews/R3EBOY2IY13VA6,False,"[{""name"":""Color"",""detail"":""Off-White""}]",0
B0FHH693Z4,B0FHH693Z4,https://www.amazon.com/dp/B0FHH693Z4,5.0,Very good quality,"These beeswax bread bags are a must in every kitchen. It’s beautiful, it’s packed nicely so it can be used as gift. It keeps bread fresh much longer, no need for plastic anymore . Zipper is is very nice addition.",20260429,freshness_or_drying; smell_or_wax; durability; value_or_quantity,https://www.amazon.com/gp/customer-reviews/R1W27GKSVLJJ2R,False,"[{""name"":""Color"",""detail"":""Off-White""}]",0
B0FHH693Z4,B0FHH693Z4,https://www.amazon.com/dp/B0FHH693Z4,5.0,Keeps Bread Fresh and Looks Great,"These bread bags are fantastic quality and very practical. The size is perfect for homemade loaves, bagels, and pastries. The zipper closes securely and helps keep bread fresh much longer. I love the reusable beeswax material—it feels sturdy, eco-friendly, and easy to clean.",20260428,freshness_or_drying; smell_or_wax; cleaning; size_fit; durability,https://www.amazon.com/gp/customer-reviews/R37HYKPZSRBEO9,False,"[{""name"":""Color"",""detail"":""Off-White""}]",0
B0FHH693Z4,B0FHH693Z4,https://www.amazon.com/dp/B0FHH693Z4,5.0,Love these bread bags!,I’ve been getting into baking more and also buying local bread. These bags help keep the homemade bread fresher. It’s a great material and they are easy to clean and store.,20260428,freshness_or_drying; cleaning,https://www.amazon.com/gp/customer-reviews/R2YRA2OQPV6G7I,False,"[{""name"":""Color"",""detail"":""Off-White""}]",0
B0FHH693Z4,B0FHH693Z4,https://www.amazon.com/dp/B0FHH693Z4,5.0,The bread bags you didn’t know you needed!!!,I absolutely love these beeswax bread bags! They keep my bread fresh for longer and they are an eco-friendly alternative to plastic. I‘ve noticed a significant difference in how my bread stays soft and delicious. Highly recommend this product to anyone looking to reduce waste and enjoy their baked goods!,20260425,freshness_or_drying; smell_or_wax,https://www.amazon.com/gp/customer-reviews/R349GLQ6J15GOL,False,"[{""name"":""Color"",""detail"":""Off-White""}]",0
B0FHH693Z4,B0FHH693Z4,https://www.amazon.com/dp/B0FHH693Z4,5.0,Perfect for sourdough bread and as a gift,"Excellent bread bags! The size is great, the zipper works smoothly, and they keep my loaves fresh. Worth every penny.",20260424,freshness_or_drying; size_fit; durability,https://www.amazon.com/gp/customer-reviews/R224RDZW5NS4HX,False,"[{""name"":""Color"",""detail"":""Off-White""}]",0
B0FHH693Z4,B0FHH693Z4,https://www.amazon.com/dp/B0FHH693Z4,5.0,Keep my bread fresh,"I’ve been really liking these beeswax bread bags! The XL size is great for bigger loaves, and the zipper makes them super easy to use. My bread stays fresh longer, and I love that I’m not using plastic anymore. They feel sturdy too, definitely a nice little upgrade for my kitchen",20260422,freshness_or_drying; smell_or_wax; size_fit; durability,https://www.amazon.com/gp/customer-reviews/R1VTG80CMH9KRM,False,"[{""name"":""Color"",""detail"":""Off-White""}]",0
B0FHH693Z4,B0FHH693Z4,https://www.amazon.com/dp/B0FHH693Z4,5.0,Great quality,I really liked this product—it is of very good quality. I highly recommend it; it is super affordable and made of good material. I am delighted with this order.,20260417,,https://www.amazon.com/gp/customer-reviews/R3IT7E5QWMVFT8,False,"[{""name"":""Color"",""detail"":""Off-White""}]",0
B0FHH693Z4,B0FHH693Z4,https://www.amazon.com/dp/B0FHH693Z4,5.0,Great bread bags,"I am surprised for the quality of the bread bags, super durable. The size is also another aspect I do love it. I am not going to have to deal with plastic bags anymore. The zipper has a good grip to carry easily.",20260411,size_fit; durability,https://www.amazon.com/gp/customer-reviews/R3SN6UTRR6CTMD,False,"[{""name"":""Color"",""detail"":""Off-White""}]",0
B0FHH693Z4,B0FHH693Z4,https://www.amazon.com/dp/B0FHH693Z4,5.0,Value and functionality,These were a gift for my daughter in law. Work well for her bread making,20260407,,https://www.amazon.com/gp/customer-reviews/RB56901AFJT7Q,False,"[{""name"":""Color"",""detail"":""Off-White""}]",0
B0FHH693Z4,B0FHH693Z4,https://www.amazon.com/dp/B0FHH693Z4,5.0,Homemade bread stays fresh,"This was a gift. Arrived quickly, packaged well. The zipper is a great added feature to this well made bag for bread makers.",20260406,durability; value_or_quantity,https://www.amazon.com/gp/customer-reviews/R1XLLGJ6LU55G2,False,"[{""name"":""Color"",""detail"":""Off-White""}]",0
B0FHH693Z4,B0FHH693Z4,https://www.amazon.com/dp/B0FHH693Z4,5.0,Works great!,I use this for my sourdough. Works great!,20260404,size_fit,https://www.amazon.com/gp/customer-reviews/R1LWW9Q5OMESS6,False,"[{""name"":""Color"",""detail"":""Off-White""}]",1
B0FHH693Z4,B0FHH693Z4,https://www.amazon.com/dp/B0FHH693Z4,5.0,Holds two loaves.,Great bags. Way better than plastic.,20260404,,https://www.amazon.com/gp/customer-reviews/R2QOTH1P94GT80,False,"[{""name"":""Color"",""detail"":""Off-White""}]",0
B0FHH693Z4,B0FHH693Z4,https://www.amazon.com/dp/B0FHH693Z4,5.0,Very good bread bag,Very useful bread bag. Keeps my bread fresh for days. Great value.,20260401,freshness_or_drying; value_or_quantity,https://www.amazon.com/gp/customer-reviews/R1AK9CBTOQY4C5,False,"[{""name"":""Color"",""detail"":""Off-White""}]",0
B0FHH693Z4,B0FHH693Z4,https://www.amazon.com/dp/B0FHH693Z4,1.0,Disappointed,"The bags are great sized. I used them for store bought sourdough (both boule and the San Francisco style izzio brand). The first use was perfect. The bread lasted longer than the plastic that the bread comes in. When I turned the bags inside out to clean them between loaves, I think the beeswax coating was damaged/cracked. Now the bread goes stale after a couple of days. This was an unfortunate waste of money.",20260329,freshness_or_drying; smell_or_wax; cleaning; size_fit,https://www.amazon.com/gp/customer-reviews/R3DC8UF3OEFDH4,False,"[{""name"":""Color"",""detail"":""Off-White""}]",1
B0FHH693Z4,B0FHH693Z4,https://www.amazon.com/dp/B0FHH693Z4,5.0,Two pack of beeswax bread bags with zipper,"Two pack of beeswax bread bag with zipper. I have tried multiple different bags and it seems like my bread is always getting hard after a few days but since I’ve been using the Bees wax bread bags I’ve noticed a huge difference in my bread staying fresher longer. they are lightweight very easy to zip up very easy to use and it definitely keeps your bread as much more fresher. It is well worth the money so if you’re looking for something to keep your bread, fresher that you have made at home this will definitely do the job highly recommended.",20260329,freshness_or_drying; smell_or_wax; durability; value_or_quantity,https://www.amazon.com/gp/customer-reviews/R3ENNVZFI5G03T,False,"[{""name"":""Color"",""detail"":""Off-White""}]",0
B0FHH693Z4,B0FHH693Z4,https://www.amazon.com/dp/B0FHH693Z4,5.0,Great Bread Bags,"These bread bags are really nice! I like that they have both the zipper closure and the fold over locking feature. I recently started making more homemade breads, so having some way to store them without them drying out or being exposed to plastics was important to me.
They are well made and I have washed them a couple times already - following the instructions to just rinse them lightly in cold water after removing any debris from the bread. Then I hang them to dry after blotting with a paper towel.

They clean up easily and really help keep my bread fresh. I can fit 2 normal sized bread pan loaves in each bag if needed. Plus the way they fold down lets me adjust the size as needed to make them more versatile.",20260327,freshness_or_drying; cleaning; size_fit; durability,https://www.amazon.com/gp/customer-reviews/R1Z8CT4MOKAL3W,False,"[{""name"":""Color"",""detail"":""Off-White""}]",0
B0FHH693Z4,B0FHH693Z4,https://www.amazon.com/dp/B0FHH693Z4,5.0,Bread bags,Bought as i l9ve to make homemade bread and wanted to try to keep my bread fresher longer. These bread bags are really nice! I made some baguettes and they fit really nicely in them. The beeswax liner seems durable and non scented. I reccomend these,20260325,freshness_or_drying; smell_or_wax; size_fit; durability,https://www.amazon.com/gp/customer-reviews/R2H2ADFANTY5N2,False,"[{""name"":""Color"",""detail"":""Off-White""}]",0
B0FHH693Z4,B0FHH693Z4,https://www.amazon.com/dp/B0FHH693Z4,5.0,Large Bread Bag,Very strong keeps bread fresh very long and easy zipper closure great size great value,20260324,freshness_or_drying; size_fit; durability; value_or_quantity,https://www.amazon.com/gp/customer-reviews/R12PQ2ISC7KRPB,False,"[{""name"":""Color"",""detail"":""Off-White""}]",0
B0FHH693Z4,B0GD7M6Z5R,https://www.amazon.com/dp/B0GD7M6Z5R,5.0,good quality,"very nice and high quality bag, pretty large, can store lots of bread, nice color, not too bright, just right",20260321,size_fit,https://www.amazon.com/gp/customer-reviews/R2POO0EQGHQ9IE,False,"[{""name"":""Color"",""detail"":""Pink""}]",0
B0FHH693Z4,B0FHH693Z4,https://www.amazon.com/dp/B0FHH693Z4,5.0,Great product,Great product. Highly recommend. Exactly as described. Bag is big,20260321,,https://www.amazon.com/gp/customer-reviews/R2WYI1VHI9MC73,False,"[{""name"":""Color"",""detail"":""Off-White""}]",0
B0FHH693Z4,B0FHH693Z4,https://www.amazon.com/dp/B0FHH693Z4,3.0,Bread bags,"I have mix feeling on this. I kinda like it but don’t. When I put my homemade bread in a zip lock bag I felt like it stay fresher longer, but I was trying to get away of storing are food in plastic.",20260319,freshness_or_drying; durability,https://www.amazon.com/gp/customer-reviews/R30WQ5HQBLD3IH,False,"[{""name"":""Color"",""detail"":""Off-White""}]",0
B0FHH693Z4,B0FHH693Z4,https://www.amazon.com/dp/B0FHH693Z4,5.0,"These really work, quality!","These are amazing! I figured I was just buying “bread bags” these really work, plenty of room. Keeps the breads soft, but doesn’t trap all the moisture, they are perfect!",20260314,moisture_or_mold,https://www.amazon.com/gp/customer-reviews/R1M3N55S0CLYD7,False,"[{""name"":""Color"",""detail"":""Off-White""}]",0
B0FHH693Z4,B0FHH693Z4,https://www.amazon.com/dp/B0FHH693Z4,5.0,Keeps loaf fresh!,"This is my first time using the bag. It has kept my sourdough loaf fresh and moist for six days. No mold, no drying out. There’s not much left of the loaf, but I’m confident it will be ok another day. Definitely a good investment for your homemade sourdough loaves.",20260313,freshness_or_drying; moisture_or_mold; size_fit,https://www.amazon.com/gp/customer-reviews/R29CUHBB26NC09,False,"[{""name"":""Color"",""detail"":""Off-White""}]",0
B0FHH693Z4,B0FHH693Z4,https://www.amazon.com/dp/B0FHH693Z4,1.0,Zipper broke (twice!),Bag better than the zipper. Bummer that the return window closed two weeks ago… bag is now worthless. Would not recommend.,20260224,durability,https://www.amazon.com/gp/customer-reviews/R1Y5SVXH28KNJ3,False,"[{""name"":""Color"",""detail"":""Off-White""}]",1
B0FHH693Z4,B0FHH693Z4,https://www.amazon.com/dp/B0FHH693Z4,5.0,Perfect,"keeps my fresh sour dough bread from spoiling, works as described.",20260218,freshness_or_drying,https://www.amazon.com/gp/customer-reviews/R2VZ1P96ZA9803,False,"[{""name"":""Color"",""detail"":""Off-White""}]",0
B0FHH693Z4,B0FHH693Z4,https://www.amazon.com/dp/B0FHH693Z4,5.0,Sourdough bread bag!,I began making sourdough and have been using ziplocs for storing bread. This is a healtheir and more economic way! So happy not to cover my bread in plastic !!!! Great size for my loaves. Will be ordering another 2 pack,20260216,size_fit; durability; value_or_quantity,https://www.amazon.com/gp/customer-reviews/RXNNV0K3P7B4Q,False,"[{""name"":""Color"",""detail"":""Off-White""}]",0
B0FHH693Z4,B0FHH693Z4,https://www.amazon.com/dp/B0FHH693Z4,1.0,Poor quality,Poor quality. Zipper broke on bag after one use,20260214,durability,https://www.amazon.com/gp/customer-reviews/R12M72OJSPO9GL,False,"[{""name"":""Color"",""detail"":""Off-White""}]",1
B0FHH693Z4,B0FHH693Z4,https://www.amazon.com/dp/B0FHH693Z4,5.0,Perfect for sourdough!,"This is just what I needed to keep my sourdough loaves fresh! Other paper bags are too small for an entire round loaf. Love the zipper on it, super easy to seal!",20260213,freshness_or_drying; size_fit; durability,https://www.amazon.com/gp/customer-reviews/R2SKDZVNVIODVT,False,"[{""name"":""Color"",""detail"":""Off-White""}]",0
B0FHH693Z4,B0FHH693Z4,https://www.amazon.com/dp/B0FHH693Z4,5.0,Best bread wrap!,Keep’s our bread fresh. Love it.,20260212,freshness_or_drying,https://www.amazon.com/gp/customer-reviews/R3MYFOZP60F63N,False,"[{""name"":""Color"",""detail"":""Off-White""}]",0
B0FHH693Z4,B0FHH693Z4,https://www.amazon.com/dp/B0FHH693Z4,1.0,Disappointed,Purchased these bags for my homemade sourdough bread within two days my bread was moldy. Great disappointment!!!,20260204,moisture_or_mold; size_fit,https://www.amazon.com/gp/customer-reviews/R1DTDB6AASB3YY,True,"[{""name"":""Color"",""detail"":""Off-White""}]",0
B0FHH693Z4,B0FHH693Z4,https://www.amazon.com/dp/B0FHH693Z4,5.0,Best purchase for keeping bread fresh,"Got these beeswax bread bags and they‘re awesome! The XL size fits my loaves perfect, and the zipper is super handy. They’re a nice natural color too. Keeps my bread fresh and soft, even after a few days 🍞",20260204,freshness_or_drying; smell_or_wax; size_fit; durability,https://www.amazon.com/gp/customer-reviews/R3FXGMH09AG3KF,False,"[{""name"":""Color"",""detail"":""Off-White""}]",0
B0FHH693Z4,B0FHH693Z4,https://www.amazon.com/dp/B0FHH693Z4,5.0,Nice bags for bread,"Good quality bags, perfect size and I like the zipper! There was a use instruction which makes it easier since I got beeswax bags for the first time.",20260203,smell_or_wax; size_fit; durability,https://www.amazon.com/gp/customer-reviews/R3CP2VYKZEC8SY,False,"[{""name"":""Color"",""detail"":""Off-White""}]",0
B0FHH693Z4,B0FHH693Z4,https://www.amazon.com/dp/B0FHH693Z4,5.0,Bread bags,"These beeswax bread bags are fantastic! The XL size is perfect for homemade sourdough loaves and even long baguettes—finally a bag that actually fits without squishing the bread. The zipper is smooth and sturdy, making it easy to open and close, and the liner adds an extra layer of protection to keep bread fresh longer.
I love that they’re made from cotton beeswax—it’s a sustainable, reusable alternative to plastic, and it really works. My bread stays soft inside with a nice crust on the outside, and it even holds up well in the freezer. The quality feels premium, and they’re easy to clean and reuse. A must-have for home bakers and anyone looking to reduce waste in the kitchen. Highly recommend!",20260202,freshness_or_drying; smell_or_wax; cleaning; size_fit; durability,https://www.amazon.com/gp/customer-reviews/R3NAGB826IOLQK,True,,0
B0FHH693Z4,B0FHH693Z4,https://www.amazon.com/dp/B0FHH693Z4,5.0,Good bags!,Very nice bags - that‘s what I needed.,20260202,,https://www.amazon.com/gp/customer-reviews/R2LKAP42V0XWNH,False,"[{""name"":""Color"",""detail"":""Off-White""}]",0
B0FHH693Z4,B0FHH693Z4,https://www.amazon.com/dp/B0FHH693Z4,5.0,Worth buying it,It worked really great! The bread lasted a week.,20260128,,https://www.amazon.com/gp/customer-reviews/R1CRXRNMWWRX7C,True,,0
B0FHH693Z4,B0FHH693Z4,https://www.amazon.com/dp/B0FHH693Z4,5.0,Great quality‘s,Great quality Bread storage bags,20260127,,https://www.amazon.com/gp/customer-reviews/R2I5ZF7C7WWUUL,True,,0
B0FHH693Z4,B0FHH693Z4,https://www.amazon.com/dp/B0FHH693Z4,5.0,Fresh bread,Does a good job of keeping the bread fresh. The bag is big enough for different size loafs.,20260123,freshness_or_drying; size_fit,https://www.amazon.com/gp/customer-reviews/R2YEIHKOFHZ2QJ,True,,0
B0FHH693Z4,B0FHH693Z4,https://www.amazon.com/dp/B0FHH693Z4,4.0,"Look nice and work great, but too big",I love the look of these bas. Very thick and sturdy. Easily cleaned with clean damp rag. Has a zipper and clasp to shut it. I quit using them because they are just so big! I really only needed it for homemade sandwich bread and I could probably fit 4 in one of these.,20260120,cleaning; size_fit; durability,https://www.amazon.com/gp/customer-reviews/R2U8R0K68UIPRX,False,"[{""name"":""Color"",""detail"":""Off-White""}]",0
B0FHH693Z4,B0FHH693Z4,https://www.amazon.com/dp/B0FHH693Z4,5.0,Bread bags,Never used these before. They seem to work well keeping the bread fresh,20260116,freshness_or_drying,https://www.amazon.com/gp/customer-reviews/R3GNC5FRW6T4W6,True,,0
B0FHH693Z4,B0FHH693Z4,https://www.amazon.com/dp/B0FHH693Z4,3.0,"Not a good fit for regular loaves, better for sourdough","Not a good choice for us. We mainly make bread in a bread machine and it may take a week for us to eat it all, a 2lb loaf. It doesn’t keep it that long. We think it’s much better for someone making round sourdough loaves. Sturdy and well made, just not a good fit for us.",20260109,size_fit,https://www.amazon.com/gp/customer-reviews/R1Q62T9ZVYY720,True,[],0
B0FHH693Z4,B0FHH693Z4,https://www.amazon.com/dp/B0FHH693Z4,4.0,Love this!,So excited to use my bread bags!!,20260109,,https://www.amazon.com/gp/customer-reviews/R310N2E3IEY1G0,True,[],0
B0FHH693Z4,B0FHH693Z4,https://www.amazon.com/dp/B0FHH693Z4,1.0,Not a good choice,The beeswax bag grew mold in 2 days!,20260106,moisture_or_mold; smell_or_wax,https://www.amazon.com/gp/customer-reviews/R1ES4JK7SANRDL,True,[],0
B0FHH693Z4,B0FHH693Z4,https://www.amazon.com/dp/B0FHH693Z4,5.0,"Not a magic bag, but better than alternative",Great quality and does the job of preserving bread better than boxes or ziplocks. It’s NOT a magical bag that keeps bread crunchy for longer. Bread is bread and will get softer if left on the counter. For longer preservation use the freezer. This bag is just for some leftovers to be eaten within a week or less. It’s a cool design.,20260103,durability,https://www.amazon.com/gp/customer-reviews/R3O0Y5GOE0IHRT,True,[],0
B0FHH693Z4,B0FHH693Z4,https://www.amazon.com/dp/B0FHH693Z4,5.0,Great product,These definitely keep my bread fresh longer. Pay attention to the size. I was not expecting such a big bag.,20260103,freshness_or_drying; size_fit,https://www.amazon.com/gp/customer-reviews/R1YTUWU08CNQU1,True,[],0
B0FHH693Z4,B0FHH693Z4,https://www.amazon.com/dp/B0FHH693Z4,5.0,Bread Bag -Freshness,"Yes, the bread does stay fresher longer - great size for the sourdough loaves",20260102,freshness_or_drying; size_fit,https://www.amazon.com/gp/customer-reviews/R2T0HD1GDYYP1I,True,[],0
B0FHH693Z4,B0FHH693Z4,https://www.amazon.com/dp/B0FHH693Z4,5.0,Awesome product,Love the ease of warranty. The bags are stout and easy to use,20260101,,https://www.amazon.com/gp/customer-reviews/R3JXB4TIRKX7EX,False,,0
B0FHH693Z4,B0FHH693Z4,https://www.amazon.com/dp/B0FHH693Z4,5.0,Good durable,Love the bags. Wish there were washing instructions included but I‘ll look up that information.,20251230,cleaning,https://www.amazon.com/gp/customer-reviews/R3OCVO8V6V7QW4,True,[],0
B0FHH693Z4,B0FHH693Z4,https://www.amazon.com/dp/B0FHH693Z4,4.0,Great for bread makers.,Great. Extends the life of my sourdough bread.,20251228,size_fit,https://www.amazon.com/gp/customer-reviews/RMFHYKA2M47X2,True,,0
B0FHH693Z4,B0FHH693Z4,https://www.amazon.com/dp/B0FHH693Z4,1.0,Disappointed,I am so disappointed. It is not every day that you receive a gift made from beeswax with no care information and no attachments of any kind so that my daughter could follow up and find out how to properly use these…,20251227,smell_or_wax,https://www.amazon.com/gp/customer-reviews/R1HQRNEIQV2HXF,False,,0
B0FHH693Z4,B0FHH693Z4,https://www.amazon.com/dp/B0FHH693Z4,5.0,Nice,Nice,20251226,,https://www.amazon.com/gp/customer-reviews/R2R7MCSUAGZH21,True,[],0
B0FHH693Z4,B0FHH693Z4,https://www.amazon.com/dp/B0FHH693Z4,5.0,Good product,"Would recommend for sourdough as stated. Does not work for regular homemade bread, however the product is high quality and service from the vendor was excellent.",20251222,size_fit,https://www.amazon.com/gp/customer-reviews/R1N1BX6W6FWV5D,True,[],0
B0FHH693Z4,B0FHH693Z4,https://www.amazon.com/dp/B0FHH693Z4,5.0,Great product,I received my bread bags today. Really great quality and well made. I would definitely recommend,20251221,,https://www.amazon.com/gp/customer-reviews/R351D5IWGO1FGP,True,[],0
B0FHH693Z4,B0FHH693Z4,https://www.amazon.com/dp/B0FHH693Z4,5.0,Great quality,Great quality. Arrived quickly. In great condition .,20251208,,https://www.amazon.com/gp/customer-reviews/R38XZZR4BISFXE,True,[],0
B0FHH693Z4,B0FHH693Z4,https://www.amazon.com/dp/B0FHH693Z4,5.0,Good,Works well. Buy it!,20251204,,https://www.amazon.com/gp/customer-reviews/RNPS3MX6SZR4N,True,[],0
B0FHH693Z4,B0FHH693Z4,https://www.amazon.com/dp/B0FHH693Z4,1.0,My bread was stale within a day,These bags did not prevent the bread from getting stale within a day. The bread also got moldy quickly which then made the bags moldy.,20251108,freshness_or_drying; moisture_or_mold,https://www.amazon.com/gp/customer-reviews/R1A8ETLA0XZE0X,True,[],0
B0FHH693Z4,B0FHH693Z4,https://www.amazon.com/dp/B0FHH693Z4,2.0,check your bags,I found 2 holes in bag after using it once,20251026,,https://www.amazon.com/gp/customer-reviews/R1DCAJOOSHXJC0,True,[],0
B0FHH693Z4,B0FHH693Z4,https://www.amazon.com/dp/B0FHH693Z4,5.0,It says what it does,"I purchased for myself since bread, bagels always were go bad before they should this keep my bread and bagels fresh so much I ordered several more as Christmas presents for my baker friends and two as hostess gifts outstanding product",20251014,freshness_or_drying,https://www.amazon.com/gp/customer-reviews/R223WLXIBMHISP,True,[],0
B0FHH693Z4,B0FHH693Z4,https://www.amazon.com/dp/B0FHH693Z4,2.0,"Stale, not fresh after only a day","Does not keep the bread fresh. In fact, the bread was stale after one day.",20251012,freshness_or_drying,https://www.amazon.com/gp/customer-reviews/R2WH6MSZLU2DN5,True,[],0
B0FHH693Z4,B0FHH693Z4,https://www.amazon.com/dp/B0FHH693Z4,5.0,Perfect bread bags,"These bread bags are perfect for storing homemade bread. I love that they have a zipper AND the clasp closure. Very well made and feels substantially nice. I have been using them for sourdough loaves. Freezer-safe, too! Highly recommended!",20251010,size_fit; durability,https://www.amazon.com/gp/customer-reviews/R26HFEI3OV146Q,True,[],0
B0FHH693Z4,B0FHH693Z4,https://www.amazon.com/dp/B0FHH693Z4,1.0,Didn‘t keep my bread soft & fresh.,"I haven‘t had good luck with these. I make homemade bread all the time & thought these would keep it fresher for a longer period of time. My bread has hardened up & dried out . For me they were a waste of money. I wanted to get away from plastic bags, but guess not with these.",20251010,freshness_or_drying,https://www.amazon.com/gp/customer-reviews/R1772JIYCTV02M,True,[],0
B0FHH693Z4,B0FHH693Z4,https://www.amazon.com/dp/B0FHH693Z4,5.0,Easy and convenient bread storage,"These bags work great. We have four kids and busy schedules, so we try to buy as much as we can in as few trips as possible, and that means we usually have a lot of bread products on hand, and they don’t all fit in the breadbox. Our pantry isn’t set up well for bread items either, and if we leave bread in just it’s wrapping on the counter, we have cats that will steal it when no one is around. These bags fixed the problem perfectly. They look nice, so putting them out next to the breadbox actually adds to the décor, and if we only need to use one at a time the other one is easy to store behind the breadbox. They have a zipper on top to keep the bags closed, and the beeswax lining keeps the air and humidity out. When you open the bags you can smell the natural beeswax (it smells lightly of honey), but it doesn’t transfer to the bread. They’re fairly easy to clean too. I accidentally forgot to pay attention to how long I had some fresh bread in one of them and it started to grow mold inside the bag, which got all over the inside. I used warm water and vinegar on a cloth and most of it came right off. I had some that was stuck in the wrinkles, so I just flipped it inside out and lightly brushed those spots with the vinegar solution and a soft toothbrush. Good as new!",20251010,freshness_or_drying; moisture_or_mold; smell_or_wax; cleaning; size_fit; durability; value_or_quantity,https://www.amazon.com/gp/customer-reviews/R3QAS8VOB45NQO,False,[],0
B0FHH693Z4,B0FHH693Z4,https://www.amazon.com/dp/B0FHH693Z4,4.0,Does not keep bread fresh any longer than a ziplock or paper bag.,It did not keep my bread as fresh as I had Expected. My bread molded after 3 days and the inside of the bag got moldy. I have Not been able to remove the mold from the bag.,20251009,freshness_or_drying; moisture_or_mold,https://www.amazon.com/gp/customer-reviews/R1TKNGCAZYA4B0,True,[],0
B0FHH693Z4,B0FHH693Z4,https://www.amazon.com/dp/B0FHH693Z4,5.0,Satisfied,Works Great!,20251005,,https://www.amazon.com/gp/customer-reviews/R1SSCX95NDTYOF,True,[],0
B0FHH693Z4,B0FHH693Z4,https://www.amazon.com/dp/B0FHH693Z4,5.0,Great bags,"Very nice bags, great quality compared to my other bag.",20251004,,https://www.amazon.com/gp/customer-reviews/R3P5MWZ21W3SOK,True,[],0
B0FHH693Z4,B0FHH693Z4,https://www.amazon.com/dp/B0FHH693Z4,5.0,They work!,"Nicely constructed and generously sized bags. I like that in addition to the zipper, you can also roll down the top and buckle the sides together for extra closure. The design on the bags is cute, as well. The bags didn’t have that “factory smell,” either. I have a really bad habit of buying baguettes and not eating them quickly enough or packing them away, so by the next morning, they’re hard as rocks. I’m happy to report that after a week, my bread is still soft and most importantly, not moldy!!",20251004,freshness_or_drying; moisture_or_mold; smell_or_wax; size_fit; durability; value_or_quantity,https://www.amazon.com/gp/customer-reviews/R3BPXCXO8RINCH,False,[],0
B0FHH693Z4,B0FHH693Z4,https://www.amazon.com/dp/B0FHH693Z4,5.0,Love mines!,These bags are amazing! They keep the bread nice and moist. Theyre easy to use and easy to clean!,20251003,moisture_or_mold; cleaning,https://www.amazon.com/gp/customer-reviews/R2PR0B9HLTSN98,False,[],0
B0FHH693Z4,B0FHH693Z4,https://www.amazon.com/dp/B0FHH693Z4,5.0,Keeps bread fresh for a long time,"If you don‘t own a bread bag you need to get one now. These bags are amazing. I bought a huge loaf of sourdough from a local bakery and put it in one of these bags. Normally local breads go stale almost overnight since they lack preservatives, but with these bags my bread last nearly two weeks! Highly recommend!",20251002,freshness_or_drying; size_fit,https://www.amazon.com/gp/customer-reviews/R3LZIJSVY3E0HE,False,[],0
B0FHH693Z4,B0FHH693Z4,https://www.amazon.com/dp/B0FHH693Z4,5.0,Good purchase,Excellent so far,20250929,,https://www.amazon.com/gp/customer-reviews/R11P9EYEE3M9D,True,[],0
B0FHH693Z4,B0FHH693Z4,https://www.amazon.com/dp/B0FHH693Z4,5.0,I really like these.  Easy to use and clean - plus affordable.,"This is a set of 2 reusable bread bags, lined with beeswax.  They are small, but large enough for a loaf in each one.  They are easy to clean.  I simply pulled the beeswax out from the inside and wiped them down.  They are also easy to close.  There is a zip closer at the top.  It can also be rolled/folded down to adjust to the loaf size and have 2 straps to clamp it in place.  The outer bag feels like flour sack material or a coarse linen.  The quality is good.  All the stitching, seams, zippers and straps are sewn well, work perfectly and look good.  It is an affordable set of bread bags lined with a thick layer of beeswax - and they’re reusable.  I’m really happy with mine.  They’re working out well for me.  I hope they work out just as well for you.",20250929,smell_or_wax; cleaning; size_fit; durability; value_or_quantity,https://www.amazon.com/gp/customer-reviews/R2CFWHGHJ65VU4,False,[],0
B0FHH693Z4,B0FHH693Z4,https://www.amazon.com/dp/B0FHH693Z4,4.0,Fits a big loaf of bread,"These two bags are a really good zie and fit a decent size loaf of bread, but aren‘t big enough for a full baguette. They are nicely built with a smooth running zipper. I haven‘t had to clean them yet and I honestly don‘t know how you clean a wax lined bag - so maybe look into that before you buy them - but you can separate the outer shell from the wax liner, for easier cleaning. They seem to work at keeping the bread fresh, but you can‘t stick a hot loaf in the bag, you need it to cool to room temperature. At more than $10 per bag at the time I got them, you have to value sustainability over money, as they are more expensive than a Ziplock bag (which you can reuse as well for bread).",20250928,freshness_or_drying; smell_or_wax; cleaning; size_fit; durability; value_or_quantity,https://www.amazon.com/gp/customer-reviews/R1H3QNJIQ3PS72,False,[],0
B0FHH693Z4,B0FHH693Z4,https://www.amazon.com/dp/B0FHH693Z4,4.0,Very functional,Great bags! A friend recommended to keep my bread fresh. Works great!,20250928,freshness_or_drying,https://www.amazon.com/gp/customer-reviews/RIO1FIM1NIFZ1,True,[],0
B0FHH693Z4,B0FHH693Z4,https://www.amazon.com/dp/B0FHH693Z4,5.0,Great bread bags,Love these bread bags,20250923,,https://www.amazon.com/gp/customer-reviews/R105R67C0Z77GW,True,[],0
B0FHH693Z4,B0FHH693Z4,https://www.amazon.com/dp/B0FHH693Z4,5.0,AWESOME bread bags,good bread bags,20250923,,https://www.amazon.com/gp/customer-reviews/R2T2BUI8F71FKY,True,[],0
B0FHH693Z4,B0FHH693Z4,https://www.amazon.com/dp/B0FHH693Z4,5.0,Great product,My wife recently started making sourdough bread. Ziplock bags make the crust soft which isn‘t ideal. This bag keeps the bread fresh and the crust perfect. Love this bag.,20250921,freshness_or_drying; size_fit; durability,https://www.amazon.com/gp/customer-reviews/R9YFQ329KU7TL,True,[],0
B0FHH693Z4,B0FHH693Z4,https://www.amazon.com/dp/B0FHH693Z4,5.0,Keep your bread fresh without adding micro-plastics to it and send less plastic bags to the landfill,"My friend who is a bread baker swears by these beeswax-lined bread bags. He recommends letting the bread cool and then wrapping it loosely in a paper towel inside the bag to stabilize moisture and prevent condensation. This keeps it much fresher and the paper towels also help keep the inside of the bags clean of crumbs. You need to store it in a cool place to prevent the beeswax from melting, out of direct sunlight and away from the stove, or in the fridge. I love that these bags have zippers to keep the bread fresher than just the buckles alone. These are high quality, generously sized, attractive bags that will accommodate fairly large loaves. Storing our foods in reusable cotton and beeswax containers means we ingest fewer micro-plastics and send less plastic bags into landfills. At $26 for 2 bags they are a bit pricey but the current coupon softens that bite. These would make great gifts for friends who like to bake or even those who just enjoy a nice fresh bakery loaf.",20250919,freshness_or_drying; moisture_or_mold; smell_or_wax; cleaning; size_fit; durability; value_or_quantity,https://www.amazon.com/gp/customer-reviews/RCU7U9TW7OI3O,False,[],1
B0FHH693Z4,B0FHH693Z4,https://www.amazon.com/dp/B0FHH693Z4,5.0,Great size,Nice large size. Good quality.,20250918,size_fit,https://www.amazon.com/gp/customer-reviews/R14VECW2U7B7JP,True,[],0
B0FHH693Z4,B0FHH693Z4,https://www.amazon.com/dp/B0FHH693Z4,5.0,Perfect for my homemade bread,"Great quality bags! They keep my homemade sourdough fresh longer, and the zipper is super convenient. Perfect size for large loaves or baguettes. Love that they’re reusable and eco-friendly!",20250917,freshness_or_drying; size_fit; durability,https://www.amazon.com/gp/customer-reviews/R3QNWLSL5XIEGR,False,[],0
B0FHH693Z4,B0FHH693Z4,https://www.amazon.com/dp/B0FHH693Z4,5.0,They’re big.,These are great bags and they’re much bigger than I expected. I have no trouble fitting an entire loaf of bread in each one. They make a nice addition to the kitchen counter when they’re full of bread and they fold up to store easily when not in use.,20250916,size_fit,https://www.amazon.com/gp/customer-reviews/R128V8X86G2YLJ,False,[],0
B0FHH693Z4,B0FHH693Z4,https://www.amazon.com/dp/B0FHH693Z4,4.0,Nicer-looking and Greener than Plastic Bags,"These bags are big enough for standard loaves and batards, not for full-on baguettes, but of course you can simply cut the baguettes in half. They really do look good and they smell, just slightly, of beeswax. (I‘m a beekeeper, so I know.) The design is nice, as well. And they work.So, why only fours stars? Because, in contrast to the rave ratings from other reviewers, I did not find these to be a magic way of keeping bread fresh better than putting it in a plastic bag for a day or so, or putting that plastic bag in the freezer (NOT fridge!) if for longer than two days. These are fine and they are definitely sustainable; they just seem a bit expensive to me. Perhaps I am using them wrong, but it‘s hard to imagine how. But I *am* using them. So, if you don‘t mind the cost, absolutely buy these.",20250914,freshness_or_drying; smell_or_wax; cleaning; size_fit; value_or_quantity,https://www.amazon.com/gp/customer-reviews/R1V8INMQ8V89UD,False,[],0
B0FHH693Z4,B0FHH693Z4,https://www.amazon.com/dp/B0FHH693Z4,5.0,Helpful Kitchen Addition,"We recently found a cute little bakery near our house that makes excellent bread. However, it is stressful to try to eat those loaves before the dry up or go bad. These beeswax bread bags have happily solved that problem!These are attractive bags that are large enough to accommodate most loaves of bread or large bakery products. The bags seal in two ways – using a zipper or folding over and buckling. In my tests, I preferred the zippered approach since it was simple and straightforward.The beeswax inner aspect keeps the bread fresh without the humidity issue found with plastic bags. Based on our experience, we suggest allowing any freshly baked bread to cool to room temperature before putting them in the bag. Lesson learned.In my one week of testing, all the items we put into the bags retained an acceptable level of freshness. The bags are well made and sturdy, so you don’t have to baby them. We also appreciate their eco-friendly aspect in that they can be easily cleaned and reused. We use the same drying system/holder we have in place for drying and reusing plastic bags. We also liked that there were two bags, so we have a backup.My only disappointment is that the slider on the zipper is small and not so easy to manage if you have hand issues like arthritis.Overall, recommended.",20250910,freshness_or_drying; smell_or_wax; cleaning; size_fit; durability,https://www.amazon.com/gp/customer-reviews/R2QYMNBOSYNRF6,False,[],1
B0FHH693Z4,B0FHH693Z4,https://www.amazon.com/dp/B0FHH693Z4,5.0,Fresh Bread for Weeks,"Bread bags do keep bread way fresher for way longer than the typical plastic bag.  After two weeks, my bread is still as soft as when I bought.  This is great for someone that does not eat much bread a week and be able to keep for a long period of time for freshness.  Easy to clean inside and no smells.  Who knew?  I didn‘t",20250910,freshness_or_drying; smell_or_wax; cleaning,https://www.amazon.com/gp/customer-reviews/RK0QGP6GF2D6N,False,[],0
B0FHH693Z4,B0FHH693Z4,https://www.amazon.com/dp/B0FHH693Z4,5.0,Recommend.,"A must for anyone baking regularly! I have used these bags every day since they arrived and I’ll probably order more. They are good quality and keep the bread fresh at least a day longer than keeping it wrapped. I also use them to freeze the bread, but only for about 48 hours, and these bags do a great job of keeping the frostbite out. All in all a really nice product.",20250910,freshness_or_drying,https://www.amazon.com/gp/customer-reviews/R36CIC9Y03UHOB,False,[],0
B0FHH693Z4,B0FHH693Z4,https://www.amazon.com/dp/B0FHH693Z4,4.0,Keeps my bread soft,Nice bread bags and keeps my sourdough soft. Easy to clean since the inside is bees wax coating. They are also pretty. Only issue was with the buckle that doesn‘t seem to close all the way (only reason I‘m giving 4 stars) but the zipper seals well. Great size to fit a large loaf and can go on the freezer. I like this better than the first set I purchased from another brand.,20250905,smell_or_wax; cleaning; size_fit; durability; value_or_quantity,https://www.amazon.com/gp/customer-reviews/R3SKEUTQ46T997,False,[],0
B0FHH693Z4,B0FHH693Z4,https://www.amazon.com/dp/B0FHH693Z4,5.0,Excellent Bread Storage – Smart Design and Beautifully Made,"These beeswax-lined bread bags are fantastic! The zippered tops are a huge upgrade from traditional wrap-style bags, making it easy to seal in freshness while still allowing the bread to breathe. The beeswax lining keeps loaves soft and protected, and helps extend their shelf life naturally.I especially love the added straps that secure the tops—they keep the zipper from accidentally opening and give the bag a more structured, tidy look when closed. Great for storing loaves on the counter or even for gifting homemade bread.The quality is excellent—thick fabric, strong stitching, and a generous size that fits a variety of loaf shapes. These are well worth the investment if you‘re trying to reduce plastic use in the kitchen. Stylish, functional, and eco-friendly—what more could you ask for? Highly recommend!",20250905,freshness_or_drying; smell_or_wax; size_fit; durability,https://www.amazon.com/gp/customer-reviews/R89WXMDMJIZJ7,False,[],0
B0FHH693Z4,B0FHH693Z4,https://www.amazon.com/dp/B0FHH693Z4,5.0,Very nice way to store and keep homemade breads,"Storing homemade bread has always been a problem.  Plastic bags, while convenient, can trap moisture and lead to soggy crusts and mold growth.  Storage on a counter or bread box can result in too much moisture loss and dried out bread.These bread bags have an internal bag coated with beeswax, which seems to provide the ideal environment for keeping the bread in original condition for as long as possible.  The bag has a zipper closure as well as a buckle which can be used over a folded top.I did evert the beeswax inner bag to clean it, which was not difficult to do.  After drying, the bag was restored to its original position easily.Overall, these bags are great accessories for breadmaking, and likely for fresh bakery bought bread as well.",20250902,freshness_or_drying; moisture_or_mold; smell_or_wax; cleaning; durability,https://www.amazon.com/gp/customer-reviews/R3TATEF16556CO,False,[],0
B0FHH693Z4,B0FHH693Z4,https://www.amazon.com/dp/B0FHH693Z4,5.0,Reusable bread bags!,"These bags are fantastic. I‘ve been making fresh sourdough for years and had previously bought disposable plastic bread bags on Amazon but wasn‘t thrilled about adding more to the landfill. These reusable bags keep bread nice and fresh thanks to the beeswax lining, zipper and clip that you can even use to cinch the bag closed and keep more air out. I‘ve only needed to use one so far but am saving the other in the closet just in case this one wears out eventually.",20250901,freshness_or_drying; smell_or_wax; size_fit; durability; value_or_quantity,https://www.amazon.com/gp/customer-reviews/R1UP0FI9416TFX,False,[],0
B0FHH693Z4,B0FHH693Z4,https://www.amazon.com/dp/B0FHH693Z4,5.0,Keeps Bread Fresh and Looks Great on the Counter,"I bake a lot of bread using the no-knead recipe. After taking it out of the Dutch oven and letting it cool for a few hours, my 1.4 kg loaf fits fine into this bag. The beeswax lining is nice and thick, and I like that it offers two closure options: a zipper or a roll-and-clip style, similar to modern waterproof backpacks. Both work really well.By the next day, the bread isn’t quite the same as right out of the oven, but it still stays soft and fresh, which I’ve been very happy with. I also like that the bag says “bread” right on the front—it makes it clear what’s inside, unlike some of the other storage methods I’ve tried. Plus, it looks nice sitting on the counter.",20250831,freshness_or_drying; smell_or_wax; size_fit; durability; value_or_quantity,https://www.amazon.com/gp/customer-reviews/R2IUGFPU5A97OB,False,[],0
B0FHH693Z4,B0FHH693Z4,https://www.amazon.com/dp/B0FHH693Z4,5.0,Really does keep bread fresher,"Lately I‘ve been hooked on making asiago and garlic bread in large artisanal loaves. Because they are so big, it‘s hard to find sturdy plastic bags to store them in. And they don‘t stay fresh for all that long in plastic anyway. I was so pleased to find these wax lined bread bags and they truly do keep those large loaves fresh to the last slice. The zipper and buckle closure system works really well for sealing in freshness. It‘s nice to be able to roll the top of the bag down as the loaf gets smaller, thereby saving space.They would make an excellent gift for a baking friend, but I‘m feeling selfish and am using both of mine ;-)",20250828,freshness_or_drying; smell_or_wax; size_fit; durability,https://www.amazon.com/gp/customer-reviews/R1TFCIXA3ZG8EI,False,[],0
B0FHH693Z4,B0FHH693Z4,https://www.amazon.com/dp/B0FHH693Z4,5.0,Solidly made bags to keep your bread soft,"These bread bags are really high quality - not only are they the wax covering inside, which will really help preserve moisture, the bags also zip closed, which was a really nice surprise! If you find yourself struggling to keep home-made bread nice and moist, I‘d absolutely recommend you getting these bags to help!",20250827,moisture_or_mold; smell_or_wax; durability,https://www.amazon.com/gp/customer-reviews/R2873H5JGT5L4Y,False,[],1
B0FHH693Z4,B0FHH693Z4,https://www.amazon.com/dp/B0FHH693Z4,5.0,Really Well Made Bags,These are high quality bread bags. Solidly made with a strong zipper. The beeswax coating is thick and should last several years. Overall really happy with these!,20250826,smell_or_wax; durability,https://www.amazon.com/gp/customer-reviews/RUQ3MGKNXYAFO,False,[],1
B0FHH693Z4,B0FHH693Z4,https://www.amazon.com/dp/B0FHH693Z4,5.0,Reusable Bread Bags That Actually Work,"The crust crackles as I slice into yesterday‘s sourdough - still perfect. This is the magic every serious baker chases, and it‘s why I‘m passionate about these reusable bread bags. Forget everything you know about bread storage; these aren‘t just containers, they‘re freshness guardians for your precious loaves.As someone who‘s tested countless storage methods, I can confidently say these beeswax-lined bags are revolutionary for sourdough preservation. They create that elusive microclimate where crust stays crisp yet the crumb remains moist. My weekend baking now lasts through Wednesday‘s lunches without compromise - no more dried-out ends or soggy bottoms.What truly sets these bags apart is how they respect your craft. The elegant fabric feels substantial in hand, a worthy home for your beautiful boules. They‘re sized thoughtfully for real baker‘s needs - accommodating everything from petite batards to massive country loaves with equal grace. And when company comes? These bags make your homemade bread gift-ready in an instant.For bakers who refuse to compromise on quality, these aren‘t just storage solutions - they‘re an extension of your kitchen wisdom. They understand that good bread deserves proper care, that your time and skill are worth preserving along with the loaf itself. After years of frustration with inferior options, I‘ve finally found storage worthy of my sourdough.",20250814,freshness_or_drying; moisture_or_mold; smell_or_wax; cleaning; size_fit; value_or_quantity,https://www.amazon.com/gp/customer-reviews/REPRB170MTRVH,False,,0
