source_strategy,source_category_id,source_category_name,source_category_path,source_asin,source_parent_asin,product_name,category,marketplace,target_price,cost,shipping,fba_fee,referral_fee_rate,est_monthly_sales,avg_review_count,avg_rating,top10_review_share,keyword_search_volume,keyword_cpc,seasonality_score,differentiation_score,compliance_risk,fragile_risk,oversize_risk,market_data_completeness,profit_data_confidence,evidence_confidence,evidence_grade,data_source_summary,profit_estimate_status,notes
category:Tool Holsters,553582,Tool Holsters,Tools & Home Improvement > Storage & Home Organization > Tool Organizers > Tool Holsters,B0FXG8J58Q,,TOOLEAGUE 3Pcs Magnetic Tool Mat with 25Lb Telescoping Magnetic Pickup Pen,Tools & Home Improvement > Storage & Home Organization > Tool Organizers > Tool Holsters,US,46.99,13.16,3.76,7.77,0.15,981.0,153.0,4.6,0.55,10000,1.0,20.0,50,25.0,20.0,20.0,75,35,65.0,B,"observed:price,sales,reviews,rating,fba_fee; estimated:search_volume,cpc",estimated_default_costs,Imported from Sorftime; ASIN B0FXG8J58Q; brand TOOLEAGUE
category:Tool Holsters,553582,Tool Holsters,Tools & Home Improvement > Storage & Home Organization > Tool Organizers > Tool Holsters,B0CBD4HTHW,,"Spider Tool Holster, Self-Locking Pro Tool Holster, Includes 2 Drill Pins | Quick-Draw Multi Tool Holder, Clips to Any Tool Belt, Ambidextrous Lock, Compatible with Major Power Drill & Driver Brands",Tools & Home Improvement > Storage & Home Organization > Tool Organizers > Tool Holsters,US,34.99,9.8,2.8,3.93,0.15,815.0,390.0,4.2,0.55,10000,1.0,20.0,50,25.0,20.0,20.0,75,35,65.0,B,"observed:price,sales,reviews,rating,fba_fee; estimated:search_volume,cpc",estimated_default_costs,Imported from Sorftime; ASIN B0CBD4HTHW; brand Spider
category:Tool Holsters,553582,Tool Holsters,Tools & Home Improvement > Storage & Home Organization > Tool Organizers > Tool Holsters,B0D8YB5RHR,,"Topstache Leather Multitool Sheath with Belt Clip - Multi Tool Holster for Belt - EDC Belt Organizer Fits Multitool, Flashlight, Pen - Leather EDC Pouch, DarkBrown",Tools & Home Improvement > Storage & Home Organization > Tool Organizers > Tool Holsters,US,22.99,6.44,1.84,3.93,0.15,449.0,365.0,4.5,0.55,10000,1.0,20.0,50,25.0,20.0,20.0,75,35,65.0,B,"observed:price,sales,reviews,rating,fba_fee; estimated:search_volume,cpc",estimated_default_costs,Imported from Sorftime; ASIN B0D8YB5RHR; brand topstache
category:Tool Holsters,553582,Tool Holsters,Tools & Home Improvement > Storage & Home Organization > Tool Organizers > Tool Holsters,B0F1FNYW11,,"Topstache Leather Multitool Sheath for Leatherman Wave & Wave+ - Multitool Holster for Belt - Belt Loop Leather Multitool Pouch - Magnetic Closure Tool Pouch Case, Darkbrown",Tools & Home Improvement > Storage & Home Organization > Tool Organizers > Tool Holsters,US,17.99,5.04,1.44,3.93,0.15,435.0,285.0,4.2,0.55,10000,1.0,20.0,50,25.0,20.0,20.0,75,35,65.0,B,"observed:price,sales,reviews,rating,fba_fee; estimated:search_volume,cpc",estimated_default_costs,Imported from Sorftime; ASIN B0F1FNYW11; brand topstache
category:Tool Holsters,553582,Tool Holsters,Tools & Home Improvement > Storage & Home Organization > Tool Organizers > Tool Holsters,B0DJ3QBCR8,,"Holstery TapeMaster | Clip-On Tape Measure Holder - Low-Profile Measuring Tape Holster for Your Belt, Tool Bags, Pockets, or Pants",Tools & Home Improvement > Storage & Home Organization > Tool Organizers > Tool Holsters,US,19.99,5.6,1.6,3.93,0.15,416.0,113.0,4.6,0.55,10000,1.0,20.0,50,25.0,20.0,20.0,75,35,65.0,B,"observed:price,sales,reviews,rating,fba_fee; estimated:search_volume,cpc",estimated_default_costs,Imported from Sorftime; ASIN B0DJ3QBCR8; brand Holstery
category:Tool Holsters,553582,Tool Holsters,Tools & Home Improvement > Storage & Home Organization > Tool Organizers > Tool Holsters,B0DMV1VBN3,,"PinPal Pro | Universal Tool Holster - Gravity Locking Clip-On Tool Belt Holder for Drills, Impacts, and Other Tools",Tools & Home Improvement > Storage & Home Organization > Tool Organizers > Tool Holsters,US,34.99,9.8,2.8,4.18,0.15,385.0,77.0,4.5,0.55,10000,1.0,20.0,50,25.0,20.0,20.0,75,35,65.0,B,"observed:price,sales,reviews,rating,fba_fee; estimated:search_volume,cpc",estimated_default_costs,Imported from Sorftime; ASIN B0DMV1VBN3; brand Holstery
category:Tool Holsters,553582,Tool Holsters,Tools & Home Improvement > Storage & Home Organization > Tool Organizers > Tool Holsters,B0G42J9N26,,"SEESE Strong Magnetic Tool Holder: Magnetic Belt Clip for Power Tools & Hand Tools, Anti-Fall Secure Grip for Home Improvement, Workshop, Electrician",Tools & Home Improvement > Storage & Home Organization > Tool Organizers > Tool Holsters,US,15.99,4.48,1.28,4.18,0.15,349.0,70.0,4.6,0.55,10000,1.0,20.0,50,25.0,20.0,20.0,75,35,65.0,B,"observed:price,sales,reviews,rating,fba_fee; estimated:search_volume,cpc",estimated_default_costs,Imported from Sorftime; ASIN B0G42J9N26; brand Seese
category:Tool Holsters,553582,Tool Holsters,Tools & Home Improvement > Storage & Home Organization > Tool Organizers > Tool Holsters,B0FZX2DSFD,,"Galvanox Nylon Sheath for Multi-Tools with 21 Flat End Screwdriver Bits and Holder - Case Belt Holster Pouch with Pockets and Bit Set Included, Compatible with Leatherman",Tools & Home Improvement > Storage & Home Organization > Tool Organizers > Tool Holsters,US,29.99,8.4,2.4,4.08,0.15,320.0,190.0,4.2,0.55,10000,1.0,20.0,50,25.0,20.0,20.0,75,35,65.0,B,"observed:price,sales,reviews,rating,fba_fee; estimated:search_volume,cpc",estimated_default_costs,Imported from Sorftime; ASIN B0FZX2DSFD; brand GALVANOX
category:Tool Holsters,553582,Tool Holsters,Tools & Home Improvement > Storage & Home Organization > Tool Organizers > Tool Holsters,B09C43N5HC,,"Perilogics Magnetic Tool Sheath for Leatherman – Nylon Belt Pouch Fits Wave Plus, Wingman, Charge, Surge, Super Tool 300, Signal, Free P2 & P4 (4–4.5 in)",Tools & Home Improvement > Storage & Home Organization > Tool Organizers > Tool Holsters,US,14.99,4.2,1.2,4.48,0.15,317.0,1707.0,4.5,0.55,10000,1.0,20.0,50,25.0,20.0,20.0,75,35,65.0,B,"observed:price,sales,reviews,rating,fba_fee; estimated:search_volume,cpc",estimated_default_costs,Imported from Sorftime; ASIN B09C43N5HC; brand Perilogics
category:Tool Holsters,553582,Tool Holsters,Tools & Home Improvement > Storage & Home Organization > Tool Organizers > Tool Holsters,B0DJ2BX5F6,,"Holstery HammerMaster | Hammer Holder Loop - Clip-On Tool Belt Holster Holds Hammers, Hatchet, or Mallet",Tools & Home Improvement > Storage & Home Organization > Tool Organizers > Tool Holsters,US,19.99,5.6,1.6,4.47,0.15,307.0,56.0,4.6,0.55,10000,1.0,20.0,50,25.0,20.0,20.0,75,35,65.0,B,"observed:price,sales,reviews,rating,fba_fee; estimated:search_volume,cpc",estimated_default_costs,Imported from Sorftime; ASIN B0DJ2BX5F6; brand Holstery
category:Tool Holsters,553582,Tool Holsters,Tools & Home Improvement > Storage & Home Organization > Tool Organizers > Tool Holsters,B0F9PGQTKC,,"1 Pcs Holster Wedge，Comfortable Holster Pillow,Soft Foam Appendix Carry Wedge for IWB Holsters",Tools & Home Improvement > Storage & Home Organization > Tool Organizers > Tool Holsters,US,14.69,4.11,1.18,3.93,0.15,276.0,100.0,4.4,0.55,10000,1.0,20.0,50,25.0,20.0,20.0,75,35,65.0,B,"observed:price,sales,reviews,rating,fba_fee; estimated:search_volume,cpc",estimated_default_costs,Imported from Sorftime; ASIN B0F9PGQTKC; brand HOGIKUO
category:Tool Holsters,553582,Tool Holsters,Tools & Home Improvement > Storage & Home Organization > Tool Organizers > Tool Holsters,B0DNRL1TWB,,Nöhlster Locking Drill Clip – A Tool Holster Alternative for Cordless Drills and Impact Drivers – The Security of a Holster. The Simplicity of a Clip. No Holster Required. (2-Pack),Tools & Home Improvement > Storage & Home Organization > Tool Organizers > Tool Holsters,US,34.99,9.8,2.8,5.6,0.15,271.0,353.0,4.5,0.55,10000,1.0,20.0,50,25.0,20.0,20.0,75,35,65.0,B,"observed:price,sales,reviews,rating,fba_fee; estimated:search_volume,cpc",estimated_default_costs,Imported from Sorftime; ASIN B0DNRL1TWB; brand NÖHLSTER
category:Tool Holsters,553582,Tool Holsters,Tools & Home Improvement > Storage & Home Organization > Tool Organizers > Tool Holsters,B0042SVTBA,,"Klein Tools 5196 Tape Measure Holder, Leather, Large",Tools & Home Improvement > Storage & Home Organization > Tool Organizers > Tool Holsters,US,15.99,4.48,1.28,4.47,0.15,255.0,1355.0,4.4,0.55,10000,1.0,20.0,50,25.0,20.0,20.0,75,35,65.0,B,"observed:price,sales,reviews,rating,fba_fee; estimated:search_volume,cpc",estimated_default_costs,Imported from Sorftime; ASIN B0042SVTBA; brand KLEIN TOOLS
category:Tool Holsters,553582,Tool Holsters,Tools & Home Improvement > Storage & Home Organization > Tool Organizers > Tool Holsters,B0D79MBGLH,,"Drill Holder, Power Tool Organizer, Utility Storage Rack | Universal Wall Mount Cordless tools holder fits most drills like Milwaukee and Dewalt (2-PACK) (Black)",Tools & Home Improvement > Storage & Home Organization > Tool Organizers > Tool Holsters,US,24.99,7.0,2.0,5.36,0.15,234.0,254.0,4.3,0.55,10000,1.0,20.0,50,25.0,20.0,20.0,75,35,65.0,B,"observed:price,sales,reviews,rating,fba_fee; estimated:search_volume,cpc",estimated_default_costs,Imported from Sorftime; ASIN B0D79MBGLH; brand CADDY
category:Tool Holsters,553582,Tool Holsters,Tools & Home Improvement > Storage & Home Organization > Tool Organizers > Tool Holsters,B0GHH8VDQ1,,"XAVRIX Heavy Duty Glove & Hat Clip with Carabiner, All-Metal Spring Clamp Work Glove Holder for Tool Belt, Harness, Backpack",Tools & Home Improvement > Storage & Home Organization > Tool Organizers > Tool Holsters,US,18.8,5.26,1.5,4.18,0.15,230.0,5.0,3.6,0.55,10000,1.0,20.0,50,25.0,20.0,20.0,75,35,65.0,B,"observed:price,sales,reviews,rating,fba_fee; estimated:search_volume,cpc",estimated_default_costs,Imported from Sorftime; ASIN B0GHH8VDQ1; brand XAVRIX
category:Tool Holsters,553582,Tool Holsters,Tools & Home Improvement > Storage & Home Organization > Tool Organizers > Tool Holsters,B0DNH3K85Y,,Heavy Duty 2 Piece Non-Slip Magnetic Tool Belt Clip for Hammers and Drills,Tools & Home Improvement > Storage & Home Organization > Tool Organizers > Tool Holsters,US,12.99,3.64,1.04,4.44,0.15,229.0,131.0,4.2,0.55,10000,1.0,20.0,50,25.0,20.0,20.0,75,35,65.0,B,"observed:price,sales,reviews,rating,fba_fee; estimated:search_volume,cpc",estimated_default_costs,Imported from Sorftime; ASIN B0DNH3K85Y; brand Zihvfzu
category:Tool Holsters,553582,Tool Holsters,Tools & Home Improvement > Storage & Home Organization > Tool Organizers > Tool Holsters,B0BWHHLCQD,,"TapeCatcher, Tape Measure Holder for Belt | Low-Profile Tape Measure Belt Clip, Fits up to 2“ Tool Belt, Tape Accessories",Tools & Home Improvement > Storage & Home Organization > Tool Organizers > Tool Holsters,US,14.99,4.2,1.2,3.93,0.15,222.0,237.0,4.4,0.55,10000,1.0,20.0,50,25.0,20.0,20.0,75,35,65.0,B,"observed:price,sales,reviews,rating,fba_fee; estimated:search_volume,cpc",estimated_default_costs,Imported from Sorftime; ASIN B0BWHHLCQD; brand Healvaluefit
category:Tool Holsters,553582,Tool Holsters,Tools & Home Improvement > Storage & Home Organization > Tool Organizers > Tool Holsters,B0G16724X5,,"FESA Spud Wrench Holder, Full Grain Leather, Holds 3 Wrenches",Tools & Home Improvement > Storage & Home Organization > Tool Organizers > Tool Holsters,US,35.99,10.08,2.88,6.48,0.15,218.0,30.0,4.2,0.55,10000,1.0,20.0,50,25.0,20.0,20.0,65,20,53.8,C,"observed:price,sales,reviews,rating; estimated:fba_fee,search_volume,cpc",estimated_default_costs,Imported from Sorftime; ASIN B0G16724X5; brand FESA
category:Tool Holsters,553582,Tool Holsters,Tools & Home Improvement > Storage & Home Organization > Tool Organizers > Tool Holsters,B0FLT5SMG5,,Window Cleaning Holster with Belt and Quick-Connect Leg Strap,Tools & Home Improvement > Storage & Home Organization > Tool Organizers > Tool Holsters,US,22.78,6.38,1.82,5.95,0.15,218.0,57.0,4.3,0.55,10000,1.0,20.0,50,25.0,20.0,20.0,75,35,65.0,B,"observed:price,sales,reviews,rating,fba_fee; estimated:search_volume,cpc",estimated_default_costs,Imported from Sorftime; ASIN B0FLT5SMG5; brand Generic
category:Tool Holsters,553582,Tool Holsters,Tools & Home Improvement > Storage & Home Organization > Tool Organizers > Tool Holsters,B0FPCM4F3K,,"AceOrbit 3 Pcs Concrete Finisher Tool Belt Tool Hook for Work Belts, Durable Holder for Tools, Hammer, Drill, or Electrical Accessories (Blue)",Tools & Home Improvement > Storage & Home Organization > Tool Organizers > Tool Holsters,US,13.99,3.92,1.12,4.18,0.15,217.0,28.0,3.9,0.55,10000,1.0,20.0,50,25.0,20.0,20.0,75,35,65.0,B,"observed:price,sales,reviews,rating,fba_fee; estimated:search_volume,cpc",estimated_default_costs,Imported from Sorftime; ASIN B0FPCM4F3K; brand AceOrbit
category:Tool Holsters,553582,Tool Holsters,Tools & Home Improvement > Storage & Home Organization > Tool Organizers > Tool Holsters,B0BV62H313,,"HolsterBuilder Discreet Carry Concept Clip, Tuckable Ambidextrous IWB Holster Belt Clip with Mounting Hardware and Pre-Drilled Holes for Secure Concealment",Tools & Home Improvement > Storage & Home Organization > Tool Organizers > Tool Holsters,US,19.99,5.6,1.6,3.25,0.15,209.0,67.0,4.3,0.55,10000,1.0,20.0,50,25.0,20.0,20.0,75,35,65.0,B,"observed:price,sales,reviews,rating,fba_fee; estimated:search_volume,cpc",estimated_default_costs,Imported from Sorftime; ASIN B0BV62H313; brand HolsterBuilder
category:Tool Holsters,553582,Tool Holsters,Tools & Home Improvement > Storage & Home Organization > Tool Organizers > Tool Holsters,B0F2M4Q9ZS,,"Monliful 60 pcs Magnetic Modular Wrench Organizer Wrench Holder - Wrenchs Tool Organizers for Tool Drawer Storage, Wrenchs Rack with Metric SAE Labels, Tool Storage Set Holder Festival for Mechanics",Tools & Home Improvement > Storage & Home Organization > Tool Organizers > Tool Holsters,US,23.69,6.63,1.9,5.74,0.15,200.0,50.0,4.5,0.55,10000,1.0,20.0,50,25.0,20.0,20.0,75,35,65.0,B,"observed:price,sales,reviews,rating,fba_fee; estimated:search_volume,cpc",estimated_default_costs,Imported from Sorftime; ASIN B0F2M4Q9ZS; brand Monliful
category:Tool Pouches,322568011,Tool Pouches,Tools & Home Improvement > Storage & Home Organization > Tool Organizers > Tool Pouches,B08WJHZKKS,,"AWP Tool Pouch, Electrician Tool Pouch, Premium, Professional Multi-Pocket Organizer",Tools & Home Improvement > Storage & Home Organization > Tool Organizers > Tool Pouches,US,13.99,3.92,1.12,4.89,0.15,1243.0,1757.0,4.5,0.55,10000,1.0,20.0,50,25.0,20.0,20.0,75,35,65.0,B,"observed:price,sales,reviews,rating,fba_fee; estimated:search_volume,cpc",estimated_default_costs,Imported from Sorftime; ASIN B08WJHZKKS; brand AWP
category:Tool Pouches,322568011,Tool Pouches,Tools & Home Improvement > Storage & Home Organization > Tool Organizers > Tool Pouches,B0CLYN2NWP,,"Klein Tools MODbox Tool Pouch, Electrician Bag, Quickly Attach and Release from Tool Belts and MODBox Rail System",Tools & Home Improvement > Storage & Home Organization > Tool Organizers > Tool Pouches,US,19.98,5.59,1.6,6.38,0.15,964.0,329.0,4.2,0.55,10000,1.0,20.0,50,25.0,20.0,20.0,75,35,65.0,B,"observed:price,sales,reviews,rating,fba_fee; estimated:search_volume,cpc",estimated_default_costs,Imported from Sorftime; ASIN B0CLYN2NWP; brand KLEIN TOOLS
category:Tool Pouches,322568011,Tool Pouches,Tools & Home Improvement > Storage & Home Organization > Tool Organizers > Tool Pouches,B0G24G9R88,,"MAXPEDITION Platy Pocket Organizer, Durable EDC Tool Pouch for Men, Neck Wallet with Paracord Lanyard, Holds Flashlight, Multitool, Pen, Notebook",Tools & Home Improvement > Storage & Home Organization > Tool Organizers > Tool Pouches,US,23.99,6.72,1.92,3.94,0.15,769.0,404.0,4.6,0.55,10000,1.0,20.0,50,25.0,20.0,20.0,75,35,65.0,B,"observed:price,sales,reviews,rating,fba_fee; estimated:search_volume,cpc",estimated_default_costs,Imported from Sorftime; ASIN B0G24G9R88; brand Maxpedition
category:Tool Pouches,322568011,Tool Pouches,Tools & Home Improvement > Storage & Home Organization > Tool Organizers > Tool Pouches,B004TTEI9M,,"AWP Ballistic Nylon Mini Tool Pouch Multi-Pocket Organizer for Electricians, Professional Tool Box for Efficient Organization, Black/Gray | 1L-23021-2",Tools & Home Improvement > Storage & Home Organization > Tool Organizers > Tool Pouches,US,16.23,4.54,1.3,5.77,0.15,439.0,1097.0,4.5,0.55,10000,1.0,20.0,50,25.0,20.0,20.0,75,35,65.0,B,"observed:price,sales,reviews,rating,fba_fee; estimated:search_volume,cpc",estimated_default_costs,Imported from Sorftime; ASIN B004TTEI9M; brand AWP
category:Tool Pouches,322568011,Tool Pouches,Tools & Home Improvement > Storage & Home Organization > Tool Organizers > Tool Pouches,B0F13C9HZB,,"2PCS Wrench Roll Up Pouch, Wrench Organizer Roll, Canvas Tool Roll Up Bag",Tools & Home Improvement > Storage & Home Organization > Tool Organizers > Tool Pouches,US,15.99,4.48,1.28,3.77,0.15,404.0,128.0,4.5,0.55,10000,1.0,20.0,50,25.0,20.0,20.0,75,35,65.0,B,"observed:price,sales,reviews,rating,fba_fee; estimated:search_volume,cpc",estimated_default_costs,Imported from Sorftime; ASIN B0F13C9HZB; brand zavcurp
category:Tool Pouches,322568011,Tool Pouches,Tools & Home Improvement > Storage & Home Organization > Tool Organizers > Tool Pouches,B0CLX1RT57,,Mini Sax X,Tools & Home Improvement > Storage & Home Organization > Tool Organizers > Tool Pouches,US,25.0,7.0,2.0,4.46,0.15,381.0,135.0,4.4,0.55,10000,1.0,20.0,50,25.0,20.0,20.0,75,35,65.0,B,"observed:price,sales,reviews,rating,fba_fee; estimated:search_volume,cpc",estimated_default_costs,Imported from Sorftime; ASIN B0CLX1RT57; brand Diamondback
category:Tool Pouches,322568011,Tool Pouches,Tools & Home Improvement > Storage & Home Organization > Tool Organizers > Tool Pouches,B08SVSH1ZK,,"AWP TrapJaw Clip-On Fastener Tool Pouch, Spring-Loaded Utility Bag, 1 Pack | Spring-loaded closure, Clips to belt or pocket, Holds nails and screws, Durable construction, Electrical accessories",Tools & Home Improvement > Storage & Home Organization > Tool Organizers > Tool Pouches,US,12.99,3.64,1.04,3.46,0.15,370.0,878.0,4.6,0.55,10000,1.0,20.0,50,25.0,20.0,20.0,75,35,65.0,B,"observed:price,sales,reviews,rating,fba_fee; estimated:search_volume,cpc",estimated_default_costs,Imported from Sorftime; ASIN B08SVSH1ZK; brand AWP
category:Tool Pouches,322568011,Tool Pouches,Tools & Home Improvement > Storage & Home Organization > Tool Organizers > Tool Pouches,B0DN6QQFGB,,"MELOTOUGH Small Tool Pouch Electrican Clip on Tool Pouch,Tool Belt Pouch with Belt Holster Mini Electrican Tool Holder with Sanp Clip",Tools & Home Improvement > Storage & Home Organization > Tool Organizers > Tool Pouches,US,12.9,3.61,1.03,4.19,0.15,363.0,550.0,4.5,0.55,10000,1.0,20.0,50,25.0,20.0,20.0,75,35,65.0,B,"observed:price,sales,reviews,rating,fba_fee; estimated:search_volume,cpc",estimated_default_costs,Imported from Sorftime; ASIN B0DN6QQFGB; brand MELOTOUGH
category:Tool Pouches,322568011,Tool Pouches,Tools & Home Improvement > Storage & Home Organization > Tool Organizers > Tool Pouches,B0BVDPHHJM,,"Joey Pouch PRO | Clip-On Tool Belt Bag for Tools, Screws, and Nails - Great for an Electrician, HVAC Tech, Plumber, Carpenter, Contractor, Handy Man, and Any Tradesperson - Metal Clip",Tools & Home Improvement > Storage & Home Organization > Tool Organizers > Tool Pouches,US,39.99,11.2,3.2,6.58,0.15,362.0,224.0,4.6,0.55,10000,1.0,20.0,50,25.0,20.0,20.0,75,35,65.0,B,"observed:price,sales,reviews,rating,fba_fee; estimated:search_volume,cpc",estimated_default_costs,Imported from Sorftime; ASIN B0BVDPHHJM; brand Holstery
category:Tool Pouches,322568011,Tool Pouches,Tools & Home Improvement > Storage & Home Organization > Tool Organizers > Tool Pouches,B07HGW9PF1,,"Graintex 5 Pocket Suede Leather Tool Belt/Bag | Pink | Multipurpose Leather Tool Belt for Women and Men | Construction, Electrician, Handymen, Carpenter, Gardening Pouch and DIY Projects",Tools & Home Improvement > Storage & Home Organization > Tool Organizers > Tool Pouches,US,31.99,8.96,2.56,8.02,0.15,335.0,744.0,4.5,0.55,10000,1.0,20.0,50,25.0,20.0,20.0,75,35,65.0,B,"observed:price,sales,reviews,rating,fba_fee; estimated:search_volume,cpc",estimated_default_costs,Imported from Sorftime; ASIN B07HGW9PF1; brand Graintex
category:Tool Pouches,322568011,Tool Pouches,Tools & Home Improvement > Storage & Home Organization > Tool Organizers > Tool Pouches,B0F83T4D9C,,"MELOTOUGH Pocket Tool Belt Pouch-Small Tool Pouch with Quick Release Belt Clip,Clip on Larger Pockets & Loop, Clip on-Tool Holder Accessory",Tools & Home Improvement > Storage & Home Organization > Tool Organizers > Tool Pouches,US,24.98,6.99,2.0,6.22,0.15,323.0,82.0,4.4,0.55,10000,1.0,20.0,50,25.0,20.0,20.0,75,35,65.0,B,"observed:price,sales,reviews,rating,fba_fee; estimated:search_volume,cpc",estimated_default_costs,Imported from Sorftime; ASIN B0F83T4D9C; brand MELOTOUGH
category:Tool Pouches,322568011,Tool Pouches,Tools & Home Improvement > Storage & Home Organization > Tool Organizers > Tool Pouches,B00GBSCFVC,,"Dickies 8-Pocket Padded Tool Belt/Utility Pouch, Adjustable 3-Inch Belt, Durable Canvas Construction, Tan/Grey",Tools & Home Improvement > Storage & Home Organization > Tool Organizers > Tool Pouches,US,34.99,9.8,2.8,8.03,0.15,316.0,1700.0,4.6,0.55,10000,1.0,20.0,50,25.0,20.0,20.0,75,35,65.0,B,"observed:price,sales,reviews,rating,fba_fee; estimated:search_volume,cpc",estimated_default_costs,Imported from Sorftime; ASIN B00GBSCFVC; brand Dickies
category:Tool Pouches,322568011,Tool Pouches,Tools & Home Improvement > Storage & Home Organization > Tool Organizers > Tool Pouches,B000VAC3ZY,,"CLC Custom Leathercraft 700 Tool Pouch, Heavy Duty, 5-Pocket, Tan",Tools & Home Improvement > Storage & Home Organization > Tool Organizers > Tool Pouches,US,19.39,5.43,1.55,4.89,0.15,305.0,1430.0,4.6,0.55,10000,1.0,20.0,50,25.0,20.0,20.0,75,35,65.0,B,"observed:price,sales,reviews,rating,fba_fee; estimated:search_volume,cpc",estimated_default_costs,Imported from Sorftime; ASIN B000VAC3ZY; brand Custom Leathercraft
category:Tool Pouches,322568011,Tool Pouches,Tools & Home Improvement > Storage & Home Organization > Tool Organizers > Tool Pouches,B07GB3LNZG,,Ox Pro Full Grain Leather Tool Pouches - Made with Double Stitching and Rivet Reinforced Pockets,Tools & Home Improvement > Storage & Home Organization > Tool Organizers > Tool Pouches,US,49.99,14.0,4.0,8.4,0.15,299.0,48.0,4.4,0.55,10000,1.0,20.0,50,25.0,20.0,20.0,75,35,65.0,B,"observed:price,sales,reviews,rating,fba_fee; estimated:search_volume,cpc",estimated_default_costs,Imported from Sorftime; ASIN B07GB3LNZG; brand OX
category:Tool Pouches,322568011,Tool Pouches,Tools & Home Improvement > Storage & Home Organization > Tool Organizers > Tool Pouches,B0CJTZ3M8R,,"SOGCASE Tool Pouch Nails Screws Bag with Belt Clip (XL, Black)",Tools & Home Improvement > Storage & Home Organization > Tool Organizers > Tool Pouches,US,13.99,3.92,1.12,4.19,0.15,293.0,282.0,4.5,0.55,10000,1.0,20.0,50,25.0,20.0,20.0,75,35,65.0,B,"observed:price,sales,reviews,rating,fba_fee; estimated:search_volume,cpc",estimated_default_costs,Imported from Sorftime; ASIN B0CJTZ3M8R; brand SOGCASE
category:Tool Pouches,322568011,Tool Pouches,Tools & Home Improvement > Storage & Home Organization > Tool Organizers > Tool Pouches,B0BZVWLJBK,,"MELOTOUGH Pocket Tool Pouch Tool Belt Pouches with Belt Clip Utility Mini Tool Organizer Pouch for Electrician,Carpenter,Construction,Technician",Tools & Home Improvement > Storage & Home Organization > Tool Organizers > Tool Pouches,US,17.99,5.04,1.44,5.36,0.15,276.0,550.0,4.6,0.55,10000,1.0,20.0,50,25.0,20.0,20.0,75,35,65.0,B,"observed:price,sales,reviews,rating,fba_fee; estimated:search_volume,cpc",estimated_default_costs,Imported from Sorftime; ASIN B0BZVWLJBK; brand MELOTOUGH
category:Tool Pouches,322568011,Tool Pouches,Tools & Home Improvement > Storage & Home Organization > Tool Organizers > Tool Pouches,B0FQHQHTQZ,,MELOTOUGH Professional Small Electrician Tool Pouch for Tool Belt Pockets with Belt Clip Attachment Pockets Tradesman Tool Bag Pouch with Tape Thong Tool Holster,Tools & Home Improvement > Storage & Home Organization > Tool Organizers > Tool Pouches,US,28.98,8.11,2.32,6.37,0.15,271.0,62.0,4.4,0.55,10000,1.0,20.0,50,25.0,20.0,20.0,75,35,65.0,B,"observed:price,sales,reviews,rating,fba_fee; estimated:search_volume,cpc",estimated_default_costs,Imported from Sorftime; ASIN B0FQHQHTQZ; brand MELOTOUGH
category:Tool Pouches,322568011,Tool Pouches,Tools & Home Improvement > Storage & Home Organization > Tool Organizers > Tool Pouches,B0DZ29V8WK,,"KUNN Electrician Tool Pouch with Belt Clip - 7-Pocket Lightweight Small Tool Belt Pouches for Carpenters, Technicians, HVAC - Heavy Duty Multi-Pocket Organizer for Construction, Maintenance, DIY Tools",Tools & Home Improvement > Storage & Home Organization > Tool Organizers > Tool Pouches,US,18.99,5.32,1.52,5.77,0.15,268.0,139.0,4.4,0.55,10000,1.0,20.0,50,25.0,20.0,20.0,75,35,65.0,B,"observed:price,sales,reviews,rating,fba_fee; estimated:search_volume,cpc",estimated_default_costs,Imported from Sorftime; ASIN B0DZ29V8WK; brand KUNN
category:Tool Pouches,322568011,Tool Pouches,Tools & Home Improvement > Storage & Home Organization > Tool Organizers > Tool Pouches,B0D1NBKQYR,,Zeluga Saddle Leather 3 Pocket Linesmen and Electricians Tool Holder,Tools & Home Improvement > Storage & Home Organization > Tool Organizers > Tool Pouches,US,20.95,5.87,1.68,5.77,0.15,267.0,132.0,4.6,0.55,10000,1.0,20.0,50,25.0,20.0,20.0,75,35,65.0,B,"observed:price,sales,reviews,rating,fba_fee; estimated:search_volume,cpc",estimated_default_costs,Imported from Sorftime; ASIN B0D1NBKQYR; brand Zeluga
category:Tool Pouches,322568011,Tool Pouches,Tools & Home Improvement > Storage & Home Organization > Tool Organizers > Tool Pouches,B0F183P94R,,"FESA Small Leather Tool Pouch - 5-in-1 Heavy Top Grain Leather Small Tool Pouch with a Steel Hammer Loop, 4 Pockets & Reinforced Heavy Duty Rivets - Fits Belts up to 3“ - Handcrafted",Tools & Home Improvement > Storage & Home Organization > Tool Organizers > Tool Pouches,US,35.99,10.08,2.88,5.37,0.15,251.0,215.0,4.5,0.55,10000,1.0,20.0,50,25.0,20.0,20.0,75,35,65.0,B,"observed:price,sales,reviews,rating,fba_fee; estimated:search_volume,cpc",estimated_default_costs,Imported from Sorftime; ASIN B0F183P94R; brand FESA
category:Tool Pouches,322568011,Tool Pouches,Tools & Home Improvement > Storage & Home Organization > Tool Organizers > Tool Pouches,B00GK4U0UA,,"Bucket Boss - Tool Pouch with FlapFit, Pouches - Original Series (54140), Brown",Tools & Home Improvement > Storage & Home Organization > Tool Organizers > Tool Pouches,US,16.19,4.53,1.3,6.22,0.15,234.0,967.0,4.5,0.55,10000,1.0,20.0,50,25.0,20.0,20.0,75,35,65.0,B,"observed:price,sales,reviews,rating,fba_fee; estimated:search_volume,cpc",estimated_default_costs,Imported from Sorftime; ASIN B00GK4U0UA; brand Bucket Boss
category:Tool Pouches,322568011,Tool Pouches,Tools & Home Improvement > Storage & Home Organization > Tool Organizers > Tool Pouches,B0F9WLW5WQ,,"Belt Tool Pouch,Tactical Utility Pouch, Heavy-Duty Nylon EDC Multitool Organizer,Cell Phone Holder, Multi-Pockets Tool Holster Sheath Bag for Electricians Handymen Work Maintenance Dailylife Hiking",Tools & Home Improvement > Storage & Home Organization > Tool Organizers > Tool Pouches,US,13.99,3.92,1.12,4.18,0.15,228.0,76.0,4.1,0.55,10000,1.0,20.0,50,25.0,20.0,20.0,75,35,65.0,B,"observed:price,sales,reviews,rating,fba_fee; estimated:search_volume,cpc",estimated_default_costs,Imported from Sorftime; ASIN B0F9WLW5WQ; brand FAUDRECRO
category:Tool Pouches,322568011,Tool Pouches,Tools & Home Improvement > Storage & Home Organization > Tool Organizers > Tool Pouches,B0002RI61G,,Klein Tools 5125 Canvas and Leather 5-Pocket Tool Pouch with Chain Tape Thong and Tunnel Belt Connection,Tools & Home Improvement > Storage & Home Organization > Tool Organizers > Tool Pouches,US,44.99,12.6,3.6,6.22,0.15,228.0,830.0,4.6,0.55,10000,1.0,20.0,50,25.0,20.0,20.0,75,35,65.0,B,"observed:price,sales,reviews,rating,fba_fee; estimated:search_volume,cpc",estimated_default_costs,Imported from Sorftime; ASIN B0002RI61G; brand KLEIN TOOLS
category:Tool Pouches,322568011,Tool Pouches,Tools & Home Improvement > Storage & Home Organization > Tool Organizers > Tool Pouches,B0DRFBSY9L,,"MELOTOUGH 7-Pocket Technician Pouch-Small Pocket Tool Belt Pouch with Belt Clip,Clip on Larger Pockets & Loop, Clip on-Tool Holder Accessory",Tools & Home Improvement > Storage & Home Organization > Tool Organizers > Tool Pouches,US,23.98,6.71,1.92,6.21,0.15,226.0,63.0,4.1,0.55,10000,1.0,20.0,50,25.0,20.0,20.0,75,35,65.0,B,"observed:price,sales,reviews,rating,fba_fee; estimated:search_volume,cpc",estimated_default_costs,Imported from Sorftime; ASIN B0DRFBSY9L; brand MELOTOUGH
category:Tool Pouches,322568011,Tool Pouches,Tools & Home Improvement > Storage & Home Organization > Tool Organizers > Tool Pouches,B0FWQ92XWB,,"WELKINLAND LayFlat Tool Pouch Organizer, 5-Pocket 13-Inch Small Tool Bag | Heavy-Duty Waxed Canvas Tool Pouch, Wide-Open Tool Pouch Bag,Quick-Access Tool Pouch Zipper, Easy-Organized Mechanic Tool Bag",Tools & Home Improvement > Storage & Home Organization > Tool Organizers > Tool Pouches,US,35.99,10.08,2.88,6.6,0.15,221.0,88.0,4.6,0.55,10000,1.0,20.0,50,25.0,20.0,20.0,75,35,65.0,B,"observed:price,sales,reviews,rating,fba_fee; estimated:search_volume,cpc",estimated_default_costs,Imported from Sorftime; ASIN B0FWQ92XWB; brand WELKINLAND
category:Tool Pouches,322568011,Tool Pouches,Tools & Home Improvement > Storage & Home Organization > Tool Organizers > Tool Pouches,B0DN16V72X,,"MELOTOUGH Electrician Tool Pouch Lightweight Belt Organizer with Tape Holder & Speed Square Slot for Wiring Construction & DIY​ Tool Holster with 13 Pockets,Utility Pouch for HVAC Technicians",Tools & Home Improvement > Storage & Home Organization > Tool Organizers > Tool Pouches,US,19.98,5.59,1.6,6.78,0.15,220.0,185.0,4.5,0.55,10000,1.0,20.0,50,25.0,20.0,20.0,75,35,65.0,B,"observed:price,sales,reviews,rating,fba_fee; estimated:search_volume,cpc",estimated_default_costs,Imported from Sorftime; ASIN B0DN16V72X; brand MELOTOUGH
category:Tool Pouches,322568011,Tool Pouches,Tools & Home Improvement > Storage & Home Organization > Tool Organizers > Tool Pouches,B08PYVQWNR,,"RingSun Genuine Leather Pocket Protector for Men, Durable Tool Pouch, Jeans Shirts Protector for Tools Pens",Tools & Home Improvement > Storage & Home Organization > Tool Organizers > Tool Pouches,US,14.99,4.2,1.2,3.35,0.15,218.0,649.0,4.3,0.55,10000,1.0,20.0,50,25.0,20.0,20.0,75,35,65.0,B,"observed:price,sales,reviews,rating,fba_fee; estimated:search_volume,cpc",estimated_default_costs,Imported from Sorftime; ASIN B08PYVQWNR; brand Ringsun
category:Tool Pouches,322568011,Tool Pouches,Tools & Home Improvement > Storage & Home Organization > Tool Organizers > Tool Pouches,B0DD3H5FN8,,"Nail/Screw Work Pouch,Metal Clip-On Tool Pouch for Tools Screws and Nails,Ideal for Electrician Plumber Carpenter Contractor Handy Man and Any Tradesperson",Tools & Home Improvement > Storage & Home Organization > Tool Organizers > Tool Pouches,US,14.99,4.2,1.2,4.11,0.15,217.0,64.0,4.6,0.55,10000,1.0,20.0,50,25.0,20.0,20.0,75,35,65.0,B,"observed:price,sales,reviews,rating,fba_fee; estimated:search_volume,cpc",estimated_default_costs,Imported from Sorftime; ASIN B0DD3H5FN8; brand AJFHKJ
category:Tool Pouches,322568011,Tool Pouches,Tools & Home Improvement > Storage & Home Organization > Tool Organizers > Tool Pouches,B09ZXC2QQ1,,"VIPERADE PL6 Tactical Modular EDC Organizer, Elastic Insert Pouch Panel with Hook Backed Accessories Holder, Attachment for Backpack, Tactical Vest, Bag",Tools & Home Improvement > Storage & Home Organization > Tool Organizers > Tool Pouches,US,14.99,4.2,1.2,3.93,0.15,216.0,376.0,4.4,0.55,10000,1.0,20.0,50,25.0,20.0,20.0,75,35,65.0,B,"observed:price,sales,reviews,rating,fba_fee; estimated:search_volume,cpc",estimated_default_costs,Imported from Sorftime; ASIN B09ZXC2QQ1; brand VIPERADE
category:Tool Pouches,322568011,Tool Pouches,Tools & Home Improvement > Storage & Home Organization > Tool Organizers > Tool Pouches,B0FYRQFYL8,,"FESA Small Electrician‘s Tool Pouch - Leather 7-in-1 Small Tool Pouch with Steel Tape Measure or Drill Clip, Tape T-Chain & 5 Pockets - Clip On Any Belt - Handcrafted",Tools & Home Improvement > Storage & Home Organization > Tool Organizers > Tool Pouches,US,34.99,9.8,2.8,5.76,0.15,208.0,50.0,4.6,0.55,10000,1.0,20.0,50,25.0,20.0,20.0,75,35,65.0,B,"observed:price,sales,reviews,rating,fba_fee; estimated:search_volume,cpc",estimated_default_costs,Imported from Sorftime; ASIN B0FYRQFYL8; brand FESA
category:Tool Pouches,322568011,Tool Pouches,Tools & Home Improvement > Storage & Home Organization > Tool Organizers > Tool Pouches,B0DZ1XH55C,,"DuraTech Tool Pouch with Belt Clip, Electrician Tool Pouch with Tape Measure Holder & Hammer Loop, Quick Release Buckle, Expandable Support Frame, Ideal for Construction, Carpentry and Handyman Use",Tools & Home Improvement > Storage & Home Organization > Tool Organizers > Tool Pouches,US,17.99,5.04,1.44,6.38,0.15,205.0,64.0,4.4,0.55,10000,1.0,20.0,50,25.0,20.0,20.0,75,35,65.0,B,"observed:price,sales,reviews,rating,fba_fee; estimated:search_volume,cpc",estimated_default_costs,Imported from Sorftime; ASIN B0DZ1XH55C; brand DURATECH
category:Tool Pouches,322568011,Tool Pouches,Tools & Home Improvement > Storage & Home Organization > Tool Organizers > Tool Pouches,B0FYJPMPTN,,"FESA Leather Carpenter Tool Pouch - 10-Pocket Heavy Top Grain Leather Carpenter Pouch with 2 Hammer Loops, Large & Small Pockets - Fits Work Belts up to 3“ - Handcrafted - Country-Themed",Tools & Home Improvement > Storage & Home Organization > Tool Organizers > Tool Pouches,US,44.99,12.6,3.6,7.83,0.15,202.0,105.0,4.4,0.55,10000,1.0,20.0,50,25.0,20.0,20.0,75,35,65.0,B,"observed:price,sales,reviews,rating,fba_fee; estimated:search_volume,cpc",estimated_default_costs,Imported from Sorftime; ASIN B0FYJPMPTN; brand FESA
category:Tool Pouches,322568011,Tool Pouches,Tools & Home Improvement > Storage & Home Organization > Tool Organizers > Tool Pouches,B0B5DRGQXM,,Zeluga 6 Pocket Leather Electrician Tool Pouch,Tools & Home Improvement > Storage & Home Organization > Tool Organizers > Tool Pouches,US,27.95,7.83,2.24,8.02,0.15,200.0,365.0,4.4,0.55,10000,1.0,20.0,50,25.0,20.0,20.0,75,35,65.0,B,"observed:price,sales,reviews,rating,fba_fee; estimated:search_volume,cpc",estimated_default_costs,Imported from Sorftime; ASIN B0B5DRGQXM; brand Zeluga
category:Tool Trays,15709201,Tool Trays,Tools & Home Improvement > Storage & Home Organization > Tool Organizers > Tool Trays,B0CJJD5BZQ,,"Magnetic Socket Organizer Set, 6PCS Socket Holder, 1/4“, 3/8“, 1/2“ Sockets Holds 143 Pieces Magnetic Sockets Trays (Blue&red, 6 Pcs)",Tools & Home Improvement > Storage & Home Organization > Tool Organizers > Tool Trays,US,36.99,10.36,2.96,9.32,0.15,3273.0,689.0,4.5,0.55,10000,1.0,20.0,50,25.0,20.0,20.0,75,35,65.0,B,"observed:price,sales,reviews,rating,fba_fee; estimated:search_volume,cpc",estimated_default_costs,Imported from Sorftime; ASIN B0CJJD5BZQ; brand SWANLAKE GARDEN TOOLS
category:Tool Trays,15709201,Tool Trays,Tools & Home Improvement > Storage & Home Organization > Tool Organizers > Tool Trays,B0CZQJL89S,,"SWANLAKE Socket Organizer Set 18-Piece, 1/4-Inch x 96 Clips, 3/8-Inch x 90 Clips, 1/2-Inch x 72 Clips, Socket Organizer for Tool Box Drawer, Drive Socket Trays, Socket Holder Clip Rail",Tools & Home Improvement > Storage & Home Organization > Tool Organizers > Tool Trays,US,29.99,8.4,2.4,7.76,0.15,2610.0,742.0,4.5,0.55,10000,1.0,20.0,50,25.0,20.0,20.0,75,35,65.0,B,"observed:price,sales,reviews,rating,fba_fee; estimated:search_volume,cpc",estimated_default_costs,Imported from Sorftime; ASIN B0CZQJL89S; brand SWANLAKE GARDEN TOOLS
category:Tool Trays,15709201,Tool Trays,Tools & Home Improvement > Storage & Home Organization > Tool Organizers > Tool Trays,B0BFHRVW9W,,"AMM 9PCS Socket organizer, 1/4' 3/8' 1/2' Drive Heavy duty socket holder",Tools & Home Improvement > Storage & Home Organization > Tool Organizers > Tool Trays,US,16.86,4.72,1.35,6.3,0.15,2301.0,2081.0,4.5,0.55,10000,1.0,20.0,50,25.0,20.0,20.0,75,35,65.0,B,"observed:price,sales,reviews,rating,fba_fee; estimated:search_volume,cpc",estimated_default_costs,Imported from Sorftime; ASIN B0BFHRVW9W; brand AMM
category:Tool Trays,15709201,Tool Trays,Tools & Home Improvement > Storage & Home Organization > Tool Organizers > Tool Trays,B0C65B5VXC,,"WORKPRO 2-Pack Magnetic Wrench Organizer, 12-Piece Wrench Holder Set",Tools & Home Improvement > Storage & Home Organization > Tool Organizers > Tool Trays,US,16.99,4.76,1.36,5.73,0.15,1518.0,782.0,4.5,0.55,10000,1.0,20.0,50,25.0,20.0,20.0,75,35,65.0,B,"observed:price,sales,reviews,rating,fba_fee; estimated:search_volume,cpc",estimated_default_costs,Imported from Sorftime; ASIN B0C65B5VXC; brand WORKPRO
category:Tool Trays,15709201,Tool Trays,Tools & Home Improvement > Storage & Home Organization > Tool Organizers > Tool Trays,B0D3TCVJPK,,"Magnetic Socket Holder Organizer Set: 9-Piece Detachable 1/4, 3/8, 1/2 Socket Trays Socket Organizer for Tool Box Drawer Holds 120-Piece Standard Size Sockets for Automotive Garage(Blue Red Green)",Tools & Home Improvement > Storage & Home Organization > Tool Organizers > Tool Trays,US,39.99,11.2,3.2,8.25,0.15,1412.0,265.0,4.4,0.55,10000,1.0,20.0,50,25.0,20.0,20.0,75,35,65.0,B,"observed:price,sales,reviews,rating,fba_fee; estimated:search_volume,cpc",estimated_default_costs,Imported from Sorftime; ASIN B0D3TCVJPK; brand SEDY
category:Tool Trays,15709201,Tool Trays,Tools & Home Improvement > Storage & Home Organization > Tool Organizers > Tool Trays,B0DXKT2ZQ3,,3Pcs Collapsible Magnetic Parts Tray Set with 15Lb Magnetic Pickup Pen | 3 Different Size Silicone Foldable Tool for Organizing Screw Bolts Nuts Washers Pins and Other Small Metal Parts,Tools & Home Improvement > Storage & Home Organization > Tool Organizers > Tool Trays,US,19.99,5.6,1.6,6.24,0.15,773.0,375.0,4.5,0.55,10000,1.0,20.0,50,25.0,20.0,20.0,75,35,65.0,B,"observed:price,sales,reviews,rating,fba_fee; estimated:search_volume,cpc",estimated_default_costs,Imported from Sorftime; ASIN B0DXKT2ZQ3; brand TOOLEAGUE
category:Tool Trays,15709201,Tool Trays,Tools & Home Improvement > Storage & Home Organization > Tool Organizers > Tool Trays,B0CR6NSTZN,,"Tool Box Organizer Tray, 60 PCS & 5 Sizes, Blue and Green",Tools & Home Improvement > Storage & Home Organization > Tool Organizers > Tool Trays,US,26.99,7.56,2.16,8.78,0.15,631.0,813.0,4.5,0.55,10000,1.0,20.0,50,25.0,20.0,20.0,75,35,65.0,B,"observed:price,sales,reviews,rating,fba_fee; estimated:search_volume,cpc",estimated_default_costs,Imported from Sorftime; ASIN B0CR6NSTZN; brand FLYVOLE
category:Tool Trays,15709201,Tool Trays,Tools & Home Improvement > Storage & Home Organization > Tool Organizers > Tool Trays,B0FD3DG5LX,,"A-LuGei 【𝗙𝗶𝘁𝘀𝟭𝟬𝟬+ 𝗧𝗼𝗼𝗹𝘀】 Tool Box Organizer Garage Organization | 【𝟴𝟬𝗣cs-𝟲𝙎𝙄𝙕𝙀】 Garage Organization and Storage Tray Divider Set, Desk Drawer Organizer, Toolbox for Rolling Tool Chest",Tools & Home Improvement > Storage & Home Organization > Tool Organizers > Tool Trays,US,33.99,9.52,2.72,9.94,0.15,545.0,997.0,4.6,0.55,10000,1.0,20.0,50,25.0,20.0,20.0,75,35,65.0,B,"observed:price,sales,reviews,rating,fba_fee; estimated:search_volume,cpc",estimated_default_costs,Imported from Sorftime; ASIN B0FD3DG5LX; brand A-LuGei
category:Tool Trays,15709201,Tool Trays,Tools & Home Improvement > Storage & Home Organization > Tool Organizers > Tool Trays,B0CMZBL8CB,,"NOEAIKE 2-Pack 3/8 Inch Magnetic Socket Organizer Metric &SAE | Sockets Holder Set 3/8“ Drive Socket Trays, Holds 56 Pcs Standard and Deep Size Sockets(Socket not Included)",Tools & Home Improvement > Storage & Home Organization > Tool Organizers > Tool Trays,US,22.99,6.44,1.84,7.8,0.15,435.0,468.0,4.6,0.55,10000,1.0,20.0,50,25.0,20.0,20.0,75,35,65.0,B,"observed:price,sales,reviews,rating,fba_fee; estimated:search_volume,cpc",estimated_default_costs,Imported from Sorftime; ASIN B0CMZBL8CB; brand NOEAIKE
category:Tool Trays,15709201,Tool Trays,Tools & Home Improvement > Storage & Home Organization > Tool Organizers > Tool Trays,B0FD3D299R,,A-LuGei 【𝟲 𝗦𝗜𝗭𝗘】 Tool Box Organizer Tray Set Drawer Organizer Divider | 【Fits 100+ Tools】 Extra-Thick Plastic for Tool Chest Cart Desk Drawer Organizer Garage Organization Workbench Office Storage,Tools & Home Improvement > Storage & Home Organization > Tool Organizers > Tool Trays,US,39.99,11.2,3.2,10.42,0.15,428.0,346.0,4.4,0.55,10000,1.0,20.0,50,25.0,20.0,20.0,75,35,65.0,B,"observed:price,sales,reviews,rating,fba_fee; estimated:search_volume,cpc",estimated_default_costs,Imported from Sorftime; ASIN B0FD3D299R; brand A-LuGei
category:Tool Trays,15709201,Tool Trays,Tools & Home Improvement > Storage & Home Organization > Tool Organizers > Tool Trays,B0D3D7XQ6S,,"Magnetic Wrench Organizer 4-piece, Wrench Rack Tool Trays SAE (1/4“ to 1-1/16“), Metric (6mm to 24mm), 64-Slot Drawer Storage Tools, Wrench Set Holder",Tools & Home Improvement > Storage & Home Organization > Tool Organizers > Tool Trays,US,16.99,4.76,1.36,6.33,0.15,391.0,772.0,4.3,0.55,10000,1.0,20.0,50,25.0,20.0,20.0,75,35,65.0,B,"observed:price,sales,reviews,rating,fba_fee; estimated:search_volume,cpc",estimated_default_costs,Imported from Sorftime; ASIN B0D3D7XQ6S; brand SWANLAKE GARDEN TOOLS
category:Tool Trays,15709201,Tool Trays,Tools & Home Improvement > Storage & Home Organization > Tool Organizers > Tool Trays,B0DQXZDWG7,,"PINOZE 8PCS Magnetic Socket Holder Organizer Set - 1/4, 3/8, 1/2 - Aluminum Alloy Socket Rail Trays for Tool Box Drawer, Socket Rack Kit with 114Pcs Clips for Automotive Garage(Blue Red Black)",Tools & Home Improvement > Storage & Home Organization > Tool Organizers > Tool Trays,US,39.99,11.2,3.2,8.19,0.15,377.0,175.0,4.5,0.55,10000,1.0,20.0,50,25.0,20.0,20.0,75,35,65.0,B,"observed:price,sales,reviews,rating,fba_fee; estimated:search_volume,cpc",estimated_default_costs,Imported from Sorftime; ASIN B0DQXZDWG7; brand Pinoze
category:Tool Trays,15709201,Tool Trays,Tools & Home Improvement > Storage & Home Organization > Tool Organizers > Tool Trays,B0CN1PC564,,Magnetic Tool Mat Set Flexible Heavy Duty Non Slip Magnet Pad Auto Repair | Holds metallic parts & fasteners secure on curved surfaces. Anti-scratch rubberized backing protects mechanics work space.,Tools & Home Improvement > Storage & Home Organization > Tool Organizers > Tool Trays,US,23.99,6.72,1.92,3.35,0.15,357.0,164.0,4.6,0.55,10000,1.0,20.0,50,25.0,20.0,20.0,75,35,65.0,B,"observed:price,sales,reviews,rating,fba_fee; estimated:search_volume,cpc",estimated_default_costs,Imported from Sorftime; ASIN B0CN1PC564; brand Railer
category:Tool Trays,15709201,Tool Trays,Tools & Home Improvement > Storage & Home Organization > Tool Organizers > Tool Trays,B09Q7KYBJG,,"Ernst Manufacturing 8487 Socket Boss, 2 18-Inch Rails featuring Twist-Lock Secure Socket Holder and Drawer Tray, Fits 1/2 Inch Drive Sockets, Green - Made in USA",Tools & Home Improvement > Storage & Home Organization > Tool Organizers > Tool Trays,US,23.01,6.44,1.84,11.05,0.15,356.0,218.0,4.6,0.55,10000,1.0,20.0,50,25.0,20.0,20.0,75,35,65.0,B,"observed:price,sales,reviews,rating,fba_fee; estimated:search_volume,cpc",estimated_default_costs,Imported from Sorftime; ASIN B09Q7KYBJG; brand Ernst Manufacturing
category:Tool Trays,15709201,Tool Trays,Tools & Home Improvement > Storage & Home Organization > Tool Organizers > Tool Trays,B0GS5D72PR,,"TOOLEAGUE 5Pcs Magnetic Toolbox Shelf, Tray and Holder Set | 2 Trays, Can Caddy & Screwdriver Holder, Paper Towel, 4“ Diameter Round Magnetic Parts Bowl for Tool Organization and Storage",Tools & Home Improvement > Storage & Home Organization > Tool Organizers > Tool Trays,US,29.99,8.4,2.4,9.43,0.15,346.0,41.0,4.4,0.55,10000,1.0,20.0,50,25.0,20.0,20.0,75,35,65.0,B,"observed:price,sales,reviews,rating,fba_fee; estimated:search_volume,cpc",estimated_default_costs,Imported from Sorftime; ASIN B0GS5D72PR; brand TOOLEAGUE
category:Tool Trays,15709201,Tool Trays,Tools & Home Improvement > Storage & Home Organization > Tool Organizers > Tool Trays,B09Q8386B4,,"Ernst Manufacturing 8481 Socket Boss 3-Rail Multi-Drive Socket Holder Tray for Toolbox, Twist-Lock Secures Sockets, Green, Clips for SAE, Metric Socket Sets - Made in USA",Tools & Home Improvement > Storage & Home Organization > Tool Organizers > Tool Trays,US,33.2,9.3,2.66,11.1,0.15,345.0,1651.0,4.6,0.55,10000,1.0,20.0,50,25.0,20.0,20.0,75,35,65.0,B,"observed:price,sales,reviews,rating,fba_fee; estimated:search_volume,cpc",estimated_default_costs,Imported from Sorftime; ASIN B09Q8386B4; brand Ernst Manufacturing
category:Tool Trays,15709201,Tool Trays,Tools & Home Improvement > Storage & Home Organization > Tool Organizers > Tool Trays,B0CJTB2452,,Collapsible Magnetic Parts Tray Set - 3 Different Size Tool Trays - Blue,Tools & Home Improvement > Storage & Home Organization > Tool Organizers > Tool Trays,US,29.95,8.39,2.4,6.14,0.15,338.0,509.0,4.5,0.55,10000,1.0,20.0,50,25.0,20.0,20.0,75,35,65.0,B,"observed:price,sales,reviews,rating,fba_fee; estimated:search_volume,cpc",estimated_default_costs,Imported from Sorftime; ASIN B0CJTB2452; brand SANDOR
category:Tool Trays,15709201,Tool Trays,Tools & Home Improvement > Storage & Home Organization > Tool Organizers > Tool Trays,B0CNC74CVR,,"Magnetic Socket Organizer Holder Set For Tool Box Drawer, Toolbox Organization Including 1/4“, 3/8“ and 1/2“ Drive Metric SAE Socket Trays (Sockets are not Included)",Tools & Home Improvement > Storage & Home Organization > Tool Organizers > Tool Trays,US,32.99,9.24,2.64,9.33,0.15,334.0,396.0,4.6,0.55,10000,1.0,20.0,50,25.0,20.0,20.0,75,35,65.0,B,"observed:price,sales,reviews,rating,fba_fee; estimated:search_volume,cpc",estimated_default_costs,Imported from Sorftime; ASIN B0CNC74CVR; brand Onsski
category:Tool Trays,15709201,Tool Trays,Tools & Home Improvement > Storage & Home Organization > Tool Organizers > Tool Trays,B09P8RF3YY,,"OEMTOOLS 26052 4-Pc Collapsible Magnetic Tray Set 4-1/2“ for Small Parts | Magnetic Tray Holds up to 2 Lb., Made of High Tensile Silica, Multiple Tray Colors Help with Sorting Parts, Compact Storage",Tools & Home Improvement > Storage & Home Organization > Tool Organizers > Tool Trays,US,22.99,6.44,1.84,5.88,0.15,332.0,788.0,4.4,0.55,10000,1.0,20.0,50,25.0,20.0,20.0,75,35,65.0,B,"observed:price,sales,reviews,rating,fba_fee; estimated:search_volume,cpc",estimated_default_costs,Imported from Sorftime; ASIN B09P8RF3YY; brand OEMTOOLS
category:Tool Trays,15709201,Tool Trays,Tools & Home Improvement > Storage & Home Organization > Tool Organizers > Tool Trays,B08LCP5NSN,,"Mayouko 80-Piece Portable Socket Organizer Tray, 2 Pcs Set, Blue & Red, Tools Organizer 1/4-Inch, 3/8-Inch, 1/2-Inch, Heavy Duty Socket Holder, Black Rails, Blue & Red Clips",Tools & Home Improvement > Storage & Home Organization > Tool Organizers > Tool Trays,US,27.51,7.7,2.2,7.98,0.15,303.0,1351.0,4.4,0.55,10000,1.0,20.0,50,25.0,20.0,20.0,75,35,65.0,B,"observed:price,sales,reviews,rating,fba_fee; estimated:search_volume,cpc",estimated_default_costs,Imported from Sorftime; ASIN B08LCP5NSN; brand Mayouko
category:Tool Trays,15709201,Tool Trays,Tools & Home Improvement > Storage & Home Organization > Tool Organizers > Tool Trays,B0D7Z7BL1Z,,"GRENPRO Magnetic Socket Organizer Set, 6PCS 1/4 3/8 1/2 SAE & Metric | Holds 143 Standard & Deep Sockets, Magnetic Base, Clear Labels for Tool Box & Cart; Sockets Not Included",Tools & Home Improvement > Storage & Home Organization > Tool Organizers > Tool Trays,US,30.99,8.68,2.48,9.63,0.15,299.0,271.0,4.6,0.55,10000,1.0,20.0,50,25.0,20.0,20.0,75,35,65.0,B,"observed:price,sales,reviews,rating,fba_fee; estimated:search_volume,cpc",estimated_default_costs,Imported from Sorftime; ASIN B0D7Z7BL1Z; brand GRENPRO
category:Tool Trays,15709201,Tool Trays,Tools & Home Improvement > Storage & Home Organization > Tool Organizers > Tool Trays,B095JRBMXX,,"Rechabite 8 Pieces 3” Round Magnetic Bowl Trays Set Stainless Steel Magnet Tool Tray Parts Holder for Screws, Sockets, Bolts, Pins, Mechanic‘s and Automotive",Tools & Home Improvement > Storage & Home Organization > Tool Organizers > Tool Trays,US,19.99,5.6,1.6,5.32,0.15,282.0,576.0,4.5,0.55,10000,1.0,20.0,50,25.0,20.0,20.0,75,35,65.0,B,"observed:price,sales,reviews,rating,fba_fee; estimated:search_volume,cpc",estimated_default_costs,Imported from Sorftime; ASIN B095JRBMXX; brand Rechabite
category:Tool Trays,15709201,Tool Trays,Tools & Home Improvement > Storage & Home Organization > Tool Organizers > Tool Trays,B0D7C4KFB3,,"WORKPRO 8-Piece Magnetic Socket and Wrench Organizer Set | 6-Piece Socket Holders, 1/4“ 3/8“ 1/2“ DR Tool Trays, for Metric SAE Sockets, 2-Piece Wrench Holders, for Metric SAE Wrenches",Tools & Home Improvement > Storage & Home Organization > Tool Organizers > Tool Trays,US,55.19,15.45,4.42,9.72,0.15,245.0,359.0,4.6,0.55,10000,1.0,20.0,50,25.0,20.0,20.0,75,35,65.0,B,"observed:price,sales,reviews,rating,fba_fee; estimated:search_volume,cpc",estimated_default_costs,Imported from Sorftime; ASIN B0D7C4KFB3; brand WORKPRO
category:Tool Trays,15709201,Tool Trays,Tools & Home Improvement > Storage & Home Organization > Tool Organizers > Tool Trays,B0FLV7V8VV,,"PINOZE Collapsible Magnetic Parts Organizer Trays & 12“ Flexible Magnetic Pickup Tool, 3 Different Size Magnet Tool Trays & Pick-Up Sweeper for Screw, Bolts, Nuts, Washers, Pins and Metal Parts, Green",Tools & Home Improvement > Storage & Home Organization > Tool Organizers > Tool Trays,US,19.99,5.6,1.6,6.32,0.15,241.0,144.0,4.3,0.55,10000,1.0,20.0,50,25.0,20.0,20.0,75,35,65.0,B,"observed:price,sales,reviews,rating,fba_fee; estimated:search_volume,cpc",estimated_default_costs,Imported from Sorftime; ASIN B0FLV7V8VV; brand Pinoze
category:Tool Trays,15709201,Tool Trays,Tools & Home Improvement > Storage & Home Organization > Tool Organizers > Tool Trays,B0FWQJ981R,,"Vexercisehoop Toolbox Organizer Trays, Tool Chest Drawer Organizer with Non-Slip EVA Pads – 47pcs Red and Black Interlocking Trays for Workbench, Rolling Tool Cart, Garage",Tools & Home Improvement > Storage & Home Organization > Tool Organizers > Tool Trays,US,20.89,5.85,1.67,7.93,0.15,227.0,403.0,4.4,0.55,10000,1.0,20.0,50,25.0,20.0,20.0,75,35,65.0,B,"observed:price,sales,reviews,rating,fba_fee; estimated:search_volume,cpc",estimated_default_costs,Imported from Sorftime; ASIN B0FWQJ981R; brand Vexercisehoop
category:Tool Trays,15709201,Tool Trays,Tools & Home Improvement > Storage & Home Organization > Tool Organizers > Tool Trays,B0BL92VK8J,,"Reniteco Socket Organizer Set, 3-Pack, 1/2“ Drive x 36 Clips",Tools & Home Improvement > Storage & Home Organization > Tool Organizers > Tool Trays,US,13.99,3.92,1.12,4.88,0.15,227.0,442.0,4.6,0.55,10000,1.0,20.0,50,25.0,20.0,20.0,75,35,65.0,B,"observed:price,sales,reviews,rating,fba_fee; estimated:search_volume,cpc",estimated_default_costs,Imported from Sorftime; ASIN B0BL92VK8J; brand Reniteco
category:Tool Trays,15709201,Tool Trays,Tools & Home Improvement > Storage & Home Organization > Tool Organizers > Tool Trays,B0CQZY4GVN,,"8PCS Socket Organizer Set - Magnetic Holder for 171 Pieces (1/4“, 3/8“, 1/2“)",Tools & Home Improvement > Storage & Home Organization > Tool Organizers > Tool Trays,US,36.99,10.36,2.96,10.52,0.15,221.0,499.0,4.5,0.55,10000,1.0,20.0,50,25.0,20.0,20.0,75,35,65.0,B,"observed:price,sales,reviews,rating,fba_fee; estimated:search_volume,cpc",estimated_default_costs,Imported from Sorftime; ASIN B0CQZY4GVN; brand GURADESIGN
category:Tool Trays,15709201,Tool Trays,Tools & Home Improvement > Storage & Home Organization > Tool Organizers > Tool Trays,B0F312FMB1,,"Pinoze 4-Piece Magnetic Wrench Organizer, 48-Slot Wrench Rack Tool Trays, Durable ABS Wrench Holder for Tool Box Drawer Chest, SAE (1/4“ to 1-1/16“) & Metric (6 to 24mm), Red/Blue",Tools & Home Improvement > Storage & Home Organization > Tool Organizers > Tool Trays,US,16.99,4.76,1.36,6.53,0.15,219.0,151.0,4.2,0.55,10000,1.0,20.0,50,25.0,20.0,20.0,75,35,65.0,B,"observed:price,sales,reviews,rating,fba_fee; estimated:search_volume,cpc",estimated_default_costs,Imported from Sorftime; ASIN B0F312FMB1; brand Pinoze
category:Tool Trays,15709201,Tool Trays,Tools & Home Improvement > Storage & Home Organization > Tool Organizers > Tool Trays,B0C2GJLVLV,,"DURATECH 3-Pack Magnetic Foldable Parts Tray Set, Silicone Tool Tray Set | Collapsible Tool Set with Double-Sided Magnetic Base for Organizing Screw Bolts Nuts Washers Pins and Other Small Metal Parts",Tools & Home Improvement > Storage & Home Organization > Tool Organizers > Tool Trays,US,15.29,4.28,1.22,5.87,0.15,217.0,168.0,4.6,0.55,10000,1.0,20.0,50,25.0,20.0,20.0,75,35,65.0,B,"observed:price,sales,reviews,rating,fba_fee; estimated:search_volume,cpc",estimated_default_costs,Imported from Sorftime; ASIN B0C2GJLVLV; brand DURATECH
category:Tool Trays,15709201,Tool Trays,Tools & Home Improvement > Storage & Home Organization > Tool Organizers > Tool Trays,B0GXG9L8N7,,"Flexible Magnetic Tool Mat: Features 83 Powerful Magnets for Holding Tools & Metal Parts - Perfect for Car Repair, Mechanics, Automotive Shops and DIYers",Tools & Home Improvement > Storage & Home Organization > Tool Organizers > Tool Trays,US,35.99,10.08,2.88,7.59,0.15,215.0,30.0,4.4,0.55,10000,1.0,20.0,50,25.0,20.0,20.0,75,35,65.0,B,"observed:price,sales,reviews,rating,fba_fee; estimated:search_volume,cpc",estimated_default_costs,Imported from Sorftime; ASIN B0GXG9L8N7; brand Seese
category:Tool Trays,15709201,Tool Trays,Tools & Home Improvement > Storage & Home Organization > Tool Organizers > Tool Trays,B0F9KPCY1R,,"LUVCOSY 6 PCS Tool Box Organizer Tray for Kobalt 2-Drawer Mini Tool Box with Friction Slide (OLD Version), Toolbox Organization Accessories (Box NOT Included)",Tools & Home Improvement > Storage & Home Organization > Tool Organizers > Tool Trays,US,16.99,4.76,1.36,6.59,0.15,212.0,127.0,3.9,0.55,10000,1.0,20.0,50,25.0,20.0,20.0,75,35,65.0,B,"observed:price,sales,reviews,rating,fba_fee; estimated:search_volume,cpc",estimated_default_costs,Imported from Sorftime; ASIN B0F9KPCY1R; brand LUVCOSY
category:Tool Trays,15709201,Tool Trays,Tools & Home Improvement > Storage & Home Organization > Tool Organizers > Tool Trays,B0G51ZLR35,,"ZOLOTI Collapsible Magnetic Parts Tray Set, 3 Sizes, Red | Foldable Silicone Magnet Trays for Screws, Bolts, Nuts, Washers, Pins, and Other Small Metal Parts, for Workshop Tasks",Tools & Home Improvement > Storage & Home Organization > Tool Organizers > Tool Trays,US,19.99,5.6,1.6,6.31,0.15,211.0,62.0,3.7,0.55,10000,1.0,20.0,50,25.0,20.0,20.0,75,35,65.0,B,"observed:price,sales,reviews,rating,fba_fee; estimated:search_volume,cpc",estimated_default_costs,Imported from Sorftime; ASIN B0G51ZLR35; brand ZOLOTI
category:Tool Trays,15709201,Tool Trays,Tools & Home Improvement > Storage & Home Organization > Tool Organizers > Tool Trays,B0FJF9MPGN,,"VALUEMAX 2-Pack Wrench Organizer, 32-Slot | Strong Magnetic Backing, Fits SAE 1/4“-1-1/16“ & Metric 6-28mm, for Toolbox Drawer & Wall Mount",Tools & Home Improvement > Storage & Home Organization > Tool Organizers > Tool Trays,US,12.9,3.61,1.03,5.76,0.15,206.0,65.0,3.8,0.55,10000,1.0,20.0,50,25.0,20.0,20.0,75,35,65.0,B,"observed:price,sales,reviews,rating,fba_fee; estimated:search_volume,cpc",estimated_default_costs,Imported from Sorftime; ASIN B0FJF9MPGN; brand ValueMax
category:Decorative Garden Stools,3563985011,Decorative Garden Stools,"Patio, Lawn & Garden > Outdoor Décor > Decorative Garden Stools",B0H49HFY43,,"zaowofires Solid Wooden Stool,Plant Stand,Step Stool,Light Walnut,10“ H","Patio, Lawn & Garden > Outdoor Décor > Decorative Garden Stools",US,32.99,9.24,2.64,8.26,0.15,1151.0,229.0,4.6,0.55,10000,1.0,20.0,50,25.0,20.0,20.0,75,35,65.0,B,"observed:price,sales,reviews,rating,fba_fee; estimated:search_volume,cpc",estimated_default_costs,Imported from Sorftime; ASIN B0H49HFY43; brand zaowofires
category:Decorative Garden Stools,3563985011,Decorative Garden Stools,"Patio, Lawn & Garden > Outdoor Décor > Decorative Garden Stools",B0CCCZZ33J,,"HDANI Wooden Stool Set of 2 for Adults,300lbs Load Capacity Garden Round Wood Stool,Non-Slip Small Step Stool for Plant Stand,Kitchen,Bathroom and Bedroom,Brown","Patio, Lawn & Garden > Outdoor Décor > Decorative Garden Stools",US,45.99,12.88,3.68,10.59,0.15,277.0,474.0,4.5,0.55,10000,1.0,20.0,50,25.0,20.0,20.0,75,35,65.0,B,"observed:price,sales,reviews,rating,fba_fee; estimated:search_volume,cpc",estimated_default_costs,Imported from Sorftime; ASIN B0CCCZZ33J; brand HDANI
category:Mop Handles,14253971,Mop Handles,Home & Kitchen > Cleaning Supplies > Household Cleaning > Cleaning Tools > Mopping > Accessories > Mop Handles,B0F8QPYX6Q,,"Hezane Mop Handle for Ocedar,Spin Mop Replacement Head Base Compatible with O Cedar,4-Section Spin Mop Handles and Base for EasyWring Spin Mop",Home & Kitchen > Cleaning Supplies > Household Cleaning > Cleaning Tools > Mopping > Accessories > Mop Handles,US,13.99,3.92,1.12,6.77,0.15,821.0,108.0,4.4,0.55,10000,1.0,20.0,50,25.0,20.0,20.0,75,35,65.0,B,"observed:price,sales,reviews,rating,fba_fee; estimated:search_volume,cpc",estimated_default_costs,Imported from Sorftime; ASIN B0F8QPYX6Q; brand Hezane
category:Mop Handles,14253971,Mop Handles,Home & Kitchen > Cleaning Supplies > Household Cleaning > Cleaning Tools > Mopping > Accessories > Mop Handles,B0G526LZPR,,"KalTell 2PK Commercial Quick-Change Iron Mop Handle, Heavy Duty Mop Head Replacement Holder for Wet Mop Floor Cleanig, Janitor Supplies",Home & Kitchen > Cleaning Supplies > Household Cleaning > Cleaning Tools > Mopping > Accessories > Mop Handles,US,34.99,9.8,2.8,7.72,0.15,755.0,6.0,4.0,0.55,10000,1.0,20.0,50,25.0,20.0,20.0,75,35,65.0,B,"observed:price,sales,reviews,rating,fba_fee; estimated:search_volume,cpc",estimated_default_costs,Imported from Sorftime; ASIN B0G526LZPR; brand KalTell
category:Mop Handles,14253971,Mop Handles,Home & Kitchen > Cleaning Supplies > Household Cleaning > Cleaning Tools > Mopping > Accessories > Mop Handles,B0GMQQMVY6,,"Mop Handle Compatible with Swiffer, Detachable Pink Extra Long Mop Handle for Swiffer",Home & Kitchen > Cleaning Supplies > Household Cleaning > Cleaning Tools > Mopping > Accessories > Mop Handles,US,12.99,3.64,1.04,4.89,0.15,691.0,99.0,4.2,0.55,10000,1.0,20.0,50,25.0,20.0,20.0,75,35,65.0,B,"observed:price,sales,reviews,rating,fba_fee; estimated:search_volume,cpc",estimated_default_costs,Imported from Sorftime; ASIN B0GMQQMVY6; brand LANGRUI
category:Mop Handles,14253971,Mop Handles,Home & Kitchen > Cleaning Supplies > Household Cleaning > Cleaning Tools > Mopping > Accessories > Mop Handles,B0FKTLLF53,,"2-Pack Extra Long Detachable Mop Handles, Green, Compatible with Swiffer Dry & Wet Mops, Easy to Install & Replace",Home & Kitchen > Cleaning Supplies > Household Cleaning > Cleaning Tools > Mopping > Accessories > Mop Handles,US,19.99,5.6,1.6,5.95,0.15,474.0,52.0,4.2,0.55,10000,1.0,20.0,50,25.0,20.0,20.0,75,35,65.0,B,"observed:price,sales,reviews,rating,fba_fee; estimated:search_volume,cpc",estimated_default_costs,Imported from Sorftime; ASIN B0FKTLLF53; brand LANGRUI
category:Mop Handles,14253971,Mop Handles,Home & Kitchen > Cleaning Supplies > Household Cleaning > Cleaning Tools > Mopping > Accessories > Mop Handles,B0FMD97VM5,,"Replaceable Handle for Rotating mop, 360° Rotation Adjustment,Wet Dusting Mop, Includes 3 Microfiber Mop Replacement Heads, Suitable for Floors, Walls, Outdoor Areas, and Various Home Scenarios",Home & Kitchen > Cleaning Supplies > Household Cleaning > Cleaning Tools > Mopping > Accessories > Mop Handles,US,29.89,8.37,2.39,8.22,0.15,273.0,94.0,4.6,0.55,10000,1.0,20.0,50,25.0,20.0,20.0,75,35,65.0,B,"observed:price,sales,reviews,rating,fba_fee; estimated:search_volume,cpc",estimated_default_costs,Imported from Sorftime; ASIN B0FMD97VM5; brand EKLION
category:Mop Handles,14253971,Mop Handles,Home & Kitchen > Cleaning Supplies > Household Cleaning > Cleaning Tools > Mopping > Accessories > Mop Handles,B0018E6OKC,,"IMUSA USA I522-28 Cuban Wood Mop Stick | Compatible with Cuban Mop Cloth, Ideal for Indoor Use",Home & Kitchen > Cleaning Supplies > Household Cleaning > Cleaning Tools > Mopping > Accessories > Mop Handles,US,27.91,7.81,2.23,11.93,0.15,230.0,1323.0,3.9,0.55,10000,1.0,20.0,50,25.0,20.0,20.0,75,35,65.0,B,"observed:price,sales,reviews,rating,fba_fee; estimated:search_volume,cpc",estimated_default_costs,Imported from Sorftime; ASIN B0018E6OKC; brand Imusa
category:Refill Sponges,695492011,Refill Sponges,Home & Kitchen > Cleaning Supplies > Household Cleaning > Cleaning Tools > Mopping > Accessories > Refill Sponges,B0GZVN6KP2,,"Duster Refill for Swiffer Duster, 60 Count, Not Include Handle Dusters | Electrostatic Duster 2 Side 360° Duster Refills, Disposable Multi Surface Dusters for Cleaning, Unscented",Home & Kitchen > Cleaning Supplies > Household Cleaning > Cleaning Tools > Mopping > Accessories > Refill Sponges,US,29.99,8.4,2.4,7.93,0.15,4563.0,1093.0,4.1,0.55,10000,1.0,20.0,50,25.0,20.0,20.0,75,35,65.0,B,"observed:price,sales,reviews,rating,fba_fee; estimated:search_volume,cpc",estimated_default_costs,Imported from Sorftime; ASIN B0GZVN6KP2; brand AIR U+
category:Refill Sponges,695492011,Refill Sponges,Home & Kitchen > Cleaning Supplies > Household Cleaning > Cleaning Tools > Mopping > Accessories > Refill Sponges,B00FF1QQBG,,"Libman Nitty Gritty Roller Mop Refill pack, 2 Count (Pack of 1)",Home & Kitchen > Cleaning Supplies > Household Cleaning > Cleaning Tools > Mopping > Accessories > Refill Sponges,US,16.57,4.64,1.33,4.9,0.15,491.0,2137.0,4.4,0.55,10000,1.0,20.0,50,25.0,20.0,20.0,75,35,65.0,B,"observed:price,sales,reviews,rating,fba_fee; estimated:search_volume,cpc",estimated_default_costs,Imported from Sorftime; ASIN B00FF1QQBG; brand LIBMAN COMMERCIAL
category:Refill Sponges,695492011,Refill Sponges,Home & Kitchen > Cleaning Supplies > Household Cleaning > Cleaning Tools > Mopping > Accessories > Refill Sponges,B01B7QLF1S,,OXO Good Grips Butterfly Mop Refill - Red - 1 Pack,Home & Kitchen > Cleaning Supplies > Household Cleaning > Cleaning Tools > Mopping > Accessories > Refill Sponges,US,13.99,3.92,1.12,4.47,0.15,438.0,795.0,4.5,0.55,10000,1.0,20.0,50,25.0,20.0,20.0,75,35,65.0,B,"observed:price,sales,reviews,rating,fba_fee; estimated:search_volume,cpc",estimated_default_costs,Imported from Sorftime; ASIN B01B7QLF1S; brand OXO
category:Refill Sponges,695492011,Refill Sponges,Home & Kitchen > Cleaning Supplies > Household Cleaning > Cleaning Tools > Mopping > Accessories > Refill Sponges,B08ZXK3SLP,,"Libman Gator Mop Refill Heads, Extra-Absorbent 9“ Sponge, 3 Pack | Extra-absorbent, cellulose-coated sponge replacement heads for Libman 9“ Gator Mop; 3-pack.",Home & Kitchen > Cleaning Supplies > Household Cleaning > Cleaning Tools > Mopping > Accessories > Refill Sponges,US,22.13,6.2,1.77,5.94,0.15,383.0,663.0,4.3,0.55,10000,1.0,20.0,50,25.0,20.0,20.0,75,35,65.0,B,"observed:price,sales,reviews,rating,fba_fee; estimated:search_volume,cpc",estimated_default_costs,Imported from Sorftime; ASIN B08ZXK3SLP; brand LIBMAN COMMERCIAL
category:Refill Sponges,695492011,Refill Sponges,Home & Kitchen > Cleaning Supplies > Household Cleaning > Cleaning Tools > Mopping > Accessories > Refill Sponges,B0FXBG63WY,,Compatible with clorox tub and Tile Scrubber Refill.Pack of 5.,Home & Kitchen > Cleaning Supplies > Household Cleaning > Cleaning Tools > Mopping > Accessories > Refill Sponges,US,14.99,4.2,1.2,5.36,0.15,305.0,36.0,4.0,0.55,10000,1.0,20.0,50,25.0,20.0,20.0,75,35,65.0,B,"observed:price,sales,reviews,rating,fba_fee; estimated:search_volume,cpc",estimated_default_costs,Imported from Sorftime; ASIN B0FXBG63WY; brand RXZHZYM
category:Refill Sponges,695492011,Refill Sponges,Home & Kitchen > Cleaning Supplies > Household Cleaning > Cleaning Tools > Mopping > Accessories > Refill Sponges,B08ZXYT9K8,,"Libman Scrubster Mop Refill Heads, Extra-Absorbent Sponge, 3 Pack | Extra-absorbent, cellulose-coated sponge replacement heads for Libman Scrubster Mop",Home & Kitchen > Cleaning Supplies > Household Cleaning > Cleaning Tools > Mopping > Accessories > Refill Sponges,US,20.26,5.67,1.62,6.59,0.15,213.0,343.0,4.3,0.55,10000,1.0,20.0,50,25.0,20.0,20.0,75,35,65.0,B,"observed:price,sales,reviews,rating,fba_fee; estimated:search_volume,cpc",estimated_default_costs,Imported from Sorftime; ASIN B08ZXYT9K8; brand LIBMAN COMMERCIAL
category:Replacement Heads,695491011,Replacement Heads,Home & Kitchen > Cleaning Supplies > Household Cleaning > Cleaning Tools > Mopping > Accessories > Replacement Heads,B0FPWQMRHW,,"Mop Heads Replacements for Ocedar, Mop Replace Head for o Cedar Easywring 1 Tank, Spin Mop Replacement Head Mop Heads Include 4 Pack Spin Mop Refills, 1 Pack Scrubber Mop Head and 1 Mop Base",Home & Kitchen > Cleaning Supplies > Household Cleaning > Cleaning Tools > Mopping > Accessories > Replacement Heads,US,14.99,4.2,1.2,8.22,0.15,2586.0,383.0,4.4,0.55,10000,1.0,20.0,50,25.0,20.0,20.0,75,35,65.0,B,"observed:price,sales,reviews,rating,fba_fee; estimated:search_volume,cpc",estimated_default_costs,Imported from Sorftime; ASIN B0FPWQMRHW; brand Henyopet
category:Replacement Heads,695491011,Replacement Heads,Home & Kitchen > Cleaning Supplies > Household Cleaning > Cleaning Tools > Mopping > Accessories > Replacement Heads,B0CT88PHMJ,,"KeFanta Mop for Floor Cleaning,2 Pcs Cotton String Wet Replacement Head | Mops Refill Compatible with Microfiber Cloth Mop & 0.8“ Diameter Mops Handle(1 Handle & 2 Heads)",Home & Kitchen > Cleaning Supplies > Household Cleaning > Cleaning Tools > Mopping > Accessories > Replacement Heads,US,13.97,3.91,1.12,5.94,0.15,1553.0,2131.0,4.3,0.55,10000,1.0,20.0,50,25.0,20.0,20.0,75,35,65.0,B,"observed:price,sales,reviews,rating,fba_fee; estimated:search_volume,cpc",estimated_default_costs,Imported from Sorftime; ASIN B0CT88PHMJ; brand KeFanta
category:Replacement Heads,695491011,Replacement Heads,Home & Kitchen > Cleaning Supplies > Household Cleaning > Cleaning Tools > Mopping > Accessories > Replacement Heads,B0G43QY7V8,,"Mop Head Replacement for O Cedar, Spin Mop Replacement Head for Ocedar Easywring 1 Tank System, Mop Heads Includeds 4 Mop Replacement Heads , 1 Spin Scrub Brush & 1 Base",Home & Kitchen > Cleaning Supplies > Household Cleaning > Cleaning Tools > Mopping > Accessories > Replacement Heads,US,14.59,4.09,1.17,5.77,0.15,1533.0,227.0,4.4,0.55,10000,1.0,20.0,50,25.0,20.0,20.0,75,35,65.0,B,"observed:price,sales,reviews,rating,fba_fee; estimated:search_volume,cpc",estimated_default_costs,Imported from Sorftime; ASIN B0G43QY7V8; brand Uoiispet
category:Replacement Heads,695491011,Replacement Heads,Home & Kitchen > Cleaning Supplies > Household Cleaning > Cleaning Tools > Mopping > Accessories > Replacement Heads,B0F142FHGZ,,"Mop Head Replacement Compatiable with Ocedar RinseClean 2-Tank System, Mircofiber Mop Heads Refill and Scrub Brush for O Cedar Rinseclean Spin Mop, 6 Pack Mop Refills & 2 Scrub Head for Floor Cleaning",Home & Kitchen > Cleaning Supplies > Household Cleaning > Cleaning Tools > Mopping > Accessories > Replacement Heads,US,14.99,4.2,1.2,5.94,0.15,1375.0,279.0,4.1,0.55,10000,1.0,20.0,50,25.0,20.0,20.0,75,35,65.0,B,"observed:price,sales,reviews,rating,fba_fee; estimated:search_volume,cpc",estimated_default_costs,Imported from Sorftime; ASIN B0F142FHGZ; brand GFRED
category:Replacement Heads,695491011,Replacement Heads,Home & Kitchen > Cleaning Supplies > Household Cleaning > Cleaning Tools > Mopping > Accessories > Replacement Heads,B0FBM5KDHL,,"Mop Heads Replacements for O-Cedar RinseClean 2-Tank Spin Mop, Mop Replace Head for O Cedar, Spin Mop Heads for Ocedar Includes 3 Pack Mop Refills, 2 Upgrade Scrub Brush, 1 Mop Base for O-Cedar Mop",Home & Kitchen > Cleaning Supplies > Household Cleaning > Cleaning Tools > Mopping > Accessories > Replacement Heads,US,14.99,4.2,1.2,5.76,0.15,1349.0,142.0,4.4,0.55,10000,1.0,20.0,50,25.0,20.0,20.0,75,35,65.0,B,"observed:price,sales,reviews,rating,fba_fee; estimated:search_volume,cpc",estimated_default_costs,Imported from Sorftime; ASIN B0FBM5KDHL; brand Aiyiried
category:Replacement Heads,695491011,Replacement Heads,Home & Kitchen > Cleaning Supplies > Household Cleaning > Cleaning Tools > Mopping > Accessories > Replacement Heads,B0FH9GTD9Z,,"10 Pack Mop Replacement Heads Compatible with O Cedar Triangle Swivel Mops, Spin Mop Microfiber Refills, Deep Cleaning Easy to Replace",Home & Kitchen > Cleaning Supplies > Household Cleaning > Cleaning Tools > Mopping > Accessories > Replacement Heads,US,19.99,5.6,1.6,7.19,0.15,1207.0,105.0,4.6,0.55,10000,1.0,20.0,50,25.0,20.0,20.0,75,35,65.0,B,"observed:price,sales,reviews,rating,fba_fee; estimated:search_volume,cpc",estimated_default_costs,Imported from Sorftime; ASIN B0FH9GTD9Z; brand Tecbeauty
category:Replacement Heads,695491011,Replacement Heads,Home & Kitchen > Cleaning Supplies > Household Cleaning > Cleaning Tools > Mopping > Accessories > Replacement Heads,B08LPS6T3Y,,"2-Tank Mop Heads Replacements for O-Ceda RinseClean Dual System, Microfiber Refills, Easy Cleaning Mop Repalce Head Blue 6 Pack",Home & Kitchen > Cleaning Supplies > Household Cleaning > Cleaning Tools > Mopping > Accessories > Replacement Heads,US,16.99,4.76,1.36,7.83,0.15,1193.0,1590.0,4.5,0.55,10000,1.0,20.0,50,25.0,20.0,20.0,75,35,65.0,B,"observed:price,sales,reviews,rating,fba_fee; estimated:search_volume,cpc",estimated_default_costs,Imported from Sorftime; ASIN B08LPS6T3Y; brand Bonus Life
category:Replacement Heads,695491011,Replacement Heads,Home & Kitchen > Cleaning Supplies > Household Cleaning > Cleaning Tools > Mopping > Accessories > Replacement Heads,B09KPK5RVZ,,"12 Pack Spin Mop Replacement Heads,100% Microfiber Mop Head,Deep Cleaning | Mop Heads Replacements Compatible with Cedar,360°Mop Replace Head for Floor Cleaning,Machine Washable & No Shedding",Home & Kitchen > Cleaning Supplies > Household Cleaning > Cleaning Tools > Mopping > Accessories > Replacement Heads,US,25.64,7.18,2.05,7.89,0.15,1184.0,660.0,4.6,0.55,10000,1.0,20.0,50,25.0,20.0,20.0,75,35,65.0,B,"observed:price,sales,reviews,rating,fba_fee; estimated:search_volume,cpc",estimated_default_costs,Imported from Sorftime; ASIN B09KPK5RVZ; brand V-chen
category:Replacement Heads,695491011,Replacement Heads,Home & Kitchen > Cleaning Supplies > Household Cleaning > Cleaning Tools > Mopping > Accessories > Replacement Heads,B0DJ2G8XL6,,"Mop Heads Replacement for Ocedar, Mop Replace Head for Ocedar EasyWring 1 Tank, Microfiber Spin Mop Refills, Include 5 Spin Mop Replacement Head Deep Cleaning Machine Washable with 2 Scrubber Mop Head",Home & Kitchen > Cleaning Supplies > Household Cleaning > Cleaning Tools > Mopping > Accessories > Replacement Heads,US,12.99,3.64,1.04,6.38,0.15,1072.0,626.0,4.5,0.55,10000,1.0,20.0,50,25.0,20.0,20.0,75,35,65.0,B,"observed:price,sales,reviews,rating,fba_fee; estimated:search_volume,cpc",estimated_default_costs,Imported from Sorftime; ASIN B0DJ2G8XL6; brand DLAIMI
category:Replacement Heads,695491011,Replacement Heads,Home & Kitchen > Cleaning Supplies > Household Cleaning > Cleaning Tools > Mopping > Accessories > Replacement Heads,B0CLLQFQFD,,Spin Mop Replacement Set Compatible with OCedar EasyWring 1-Tank,Home & Kitchen > Cleaning Supplies > Household Cleaning > Cleaning Tools > Mopping > Accessories > Replacement Heads,US,19.79,5.54,1.58,6.78,0.15,1071.0,1185.0,4.6,0.55,10000,1.0,20.0,50,25.0,20.0,20.0,75,35,65.0,B,"observed:price,sales,reviews,rating,fba_fee; estimated:search_volume,cpc",estimated_default_costs,Imported from Sorftime; ASIN B0CLLQFQFD; brand HiBaBy
category:Replacement Heads,695491011,Replacement Heads,Home & Kitchen > Cleaning Supplies > Household Cleaning > Cleaning Tools > Mopping > Accessories > Replacement Heads,B0FSDFM9W2,,Spin Mop Head Replacement Set for O-Ceda EasyWring 1-Tank System Spin Mops,Home & Kitchen > Cleaning Supplies > Household Cleaning > Cleaning Tools > Mopping > Accessories > Replacement Heads,US,26.99,7.56,2.16,9.46,0.15,956.0,175.0,4.5,0.55,10000,1.0,20.0,50,25.0,20.0,20.0,75,35,65.0,B,"observed:price,sales,reviews,rating,fba_fee; estimated:search_volume,cpc",estimated_default_costs,Imported from Sorftime; ASIN B0FSDFM9W2; brand RA RUNNING ALIEN
category:Replacement Heads,695491011,Replacement Heads,Home & Kitchen > Cleaning Supplies > Household Cleaning > Cleaning Tools > Mopping > Accessories > Replacement Heads,B0F3CJMBW7,,"Mop Handle Mop Replace Heads and Mop Base Brush Replacement for O Cedar EasyWring 1-Tank System Include 3 Spin Mop Replacement Head, 4-Section Mop Handles, 1 Base and 1 Scrub Brush Combo",Home & Kitchen > Cleaning Supplies > Household Cleaning > Cleaning Tools > Mopping > Accessories > Replacement Heads,US,17.99,5.04,1.44,7.93,0.15,928.0,276.0,4.4,0.55,10000,1.0,20.0,50,25.0,20.0,20.0,75,35,65.0,B,"observed:price,sales,reviews,rating,fba_fee; estimated:search_volume,cpc",estimated_default_costs,Imported from Sorftime; ASIN B0F3CJMBW7; brand Uoiispet
category:Replacement Heads,695491011,Replacement Heads,Home & Kitchen > Cleaning Supplies > Household Cleaning > Cleaning Tools > Mopping > Accessories > Replacement Heads,B0F6BWW4P6,,"Mop Replacement for Ocedar, Mop for O Cedar, Replacement Mop for O Cedar Spin Mop Contains 4-Section Mop Handle 2 Mop Replace Head 1 Mop Base 1 Scrubber Mop Head for O-Cedar Spin Mop",Home & Kitchen > Cleaning Supplies > Household Cleaning > Cleaning Tools > Mopping > Accessories > Replacement Heads,US,17.99,5.04,1.44,7.83,0.15,912.0,114.0,4.3,0.55,10000,1.0,20.0,50,25.0,20.0,20.0,75,35,65.0,B,"observed:price,sales,reviews,rating,fba_fee; estimated:search_volume,cpc",estimated_default_costs,Imported from Sorftime; ASIN B0F6BWW4P6; brand Yuunaie
category:Replacement Heads,695491011,Replacement Heads,Home & Kitchen > Cleaning Supplies > Household Cleaning > Cleaning Tools > Mopping > Accessories > Replacement Heads,B07XJXDQ3H,,"5 PCS Microfiber Replacement Mop Head Spin Mop Head Replacement 5-Pack, Microfiber Refill Heads Universal for 360 Spin Magic Mopping, Round Shape Standard Size White",Home & Kitchen > Cleaning Supplies > Household Cleaning > Cleaning Tools > Mopping > Accessories > Replacement Heads,US,14.99,4.2,1.2,6.22,0.15,871.0,2115.0,4.4,0.55,10000,1.0,20.0,50,25.0,20.0,20.0,75,35,65.0,B,"observed:price,sales,reviews,rating,fba_fee; estimated:search_volume,cpc",estimated_default_costs,Imported from Sorftime; ASIN B07XJXDQ3H; brand YWSHF
category:Replacement Heads,695491011,Replacement Heads,Home & Kitchen > Cleaning Supplies > Household Cleaning > Cleaning Tools > Mopping > Accessories > Replacement Heads,B0DF2R8YGV,,"Spin Mop Handle, Mop Heads Replacements,Scrubber Brush and Mop Base Compatible with Ocedar RinseClean 2-Tank System, Mop Handle and Head Replacement Combo Set for Wet Dry Use Floor Cleaning",Home & Kitchen > Cleaning Supplies > Household Cleaning > Cleaning Tools > Mopping > Accessories > Replacement Heads,US,16.99,4.76,1.36,6.38,0.15,863.0,471.0,4.5,0.55,10000,1.0,20.0,50,25.0,20.0,20.0,75,35,65.0,B,"observed:price,sales,reviews,rating,fba_fee; estimated:search_volume,cpc",estimated_default_costs,Imported from Sorftime; ASIN B0DF2R8YGV; brand Aiyiried
category:Replacement Heads,695491011,Replacement Heads,Home & Kitchen > Cleaning Supplies > Household Cleaning > Cleaning Tools > Mopping > Accessories > Replacement Heads,B0GHZ1PBH1,,"Mop Head Replacement for O Cedar, Spin Mop Replacement Head for Ocedar RinseClean 2 Tank System, Mop Heads Includeds 3 Mop Replacement Heads, 2 Upgrade Spin Scrub Brush, 1 Base & 1 Chenille Pad",Home & Kitchen > Cleaning Supplies > Household Cleaning > Cleaning Tools > Mopping > Accessories > Replacement Heads,US,15.99,4.48,1.28,5.77,0.15,837.0,49.0,4.6,0.55,10000,1.0,20.0,50,25.0,20.0,20.0,75,35,65.0,B,"observed:price,sales,reviews,rating,fba_fee; estimated:search_volume,cpc",estimated_default_costs,Imported from Sorftime; ASIN B0GHZ1PBH1; brand Uoiispet
category:Replacement Heads,695491011,Replacement Heads,Home & Kitchen > Cleaning Supplies > Household Cleaning > Cleaning Tools > Mopping > Accessories > Replacement Heads,B0FDB81F83,,"5 Pack Spin Mop Replacement for O Cedar RinseClean System-4 Heads +1 Brush | Upgrade Dual-Bristle Scrub Brush, Soft Inner & Stiff Outer,20° Angled for Corners,100% Microfiber Refill,Reusable & Washable",Home & Kitchen > Cleaning Supplies > Household Cleaning > Cleaning Tools > Mopping > Accessories > Replacement Heads,US,14.99,4.2,1.2,5.75,0.15,797.0,317.0,4.6,0.55,10000,1.0,20.0,50,25.0,20.0,20.0,75,35,65.0,B,"observed:price,sales,reviews,rating,fba_fee; estimated:search_volume,cpc",estimated_default_costs,Imported from Sorftime; ASIN B0FDB81F83; brand Fatmass
category:Replacement Heads,695491011,Replacement Heads,Home & Kitchen > Cleaning Supplies > Household Cleaning > Cleaning Tools > Mopping > Accessories > Replacement Heads,B0FHPVJQ7Q,,"Hezane 6pcs Mop Head Refills for O Cedar RinseClean 2 Tank Spin Mop System | 2 Microfiber Mop Head Refills 2 Chenille Mop Pads,1 Upgrade Scrub Brush 1 Spin Mop Base for OCedar 2 Tank,Cleaning All Floors",Home & Kitchen > Cleaning Supplies > Household Cleaning > Cleaning Tools > Mopping > Accessories > Replacement Heads,US,14.99,4.2,1.2,5.35,0.15,775.0,190.0,4.6,0.55,10000,1.0,20.0,50,25.0,20.0,20.0,75,35,65.0,B,"observed:price,sales,reviews,rating,fba_fee; estimated:search_volume,cpc",estimated_default_costs,Imported from Sorftime; ASIN B0FHPVJQ7Q; brand Hezane
category:Replacement Heads,695491011,Replacement Heads,Home & Kitchen > Cleaning Supplies > Household Cleaning > Cleaning Tools > Mopping > Accessories > Replacement Heads,B0G7YLNFHT,,"8 Pack Mop Replace Head with 1 Base Plate, 1 Scrub Brush Head for Ocedar | Mop Heads Replacements Compatible with Ocedar Spin Mop 1-Tank System, Easy-to-Replace Mop Refills, Microfiber Easy Wring Mop",Home & Kitchen > Cleaning Supplies > Household Cleaning > Cleaning Tools > Mopping > Accessories > Replacement Heads,US,19.99,5.6,1.6,6.59,0.15,773.0,149.0,4.4,0.55,10000,1.0,20.0,50,25.0,20.0,20.0,75,35,65.0,B,"observed:price,sales,reviews,rating,fba_fee; estimated:search_volume,cpc",estimated_default_costs,Imported from Sorftime; ASIN B0G7YLNFHT; brand SOBRATHDE
category:Replacement Heads,695491011,Replacement Heads,Home & Kitchen > Cleaning Supplies > Household Cleaning > Cleaning Tools > Mopping > Accessories > Replacement Heads,B0FN7TD6XG,,"6 Pack Mop Heads Replacements for O-Cedar Easy Wring 1-Tank System, Mop Replace Head Refills, Spin Mop Heads Replacements, Easy-to-Replace, Microfiber, Machine Washable, Easy Cleaning, White",Home & Kitchen > Cleaning Supplies > Household Cleaning > Cleaning Tools > Mopping > Accessories > Replacement Heads,US,16.11,4.51,1.29,6.2,0.15,754.0,802.0,4.6,0.55,10000,1.0,20.0,50,25.0,20.0,20.0,75,35,65.0,B,"observed:price,sales,reviews,rating,fba_fee; estimated:search_volume,cpc",estimated_default_costs,Imported from Sorftime; ASIN B0FN7TD6XG; brand TATAANTY
category:Replacement Heads,695491011,Replacement Heads,Home & Kitchen > Cleaning Supplies > Household Cleaning > Cleaning Tools > Mopping > Accessories > Replacement Heads,B0CWL1DS3P,,Replacement Microfiber Pad for Rubbermaid Commercial 18.5 Inch Mop Head - 10 Pack Wet & Dry Commercial Cleaning Refills Reusable Mop Refills Fit for Any Microfiber Flat Mop System 18.5“,Home & Kitchen > Cleaning Supplies > Household Cleaning > Cleaning Tools > Mopping > Accessories > Replacement Heads,US,21.59,6.05,1.73,6.77,0.15,740.0,261.0,4.5,0.55,10000,1.0,20.0,50,25.0,20.0,20.0,75,35,65.0,B,"observed:price,sales,reviews,rating,fba_fee; estimated:search_volume,cpc",estimated_default_costs,Imported from Sorftime; ASIN B0CWL1DS3P; brand BeiLan
category:Replacement Heads,695491011,Replacement Heads,Home & Kitchen > Cleaning Supplies > Household Cleaning > Cleaning Tools > Mopping > Accessories > Replacement Heads,B0D83F7WVW,,"Spin Mop Head Replacement for Libman Tornado Mop Refill, Microfiber 3-Pack | Not for old version. Inner 4 in, outer 6.9 in, full 14.5 in. Green washable microfiber spin mop for wood, tile & hard floors.",Home & Kitchen > Cleaning Supplies > Household Cleaning > Cleaning Tools > Mopping > Accessories > Replacement Heads,US,12.99,3.64,1.04,5.94,0.15,723.0,404.0,4.5,0.55,10000,1.0,20.0,50,25.0,20.0,20.0,75,35,65.0,B,"observed:price,sales,reviews,rating,fba_fee; estimated:search_volume,cpc",estimated_default_costs,Imported from Sorftime; ASIN B0D83F7WVW; brand MXZONE
category:Replacement Heads,695491011,Replacement Heads,Home & Kitchen > Cleaning Supplies > Household Cleaning > Cleaning Tools > Mopping > Accessories > Replacement Heads,B0F9L9KZLB,,"Mop Heads Replacements for O-Cedar RinseClean 2-Tank Spin Mop, Mop Replace Head for O Cedar, Mop Heads Include 4 Pack Mop Refills, 2 Scrubber Mop Heads, 1 Mop Base, Reusable, Easy to Replace",Home & Kitchen > Cleaning Supplies > Household Cleaning > Cleaning Tools > Mopping > Accessories > Replacement Heads,US,12.99,3.64,1.04,5.77,0.15,712.0,154.0,4.1,0.55,10000,1.0,20.0,50,25.0,20.0,20.0,75,35,65.0,B,"observed:price,sales,reviews,rating,fba_fee; estimated:search_volume,cpc",estimated_default_costs,Imported from Sorftime; ASIN B0F9L9KZLB; brand Aiyiried
category:Replacement Heads,695491011,Replacement Heads,Home & Kitchen > Cleaning Supplies > Household Cleaning > Cleaning Tools > Mopping > Accessories > Replacement Heads,B0FGCWN4M5,,"Mop Head Replacement for O-Cedar Easy Wring 1-Tank System, Mop Refills",Home & Kitchen > Cleaning Supplies > Household Cleaning > Cleaning Tools > Mopping > Accessories > Replacement Heads,US,16.99,4.76,1.36,6.77,0.15,690.0,450.0,4.5,0.55,10000,1.0,20.0,50,25.0,20.0,20.0,75,35,65.0,B,"observed:price,sales,reviews,rating,fba_fee; estimated:search_volume,cpc",estimated_default_costs,Imported from Sorftime; ASIN B0FGCWN4M5; brand Exovyn
category:Replacement Heads,695491011,Replacement Heads,Home & Kitchen > Cleaning Supplies > Household Cleaning > Cleaning Tools > Mopping > Accessories > Replacement Heads,B0FNR97HBG,,"Spin Mop Replacement Head Compatible with O Cedar EasyWring 1 Tank,Scrubber Heads,Scrub Brush Attachment for Bathroom,Kitchen and Various of Hard Floors",Home & Kitchen > Cleaning Supplies > Household Cleaning > Cleaning Tools > Mopping > Accessories > Replacement Heads,US,12.16,3.4,0.97,5.77,0.15,599.0,170.0,4.6,0.55,10000,1.0,20.0,50,25.0,20.0,20.0,75,35,65.0,B,"observed:price,sales,reviews,rating,fba_fee; estimated:search_volume,cpc",estimated_default_costs,Imported from Sorftime; ASIN B0FNR97HBG; brand Bublador
category:Replacement Heads,695491011,Replacement Heads,Home & Kitchen > Cleaning Supplies > Household Cleaning > Cleaning Tools > Mopping > Accessories > Replacement Heads,B0FFMGF1YQ,,"6 Pack Mop Heads Replacement for Ocedar EasyWring 1 Tank Spin Mop System,Include 2 Microfiber Spin Mops Replace Head&2 Chennile Mops Head Machine Washable with Scrubber Mopp Head and Base for Cleaning",Home & Kitchen > Cleaning Supplies > Household Cleaning > Cleaning Tools > Mopping > Accessories > Replacement Heads,US,13.29,3.72,1.06,5.76,0.15,526.0,231.0,4.3,0.55,10000,1.0,20.0,50,25.0,20.0,20.0,75,35,65.0,B,"observed:price,sales,reviews,rating,fba_fee; estimated:search_volume,cpc",estimated_default_costs,Imported from Sorftime; ASIN B0FFMGF1YQ; brand Heuihm
category:Replacement Heads,695491011,Replacement Heads,Home & Kitchen > Cleaning Supplies > Household Cleaning > Cleaning Tools > Mopping > Accessories > Replacement Heads,B0D7W41CW2,,"3 Pack Mop Heads Replacements Compatible for Ocedar Dual-Action Microfiber Flip Mop, Double Sided Mop Replace Head Mop Refills with Microfiber & Chenille for Dry Wet Use, Reusable, Machine Washable",Home & Kitchen > Cleaning Supplies > Household Cleaning > Cleaning Tools > Mopping > Accessories > Replacement Heads,US,13.99,3.92,1.12,4.89,0.15,505.0,394.0,4.6,0.55,10000,1.0,20.0,50,25.0,20.0,20.0,75,35,65.0,B,"observed:price,sales,reviews,rating,fba_fee; estimated:search_volume,cpc",estimated_default_costs,Imported from Sorftime; ASIN B0D7W41CW2; brand DLAIMI
category:Replacement Heads,695491011,Replacement Heads,Home & Kitchen > Cleaning Supplies > Household Cleaning > Cleaning Tools > Mopping > Accessories > Replacement Heads,B0HCNKF4YN,,"Spin Mop Replacement Set for EasyWring 1-Tank, 2 Heads, Handle, Base, Brush",Home & Kitchen > Cleaning Supplies > Household Cleaning > Cleaning Tools > Mopping > Accessories > Replacement Heads,US,16.99,4.76,1.36,7.21,0.15,416.0,8.0,4.2,0.55,10000,1.0,20.0,50,25.0,20.0,20.0,75,35,65.0,B,"observed:price,sales,reviews,rating,fba_fee; estimated:search_volume,cpc",estimated_default_costs,Imported from Sorftime; ASIN B0HCNKF4YN; brand Nuorest
category:Replacement Mop Pads,23537025011,Replacement Mop Pads,Home & Kitchen > Cleaning Supplies > Household Cleaning > Cleaning Tools > Mopping > Accessories > Replacement Mop Pads,B0CPBS6Z8H,,"Pure Realm 32 Count Disposable Power mop Refills for Swiffer Power Mop | Multi-Surface and PowerMop Wood , Unscented Powermop Clean Replacement Mopping Pad",Home & Kitchen > Cleaning Supplies > Household Cleaning > Cleaning Tools > Mopping > Accessories > Replacement Mop Pads,US,19.99,5.6,1.6,7.74,0.15,4136.0,1248.0,4.6,0.55,10000,1.0,20.0,50,25.0,20.0,20.0,75,35,65.0,B,"observed:price,sales,reviews,rating,fba_fee; estimated:search_volume,cpc",estimated_default_costs,Imported from Sorftime; ASIN B0CPBS6Z8H; brand Pure Realm
category:Replacement Mop Pads,23537025011,Replacement Mop Pads,Home & Kitchen > Cleaning Supplies > Household Cleaning > Cleaning Tools > Mopping > Accessories > Replacement Mop Pads,B0DDTG56Z3,,12 Pack Disposable Power Mop Refills for Swiffer Power Mop,Home & Kitchen > Cleaning Supplies > Household Cleaning > Cleaning Tools > Mopping > Accessories > Replacement Mop Pads,US,12.06,3.38,0.96,5.36,0.15,4056.0,828.0,4.6,0.55,10000,1.0,20.0,50,25.0,20.0,20.0,75,35,65.0,B,"observed:price,sales,reviews,rating,fba_fee; estimated:search_volume,cpc",estimated_default_costs,Imported from Sorftime; ASIN B0DDTG56Z3; brand Chyodi
category:Replacement Mop Pads,23537025011,Replacement Mop Pads,Home & Kitchen > Cleaning Supplies > Household Cleaning > Cleaning Tools > Mopping > Accessories > Replacement Mop Pads,B0DBD52BNT,,"24 Pack Power Mop Refills Pads for Swiffer Power Mop,Wet and Dry Use | Swifter Wet Pads Refill for Swiffer,Thickened Mopping Pads Replacement,All Purpose Multi-Surface Wet or Dry Cleaning",Home & Kitchen > Cleaning Supplies > Household Cleaning > Cleaning Tools > Mopping > Accessories > Replacement Mop Pads,US,19.99,5.6,1.6,6.22,0.15,3659.0,1071.0,4.6,0.55,10000,1.0,20.0,50,25.0,20.0,20.0,75,35,65.0,B,"observed:price,sales,reviews,rating,fba_fee; estimated:search_volume,cpc",estimated_default_costs,Imported from Sorftime; ASIN B0DBD52BNT; brand DOCXCDO
category:Replacement Mop Pads,23537025011,Replacement Mop Pads,Home & Kitchen > Cleaning Supplies > Household Cleaning > Cleaning Tools > Mopping > Accessories > Replacement Mop Pads,B0DDKDFNPS,,"Mopping Pad Refill Compatible with Wet Jet Mop, Disposable Multi Surface Wetjet Hardwood Floor Cleaner Spray Mop Pads Refills, Thickness & Absorbent (60)",Home & Kitchen > Cleaning Supplies > Household Cleaning > Cleaning Tools > Mopping > Accessories > Replacement Mop Pads,US,18.99,5.32,1.52,6.78,0.15,3510.0,1961.0,4.2,0.55,10000,1.0,20.0,50,25.0,20.0,20.0,75,35,65.0,B,"observed:price,sales,reviews,rating,fba_fee; estimated:search_volume,cpc",estimated_default_costs,Imported from Sorftime; ASIN B0DDKDFNPS; brand YHOVID
category:Replacement Mop Pads,23537025011,Replacement Mop Pads,Home & Kitchen > Cleaning Supplies > Household Cleaning > Cleaning Tools > Mopping > Accessories > Replacement Mop Pads,B0DKHNH57D,,"Heavy Duty Dry Sweeping Cloths Compatible with Sweeper Mop, Microfiber Duster Mop Pads Refills for Cleaning Hardwood Floor Dust and Pet Hair, Disposable (100)",Home & Kitchen > Cleaning Supplies > Household Cleaning > Cleaning Tools > Mopping > Accessories > Replacement Mop Pads,US,21.99,6.16,1.76,5.76,0.15,3482.0,1650.0,4.2,0.55,10000,1.0,20.0,50,25.0,20.0,20.0,75,35,65.0,B,"observed:price,sales,reviews,rating,fba_fee; estimated:search_volume,cpc",estimated_default_costs,Imported from Sorftime; ASIN B0DKHNH57D; brand YHOVID
category:Replacement Mop Pads,23537025011,Replacement Mop Pads,Home & Kitchen > Cleaning Supplies > Household Cleaning > Cleaning Tools > Mopping > Accessories > Replacement Mop Pads,B0G6YP43KL,,"40 Pcs Power Mop Pads for Swiffer PowerMop 500+ Strips Multi-Surface Refill Pad Disposable Spray Mopping Pads Head Refills for Floor Cleaning (Quick-Absorb, No Residue & Disposable)",Home & Kitchen > Cleaning Supplies > Household Cleaning > Cleaning Tools > Mopping > Accessories > Replacement Mop Pads,US,21.24,5.95,1.7,7.18,0.15,3015.0,267.0,4.3,0.55,10000,1.0,20.0,50,25.0,20.0,20.0,75,35,65.0,B,"observed:price,sales,reviews,rating,fba_fee; estimated:search_volume,cpc",estimated_default_costs,Imported from Sorftime; ASIN B0G6YP43KL; brand QuikMoprit
category:Replacement Mop Pads,23537025011,Replacement Mop Pads,Home & Kitchen > Cleaning Supplies > Household Cleaning > Cleaning Tools > Mopping > Accessories > Replacement Mop Pads,B0FFMJQ5MC,,"GLIMGLINT Heavy Duty Dry Sweeping Cloths Compatible with Swiffer Sweeper | Disposable Duster Mop Pads Refills for Floor Cleaning, Pet Hair, Dust and Dirt, Dry Cloths for Wood Floors, 100 Count ﻿",Home & Kitchen > Cleaning Supplies > Household Cleaning > Cleaning Tools > Mopping > Accessories > Replacement Mop Pads,US,17.99,5.04,1.44,5.92,0.15,2907.0,415.0,4.6,0.55,10000,1.0,20.0,50,25.0,20.0,20.0,75,35,65.0,B,"observed:price,sales,reviews,rating,fba_fee; estimated:search_volume,cpc",estimated_default_costs,Imported from Sorftime; ASIN B0FFMJQ5MC; brand GLIMGLINT
category:Replacement Mop Pads,23537025011,Replacement Mop Pads,Home & Kitchen > Cleaning Supplies > Household Cleaning > Cleaning Tools > Mopping > Accessories > Replacement Mop Pads,B0F3NJ1HVV,,"30 Pack Thickened Disposable Power Mop Pads Refills for Swiffer PowerMop | Multi-Surface Mopping Pad Disposable Replacement Mop Pads Compatible with Swiffer PowerMop,Safe on All Finished Floors",Home & Kitchen > Cleaning Supplies > Household Cleaning > Cleaning Tools > Mopping > Accessories > Replacement Mop Pads,US,23.99,6.72,1.92,6.37,0.15,2877.0,630.0,4.6,0.55,10000,1.0,20.0,50,25.0,20.0,20.0,75,35,65.0,B,"observed:price,sales,reviews,rating,fba_fee; estimated:search_volume,cpc",estimated_default_costs,Imported from Sorftime; ASIN B0F3NJ1HVV; brand SVPSNUMSI
category:Replacement Mop Pads,23537025011,Replacement Mop Pads,Home & Kitchen > Cleaning Supplies > Household Cleaning > Cleaning Tools > Mopping > Accessories > Replacement Mop Pads,B0F8C2BG5V,,"Mop Pads Refills Compatible with WetJet Mop, Disposable Mop Pads for Hardwood Floors, Tile, Laminate & Multi-Surface Cleaning, 100 Pack",Home & Kitchen > Cleaning Supplies > Household Cleaning > Cleaning Tools > Mopping > Accessories > Replacement Mop Pads,US,29.99,8.4,2.4,8.03,0.15,2777.0,490.0,4.0,0.55,10000,1.0,20.0,50,25.0,20.0,20.0,75,35,65.0,B,"observed:price,sales,reviews,rating,fba_fee; estimated:search_volume,cpc",estimated_default_costs,Imported from Sorftime; ASIN B0F8C2BG5V; brand NXPPYY
category:Replacement Mop Pads,23537025011,Replacement Mop Pads,Home & Kitchen > Cleaning Supplies > Household Cleaning > Cleaning Tools > Mopping > Accessories > Replacement Mop Pads,B0F3N3WXKR,,20 Pack Disposable Mop Pads Refills Compatible with Swiffer Wet Jet Mop,Home & Kitchen > Cleaning Supplies > Household Cleaning > Cleaning Tools > Mopping > Accessories > Replacement Mop Pads,US,13.99,3.92,1.12,5.36,0.15,2660.0,649.0,4.4,0.55,10000,1.0,20.0,50,25.0,20.0,20.0,75,35,65.0,B,"observed:price,sales,reviews,rating,fba_fee; estimated:search_volume,cpc",estimated_default_costs,Imported from Sorftime; ASIN B0F3N3WXKR; brand SVPSNUMSI
category:Replacement Mop Pads,23537025011,Replacement Mop Pads,Home & Kitchen > Cleaning Supplies > Household Cleaning > Cleaning Tools > Mopping > Accessories > Replacement Mop Pads,B0DQNZ8P4H,,"EHADOO Mop Pad Refills for Swiffer PowerMop: 20 Pcs Disposable Pads | Wet Dry Use, 10-Layer Design, for 13“ - 15“ spray mops, Tile Hardwood Multi-Surface Floor Cleaning",Home & Kitchen > Cleaning Supplies > Household Cleaning > Cleaning Tools > Mopping > Accessories > Replacement Mop Pads,US,18.99,5.32,1.52,6.37,0.15,2424.0,1081.0,4.5,0.55,10000,1.0,20.0,50,25.0,20.0,20.0,75,35,65.0,B,"observed:price,sales,reviews,rating,fba_fee; estimated:search_volume,cpc",estimated_default_costs,Imported from Sorftime; ASIN B0DQNZ8P4H; brand EHADOO
category:Replacement Mop Pads,23537025011,Replacement Mop Pads,Home & Kitchen > Cleaning Supplies > Household Cleaning > Cleaning Tools > Mopping > Accessories > Replacement Mop Pads,B0H4JXDJMP,,"30 Count Power Mop Pads for Swiffer Power Mop, Wet Dry Pad Refills",Home & Kitchen > Cleaning Supplies > Household Cleaning > Cleaning Tools > Mopping > Accessories > Replacement Mop Pads,US,18.99,5.32,1.52,6.37,0.15,2343.0,42.0,4.4,0.55,10000,1.0,20.0,50,25.0,20.0,20.0,75,35,65.0,B,"observed:price,sales,reviews,rating,fba_fee; estimated:search_volume,cpc",estimated_default_costs,Imported from Sorftime; ASIN B0H4JXDJMP; brand Ktengja
category:Replacement Mop Pads,23537025011,Replacement Mop Pads,Home & Kitchen > Cleaning Supplies > Household Cleaning > Cleaning Tools > Mopping > Accessories > Replacement Mop Pads,B0CX5345GF,,"25 Pack Disposable Power Mop Refill Pads for Swiffer Power Mop | All Purpose Multi-Surface Mopping Pads Replacemet,Thickened Mop Pads for Wet or Dry Cleaning on Finished Hard Floors",Home & Kitchen > Cleaning Supplies > Household Cleaning > Cleaning Tools > Mopping > Accessories > Replacement Mop Pads,US,20.99,5.88,1.68,6.22,0.15,2233.0,638.0,4.6,0.55,10000,1.0,20.0,50,25.0,20.0,20.0,75,35,65.0,B,"observed:price,sales,reviews,rating,fba_fee; estimated:search_volume,cpc",estimated_default_costs,Imported from Sorftime; ASIN B0CX5345GF; brand ZQZiQi
category:Replacement Mop Pads,23537025011,Replacement Mop Pads,Home & Kitchen > Cleaning Supplies > Household Cleaning > Cleaning Tools > Mopping > Accessories > Replacement Mop Pads,B0F8VLDNY7,,"Senowi Heavy Duty Dry Sweeping Cloths Compatible with Swiffer Sweeper XL Mop, Sweeper X-Large Dry Cloth Refills for Floor Mopping and Cleaning, Disposable Pet Dry Pads Refills, 80 Count",Home & Kitchen > Cleaning Supplies > Household Cleaning > Cleaning Tools > Mopping > Accessories > Replacement Mop Pads,US,29.99,8.4,2.4,8.11,0.15,2044.0,248.0,4.3,0.55,10000,1.0,20.0,50,25.0,20.0,20.0,75,35,65.0,B,"observed:price,sales,reviews,rating,fba_fee; estimated:search_volume,cpc",estimated_default_costs,Imported from Sorftime; ASIN B0F8VLDNY7; brand Senowi
category:Replacement Mop Pads,23537025011,Replacement Mop Pads,Home & Kitchen > Cleaning Supplies > Household Cleaning > Cleaning Tools > Mopping > Accessories > Replacement Mop Pads,B09HKM74B3,,"AIR U+ Wet Pads Refill for Swiffer Sweeper Wet Mopping Cloth, Unscented Disposable Floor Cleaning Wipes, 30 Count",Home & Kitchen > Cleaning Supplies > Household Cleaning > Cleaning Tools > Mopping > Accessories > Replacement Mop Pads,US,21.99,6.16,1.76,7.9,0.15,2044.0,1932.0,4.2,0.55,10000,1.0,20.0,50,25.0,20.0,20.0,75,35,65.0,B,"observed:price,sales,reviews,rating,fba_fee; estimated:search_volume,cpc",estimated_default_costs,Imported from Sorftime; ASIN B09HKM74B3; brand AIR U+
category:Replacement Mop Pads,23537025011,Replacement Mop Pads,Home & Kitchen > Cleaning Supplies > Household Cleaning > Cleaning Tools > Mopping > Accessories > Replacement Mop Pads,B0DQ5J9BDR,,"ZMZPA 5X Cleaning Power Mop Pads Compatible with Swiffer PowerMop, Disposable Mopping Pad Refills for Cleaning, Multi-Surface Wood Floor Replacement Pads（32 Pack）",Home & Kitchen > Cleaning Supplies > Household Cleaning > Cleaning Tools > Mopping > Accessories > Replacement Mop Pads,US,21.99,6.16,1.76,6.32,0.15,1765.0,768.0,4.3,0.55,10000,1.0,20.0,50,25.0,20.0,20.0,75,35,65.0,B,"observed:price,sales,reviews,rating,fba_fee; estimated:search_volume,cpc",estimated_default_costs,Imported from Sorftime; ASIN B0DQ5J9BDR; brand ZMZPA
category:Replacement Mop Pads,23537025011,Replacement Mop Pads,Home & Kitchen > Cleaning Supplies > Household Cleaning > Cleaning Tools > Mopping > Accessories > Replacement Mop Pads,B0DL6KJCYX,,"30 Count Disposable Power Mop Refills for Swiffer Power Mop, Replacement Power Mop Pads Suitable for Multi-Surface Household Floor Cleaning",Home & Kitchen > Cleaning Supplies > Household Cleaning > Cleaning Tools > Mopping > Accessories > Replacement Mop Pads,US,20.99,5.88,1.68,6.33,0.15,1743.0,702.0,4.6,0.55,10000,1.0,20.0,50,25.0,20.0,20.0,75,35,65.0,B,"observed:price,sales,reviews,rating,fba_fee; estimated:search_volume,cpc",estimated_default_costs,Imported from Sorftime; ASIN B0DL6KJCYX; brand YFUARY
category:Replacement Mop Pads,23537025011,Replacement Mop Pads,Home & Kitchen > Cleaning Supplies > Household Cleaning > Cleaning Tools > Mopping > Accessories > Replacement Mop Pads,B0DNJSBXQH,,"40 Pack Disposable Power Mop Refills for Swiffer Power Mop | Unscented & Thickened, Multi-Surface Floor Cleaning, Effortless Installation And Disposal Power Mop Pads",Home & Kitchen > Cleaning Supplies > Household Cleaning > Cleaning Tools > Mopping > Accessories > Replacement Mop Pads,US,27.59,7.73,2.21,7.22,0.15,1719.0,374.0,4.6,0.55,10000,1.0,20.0,50,25.0,20.0,20.0,75,35,65.0,B,"observed:price,sales,reviews,rating,fba_fee; estimated:search_volume,cpc",estimated_default_costs,Imported from Sorftime; ASIN B0DNJSBXQH; brand Liminfeit
category:Replacement Mop Pads,23537025011,Replacement Mop Pads,Home & Kitchen > Cleaning Supplies > Household Cleaning > Cleaning Tools > Mopping > Accessories > Replacement Mop Pads,B0F8QRBVV8,,"4-Layer Super Absorbent Pad Refills for Swiffer Wet Jet Mop, Heavy Duty & No-Shedding Mopping Pads Refill, Disposable Streak-Free Cleaning for All Sealed Floors 60 Pack",Home & Kitchen > Cleaning Supplies > Household Cleaning > Cleaning Tools > Mopping > Accessories > Replacement Mop Pads,US,18.98,5.31,1.52,7.21,0.15,1672.0,363.0,4.5,0.55,10000,1.0,20.0,50,25.0,20.0,20.0,75,35,65.0,B,"observed:price,sales,reviews,rating,fba_fee; estimated:search_volume,cpc",estimated_default_costs,Imported from Sorftime; ASIN B0F8QRBVV8; brand Domudy
category:Replacement Mop Pads,23537025011,Replacement Mop Pads,Home & Kitchen > Cleaning Supplies > Household Cleaning > Cleaning Tools > Mopping > Accessories > Replacement Mop Pads,B0D7W2TR5L,,"8 Pack Microfiber Cleaning Pad for Bona Mop Hardwood & Hard Surface Floors Dry and Wet Floor Cleaning - Includes 4 Microfiber Cleaning Pad, 2 Deep Clean Pads and 2 Dusting Pad - Dual Zone Cleaning",Home & Kitchen > Cleaning Supplies > Household Cleaning > Cleaning Tools > Mopping > Accessories > Replacement Mop Pads,US,17.99,5.04,1.44,5.35,0.15,1619.0,652.0,4.6,0.55,10000,1.0,20.0,50,25.0,20.0,20.0,75,35,65.0,B,"observed:price,sales,reviews,rating,fba_fee; estimated:search_volume,cpc",estimated_default_costs,Imported from Sorftime; ASIN B0D7W2TR5L; brand DLAIMI
category:Replacement Mop Pads,23537025011,Replacement Mop Pads,Home & Kitchen > Cleaning Supplies > Household Cleaning > Cleaning Tools > Mopping > Accessories > Replacement Mop Pads,B0GXVD5TPD,,"100 Count Heavy Duty Dry Sweeping Cloths Refills for Swiffer Sweeper Mop | Deep Clean Sweeper Pet Mop Pads, Multi Surface Floor Mopping & Cleaning, Disposable Dry Pad Refills Floor Duster, Unscented",Home & Kitchen > Cleaning Supplies > Household Cleaning > Cleaning Tools > Mopping > Accessories > Replacement Mop Pads,US,22.99,6.44,1.84,6.46,0.15,1541.0,1090.0,4.6,0.55,10000,1.0,20.0,50,25.0,20.0,20.0,75,35,65.0,B,"observed:price,sales,reviews,rating,fba_fee; estimated:search_volume,cpc",estimated_default_costs,Imported from Sorftime; ASIN B0GXVD5TPD; brand Domudy
category:Replacement Mop Pads,23537025011,Replacement Mop Pads,Home & Kitchen > Cleaning Supplies > Household Cleaning > Cleaning Tools > Mopping > Accessories > Replacement Mop Pads,B0BF2JJ5V1,,"JD HOMEASE 48 Pack Premium Microfiber Replacement Pads for Swiffer WetJet - Super Absorbent, Lint-Free, Durable-11“x5.5“, Perfect Fit Swiffer WetJet Mop - Safe on Hardwood, Tile, Vinyl",Home & Kitchen > Cleaning Supplies > Household Cleaning > Cleaning Tools > Mopping > Accessories > Replacement Mop Pads,US,16.99,4.76,1.36,6.37,0.15,1441.0,2429.0,4.3,0.55,10000,1.0,20.0,50,25.0,20.0,20.0,75,35,65.0,B,"observed:price,sales,reviews,rating,fba_fee; estimated:search_volume,cpc",estimated_default_costs,Imported from Sorftime; ASIN B0BF2JJ5V1; brand JD Homease
category:Replacement Mop Pads,23537025011,Replacement Mop Pads,Home & Kitchen > Cleaning Supplies > Household Cleaning > Cleaning Tools > Mopping > Accessories > Replacement Mop Pads,B0GSCDHFJX,,"FURCIELOS 30 Count Heavy Duty Wet Mopping Cloths Refill Compatible with Swiffer Sweeper XL Mop, Disposable Wet Pads Refill X-Large Size for Multi-Surface Floor Cleaning, Unscented",Home & Kitchen > Cleaning Supplies > Household Cleaning > Cleaning Tools > Mopping > Accessories > Replacement Mop Pads,US,25.99,7.28,2.08,8.3,0.15,1327.0,175.0,4.1,0.55,10000,1.0,20.0,50,25.0,20.0,20.0,75,35,65.0,B,"observed:price,sales,reviews,rating,fba_fee; estimated:search_volume,cpc",estimated_default_costs,Imported from Sorftime; ASIN B0GSCDHFJX; brand FURCIELOS
category:Replacement Mop Pads,23537025011,Replacement Mop Pads,Home & Kitchen > Cleaning Supplies > Household Cleaning > Cleaning Tools > Mopping > Accessories > Replacement Mop Pads,B083ZQRJK5,,"Millifiber Microfiber Mop Refills 15x8 Inches, 3-Pack (Mop is Not Included)",Home & Kitchen > Cleaning Supplies > Household Cleaning > Cleaning Tools > Mopping > Accessories > Replacement Mop Pads,US,16.99,4.76,1.36,4.47,0.15,1323.0,1910.0,4.6,0.55,10000,1.0,20.0,50,25.0,20.0,20.0,75,35,65.0,B,"observed:price,sales,reviews,rating,fba_fee; estimated:search_volume,cpc",estimated_default_costs,Imported from Sorftime; ASIN B083ZQRJK5; brand Millifiber
category:Replacement Mop Pads,23537025011,Replacement Mop Pads,Home & Kitchen > Cleaning Supplies > Household Cleaning > Cleaning Tools > Mopping > Accessories > Replacement Mop Pads,B07TCBPHJB,,"Microfiber Wholesale 18 inch Microfiber Mop Pads - Machine Washable, Reusable, Refills & Replacement Wet Mop Heads Compatible with Any Microfiber Flat Mop System (3 Pack)",Home & Kitchen > Cleaning Supplies > Household Cleaning > Cleaning Tools > Mopping > Accessories > Replacement Mop Pads,US,15.98,4.47,1.28,5.36,0.15,1294.0,2410.0,4.6,0.55,10000,1.0,20.0,50,25.0,20.0,20.0,75,35,65.0,B,"observed:price,sales,reviews,rating,fba_fee; estimated:search_volume,cpc",estimated_default_costs,Imported from Sorftime; ASIN B07TCBPHJB; brand Microfiber Wholesale
category:Replacement Mop Pads,23537025011,Replacement Mop Pads,Home & Kitchen > Cleaning Supplies > Household Cleaning > Cleaning Tools > Mopping > Accessories > Replacement Mop Pads,B0CR34ZRPW,,"24 Pack Disposable Mop Pads for Power Mop™ Multi-Surface Mop | Deep Scrubbing Strips, High Absorbency, Floor Cleaning Replacement Mopping Pads Refills",Home & Kitchen > Cleaning Supplies > Household Cleaning > Cleaning Tools > Mopping > Accessories > Replacement Mop Pads,US,18.99,5.32,1.52,6.22,0.15,1213.0,636.0,4.6,0.55,10000,1.0,20.0,50,25.0,20.0,20.0,75,35,65.0,B,"observed:price,sales,reviews,rating,fba_fee; estimated:search_volume,cpc",estimated_default_costs,Imported from Sorftime; ASIN B0CR34ZRPW; brand BTRSOLUS
category:Replacement Mop Pads,23537025011,Replacement Mop Pads,Home & Kitchen > Cleaning Supplies > Household Cleaning > Cleaning Tools > Mopping > Accessories > Replacement Mop Pads,B0GW41GM95,,Reusable VacMop Replacement Pads Compatible with Shark VACMOP VM252 VM200,Home & Kitchen > Cleaning Supplies > Household Cleaning > Cleaning Tools > Mopping > Accessories > Replacement Mop Pads,US,16.9,4.73,1.35,5.36,0.15,1154.0,76.0,4.2,0.55,10000,1.0,20.0,50,25.0,20.0,20.0,75,35,65.0,B,"observed:price,sales,reviews,rating,fba_fee; estimated:search_volume,cpc",estimated_default_costs,Imported from Sorftime; ASIN B0GW41GM95; brand YORAKORI
category:Replacement Mop Pads,23537025011,Replacement Mop Pads,Home & Kitchen > Cleaning Supplies > Household Cleaning > Cleaning Tools > Mopping > Accessories > Replacement Mop Pads,B0GJZDCVFR,,"30 Pack Disposable Power Mop Pads for Swiffer Power Mop, 5X Cleaning Power | 12 Layers Thickened, Wet and Dry Mopping, Super Absorbent, Multi-Surface Floor Cleaning, for Swiffer Power Mop Refills",Home & Kitchen > Cleaning Supplies > Household Cleaning > Cleaning Tools > Mopping > Accessories > Replacement Mop Pads,US,22.49,6.3,1.8,7.2,0.15,914.0,154.0,4.6,0.55,10000,1.0,20.0,50,25.0,20.0,20.0,75,35,65.0,B,"observed:price,sales,reviews,rating,fba_fee; estimated:search_volume,cpc",estimated_default_costs,Imported from Sorftime; ASIN B0GJZDCVFR; brand XFKJOR
category:Replacement Mop Pads,23537025011,Replacement Mop Pads,Home & Kitchen > Cleaning Supplies > Household Cleaning > Cleaning Tools > Mopping > Accessories > Replacement Mop Pads,B0F8NPPLSQ,,"60 Count Heavy Duty Dry Sweeping Cloths Refills for Swiffer Sweeper Mop | Deep Clean Sweeper Pet Mop Pads, Multi Surface Floor Mopping & Cleaning, Disposable Dry Pad Refills Floor Duster, Unscented",Home & Kitchen > Cleaning Supplies > Household Cleaning > Cleaning Tools > Mopping > Accessories > Replacement Mop Pads,US,16.99,4.76,1.36,5.36,0.15,245.0,1048.0,4.6,0.55,10000,1.0,20.0,50,25.0,20.0,20.0,75,35,65.0,B,"observed:price,sales,reviews,rating,fba_fee; estimated:search_volume,cpc",estimated_default_costs,Imported from Sorftime; ASIN B0F8NPPLSQ; brand Domudy
category:Dust Mops,23537023011,Dust Mops,Home & Kitchen > Cleaning Supplies > Household Cleaning > Cleaning Tools > Mopping > Wet & Dry Mops > Dust Mops,B011HY1DYO,,"Swiffer Wet Jet Mop, Floor Cleaner for Mopping Wood, Laminate, Tile in Home, Bathroom, Kitchen, All Purpose Multi-Surface Cleaning Set includes 1 Spray Mop, 5 Pads Refill, 1 Fresh Scent Solution",Home & Kitchen > Cleaning Supplies > Household Cleaning > Cleaning Tools > Mopping > Wet & Dry Mops > Dust Mops,US,23.79,6.66,1.9,11.97,0.15,4143.0,2227.0,4.5,0.55,10000,1.0,20.0,50,25.0,20.0,20.0,75,35,65.0,B,"observed:price,sales,reviews,rating,fba_fee; estimated:search_volume,cpc",estimated_default_costs,Imported from Sorftime; ASIN B011HY1DYO; brand Swiffer
category:Dust Mops,23537023011,Dust Mops,Home & Kitchen > Cleaning Supplies > Household Cleaning > Cleaning Tools > Mopping > Wet & Dry Mops > Dust Mops,B0G7G9BGXH,,"ZHAYAO Sweeper Mop System with 3 Reusable Microfiber Mop Pads | Dry and Wet Multi Surface Floor Cleaner, Includes 1 Mop + 3 Washable Refills for Hardwood, Tile, and Laminate Floor Cleaning",Home & Kitchen > Cleaning Supplies > Household Cleaning > Cleaning Tools > Mopping > Wet & Dry Mops > Dust Mops,US,16.99,4.76,1.36,5.77,0.15,2591.0,333.0,4.3,0.55,10000,1.0,20.0,50,25.0,20.0,20.0,75,35,65.0,B,"observed:price,sales,reviews,rating,fba_fee; estimated:search_volume,cpc",estimated_default_costs,Imported from Sorftime; ASIN B0G7G9BGXH; brand ZHAYAO
category:Dust Mops,23537023011,Dust Mops,Home & Kitchen > Cleaning Supplies > Household Cleaning > Cleaning Tools > Mopping > Wet & Dry Mops > Dust Mops,B0CK552X5T,,"Rubbermaid Reveal Spray Mop Floor Cleaning Kit, 3 Reusable Microfiber Wet Pads, 1 Refillable Bottle, Cordless, Multi-Surface Mopping for All Home/Bathroom/Office Floors",Home & Kitchen > Cleaning Supplies > Household Cleaning > Cleaning Tools > Mopping > Wet & Dry Mops > Dust Mops,US,40.35,11.3,3.23,8.51,0.15,2586.0,2440.0,4.3,0.55,10000,1.0,20.0,50,25.0,20.0,20.0,75,35,65.0,B,"observed:price,sales,reviews,rating,fba_fee; estimated:search_volume,cpc",estimated_default_costs,Imported from Sorftime; ASIN B0CK552X5T; brand Rubbermaid
category:Dust Mops,23537023011,Dust Mops,Home & Kitchen > Cleaning Supplies > Household Cleaning > Cleaning Tools > Mopping > Wet & Dry Mops > Dust Mops,B0CXXN14R9,,"Eyliden Sweeper Mop with 36 Refills - 3 Types of Disposable Dry & Wet Cloths | Lock-Tight Design No Lost Pads, Universal Refills, Multi-Surface Sweeping Starter Kit for Pet Hair, Dust, Floor Cleaning",Home & Kitchen > Cleaning Supplies > Household Cleaning > Cleaning Tools > Mopping > Wet & Dry Mops > Dust Mops,US,19.58,5.48,1.57,7.72,0.15,2573.0,1470.0,4.6,0.55,10000,1.0,20.0,50,25.0,20.0,20.0,75,35,65.0,B,"observed:price,sales,reviews,rating,fba_fee; estimated:search_volume,cpc",estimated_default_costs,Imported from Sorftime; ASIN B0CXXN14R9; brand Eyliden
category:Dust Mops,23537023011,Dust Mops,Home & Kitchen > Cleaning Supplies > Household Cleaning > Cleaning Tools > Mopping > Wet & Dry Mops > Dust Mops,B0FPGLSC7Q,,"CleanMattix - FlexiClamp Sweep & Mop Kit - Durable Cleaning Tool for Hardwood, Tile, Marble & Laminate Floors, Home, Kitchen Cleaning Essentials. (Include 10 Dry Cloths)",Home & Kitchen > Cleaning Supplies > Household Cleaning > Cleaning Tools > Mopping > Wet & Dry Mops > Dust Mops,US,27.99,7.84,2.24,5.93,0.15,2092.0,1260.0,4.4,0.55,10000,1.0,20.0,50,25.0,20.0,20.0,75,35,65.0,B,"observed:price,sales,reviews,rating,fba_fee; estimated:search_volume,cpc",estimated_default_costs,Imported from Sorftime; ASIN B0FPGLSC7Q; brand CleanMattix
category:Dust Mops,23537023011,Dust Mops,Home & Kitchen > Cleaning Supplies > Household Cleaning > Cleaning Tools > Mopping > Wet & Dry Mops > Dust Mops,B0DQQ99ND6,,"Baseboard Cleaner Tool with Handle, Extendable Long Handle Baseboard Cleaning Duster with Reusable Pads for Floorboard, Ceiling Fan Blade Cleaner Duster (Gray)",Home & Kitchen > Cleaning Supplies > Household Cleaning > Cleaning Tools > Mopping > Wet & Dry Mops > Dust Mops,US,23.89,6.69,1.91,6.33,0.15,1377.0,626.0,4.4,0.55,10000,1.0,20.0,50,25.0,20.0,20.0,75,35,65.0,B,"observed:price,sales,reviews,rating,fba_fee; estimated:search_volume,cpc",estimated_default_costs,Imported from Sorftime; ASIN B0DQQ99ND6; brand Qaestfy
category:Dust Mops,23537023011,Dust Mops,Home & Kitchen > Cleaning Supplies > Household Cleaning > Cleaning Tools > Mopping > Wet & Dry Mops > Dust Mops,B0BXJ52RGN,,"Baseboard Cleaner Tool with Handle, Wall Cleaner with Extendable Long Handle ,Door Frame Cleaning Tool Including 4 Reusable Cleaning Pads. Quick Clean Baseboard Cleaning, Ceiling and Wall.",Home & Kitchen > Cleaning Supplies > Household Cleaning > Cleaning Tools > Mopping > Wet & Dry Mops > Dust Mops,US,19.99,5.6,1.6,6.21,0.15,1359.0,751.0,4.3,0.55,10000,1.0,20.0,50,25.0,20.0,20.0,75,35,65.0,B,"observed:price,sales,reviews,rating,fba_fee; estimated:search_volume,cpc",estimated_default_costs,Imported from Sorftime; ASIN B0BXJ52RGN; brand LIYFUHY
category:Dust Mops,23537023011,Dust Mops,Home & Kitchen > Cleaning Supplies > Household Cleaning > Cleaning Tools > Mopping > Wet & Dry Mops > Dust Mops,B001F0RCKU,,"Swiffer 360 Dusters Extender Kit, 3 Unscented Dusters With Extendable handle (Packaging May Vary)",Home & Kitchen > Cleaning Supplies > Household Cleaning > Cleaning Tools > Mopping > Wet & Dry Mops > Dust Mops,US,18.47,5.17,1.48,3.5,0.15,1313.0,1799.0,4.6,0.55,10000,1.0,20.0,50,25.0,20.0,20.0,65,20,53.8,C,"observed:price,sales,reviews,rating; estimated:fba_fee,search_volume,cpc",estimated_default_costs,Imported from Sorftime; ASIN B001F0RCKU; brand Swiffer
category:Dust Mops,23537023011,Dust Mops,Home & Kitchen > Cleaning Supplies > Household Cleaning > Cleaning Tools > Mopping > Wet & Dry Mops > Dust Mops,B0C6Y5Y3VS,,"MR.SIGA Lint Free Microfiber Duster, Washable Duster for Household Cleaning | Microfiber hand duster, machine washable feather duster, dusters for cleaning, bamboo handle, replaceable head",Home & Kitchen > Cleaning Supplies > Household Cleaning > Cleaning Tools > Mopping > Wet & Dry Mops > Dust Mops,US,14.99,4.2,1.2,4.19,0.15,1189.0,1257.0,4.6,0.55,10000,1.0,20.0,50,25.0,20.0,20.0,75,35,65.0,B,"observed:price,sales,reviews,rating,fba_fee; estimated:search_volume,cpc",estimated_default_costs,Imported from Sorftime; ASIN B0C6Y5Y3VS; brand MR.SIGA
category:Dust Mops,23537023011,Dust Mops,Home & Kitchen > Cleaning Supplies > Household Cleaning > Cleaning Tools > Mopping > Wet & Dry Mops > Dust Mops,B0G644T7XG,,"Indoor Mop for Floor Cleaning, Lightweight Cotton Mop with 2 Washable Heads",Home & Kitchen > Cleaning Supplies > Household Cleaning > Cleaning Tools > Mopping > Wet & Dry Mops > Dust Mops,US,14.99,4.2,1.2,6.21,0.15,1014.0,197.0,4.2,0.55,10000,1.0,20.0,50,25.0,20.0,20.0,75,35,65.0,B,"observed:price,sales,reviews,rating,fba_fee; estimated:search_volume,cpc",estimated_default_costs,Imported from Sorftime; ASIN B0G644T7XG; brand TrueYee
category:Dust Mops,23537023011,Dust Mops,Home & Kitchen > Cleaning Supplies > Household Cleaning > Cleaning Tools > Mopping > Wet & Dry Mops > Dust Mops,B0H4T77T72,,"13“ Wide Flat Mop with Snap-Grip Cloth Lock, Disposable Clamp Mop | Sweeper & Mop Kit with Dry and Wet Multi-Surface Floor Cleaner, Includes 2 Reusable Cloths, Ideal for Hardwood, Tile Floor",Home & Kitchen > Cleaning Supplies > Household Cleaning > Cleaning Tools > Mopping > Wet & Dry Mops > Dust Mops,US,27.99,7.84,2.24,5.94,0.15,999.0,351.0,4.3,0.55,10000,1.0,20.0,50,25.0,20.0,20.0,75,35,65.0,B,"observed:price,sales,reviews,rating,fba_fee; estimated:search_volume,cpc",estimated_default_costs,Imported from Sorftime; ASIN B0H4T77T72; brand JOVZEOLA
category:Dust Mops,23537023011,Dust Mops,Home & Kitchen > Cleaning Supplies > Household Cleaning > Cleaning Tools > Mopping > Wet & Dry Mops > Dust Mops,B0FGPSNS9Y,,"Indoor Mop for Floor Cleaning - Cotton Mops for Floor Cleaning, Regular Mop for Floors, 49-inch Simple Mops for Cleaning Living Rooms, Bathrooms, and Kitchens. (White&Blue)",Home & Kitchen > Cleaning Supplies > Household Cleaning > Cleaning Tools > Mopping > Wet & Dry Mops > Dust Mops,US,13.48,3.77,1.08,5.94,0.15,782.0,224.0,4.4,0.55,10000,1.0,20.0,50,25.0,20.0,20.0,75,35,65.0,B,"observed:price,sales,reviews,rating,fba_fee; estimated:search_volume,cpc",estimated_default_costs,Imported from Sorftime; ASIN B0FGPSNS9Y; brand Zthluyc
category:Dust Mops,23537023011,Dust Mops,Home & Kitchen > Cleaning Supplies > Household Cleaning > Cleaning Tools > Mopping > Wet & Dry Mops > Dust Mops,B0FND8B6K1,,"Microfiber Flat Mops for Floor Cleaning Ocedar Hardwood Floor ‘N More Mop, Large Surface Dust Flat Mop with 2 Reusable Pads & 1 Extendable Handle, Washable Hardwood Floors Mopping to Dry and Wet Clean",Home & Kitchen > Cleaning Supplies > Household Cleaning > Cleaning Tools > Mopping > Wet & Dry Mops > Dust Mops,US,17.99,5.04,1.44,7.21,0.15,619.0,129.0,4.3,0.55,10000,1.0,20.0,50,25.0,20.0,20.0,75,35,65.0,B,"observed:price,sales,reviews,rating,fba_fee; estimated:search_volume,cpc",estimated_default_costs,Imported from Sorftime; ASIN B0FND8B6K1; brand GFRED
category:Dust Mops,23537023011,Dust Mops,Home & Kitchen > Cleaning Supplies > Household Cleaning > Cleaning Tools > Mopping > Wet & Dry Mops > Dust Mops,B0GVHL4VRQ,,"ZHAYAO Sweeper Mop System with 3 Reusable Microfiber Mop Pads | Dry and Wet Multi Surface Floor Cleaner, Includes 1 Mop + 3 Washable Refills for Hardwood, Tile, and Laminate Floor Cleaning",Home & Kitchen > Cleaning Supplies > Household Cleaning > Cleaning Tools > Mopping > Wet & Dry Mops > Dust Mops,US,16.99,4.76,1.36,5.77,0.15,439.0,62.0,4.2,0.55,10000,1.0,20.0,50,25.0,20.0,20.0,75,35,65.0,B,"observed:price,sales,reviews,rating,fba_fee; estimated:search_volume,cpc",estimated_default_costs,Imported from Sorftime; ASIN B0GVHL4VRQ; brand ZHAYAO
category:Dust Mops,23537023011,Dust Mops,Home & Kitchen > Cleaning Supplies > Household Cleaning > Cleaning Tools > Mopping > Wet & Dry Mops > Dust Mops,B0GZ9SP2QW,,"Upgraded Zero Touch Snap Grip Mini Mop, Hands Free Push Pull Handle, Easy Cloth Change Portable Cleaner for Kitchen Bathroom Car, 1 Mop & 10 Reusable Washable Cloths",Home & Kitchen > Cleaning Supplies > Household Cleaning > Cleaning Tools > Mopping > Wet & Dry Mops > Dust Mops,US,17.99,5.04,1.44,4.89,0.15,427.0,63.0,3.8,0.55,10000,1.0,20.0,50,25.0,20.0,20.0,75,35,65.0,B,"observed:price,sales,reviews,rating,fba_fee; estimated:search_volume,cpc",estimated_default_costs,Imported from Sorftime; ASIN B0GZ9SP2QW; brand SUNTALONWELL
category:Dust Mops,23537023011,Dust Mops,Home & Kitchen > Cleaning Supplies > Household Cleaning > Cleaning Tools > Mopping > Wet & Dry Mops > Dust Mops,B0G4M8B95C,,4-in-1 Baseboard Cleaning Tool with Extendable Handle 5 Reusable Pads 1 Carpet Rake Stiff Bristle Brush Multi-Surface Baseboard Brush for Cleaning Baseboard Wall Carpet Floor Bathroom Kitchen Pet Hair,Home & Kitchen > Cleaning Supplies > Household Cleaning > Cleaning Tools > Mopping > Wet & Dry Mops > Dust Mops,US,25.64,7.18,2.05,6.58,0.15,386.0,60.0,4.3,0.55,10000,1.0,20.0,50,25.0,20.0,20.0,75,35,65.0,B,"observed:price,sales,reviews,rating,fba_fee; estimated:search_volume,cpc",estimated_default_costs,Imported from Sorftime; ASIN B0G4M8B95C; brand Freechangku
category:Sponge Mops,23537024011,Sponge Mops,Home & Kitchen > Cleaning Supplies > Household Cleaning > Cleaning Tools > Mopping > Wet & Dry Mops > Sponge Mops,B09S3BY7HM,,"Masthome PVA Sponge Mops for Floor Cleaning with 3 Squeeze Mop Heads | Sectional Stainless Steel Handle, Absorbent Roller Mop for Floors,Tile ,Wood,Wall,Ceiling",Home & Kitchen > Cleaning Supplies > Household Cleaning > Cleaning Tools > Mopping > Wet & Dry Mops > Sponge Mops,US,19.99,5.6,1.6,7.73,0.15,485.0,1925.0,3.7,0.55,10000,1.0,20.0,50,25.0,20.0,20.0,75,35,65.0,B,"observed:price,sales,reviews,rating,fba_fee; estimated:search_volume,cpc",estimated_default_costs,Imported from Sorftime; ASIN B09S3BY7HM; brand Masthome
category:Sponge Mops,23537024011,Sponge Mops,Home & Kitchen > Cleaning Supplies > Household Cleaning > Cleaning Tools > Mopping > Wet & Dry Mops > Sponge Mops,B0855LXM4V,,Kitchen + Home PVA Sponge Roller Mop - 11“ Quadruple Roller All Purpose Floor Cleaner,Home & Kitchen > Cleaning Supplies > Household Cleaning > Cleaning Tools > Mopping > Wet & Dry Mops > Sponge Mops,US,29.99,8.4,2.4,8.31,0.15,241.0,1179.0,4.2,0.55,10000,1.0,20.0,50,25.0,20.0,20.0,75,35,65.0,B,"observed:price,sales,reviews,rating,fba_fee; estimated:search_volume,cpc",estimated_default_costs,Imported from Sorftime; ASIN B0855LXM4V; brand Kitchen Home
category:Sponge Mops,23537024011,Sponge Mops,Home & Kitchen > Cleaning Supplies > Household Cleaning > Cleaning Tools > Mopping > Wet & Dry Mops > Sponge Mops,B0012H14LE,,Mr. Clean Magic Eraser Squeeze Mop,Home & Kitchen > Cleaning Supplies > Household Cleaning > Cleaning Tools > Mopping > Wet & Dry Mops > Sponge Mops,US,31.7,8.88,2.54,5.71,0.15,237.0,1080.0,4.1,0.55,10000,1.0,20.0,50,25.0,20.0,20.0,65,20,53.8,C,"observed:price,sales,reviews,rating; estimated:fba_fee,search_volume,cpc",estimated_default_costs,Imported from Sorftime; ASIN B0012H14LE; brand Mr. Clean
category:String Mops,23537022011,String Mops,Home & Kitchen > Cleaning Supplies > Household Cleaning > Cleaning Tools > Mopping > Wet & Dry Mops > String Mops,B0GT84XZ7T,,Aegishome Self Wringing Twist Mop for Floor Cleaning,Home & Kitchen > Cleaning Supplies > Household Cleaning > Cleaning Tools > Mopping > Wet & Dry Mops > String Mops,US,19.99,5.6,1.6,5.95,0.15,270.0,45.0,4.2,0.55,10000,1.0,20.0,50,25.0,20.0,20.0,75,35,65.0,B,"observed:price,sales,reviews,rating,fba_fee; estimated:search_volume,cpc",estimated_default_costs,Imported from Sorftime; ASIN B0GT84XZ7T; brand AegisHome
category:String Mops,23537022011,String Mops,Home & Kitchen > Cleaning Supplies > Household Cleaning > Cleaning Tools > Mopping > Wet & Dry Mops > String Mops,B0DZPJ82BM,,"Libman Tornado Mop with 1 Refill, Self-Wringing Cotton Twist Mop",Home & Kitchen > Cleaning Supplies > Household Cleaning > Cleaning Tools > Mopping > Wet & Dry Mops > String Mops,US,19.99,5.6,1.6,3.6,0.15,269.0,66.0,4.3,0.55,10000,1.0,20.0,50,25.0,20.0,20.0,50,20,42.5,C,"observed:sales,reviews,rating; estimated:price,fba_fee,search_volume,cpc",estimated_default_costs,Imported from Sorftime; ASIN B0DZPJ82BM; brand LIBMAN COMMERCIAL
category:String Mops,23537022011,String Mops,Home & Kitchen > Cleaning Supplies > Household Cleaning > Cleaning Tools > Mopping > Wet & Dry Mops > String Mops,B0DHVDDTBD,,Silkyhose Self-Wringing Twist Cotton Mop with 2 Reusable Heads,Home & Kitchen > Cleaning Supplies > Household Cleaning > Cleaning Tools > Mopping > Wet & Dry Mops > String Mops,US,19.99,5.6,1.6,6.77,0.15,215.0,249.0,3.9,0.55,10000,1.0,20.0,50,25.0,20.0,20.0,75,35,65.0,B,"observed:price,sales,reviews,rating,fba_fee; estimated:search_volume,cpc",estimated_default_costs,Imported from Sorftime; ASIN B0DHVDDTBD; brand Silkyhose
category:String Mops,23537022011,String Mops,Home & Kitchen > Cleaning Supplies > Household Cleaning > Cleaning Tools > Mopping > Wet & Dry Mops > String Mops,B06VXV3VPX,,"Tidy Tools Large Wet Deck Cotton Mop with Solid Wood Handle, 17 oz Mop Head",Home & Kitchen > Cleaning Supplies > Household Cleaning > Cleaning Tools > Mopping > Wet & Dry Mops > String Mops,US,27.99,7.84,2.24,13.31,0.15,200.0,1097.0,4.2,0.55,10000,1.0,20.0,50,25.0,20.0,20.0,75,35,65.0,B,"observed:price,sales,reviews,rating,fba_fee; estimated:search_volume,cpc",estimated_default_costs,Imported from Sorftime; ASIN B06VXV3VPX; brand Tidy Tools
category:Angle Brooms,14253831,Angle Brooms,Home & Kitchen > Cleaning Supplies > Household Cleaning > Cleaning Tools > Sweeping > Brooms > Angle Brooms,B0CKZ34SS5,,Yocada Commercial Broom and Dustpan Set with Comb Commercial Outdoor Indoor | for Courtyard Garage Lobby Mall Market Floor Home Kitchen Room Office Pet Hair Rubbish,Home & Kitchen > Cleaning Supplies > Household Cleaning > Cleaning Tools > Sweeping > Brooms > Angle Brooms,US,36.99,10.36,2.96,9.93,0.15,1014.0,348.0,4.5,0.55,10000,1.0,20.0,50,25.0,20.0,20.0,75,35,65.0,B,"observed:price,sales,reviews,rating,fba_fee; estimated:search_volume,cpc",estimated_default_costs,Imported from Sorftime; ASIN B0CKZ34SS5; brand Yocada
category:Angle Brooms,14253831,Angle Brooms,Home & Kitchen > Cleaning Supplies > Household Cleaning > Cleaning Tools > Sweeping > Brooms > Angle Brooms,B0D7VGZ8D8,,"Soft Bristle Indoor Broom, Angle Kitchen Broom for Hardwood Floor Cleaning | Fine Bristles for Indoor Floor Cleaning",Home & Kitchen > Cleaning Supplies > Household Cleaning > Cleaning Tools > Sweeping > Brooms > Angle Brooms,US,16.99,4.76,1.36,5.95,0.15,935.0,320.0,4.2,0.55,10000,1.0,20.0,50,25.0,20.0,20.0,75,35,65.0,B,"observed:price,sales,reviews,rating,fba_fee; estimated:search_volume,cpc",estimated_default_costs,Imported from Sorftime; ASIN B0D7VGZ8D8; brand Dodifker
category:Angle Brooms,14253831,Angle Brooms,Home & Kitchen > Cleaning Supplies > Household Cleaning > Cleaning Tools > Sweeping > Brooms > Angle Brooms,B075T3DD13,,Xifando Three-Section Telescopic Aluminum Alloy Rod Long-Handled Broom,Home & Kitchen > Cleaning Supplies > Household Cleaning > Cleaning Tools > Sweeping > Brooms > Angle Brooms,US,19.99,5.6,1.6,7.82,0.15,770.0,1277.0,4.3,0.55,10000,1.0,20.0,50,25.0,20.0,20.0,75,35,65.0,B,"observed:price,sales,reviews,rating,fba_fee; estimated:search_volume,cpc",estimated_default_costs,Imported from Sorftime; ASIN B075T3DD13; brand Xifando
category:Angle Brooms,14253831,Angle Brooms,Home & Kitchen > Cleaning Supplies > Household Cleaning > Cleaning Tools > Sweeping > Brooms > Angle Brooms,B0CPFXCNF1,,"Pine-Sol Indoor Jumbo Broom with Long, Stainless Steel Collapsible Handle for Easy Storage, Heavy Duty Angle Bristles for Wood, Tile, Linoleum, and More - Sweeps Wet or Dry Debris",Home & Kitchen > Cleaning Supplies > Household Cleaning > Cleaning Tools > Sweeping > Brooms > Angle Brooms,US,17.99,5.04,1.44,12.34,0.15,625.0,246.0,4.4,0.55,10000,1.0,20.0,50,25.0,20.0,20.0,75,35,65.0,B,"observed:price,sales,reviews,rating,fba_fee; estimated:search_volume,cpc",estimated_default_costs,Imported from Sorftime; ASIN B0CPFXCNF1; brand Pine-Sol
category:Angle Brooms,14253831,Angle Brooms,Home & Kitchen > Cleaning Supplies > Household Cleaning > Cleaning Tools > Sweeping > Brooms > Angle Brooms,B09PZP6LG4,,"Gloffer Indoor Broom, Soft Bristles for Hardwood Floors, 55-Inch Handle | Soft bristles, 12-inch angled head and adjustable 55-inch handle for easy indoor sweeping on hardwood, laminate and tile.",Home & Kitchen > Cleaning Supplies > Household Cleaning > Cleaning Tools > Sweeping > Brooms > Angle Brooms,US,16.99,4.76,1.36,6.21,0.15,534.0,653.0,4.2,0.55,10000,1.0,20.0,50,25.0,20.0,20.0,75,35,65.0,B,"observed:price,sales,reviews,rating,fba_fee; estimated:search_volume,cpc",estimated_default_costs,Imported from Sorftime; ASIN B09PZP6LG4; brand Gloffer
category:Angle Brooms,14253831,Angle Brooms,Home & Kitchen > Cleaning Supplies > Household Cleaning > Cleaning Tools > Sweeping > Brooms > Angle Brooms,B0FH4NS8H4,,"GLOHOO Indoor Soft Bristle Broom, 13-Inch Angle Head, Adjustable Handle",Home & Kitchen > Cleaning Supplies > Household Cleaning > Cleaning Tools > Sweeping > Brooms > Angle Brooms,US,16.99,4.76,1.36,5.77,0.15,459.0,149.0,4.2,0.55,10000,1.0,20.0,50,25.0,20.0,20.0,75,35,65.0,B,"observed:price,sales,reviews,rating,fba_fee; estimated:search_volume,cpc",estimated_default_costs,Imported from Sorftime; ASIN B0FH4NS8H4; brand GLOHOO
category:Angle Brooms,14253831,Angle Brooms,Home & Kitchen > Cleaning Supplies > Household Cleaning > Cleaning Tools > Sweeping > Brooms > Angle Brooms,B0BS2JJZTG,,Cinnamon Broom - Cinnamon Broomstick Scented 6in (2 Pack) - Decorative Mini Broomsticks - Cinnamon Scented Brooms - Door Protection,Home & Kitchen > Cleaning Supplies > Household Cleaning > Cleaning Tools > Sweeping > Brooms > Angle Brooms,US,13.97,3.91,1.12,4.18,0.15,399.0,380.0,3.9,0.55,10000,1.0,20.0,50,25.0,20.0,20.0,75,35,65.0,B,"observed:price,sales,reviews,rating,fba_fee; estimated:search_volume,cpc",estimated_default_costs,Imported from Sorftime; ASIN B0BS2JJZTG; brand Nautical Crush Trading
category:Angle Brooms,14253831,Angle Brooms,Home & Kitchen > Cleaning Supplies > Household Cleaning > Cleaning Tools > Sweeping > Brooms > Angle Brooms,B0CR2TYC2V,,"Indoor/Outdoor Heavy Duty Broom and Dustpan Set,Upright Plastic Commercial Dust Pan with 2 Brooms Perfect for Sweeping Courtyard Garage Lobby Kitchen Office Mall Market Shop Floor",Home & Kitchen > Cleaning Supplies > Household Cleaning > Cleaning Tools > Sweeping > Brooms > Angle Brooms,US,44.87,12.56,3.59,11.56,0.15,333.0,183.0,4.4,0.55,10000,1.0,20.0,50,25.0,20.0,20.0,75,35,65.0,B,"observed:price,sales,reviews,rating,fba_fee; estimated:search_volume,cpc",estimated_default_costs,Imported from Sorftime; ASIN B0CR2TYC2V; brand KeFanta
category:Angle Brooms,14253831,Angle Brooms,Home & Kitchen > Cleaning Supplies > Household Cleaning > Cleaning Tools > Sweeping > Brooms > Angle Brooms,B0D2CNSJ89,,"Masthome Heavy Duty Angled Broom,Sectional Stainless Steel Handle",Home & Kitchen > Cleaning Supplies > Household Cleaning > Cleaning Tools > Sweeping > Brooms > Angle Brooms,US,19.45,5.45,1.56,7.21,0.15,271.0,139.0,4.3,0.55,10000,1.0,20.0,50,25.0,20.0,20.0,75,35,65.0,B,"observed:price,sales,reviews,rating,fba_fee; estimated:search_volume,cpc",estimated_default_costs,Imported from Sorftime; ASIN B0D2CNSJ89; brand Masthome
category:Angle Brooms,14253831,Angle Brooms,Home & Kitchen > Cleaning Supplies > Household Cleaning > Cleaning Tools > Sweeping > Brooms > Angle Brooms,B0F3XKD5WD,,"CTIME Broom and Dustpan Set, Adjustable with Dust Pan Teeth",Home & Kitchen > Cleaning Supplies > Household Cleaning > Cleaning Tools > Sweeping > Brooms > Angle Brooms,US,17.99,5.04,1.44,8.6,0.15,270.0,330.0,4.0,0.55,10000,1.0,20.0,50,25.0,20.0,20.0,75,35,65.0,B,"observed:price,sales,reviews,rating,fba_fee; estimated:search_volume,cpc",estimated_default_costs,Imported from Sorftime; ASIN B0F3XKD5WD; brand CTIME
category:Angle Brooms,14253831,Angle Brooms,Home & Kitchen > Cleaning Supplies > Household Cleaning > Cleaning Tools > Sweeping > Brooms > Angle Brooms,B0DF7PK6GY,,"PUTNATRUE Heavy Duty Commercial Broom, 3 Pack Upgraded Angle Brooms for Sweeping Outdoor and Indoor, Perfect Black Brooms of House, Kitchen, Garage, Courtyard, Concrete",Home & Kitchen > Cleaning Supplies > Household Cleaning > Cleaning Tools > Sweeping > Brooms > Angle Brooms,US,38.99,10.92,3.12,9.14,0.15,227.0,50.0,4.0,0.55,10000,1.0,20.0,50,25.0,20.0,20.0,75,35,65.0,B,"observed:price,sales,reviews,rating,fba_fee; estimated:search_volume,cpc",estimated_default_costs,Imported from Sorftime; ASIN B0DF7PK6GY; brand PUTNATRUE
category:Hand Brooms,14253841,Hand Brooms,Home & Kitchen > Cleaning Supplies > Household Cleaning > Cleaning Tools > Sweeping > Brooms > Hand Brooms,B0FBGSYCLR,,"Handy Broom 2Pack, Indoor/Outdoor Brooms, Duty Kitchen Broom, for Home Garage Kitchen Office Courtyard Lobby Patio Lawn Concrete (2, Red)",Home & Kitchen > Cleaning Supplies > Household Cleaning > Cleaning Tools > Sweeping > Brooms > Hand Brooms,US,14.99,4.2,1.2,6.22,0.15,3746.0,1029.0,4.0,0.55,10000,1.0,20.0,50,25.0,20.0,20.0,75,35,65.0,B,"observed:price,sales,reviews,rating,fba_fee; estimated:search_volume,cpc",estimated_default_costs,Imported from Sorftime; ASIN B0FBGSYCLR; brand Nodirz
category:Hand Brooms,14253841,Hand Brooms,Home & Kitchen > Cleaning Supplies > Household Cleaning > Cleaning Tools > Sweeping > Brooms > Hand Brooms,B0DJ74SXV4,,"NACENA Broom and Dustpan Set, 52-in Long Adjustable Handle Broom Dustpan Combo with Dustpan Teeth to Automatically Clean Hair Suitable for Home Kitchen Office Hall Floor (Black&Red), 2 Pack",Home & Kitchen > Cleaning Supplies > Household Cleaning > Cleaning Tools > Sweeping > Brooms > Hand Brooms,US,23.99,6.72,1.92,9.08,0.15,1165.0,917.0,4.4,0.55,10000,1.0,20.0,50,25.0,20.0,20.0,75,35,65.0,B,"observed:price,sales,reviews,rating,fba_fee; estimated:search_volume,cpc",estimated_default_costs,Imported from Sorftime; ASIN B0DJ74SXV4; brand nacena
category:Hand Brooms,14253841,Hand Brooms,Home & Kitchen > Cleaning Supplies > Household Cleaning > Cleaning Tools > Sweeping > Brooms > Hand Brooms,B0DZ5DQP98,,"JOYMOOP White Broom and Dustpan Set, Upright Angle Design with Built-in Comb Teeth for Kitchen, Office, Pet Hair, Hard Floors",Home & Kitchen > Cleaning Supplies > Household Cleaning > Cleaning Tools > Sweeping > Brooms > Hand Brooms,US,24.99,7.0,2.0,8.21,0.15,1040.0,495.0,4.1,0.55,10000,1.0,20.0,50,25.0,20.0,20.0,75,35,65.0,B,"observed:price,sales,reviews,rating,fba_fee; estimated:search_volume,cpc",estimated_default_costs,Imported from Sorftime; ASIN B0DZ5DQP98; brand JOYMOOP
category:Hand Brooms,14253841,Hand Brooms,Home & Kitchen > Cleaning Supplies > Household Cleaning > Cleaning Tools > Sweeping > Brooms > Hand Brooms,B0FGXPBVVC,,"Indoor Broom Soft Bristle Brooms - Brooms for Sweeping Indoor Pet Hair, House Broom for Cleaning Hardwood, Tile, and Decking Surfaces Across.（Green）",Home & Kitchen > Cleaning Supplies > Household Cleaning > Cleaning Tools > Sweeping > Brooms > Hand Brooms,US,13.38,3.75,1.07,5.75,0.15,631.0,250.0,4.4,0.55,10000,1.0,20.0,50,25.0,20.0,20.0,75,35,65.0,B,"observed:price,sales,reviews,rating,fba_fee; estimated:search_volume,cpc",estimated_default_costs,Imported from Sorftime; ASIN B0FGXPBVVC; brand Zthluyc
category:Hand Brooms,14253841,Hand Brooms,Home & Kitchen > Cleaning Supplies > Household Cleaning > Cleaning Tools > Sweeping > Brooms > Hand Brooms,B09LRZXJQF,,"SOUJOY 6 Pack Small Dustpan and Brush Set, Whisk Broom and Dust Pan with Handle, Nesting Tiny Cleaning Broom, Mini Hand Broom and Dustpan Set for Table, Desk, Keyboard, Cars and Pet Nest",Home & Kitchen > Cleaning Supplies > Household Cleaning > Cleaning Tools > Sweeping > Brooms > Hand Brooms,US,20.99,5.88,1.68,6.6,0.15,576.0,213.0,4.3,0.55,10000,1.0,20.0,50,25.0,20.0,20.0,75,35,65.0,B,"observed:price,sales,reviews,rating,fba_fee; estimated:search_volume,cpc",estimated_default_costs,Imported from Sorftime; ASIN B09LRZXJQF; brand SOUJOY
category:Hand Brooms,14253841,Hand Brooms,Home & Kitchen > Cleaning Supplies > Household Cleaning > Cleaning Tools > Sweeping > Brooms > Hand Brooms,B0CBP3XR66,,15“ Soft Brist. Hand Broom Brush 3 PackBed Sofa Counter Hair Clear,Home & Kitchen > Cleaning Supplies > Household Cleaning > Cleaning Tools > Sweeping > Brooms > Hand Brooms,US,13.99,3.92,1.12,6.21,0.15,549.0,329.0,4.6,0.55,10000,1.0,20.0,50,25.0,20.0,20.0,75,35,65.0,B,"observed:price,sales,reviews,rating,fba_fee; estimated:search_volume,cpc",estimated_default_costs,Imported from Sorftime; ASIN B0CBP3XR66; brand kagyuan
category:Hand Brooms,14253841,Hand Brooms,Home & Kitchen > Cleaning Supplies > Household Cleaning > Cleaning Tools > Sweeping > Brooms > Hand Brooms,B0DKJ5FYCX,,"Vigar Mini Broom and Dustpan Set - Small Broom and Dustpan, Hand Broom for Desk, Kitchen, Car, Crumb Brush for Dust & Pet Hair, Decorative Doll Design, Portable Dust Pan Brush for Indoor - Turquoise",Home & Kitchen > Cleaning Supplies > Household Cleaning > Cleaning Tools > Sweeping > Brooms > Hand Brooms,US,16.99,4.76,1.36,4.89,0.15,526.0,127.0,4.5,0.55,10000,1.0,20.0,50,25.0,20.0,20.0,75,35,65.0,B,"observed:price,sales,reviews,rating,fba_fee; estimated:search_volume,cpc",estimated_default_costs,Imported from Sorftime; ASIN B0DKJ5FYCX; brand Vigar
category:Hand Brooms,14253841,Hand Brooms,Home & Kitchen > Cleaning Supplies > Household Cleaning > Cleaning Tools > Sweeping > Brooms > Hand Brooms,B0GMGNH3LT,,MOPALL Broom with Dustpan Combo Set Collapsible Standing Inc 2 Broom Heads,Home & Kitchen > Cleaning Supplies > Household Cleaning > Cleaning Tools > Sweeping > Brooms > Hand Brooms,US,24.99,7.0,2.0,8.03,0.15,365.0,56.0,3.8,0.55,10000,1.0,20.0,50,25.0,20.0,20.0,75,35,65.0,B,"observed:price,sales,reviews,rating,fba_fee; estimated:search_volume,cpc",estimated_default_costs,Imported from Sorftime; ASIN B0GMGNH3LT; brand MOPALL
category:Hand Brooms,14253841,Hand Brooms,Home & Kitchen > Cleaning Supplies > Household Cleaning > Cleaning Tools > Sweeping > Brooms > Hand Brooms,B0D9BVF267,,Tioncy 8 Pieces Wooden Dust Brush Bulk Hand Broom Bench Brush,Home & Kitchen > Cleaning Supplies > Household Cleaning > Cleaning Tools > Sweeping > Brooms > Hand Brooms,US,27.99,7.84,2.24,6.25,0.15,350.0,47.0,4.3,0.55,10000,1.0,20.0,50,25.0,20.0,20.0,75,35,65.0,B,"observed:price,sales,reviews,rating,fba_fee; estimated:search_volume,cpc",estimated_default_costs,Imported from Sorftime; ASIN B0D9BVF267; brand Tioncy
category:Hand Brooms,14253841,Hand Brooms,Home & Kitchen > Cleaning Supplies > Household Cleaning > Cleaning Tools > Sweeping > Brooms > Hand Brooms,B0BXVT25WL,,"Zubebe 12 Pcs Mini Dustpan and Brush Set, Small Broom and Dustpan Set Small Cleaning Brush Portable Hand Broom Set for Home Office Kitchen Table Desktop Floor Cleaning Supplies",Home & Kitchen > Cleaning Supplies > Household Cleaning > Cleaning Tools > Sweeping > Brooms > Hand Brooms,US,39.99,11.2,3.2,10.03,0.15,212.0,26.0,4.6,0.55,10000,1.0,20.0,50,25.0,20.0,20.0,75,35,65.0,B,"observed:price,sales,reviews,rating,fba_fee; estimated:search_volume,cpc",estimated_default_costs,Imported from Sorftime; ASIN B0BXVT25WL; brand Zubebe
category:Push Brooms,14253851,Push Brooms,Home & Kitchen > Cleaning Supplies > Household Cleaning > Cleaning Tools > Sweeping > Brooms > Push Brooms,B0DLB5LZFP,,"Walensee Carpet Rake, 2-in-1 Nylon Carpet Brush & Pet Hair Rake | 2-in-1 nylon carpet rake with rubber brush for shag and high-pile carpets, rugs, and gathering loose pet hair",Home & Kitchen > Cleaning Supplies > Household Cleaning > Cleaning Tools > Sweeping > Brooms > Push Brooms,US,22.49,6.3,1.8,5.93,0.15,841.0,438.0,4.1,0.55,10000,1.0,20.0,50,25.0,20.0,20.0,75,35,65.0,B,"observed:price,sales,reviews,rating,fba_fee; estimated:search_volume,cpc",estimated_default_costs,Imported from Sorftime; ASIN B0DLB5LZFP; brand Walensee
category:Push Brooms,14253851,Push Brooms,Home & Kitchen > Cleaning Supplies > Household Cleaning > Cleaning Tools > Sweeping > Brooms > Push Brooms,B0G393HR2H,,CLEANHOME Rubber Broom for Pet Hair on Carpet & Hardwood,Home & Kitchen > Cleaning Supplies > Household Cleaning > Cleaning Tools > Sweeping > Brooms > Push Brooms,US,15.99,4.48,1.28,6.38,0.15,356.0,62.0,4.1,0.55,10000,1.0,20.0,50,25.0,20.0,20.0,75,35,65.0,B,"observed:price,sales,reviews,rating,fba_fee; estimated:search_volume,cpc",estimated_default_costs,Imported from Sorftime; ASIN B0G393HR2H; brand Cleanhome
category:Push Brooms,14253851,Push Brooms,Home & Kitchen > Cleaning Supplies > Household Cleaning > Cleaning Tools > Sweeping > Brooms > Push Brooms,B0FSCFBJ56,,2 in 1 Stainless Steel Wire Brush Heavy Duty Floor Deck Scrub,Home & Kitchen > Cleaning Supplies > Household Cleaning > Cleaning Tools > Sweeping > Brooms > Push Brooms,US,19.98,5.59,1.6,6.59,0.15,284.0,114.0,4.3,0.55,10000,1.0,20.0,50,25.0,20.0,20.0,75,35,65.0,B,"observed:price,sales,reviews,rating,fba_fee; estimated:search_volume,cpc",estimated_default_costs,Imported from Sorftime; ASIN B0FSCFBJ56; brand JIURAIN
category:Push Brooms,14253851,Push Brooms,Home & Kitchen > Cleaning Supplies > Household Cleaning > Cleaning Tools > Sweeping > Brooms > Push Brooms,B0014X8TQY,,Kleen #1810 10lb Kleen Sweep Plus,Home & Kitchen > Cleaning Supplies > Household Cleaning > Cleaning Tools > Sweeping > Brooms > Push Brooms,US,16.61,4.65,1.33,10.35,0.15,232.0,415.0,4.4,0.55,10000,1.0,20.0,50,25.0,20.0,20.0,75,35,65.0,B,"observed:price,sales,reviews,rating,fba_fee; estimated:search_volume,cpc",estimated_default_costs,Imported from Sorftime; ASIN B0014X8TQY; brand KLEEN PRODUCTS LLC
category:Broom Handles,3278164011,Broom Handles,Home & Kitchen > Cleaning Supplies > Household Cleaning > Cleaning Tools > Sweeping > Parts & Accessories > Broom Handles,B0CQCMQSMQ,,Commercial Products 54-inch Replacement Wood Broom Handle with Threaded Metal Tip and Lacquered for Floor Cleaning Sweeping in Home and Office (Pack of 2),Home & Kitchen > Cleaning Supplies > Household Cleaning > Cleaning Tools > Sweeping > Parts & Accessories > Broom Handles,US,27.98,7.83,2.24,11.08,0.15,255.0,69.0,4.4,0.55,10000,1.0,20.0,50,25.0,20.0,20.0,75,35,65.0,B,"observed:price,sales,reviews,rating,fba_fee; estimated:search_volume,cpc",estimated_default_costs,Imported from Sorftime; ASIN B0CQCMQSMQ; brand ILOT
category:Broom Heads,3278165011,Broom Heads,Home & Kitchen > Cleaning Supplies > Household Cleaning > Cleaning Tools > Sweeping > Parts & Accessories > Broom Heads,B0H7FF1QFX,,"Küchenprofi 4-Pack Replacement Brush Heads for Classic Dish Washing Brush | solid beechwood with agave fiber bristles, compostable and plastic free, fits kitchen sink scrubber, handle sold separately",Home & Kitchen > Cleaning Supplies > Household Cleaning > Cleaning Tools > Sweeping > Parts & Accessories > Broom Heads,US,24.99,7.0,2.0,3.97,0.15,495.0,1124.0,4.6,0.55,10000,1.0,20.0,50,25.0,20.0,20.0,75,35,65.0,B,"observed:price,sales,reviews,rating,fba_fee; estimated:search_volume,cpc",estimated_default_costs,Imported from Sorftime; ASIN B0H7FF1QFX; brand Küchenprofi
category:Dustpans,21588789011,Dustpans,Home & Kitchen > Cleaning Supplies > Household Cleaning > Cleaning Tools > Sweeping > Parts & Accessories > Dustpans,B0DQV1LZM7,,"Primero Basics Standing Dustpan，Upright Commercial dust pan | Pivoting ，Long Handle and Wheels，Large Capacity, Heavy Duty，for Indoor Outdoor, Home and Restaurant Cleaning, Black",Home & Kitchen > Cleaning Supplies > Household Cleaning > Cleaning Tools > Sweeping > Parts & Accessories > Dustpans,US,23.99,6.72,1.92,9.17,0.15,2349.0,297.0,4.4,0.55,10000,1.0,20.0,50,25.0,20.0,20.0,75,35,65.0,B,"observed:price,sales,reviews,rating,fba_fee; estimated:search_volume,cpc",estimated_default_costs,Imported from Sorftime; ASIN B0DQV1LZM7; brand Primero Basics
category:Dustpans,21588789011,Dustpans,Home & Kitchen > Cleaning Supplies > Household Cleaning > Cleaning Tools > Sweeping > Parts & Accessories > Dustpans,B0D6VNKLYM,,"Eyliden Large Commercial Dustpan with Comb Teeth, Upright | Heavy Duty Dust Pan for Restaurants Garages Courtyard Sidewalks Lobby Home Kitchen Room Office Classroom, Black",Home & Kitchen > Cleaning Supplies > Household Cleaning > Cleaning Tools > Sweeping > Parts & Accessories > Dustpans,US,24.99,7.0,2.0,9.65,0.15,1809.0,530.0,4.6,0.55,10000,1.0,20.0,50,25.0,20.0,20.0,75,35,65.0,B,"observed:price,sales,reviews,rating,fba_fee; estimated:search_volume,cpc",estimated_default_costs,Imported from Sorftime; ASIN B0D6VNKLYM; brand Eyliden
category:Dustpans,21588789011,Dustpans,Home & Kitchen > Cleaning Supplies > Household Cleaning > Cleaning Tools > Sweeping > Parts & Accessories > Dustpans,B09GYF3MG7,,"Small Broom and Dustpan Set, Household Mini Broom and Dustpan Set, Mini Broom and Cleaning Set Suitable for Various Small Areas (White)",Home & Kitchen > Cleaning Supplies > Household Cleaning > Cleaning Tools > Sweeping > Parts & Accessories > Dustpans,US,13.88,3.89,1.11,7.93,0.15,1254.0,926.0,4.0,0.55,10000,1.0,20.0,50,25.0,20.0,20.0,75,35,65.0,B,"observed:price,sales,reviews,rating,fba_fee; estimated:search_volume,cpc",estimated_default_costs,Imported from Sorftime; ASIN B09GYF3MG7; brand WDDBHSKN
category:Dustpans,21588789011,Dustpans,Home & Kitchen > Cleaning Supplies > Household Cleaning > Cleaning Tools > Sweeping > Parts & Accessories > Dustpans,B099K8YF7W,,"PHYEX 17“ Heavy Duty Metal Dust Pan with Brush Set | Large Wide Mouth Dustpan with Stiff Bristle Cleaning Brush for Garage, Wood Stove, Workshop and Outdoor Cleanup, Silver",Home & Kitchen > Cleaning Supplies > Household Cleaning > Cleaning Tools > Sweeping > Parts & Accessories > Dustpans,US,22.99,6.44,1.84,7.84,0.15,1107.0,302.0,4.6,0.55,10000,1.0,20.0,50,25.0,20.0,20.0,75,35,65.0,B,"observed:price,sales,reviews,rating,fba_fee; estimated:search_volume,cpc",estimated_default_costs,Imported from Sorftime; ASIN B099K8YF7W; brand PHYEX
category:Dustpans,21588789011,Dustpans,Home & Kitchen > Cleaning Supplies > Household Cleaning > Cleaning Tools > Sweeping > Parts & Accessories > Dustpans,B0CL9HQTP2,,"Yocada Large Commercial Dustpan with Comb, Upright Heavy Duty Dust Pan | Outdoor Indoor for Courtyard Garage Lobby Mall Market Floor Home Kitchen Room Office Pet Hair Rubbish",Home & Kitchen > Cleaning Supplies > Household Cleaning > Cleaning Tools > Sweeping > Parts & Accessories > Dustpans,US,23.99,6.72,1.92,9.55,0.15,951.0,759.0,4.6,0.55,10000,1.0,20.0,50,25.0,20.0,20.0,75,35,65.0,B,"observed:price,sales,reviews,rating,fba_fee; estimated:search_volume,cpc",estimated_default_costs,Imported from Sorftime; ASIN B0CL9HQTP2; brand Yocada
category:Dustpans,21588789011,Dustpans,Home & Kitchen > Cleaning Supplies > Household Cleaning > Cleaning Tools > Sweeping > Parts & Accessories > Dustpans,B0FLJJK6V4,,"28‘‘ Kids Mini Broom and Dustpan Set - Toddler Cleaning Toy, Toddler Household Helper, Parent-Child Interactive Play Cleaning Tool, Cute Cartoon Design, Small Safe Corner Broom (Blue)",Home & Kitchen > Cleaning Supplies > Household Cleaning > Cleaning Tools > Sweeping > Parts & Accessories > Dustpans,US,15.99,4.48,1.28,6.78,0.15,938.0,207.0,4.6,0.55,10000,1.0,20.0,50,25.0,20.0,20.0,75,35,65.0,B,"observed:price,sales,reviews,rating,fba_fee; estimated:search_volume,cpc",estimated_default_costs,Imported from Sorftime; ASIN B0FLJJK6V4; brand Bluocean
category:Dustpans,21588789011,Dustpans,Home & Kitchen > Cleaning Supplies > Household Cleaning > Cleaning Tools > Sweeping > Parts & Accessories > Dustpans,B0FLJHTQ62,,"28‘‘ Kids Mini Broom and Dustpan Set - Toddler Cleaning Toy, Toddler Household Helper, Parent-Child Interactive Play Cleaning Tool, Cute Cartoon Design, Small Safe Corner Broom (Pink)",Home & Kitchen > Cleaning Supplies > Household Cleaning > Cleaning Tools > Sweeping > Parts & Accessories > Dustpans,US,15.99,4.48,1.28,6.78,0.15,666.0,115.0,4.6,0.55,10000,1.0,20.0,50,25.0,20.0,20.0,75,35,65.0,B,"observed:price,sales,reviews,rating,fba_fee; estimated:search_volume,cpc",estimated_default_costs,Imported from Sorftime; ASIN B0FLJHTQ62; brand Bluocean
category:Dustpans,21588789011,Dustpans,Home & Kitchen > Cleaning Supplies > Household Cleaning > Cleaning Tools > Sweeping > Parts & Accessories > Dustpans,B09XV31H4J,,"Heavy-Duty Metal Dust Pan and Brush Set-Handheld Angled DustPan and Broom | Stainless Steel Dust Pan with Handle,Precision Edge for Small Debris,Hanging Dustpan and Brush for Home,Fireplace Ash,Stove",Home & Kitchen > Cleaning Supplies > Household Cleaning > Cleaning Tools > Sweeping > Parts & Accessories > Dustpans,US,16.99,4.76,1.36,6.22,0.15,600.0,439.0,4.4,0.55,10000,1.0,20.0,50,25.0,20.0,20.0,75,35,65.0,B,"observed:price,sales,reviews,rating,fba_fee; estimated:search_volume,cpc",estimated_default_costs,Imported from Sorftime; ASIN B09XV31H4J; brand Yangbaga
category:Dustpans,21588789011,Dustpans,Home & Kitchen > Cleaning Supplies > Household Cleaning > Cleaning Tools > Sweeping > Parts & Accessories > Dustpans,B085HKZJRJ,,"Superio Clip-On Dustpan with Rubber Lip - 10-inch Wide Durable Plastic Dust Pan with Comfort Grip Handle, White, 1-Pack",Home & Kitchen > Cleaning Supplies > Household Cleaning > Cleaning Tools > Sweeping > Parts & Accessories > Dustpans,US,13.99,3.92,1.12,5.95,0.15,557.0,802.0,4.4,0.55,10000,1.0,20.0,50,25.0,20.0,20.0,75,35,65.0,B,"observed:price,sales,reviews,rating,fba_fee; estimated:search_volume,cpc",estimated_default_costs,Imported from Sorftime; ASIN B085HKZJRJ; brand Superio
category:Dustpans,21588789011,Dustpans,Home & Kitchen > Cleaning Supplies > Household Cleaning > Cleaning Tools > Sweeping > Parts & Accessories > Dustpans,B0948RBX3S,,"TOP DOG Metal Dustpan 17”, Aluminum Dust Pans Heavy Duty Does not Chip or Bend Sheet Metal Edge Flat Against Floor for Small Item Sweeping Rubber Coated Easy to Grasp Handle (1pcs)",Home & Kitchen > Cleaning Supplies > Household Cleaning > Cleaning Tools > Sweeping > Parts & Accessories > Dustpans,US,24.99,7.0,2.0,8.59,0.15,501.0,462.0,4.6,0.55,10000,1.0,20.0,50,25.0,20.0,20.0,75,35,65.0,B,"observed:price,sales,reviews,rating,fba_fee; estimated:search_volume,cpc",estimated_default_costs,Imported from Sorftime; ASIN B0948RBX3S; brand TOP DOG
category:Dustpans,21588789011,Dustpans,Home & Kitchen > Cleaning Supplies > Household Cleaning > Cleaning Tools > Sweeping > Parts & Accessories > Dustpans,B085XR37XZ,,"MAYEV Kids Broom and Dustpan Set, Mini Toddler Broom for Pretend Play Cleaning, Child-Sized Little Housekeeping Helper Set, Blue",Home & Kitchen > Cleaning Supplies > Household Cleaning > Cleaning Tools > Sweeping > Parts & Accessories > Dustpans,US,12.95,3.63,1.04,8.02,0.15,453.0,2180.0,4.4,0.55,10000,1.0,20.0,50,25.0,20.0,20.0,75,35,65.0,B,"observed:price,sales,reviews,rating,fba_fee; estimated:search_volume,cpc",estimated_default_costs,Imported from Sorftime; ASIN B085XR37XZ; brand MAYEV
category:Dustpans,21588789011,Dustpans,Home & Kitchen > Cleaning Supplies > Household Cleaning > Cleaning Tools > Sweeping > Parts & Accessories > Dustpans,B085XR1VP6,,"MAYEV Mini Broom with Dustpan for Kids,Little Housekeeping Helper Set (Pink)",Home & Kitchen > Cleaning Supplies > Household Cleaning > Cleaning Tools > Sweeping > Parts & Accessories > Dustpans,US,12.95,3.63,1.04,7.94,0.15,452.0,2471.0,4.5,0.55,10000,1.0,20.0,50,25.0,20.0,20.0,75,35,65.0,B,"observed:price,sales,reviews,rating,fba_fee; estimated:search_volume,cpc",estimated_default_costs,Imported from Sorftime; ASIN B085XR1VP6; brand MAYEV
category:Dustpans,21588789011,Dustpans,Home & Kitchen > Cleaning Supplies > Household Cleaning > Cleaning Tools > Sweeping > Parts & Accessories > Dustpans,B0FPWZJ8C6,,"Dust Pans with Long Handle,Heavy Duty Metal Dust Pan with Dust Pan Teeth",Home & Kitchen > Cleaning Supplies > Household Cleaning > Cleaning Tools > Sweeping > Parts & Accessories > Dustpans,US,18.99,5.32,1.52,7.22,0.15,418.0,92.0,4.4,0.55,10000,1.0,20.0,50,25.0,20.0,20.0,75,35,65.0,B,"observed:price,sales,reviews,rating,fba_fee; estimated:search_volume,cpc",estimated_default_costs,Imported from Sorftime; ASIN B0FPWZJ8C6; brand Yangbaga
category:Dustpans,21588789011,Dustpans,Home & Kitchen > Cleaning Supplies > Household Cleaning > Cleaning Tools > Sweeping > Parts & Accessories > Dustpans,B0FGJQKSF3,,"Mini Broom with Dustpan for Kids, 28-in Handle Kids Broom and Dustpan Set for Toddlers Cat-Shaped Children Cleaning Set Boys Girls Small Housekeeping Helper Set, Pink",Home & Kitchen > Cleaning Supplies > Household Cleaning > Cleaning Tools > Sweeping > Parts & Accessories > Dustpans,US,13.99,3.92,1.12,7.93,0.15,344.0,306.0,4.6,0.55,10000,1.0,20.0,50,25.0,20.0,20.0,75,35,65.0,B,"observed:price,sales,reviews,rating,fba_fee; estimated:search_volume,cpc",estimated_default_costs,Imported from Sorftime; ASIN B0FGJQKSF3; brand nacena
category:Dustpans,21588789011,Dustpans,Home & Kitchen > Cleaning Supplies > Household Cleaning > Cleaning Tools > Sweeping > Parts & Accessories > Dustpans,B0D1CDXDT8,,"Nicunom Set of 4 Mini Broom with Dustpan for Kids, Children Broom and Dustpan Set Cleaning Set Boys Girls Little Housekeeping Helper Set for Kitchen Bathroom Pet",Home & Kitchen > Cleaning Supplies > Household Cleaning > Cleaning Tools > Sweeping > Parts & Accessories > Dustpans,US,25.99,7.28,2.08,8.98,0.15,324.0,65.0,4.4,0.55,10000,1.0,20.0,50,25.0,20.0,20.0,75,35,65.0,B,"observed:price,sales,reviews,rating,fba_fee; estimated:search_volume,cpc",estimated_default_costs,Imported from Sorftime; ASIN B0D1CDXDT8; brand Nicunom
category:Dustpans,21588789011,Dustpans,Home & Kitchen > Cleaning Supplies > Household Cleaning > Cleaning Tools > Sweeping > Parts & Accessories > Dustpans,B0773LY6QR,,"Rubbermaid Commercial Products Maximizer Heavy Duty Upright Debris/Dust Pan, Yellow, for Indoor/Outdoor Debris Collection",Home & Kitchen > Cleaning Supplies > Household Cleaning > Cleaning Tools > Sweeping > Parts & Accessories > Dustpans,US,56.09,15.71,4.49,23.4,0.15,323.0,882.0,4.3,0.55,10000,1.0,20.0,50,25.0,20.0,20.0,75,35,65.0,B,"observed:price,sales,reviews,rating,fba_fee; estimated:search_volume,cpc",estimated_default_costs,Imported from Sorftime; ASIN B0773LY6QR; brand Rubbermaid Commercial Products
category:Dustpans,21588789011,Dustpans,Home & Kitchen > Cleaning Supplies > Household Cleaning > Cleaning Tools > Sweeping > Parts & Accessories > Dustpans,B0FPX1DSKL,,"Extra Large Dust Pan with Long Handle,Metal Dust Pan for Jumbo Debris Pan",Home & Kitchen > Cleaning Supplies > Household Cleaning > Cleaning Tools > Sweeping > Parts & Accessories > Dustpans,US,39.99,11.2,3.2,10.52,0.15,295.0,80.0,4.5,0.55,10000,1.0,20.0,50,25.0,20.0,20.0,75,35,65.0,B,"observed:price,sales,reviews,rating,fba_fee; estimated:search_volume,cpc",estimated_default_costs,Imported from Sorftime; ASIN B0FPX1DSKL; brand Yangbaga
category:Dustpans,21588789011,Dustpans,Home & Kitchen > Cleaning Supplies > Household Cleaning > Cleaning Tools > Sweeping > Parts & Accessories > Dustpans,B0FLJFLWWN,,"28‘‘ Kids Mini Broom and Dustpan Set - Toddler Cleaning Toy, Toddler Household Helper, Parent-Child Interactive Play Cleaning Tool, Cute Cartoon Design, Small Safe Corner Broom (Green)",Home & Kitchen > Cleaning Supplies > Household Cleaning > Cleaning Tools > Sweeping > Parts & Accessories > Dustpans,US,15.99,4.48,1.28,3.5,0.15,287.0,71.0,4.4,0.55,10000,1.0,20.0,50,25.0,20.0,20.0,65,20,53.8,C,"observed:price,sales,reviews,rating; estimated:fba_fee,search_volume,cpc",estimated_default_costs,Imported from Sorftime; ASIN B0FLJFLWWN; brand Bluocean
category:Dustpans,21588789011,Dustpans,Home & Kitchen > Cleaning Supplies > Household Cleaning > Cleaning Tools > Sweeping > Parts & Accessories > Dustpans,B0957ZYBLF,,"Peleg Design Dustache Small Dustpan and Brush Set, Mini Broom and Dustpan Set, Mustache Design, Small Broom and Dustpan Set, for Home & On-The-Go",Home & Kitchen > Cleaning Supplies > Household Cleaning > Cleaning Tools > Sweeping > Parts & Accessories > Dustpans,US,14.9,4.17,1.19,4.47,0.15,281.0,1213.0,4.4,0.55,10000,1.0,20.0,50,25.0,20.0,20.0,75,35,65.0,B,"observed:price,sales,reviews,rating,fba_fee; estimated:search_volume,cpc",estimated_default_costs,Imported from Sorftime; ASIN B0957ZYBLF; brand PELEG DESIGN
category:Dustpans,21588789011,Dustpans,Home & Kitchen > Cleaning Supplies > Household Cleaning > Cleaning Tools > Sweeping > Parts & Accessories > Dustpans,B0FJDZHXHX,,"ROSEOK Mini Dustpan and Brush Set, Small Broom and Dust Pan, Navy Blue | Portable Cleaning Brush and Dustpan Combo for Kitchen Counter, Tables, Office, Car",Home & Kitchen > Cleaning Supplies > Household Cleaning > Cleaning Tools > Sweeping > Parts & Accessories > Dustpans,US,13.99,3.92,1.12,4.47,0.15,279.0,76.0,4.4,0.55,10000,1.0,20.0,50,25.0,20.0,20.0,75,35,65.0,B,"observed:price,sales,reviews,rating,fba_fee; estimated:search_volume,cpc",estimated_default_costs,Imported from Sorftime; ASIN B0FJDZHXHX; brand ROSEOK
category:Dustpans,21588789011,Dustpans,Home & Kitchen > Cleaning Supplies > Household Cleaning > Cleaning Tools > Sweeping > Parts & Accessories > Dustpans,B0FFM86QF7,,"REEWII Large Commercial Dustpan with Comb，Long Handle Upright Heavy Duty Dust Pan Outdoor Indoor for Courtyards, Garages, Lobbies, Shopping Malls, Market Floors, Sidewalks, Classroom Floor Cleaning",Home & Kitchen > Cleaning Supplies > Household Cleaning > Cleaning Tools > Sweeping > Parts & Accessories > Dustpans,US,21.99,6.16,1.76,8.78,0.15,261.0,124.0,4.4,0.55,10000,1.0,20.0,50,25.0,20.0,20.0,75,35,65.0,B,"observed:price,sales,reviews,rating,fba_fee; estimated:search_volume,cpc",estimated_default_costs,Imported from Sorftime; ASIN B0FFM86QF7; brand REEWII
category:Dustpans,21588789011,Dustpans,Home & Kitchen > Cleaning Supplies > Household Cleaning > Cleaning Tools > Sweeping > Parts & Accessories > Dustpans,B07QLKLYT4,,Metal Dust Pan and Brush Set Heavy Duty for Fireplace Garage Shop 9“ Wide,Home & Kitchen > Cleaning Supplies > Household Cleaning > Cleaning Tools > Sweeping > Parts & Accessories > Dustpans,US,19.99,5.6,1.6,8.02,0.15,221.0,436.0,4.6,0.55,10000,1.0,20.0,50,25.0,20.0,20.0,75,35,65.0,B,"observed:price,sales,reviews,rating,fba_fee; estimated:search_volume,cpc",estimated_default_costs,Imported from Sorftime; ASIN B07QLKLYT4; brand OAKART
category:Stringing Machines & Tools,3420031,Stringing Machines & Tools,Sports & Outdoors > Sports > Team Sports > Tennis & Racquet Sports > Tennis > Accessories > Stringing Machines & Tools,B0007R8MAQ,,Gamma Sports Racquet String Tension Tester (Tennis/Squash/Racquetball),Sports & Outdoors > Sports > Team Sports > Tennis & Racquet Sports > Tennis > Accessories > Stringing Machines & Tools,US,19.51,5.46,1.56,3.93,0.15,215.0,425.0,4.1,0.55,10000,1.0,20.0,50,25.0,20.0,20.0,75,35,65.0,B,"observed:price,sales,reviews,rating,fba_fee; estimated:search_volume,cpc",estimated_default_costs,Imported from Sorftime; ASIN B0007R8MAQ; brand GAMMA
category:Kitchen Brushes,203313515011,Kitchen Brushes,Home & Kitchen > Cleaning Supplies > Household Cleaning > Cleaning Tools > Brushes > Kitchen Brushes,B0DLWHGGCS,,DEBETOOL 6-Piece Bamboo Dish Brush Set with Coconut Sponge,Home & Kitchen > Cleaning Supplies > Household Cleaning > Cleaning Tools > Brushes > Kitchen Brushes,US,14.99,4.2,1.2,5.35,0.15,2368.0,512.0,4.5,0.55,10000,1.0,20.0,50,25.0,20.0,20.0,75,35,65.0,B,"observed:price,sales,reviews,rating,fba_fee; estimated:search_volume,cpc",estimated_default_costs,Imported from Sorftime; ASIN B0DLWHGGCS; brand DEBETOOL
category:Kitchen Brushes,203313515011,Kitchen Brushes,Home & Kitchen > Cleaning Supplies > Household Cleaning > Cleaning Tools > Brushes > Kitchen Brushes,B0FMJYTQLT,,5 Pack Bamboo Dish Brush Set with 14’’ Bottle Brush,Home & Kitchen > Cleaning Supplies > Household Cleaning > Cleaning Tools > Brushes > Kitchen Brushes,US,16.99,4.76,1.36,5.36,0.15,2019.0,219.0,4.3,0.55,10000,1.0,20.0,50,25.0,20.0,20.0,75,35,65.0,B,"observed:price,sales,reviews,rating,fba_fee; estimated:search_volume,cpc",estimated_default_costs,Imported from Sorftime; ASIN B0FMJYTQLT; brand BONUMVITA
category:Kitchen Brushes,203313515011,Kitchen Brushes,Home & Kitchen > Cleaning Supplies > Household Cleaning > Cleaning Tools > Brushes > Kitchen Brushes,B0CGV35QD5,,"RIMAY Soap Dispensing Dish Brush Set with 2 Brush Refills and Holder | Dish Scrubber with Handle, Kitchen Dishwashing Brush Dish Wand for Dishes, Pans, Pots And Sink, Black",Home & Kitchen > Cleaning Supplies > Household Cleaning > Cleaning Tools > Brushes > Kitchen Brushes,US,12.99,3.64,1.04,4.47,0.15,1687.0,812.0,4.5,0.55,10000,1.0,20.0,50,25.0,20.0,20.0,75,35,65.0,B,"observed:price,sales,reviews,rating,fba_fee; estimated:search_volume,cpc",estimated_default_costs,Imported from Sorftime; ASIN B0CGV35QD5; brand RIMAY
category:Kitchen Brushes,203313515011,Kitchen Brushes,Home & Kitchen > Cleaning Supplies > Household Cleaning > Cleaning Tools > Brushes > Kitchen Brushes,B08133PFCB,,"ELDR Supply Bottle Brush, 14in Extra Long German Beechwood Handle, Strong Hemp Bristles, Zero Waste, Cleans and Scrubs Hard to Reach Wide Mouth Jars, Glasses, and Tumblers",Home & Kitchen > Cleaning Supplies > Household Cleaning > Cleaning Tools > Brushes > Kitchen Brushes,US,12.98,3.63,1.04,5.94,0.15,1586.0,1453.0,4.4,0.55,10000,1.0,20.0,50,25.0,20.0,20.0,75,35,65.0,B,"observed:price,sales,reviews,rating,fba_fee; estimated:search_volume,cpc",estimated_default_costs,Imported from Sorftime; ASIN B08133PFCB; brand ELDR Supply
category:Kitchen Brushes,203313515011,Kitchen Brushes,Home & Kitchen > Cleaning Supplies > Household Cleaning > Cleaning Tools > Brushes > Kitchen Brushes,B0FDXBHYMR,,"Earth & Mango Magnetic Dish Brush & Scraper, Snaps to Sink, Warm Sand Beige",Home & Kitchen > Cleaning Supplies > Household Cleaning > Cleaning Tools > Brushes > Kitchen Brushes,US,15.0,4.2,1.2,4.19,0.15,1196.0,145.0,4.6,0.55,10000,1.0,20.0,50,25.0,20.0,20.0,75,35,65.0,B,"observed:price,sales,reviews,rating,fba_fee; estimated:search_volume,cpc",estimated_default_costs,Imported from Sorftime; ASIN B0FDXBHYMR; brand Earth & Mango
category:Kitchen Brushes,203313515011,Kitchen Brushes,Home & Kitchen > Cleaning Supplies > Household Cleaning > Cleaning Tools > Brushes > Kitchen Brushes,B00CWDO2KM,,Küchenprofi 2-Pack Replacement Brush Refill for Classic Dish Washing Brush,Home & Kitchen > Cleaning Supplies > Household Cleaning > Cleaning Tools > Brushes > Kitchen Brushes,US,14.2,3.98,1.14,4.18,0.15,495.0,1124.0,4.6,0.55,10000,1.0,20.0,50,25.0,20.0,20.0,75,35,65.0,B,"observed:price,sales,reviews,rating,fba_fee; estimated:search_volume,cpc",estimated_default_costs,Imported from Sorftime; ASIN B00CWDO2KM; brand Küchenprofi
category:Toilet Brushes & Holders,85975011,Toilet Brushes & Holders,Home & Kitchen > Cleaning Supplies > Household Cleaning > Cleaning Tools > Brushes > Toilet Brushes & Holders,B0C8HTBHYM,,HAMITOR Toilet Bowl Brush Holder Set: Modern Brown Bathroom Accessories,Home & Kitchen > Cleaning Supplies > Household Cleaning > Cleaning Tools > Brushes > Toilet Brushes & Holders,US,14.99,4.2,1.2,7.21,0.15,4155.0,1653.0,4.4,0.55,10000,1.0,20.0,50,25.0,20.0,20.0,75,35,65.0,B,"observed:price,sales,reviews,rating,fba_fee; estimated:search_volume,cpc",estimated_default_costs,Imported from Sorftime; ASIN B0C8HTBHYM; brand HAMITOR
category:Toilet Brushes & Holders,85975011,Toilet Brushes & Holders,Home & Kitchen > Cleaning Supplies > Household Cleaning > Cleaning Tools > Brushes > Toilet Brushes & Holders,B0FHBB78FD,,"LFBEAR Disposable Toilet Cleaning System - Toilet Brush Kit with 36 High-Performance Refills, Wall Mounted Toilet Brush and Holder for Deep Cleaning Bathroom (Toilet Brush+18 Refills)",Home & Kitchen > Cleaning Supplies > Household Cleaning > Cleaning Tools > Brushes > Toilet Brushes & Holders,US,13.98,3.91,1.12,6.22,0.15,3151.0,673.0,4.5,0.55,10000,1.0,20.0,50,25.0,20.0,20.0,75,35,65.0,B,"observed:price,sales,reviews,rating,fba_fee; estimated:search_volume,cpc",estimated_default_costs,Imported from Sorftime; ASIN B0FHBB78FD; brand LFBEAR
category:Toilet Brushes & Holders,85975011,Toilet Brushes & Holders,Home & Kitchen > Cleaning Supplies > Household Cleaning > Cleaning Tools > Brushes > Toilet Brushes & Holders,B0FPVS8NGD,,"Disposable Toilet Bowl Brush with 36 Count Refills, Toilet Cleaning Stick,Toilet Bowl Cleaner Holder and Set, Toilet Cleaning System Starter Kit",Home & Kitchen > Cleaning Supplies > Household Cleaning > Cleaning Tools > Brushes > Toilet Brushes & Holders,US,24.99,7.0,2.0,6.78,0.15,2068.0,161.0,4.5,0.55,10000,1.0,20.0,50,25.0,20.0,20.0,75,35,65.0,B,"observed:price,sales,reviews,rating,fba_fee; estimated:search_volume,cpc",estimated_default_costs,Imported from Sorftime; ASIN B0FPVS8NGD; brand MNWHUC
category:Toilet Brushes & Holders,85975011,Toilet Brushes & Holders,Home & Kitchen > Cleaning Supplies > Household Cleaning > Cleaning Tools > Brushes > Toilet Brushes & Holders,B0BZ83FQ2Y,,"MR.SIGA Toilet Plunger and Brush with Holder for Toilet Cleaning, White | Heavy duty toilet brush and plunger set, plunger toilet brush combo",Home & Kitchen > Cleaning Supplies > Household Cleaning > Cleaning Tools > Brushes > Toilet Brushes & Holders,US,23.99,6.72,1.92,8.03,0.15,1898.0,1657.0,4.5,0.55,10000,1.0,20.0,50,25.0,20.0,20.0,75,35,65.0,B,"observed:price,sales,reviews,rating,fba_fee; estimated:search_volume,cpc",estimated_default_costs,Imported from Sorftime; ASIN B0BZ83FQ2Y; brand MR.SIGA
category:Toilet Brushes & Holders,85975011,Toilet Brushes & Holders,Home & Kitchen > Cleaning Supplies > Household Cleaning > Cleaning Tools > Brushes > Toilet Brushes & Holders,B07YFPMDWC,,"Stainless Steel Toilet Brush and Holder Set, Splash Guard (Brushed Gold)",Home & Kitchen > Cleaning Supplies > Household Cleaning > Cleaning Tools > Brushes > Toilet Brushes & Holders,US,28.88,8.09,2.31,6.51,0.15,1882.0,1045.0,4.6,0.55,10000,1.0,20.0,50,25.0,20.0,20.0,75,35,65.0,B,"observed:price,sales,reviews,rating,fba_fee; estimated:search_volume,cpc",estimated_default_costs,Imported from Sorftime; ASIN B07YFPMDWC; brand Novsix
category:Toilet Brushes & Holders,85975011,Toilet Brushes & Holders,Home & Kitchen > Cleaning Supplies > Household Cleaning > Cleaning Tools > Brushes > Toilet Brushes & Holders,B0DY9SNVYT,,"CiLoN Disposable Toilet Brush, Toilet Wand Cleaning System, Bowl Scrubber | Flip-Top Hands-Free Wall-Mounted Toilet Bowl Brush & Holder with 30 Disposable Cleaning-Fluid Scrubbing Pads for Hygienic Use",Home & Kitchen > Cleaning Supplies > Household Cleaning > Cleaning Tools > Brushes > Toilet Brushes & Holders,US,16.99,4.76,1.36,6.58,0.15,1749.0,437.0,4.4,0.55,10000,1.0,20.0,50,25.0,20.0,20.0,75,35,65.0,B,"observed:price,sales,reviews,rating,fba_fee; estimated:search_volume,cpc",estimated_default_costs,Imported from Sorftime; ASIN B0DY9SNVYT; brand CiLoN
category:Toilet Brushes & Holders,85975011,Toilet Brushes & Holders,Home & Kitchen > Cleaning Supplies > Household Cleaning > Cleaning Tools > Brushes > Toilet Brushes & Holders,B0GT8FVMZ4,,"LEGUO Disposable Toilet Brush System, Toilet Bowl Cleaning Wand with Lift-to-Open Refill Case, Blue Refill Heads and Freestanding Holder, 1 Wand and Holder Set with 35 Blue Refills",Home & Kitchen > Cleaning Supplies > Household Cleaning > Cleaning Tools > Brushes > Toilet Brushes & Holders,US,22.99,6.44,1.84,6.59,0.15,1679.0,148.0,4.3,0.55,10000,1.0,20.0,50,25.0,20.0,20.0,75,35,65.0,B,"observed:price,sales,reviews,rating,fba_fee; estimated:search_volume,cpc",estimated_default_costs,Imported from Sorftime; ASIN B0GT8FVMZ4; brand LEGUO
category:Toilet Brushes & Holders,85975011,Toilet Brushes & Holders,Home & Kitchen > Cleaning Supplies > Household Cleaning > Cleaning Tools > Brushes > Toilet Brushes & Holders,B0CTJWG98Y,,"BGL Standing Toilet Brush and Holder Brushed Gold Aluminium Toilet Bowl Cleaner Brush and Holder for Bathroom Storage and Organization, Square Design Sturdy and Space Saving",Home & Kitchen > Cleaning Supplies > Household Cleaning > Cleaning Tools > Brushes > Toilet Brushes & Holders,US,23.98,6.71,1.92,5.75,0.15,1639.0,1060.0,4.4,0.55,10000,1.0,20.0,50,25.0,20.0,20.0,75,35,65.0,B,"observed:price,sales,reviews,rating,fba_fee; estimated:search_volume,cpc",estimated_default_costs,Imported from Sorftime; ASIN B0CTJWG98Y; brand BGL
category:Toilet Brushes & Holders,85975011,Toilet Brushes & Holders,Home & Kitchen > Cleaning Supplies > Household Cleaning > Cleaning Tools > Brushes > Toilet Brushes & Holders,B0FGV9BBFH,,"Disposable Toilet Brush with 48 Refills,Toilet Cleaning Supplies,Toilet Wand Brush Starter Kit,Wall Mounted Toilet Bowl Cleaner Brush with Holder for Bathroom Deep Cleaning & Hygiene (White)",Home & Kitchen > Cleaning Supplies > Household Cleaning > Cleaning Tools > Brushes > Toilet Brushes & Holders,US,19.99,5.6,1.6,6.77,0.15,1637.0,629.0,4.5,0.55,10000,1.0,20.0,50,25.0,20.0,20.0,75,35,65.0,B,"observed:price,sales,reviews,rating,fba_fee; estimated:search_volume,cpc",estimated_default_costs,Imported from Sorftime; ASIN B0FGV9BBFH; brand clowand
category:Toilet Brushes & Holders,85975011,Toilet Brushes & Holders,Home & Kitchen > Cleaning Supplies > Household Cleaning > Cleaning Tools > Brushes > Toilet Brushes & Holders,B07DG2Y181,,"Libman Designer Bowl Brush and Caddy, Hygenic with Drying Slits, 2 Pack | Non-scratch toilet brush and holder set; hygienic caddy with drying slits.",Home & Kitchen > Cleaning Supplies > Household Cleaning > Cleaning Tools > Brushes > Toilet Brushes & Holders,US,13.9,3.89,1.11,8.21,0.15,1513.0,1474.0,4.6,0.55,10000,1.0,20.0,50,25.0,20.0,20.0,75,35,65.0,B,"observed:price,sales,reviews,rating,fba_fee; estimated:search_volume,cpc",estimated_default_costs,Imported from Sorftime; ASIN B07DG2Y181; brand LIBMAN COMMERCIAL
category:Toilet Brushes & Holders,85975011,Toilet Brushes & Holders,Home & Kitchen > Cleaning Supplies > Household Cleaning > Cleaning Tools > Brushes > Toilet Brushes & Holders,B0DPVHHQ6S,,"Stainless Steel Toilet Brush and Holder Set,Toilet Bowl Brush and Holder | Heavy Duty Silver Toilet Brush for Bathroom,Toilet Cleaner Brush,Deep Cleaning,Space Saving, Covered Brush(Stain Nickel)",Home & Kitchen > Cleaning Supplies > Household Cleaning > Cleaning Tools > Brushes > Toilet Brushes & Holders,US,23.99,6.72,1.92,6.58,0.15,1471.0,394.0,4.4,0.55,10000,1.0,20.0,50,25.0,20.0,20.0,75,35,65.0,B,"observed:price,sales,reviews,rating,fba_fee; estimated:search_volume,cpc",estimated_default_costs,Imported from Sorftime; ASIN B0DPVHHQ6S; brand Hioflyme
category:Toilet Brushes & Holders,85975011,Toilet Brushes & Holders,Home & Kitchen > Cleaning Supplies > Household Cleaning > Cleaning Tools > Brushes > Toilet Brushes & Holders,B0861MCFNS,,"Toilet Brush and Holder, Toilet Brush 304 Stainless Steel, Toilet Bowl Brush for Bathroom Toilet-Ergonomic, Elegant,Durable",Home & Kitchen > Cleaning Supplies > Household Cleaning > Cleaning Tools > Brushes > Toilet Brushes & Holders,US,19.99,5.6,1.6,5.77,0.15,1430.0,1795.0,4.5,0.55,10000,1.0,20.0,50,25.0,20.0,20.0,75,35,65.0,B,"observed:price,sales,reviews,rating,fba_fee; estimated:search_volume,cpc",estimated_default_costs,Imported from Sorftime; ASIN B0861MCFNS; brand Wsedor
category:Toilet Brushes & Holders,85975011,Toilet Brushes & Holders,Home & Kitchen > Cleaning Supplies > Household Cleaning > Cleaning Tools > Brushes > Toilet Brushes & Holders,B0CRYHFGXM,,BVL Toilet Brush and Hoder Set Brushed Gold Freestanding for Bathroom,Home & Kitchen > Cleaning Supplies > Household Cleaning > Cleaning Tools > Brushes > Toilet Brushes & Holders,US,23.99,6.72,1.92,5.91,0.15,1299.0,687.0,4.5,0.55,10000,1.0,20.0,50,25.0,20.0,20.0,75,35,65.0,B,"observed:price,sales,reviews,rating,fba_fee; estimated:search_volume,cpc",estimated_default_costs,Imported from Sorftime; ASIN B0CRYHFGXM; brand BVL
category:Toilet Brushes & Holders,85975011,Toilet Brushes & Holders,Home & Kitchen > Cleaning Supplies > Household Cleaning > Cleaning Tools > Brushes > Toilet Brushes & Holders,B0GHCMZ92D,,"Disposable Toilet Brush and Holder Set, with 30 PCS Brush Head for Clorox. | Compatible with Clorox Toilet Cleaning System ,Upgrade Fiber",Home & Kitchen > Cleaning Supplies > Household Cleaning > Cleaning Tools > Brushes > Toilet Brushes & Holders,US,23.74,6.65,1.9,6.38,0.15,1290.0,128.0,4.4,0.55,10000,1.0,20.0,50,25.0,20.0,20.0,75,35,65.0,B,"observed:price,sales,reviews,rating,fba_fee; estimated:search_volume,cpc",estimated_default_costs,Imported from Sorftime; ASIN B0GHCMZ92D; brand Choneight
category:Toilet Brushes & Holders,85975011,Toilet Brushes & Holders,Home & Kitchen > Cleaning Supplies > Household Cleaning > Cleaning Tools > Brushes > Toilet Brushes & Holders,B0G3X55H54,,"JUDRDO Disposable Toilet Brush, Toilet Bowl Cleaning Kit, Toilet Bowl Brush | 36 Refills for Deep Toilet Cleaning,Toilet Brush and Holder Set for Hygienic Bathroom Maintenance",Home & Kitchen > Cleaning Supplies > Household Cleaning > Cleaning Tools > Brushes > Toilet Brushes & Holders,US,21.99,6.16,1.76,6.77,0.15,1244.0,207.0,4.4,0.55,10000,1.0,20.0,50,25.0,20.0,20.0,75,35,65.0,B,"observed:price,sales,reviews,rating,fba_fee; estimated:search_volume,cpc",estimated_default_costs,Imported from Sorftime; ASIN B0G3X55H54; brand JUDRDO
category:Toilet Brushes & Holders,85975011,Toilet Brushes & Holders,Home & Kitchen > Cleaning Supplies > Household Cleaning > Cleaning Tools > Brushes > Toilet Brushes & Holders,B0G7ZH4JRW,,"FORASTO 3IN1 Toilet Brush and Plunger Set with Holder Compact Cleaning Kit | White, Long Grip, Suction Cup, Firm Bristles, Crevice Cleaner, Bathroom Essentials For Apartment, Daily Supplies",Home & Kitchen > Cleaning Supplies > Household Cleaning > Cleaning Tools > Brushes > Toilet Brushes & Holders,US,12.99,3.64,1.04,5.95,0.15,1240.0,206.0,4.4,0.55,10000,1.0,20.0,50,25.0,20.0,20.0,75,35,65.0,B,"observed:price,sales,reviews,rating,fba_fee; estimated:search_volume,cpc",estimated_default_costs,Imported from Sorftime; ASIN B0G7ZH4JRW; brand FORASTO
category:Toilet Brushes & Holders,85975011,Toilet Brushes & Holders,Home & Kitchen > Cleaning Supplies > Household Cleaning > Cleaning Tools > Brushes > Toilet Brushes & Holders,B0GSZBZDRN,,"LEGUO Wall Mounted Disposable Toilet Brush System with Holder, Toilet Bowl Cleaning Wand with Green Refills and One-Button Release, 1 Wand and Holder with 24 Green Refills",Home & Kitchen > Cleaning Supplies > Household Cleaning > Cleaning Tools > Brushes > Toilet Brushes & Holders,US,15.99,4.48,1.28,6.21,0.15,1239.0,144.0,4.5,0.55,10000,1.0,20.0,50,25.0,20.0,20.0,75,35,65.0,B,"observed:price,sales,reviews,rating,fba_fee; estimated:search_volume,cpc",estimated_default_costs,Imported from Sorftime; ASIN B0GSZBZDRN; brand LEGUO
category:Toilet Brushes & Holders,85975011,Toilet Brushes & Holders,Home & Kitchen > Cleaning Supplies > Household Cleaning > Cleaning Tools > Brushes > Toilet Brushes & Holders,B0CFVGPRHS,,"Toilet Bowl Brush and Holder, OSCIOSS Toilet Brush Set with Ergonomic Design, Compact Size, Durable Bristles, RV Toilet Brushes & Holders for Dead Corner Clean (White, 1pack)",Home & Kitchen > Cleaning Supplies > Household Cleaning > Cleaning Tools > Brushes > Toilet Brushes & Holders,US,16.99,4.76,1.36,5.76,0.15,1220.0,1448.0,4.5,0.55,10000,1.0,20.0,50,25.0,20.0,20.0,75,35,65.0,B,"observed:price,sales,reviews,rating,fba_fee; estimated:search_volume,cpc",estimated_default_costs,Imported from Sorftime; ASIN B0CFVGPRHS; brand OSCIOSS
category:Toilet Brushes & Holders,85975011,Toilet Brushes & Holders,Home & Kitchen > Cleaning Supplies > Household Cleaning > Cleaning Tools > Brushes > Toilet Brushes & Holders,B0D7ZYWQ89,,"HAMITOR Toilet Plunger Brush Set: Curved Bristles Design for Deep Cleaning | Deep Cleaning Under Rim, Heavy Duty Rubber for Unclog- Compact Bathroom Cleaning Tools for New Homet Essentials - White",Home & Kitchen > Cleaning Supplies > Household Cleaning > Cleaning Tools > Brushes > Toilet Brushes & Holders,US,26.99,7.56,2.16,6.78,0.15,1213.0,1286.0,4.4,0.55,10000,1.0,20.0,50,25.0,20.0,20.0,75,35,65.0,B,"observed:price,sales,reviews,rating,fba_fee; estimated:search_volume,cpc",estimated_default_costs,Imported from Sorftime; ASIN B0D7ZYWQ89; brand HAMITOR
category:Toilet Brushes & Holders,85975011,Toilet Brushes & Holders,Home & Kitchen > Cleaning Supplies > Household Cleaning > Cleaning Tools > Brushes > Toilet Brushes & Holders,B0BLZKM1MV,,"LOLA Classic Toilet Brush, Durable Fiber Stiff Bristles, Non-Scratch - 2 PK",Home & Kitchen > Cleaning Supplies > Household Cleaning > Cleaning Tools > Brushes > Toilet Brushes & Holders,US,17.88,5.01,1.43,5.94,0.15,1164.0,276.0,4.6,0.55,10000,1.0,20.0,50,25.0,20.0,20.0,75,35,65.0,B,"observed:price,sales,reviews,rating,fba_fee; estimated:search_volume,cpc",estimated_default_costs,Imported from Sorftime; ASIN B0BLZKM1MV; brand LOLA
category:Toilet Brushes & Holders,85975011,Toilet Brushes & Holders,Home & Kitchen > Cleaning Supplies > Household Cleaning > Cleaning Tools > Brushes > Toilet Brushes & Holders,B08257N9H4,,"Toilet Brush and Holder, 2 Pack Toilet Brush Stainless Steel, Toilet Bowl Brush for Bathroom Toilet-Ergonomic, Elegant,Durable (Silver)",Home & Kitchen > Cleaning Supplies > Household Cleaning > Cleaning Tools > Brushes > Toilet Brushes & Holders,US,26.99,7.56,2.16,9.27,0.15,1155.0,2346.0,4.5,0.55,10000,1.0,20.0,50,25.0,20.0,20.0,75,35,65.0,B,"observed:price,sales,reviews,rating,fba_fee; estimated:search_volume,cpc",estimated_default_costs,Imported from Sorftime; ASIN B08257N9H4; brand Wsedor
category:Toilet Brushes & Holders,85975011,Toilet Brushes & Holders,Home & Kitchen > Cleaning Supplies > Household Cleaning > Cleaning Tools > Brushes > Toilet Brushes & Holders,B0CPXMRPSZ,,"48 Count Disposable Toilet Brush Heads, Toilet Bowl Wand Refills for Toilet and Bathroom Cleaning, Not Suitable for Electric Toilet Brushes",Home & Kitchen > Cleaning Supplies > Household Cleaning > Cleaning Tools > Brushes > Toilet Brushes & Holders,US,20.0,5.6,1.6,5.94,0.15,1152.0,164.0,4.6,0.55,10000,1.0,20.0,50,25.0,20.0,20.0,75,35,65.0,B,"observed:price,sales,reviews,rating,fba_fee; estimated:search_volume,cpc",estimated_default_costs,Imported from Sorftime; ASIN B0CPXMRPSZ; brand AIR U+
category:Toilet Brushes & Holders,85975011,Toilet Brushes & Holders,Home & Kitchen > Cleaning Supplies > Household Cleaning > Cleaning Tools > Brushes > Toilet Brushes & Holders,B08T1FVT7M,,"BGL Stainless Steel Toilet Brush with Holder, 2 Black Bristle Heads | Splash-proof design protects hands. Two replaceable heads extend lifespan. 360° bristles deep-clean. Compact holder for tight",Home & Kitchen > Cleaning Supplies > Household Cleaning > Cleaning Tools > Brushes > Toilet Brushes & Holders,US,29.69,8.31,2.38,6.17,0.15,1033.0,582.0,4.2,0.55,10000,1.0,20.0,50,25.0,20.0,20.0,75,35,65.0,B,"observed:price,sales,reviews,rating,fba_fee; estimated:search_volume,cpc",estimated_default_costs,Imported from Sorftime; ASIN B08T1FVT7M; brand BGL
category:Toilet Brushes & Holders,85975011,Toilet Brushes & Holders,Home & Kitchen > Cleaning Supplies > Household Cleaning > Cleaning Tools > Brushes > Toilet Brushes & Holders,B0FGXMSQ1F,,Toilet Brush Holder Set Toilet Bowl Brush Stainless Steel Automatic Open lid Toilet Bowl Cleaner Brush with Durable Bristle Head Toilet Cleaning Brush for Bathroom,Home & Kitchen > Cleaning Supplies > Household Cleaning > Cleaning Tools > Brushes > Toilet Brushes & Holders,US,13.49,3.78,1.08,5.36,0.15,970.0,121.0,4.4,0.55,10000,1.0,20.0,50,25.0,20.0,20.0,75,35,65.0,B,"observed:price,sales,reviews,rating,fba_fee; estimated:search_volume,cpc",estimated_default_costs,Imported from Sorftime; ASIN B0FGXMSQ1F; brand Sineng
category:Toilet Brushes & Holders,85975011,Toilet Brushes & Holders,Home & Kitchen > Cleaning Supplies > Household Cleaning > Cleaning Tools > Brushes > Toilet Brushes & Holders,B08GL4ZSYX,,"Blue Donuts Toilet Brush and Plunger Set with Holder, Modern Black Bathroom Accessories Toilet Plunger and Toilet Bowl Brush Combo",Home & Kitchen > Cleaning Supplies > Household Cleaning > Cleaning Tools > Brushes > Toilet Brushes & Holders,US,39.99,11.2,3.2,9.84,0.15,942.0,2305.0,3.6,0.55,10000,1.0,20.0,50,25.0,20.0,20.0,75,35,65.0,B,"observed:price,sales,reviews,rating,fba_fee; estimated:search_volume,cpc",estimated_default_costs,Imported from Sorftime; ASIN B08GL4ZSYX; brand Blue Donuts
category:Toilet Brushes & Holders,85975011,Toilet Brushes & Holders,Home & Kitchen > Cleaning Supplies > Household Cleaning > Cleaning Tools > Brushes > Toilet Brushes & Holders,B0CBWVC6J7,,"SUBEKYU Toilet Brush, Toilet Bowl Brush and Holder Set, Bathroom Toilet Bowl Cleaner Scrub Brush Set Scrubber for Deep Cleaning, White",Home & Kitchen > Cleaning Supplies > Household Cleaning > Cleaning Tools > Brushes > Toilet Brushes & Holders,US,12.99,3.64,1.04,5.36,0.15,916.0,473.0,4.2,0.55,10000,1.0,20.0,50,25.0,20.0,20.0,75,35,65.0,B,"observed:price,sales,reviews,rating,fba_fee; estimated:search_volume,cpc",estimated_default_costs,Imported from Sorftime; ASIN B0CBWVC6J7; brand SUBEKYU
category:Toilet Brushes & Holders,85975011,Toilet Brushes & Holders,Home & Kitchen > Cleaning Supplies > Household Cleaning > Cleaning Tools > Brushes > Toilet Brushes & Holders,B0CSZBBQ3X,,"Deep & Sturdy Toilet Bowl Brush with Holder - Durable Scrubbing - Toilet Cleaners - Household Essentials - Silicone Brush - Bathroom Cleaner - Cleaning Supplies - Household Supplies, Matte Black",Home & Kitchen > Cleaning Supplies > Household Cleaning > Cleaning Tools > Brushes > Toilet Brushes & Holders,US,16.99,4.76,1.36,6.77,0.15,853.0,814.0,4.4,0.55,10000,1.0,20.0,50,25.0,20.0,20.0,75,35,65.0,B,"observed:price,sales,reviews,rating,fba_fee; estimated:search_volume,cpc",estimated_default_costs,Imported from Sorftime; ASIN B0CSZBBQ3X; brand Zahari Home
category:Toilet Brushes & Holders,85975011,Toilet Brushes & Holders,Home & Kitchen > Cleaning Supplies > Household Cleaning > Cleaning Tools > Brushes > Toilet Brushes & Holders,B0H4ZFDB91,,2-in-1 Toilet Bowl Brush and Plunger Set with Caddy – Gold | All-in-one toilet bowl brush and plunger combo with a compact plastic caddy & steel handles in gold,Home & Kitchen > Cleaning Supplies > Household Cleaning > Cleaning Tools > Brushes > Toilet Brushes & Holders,US,24.99,7.0,2.0,7.93,0.15,849.0,46.0,4.0,0.55,10000,1.0,20.0,50,25.0,20.0,20.0,75,35,65.0,B,"observed:price,sales,reviews,rating,fba_fee; estimated:search_volume,cpc",estimated_default_costs,Imported from Sorftime; ASIN B0H4ZFDB91; brand SAVEGA
category:Toilet Brushes & Holders,85975011,Toilet Brushes & Holders,Home & Kitchen > Cleaning Supplies > Household Cleaning > Cleaning Tools > Brushes > Toilet Brushes & Holders,B0GRB9MWV9,,HAMITOR Toilet Brush and Holder Set：Stainless Steel Deep Clean Bathroom | Wall-Mounted Cleaner Brush with Curved Bristle for Home Apartment Bathroom Accessories Silver 1 Pack,Home & Kitchen > Cleaning Supplies > Household Cleaning > Cleaning Tools > Brushes > Toilet Brushes & Holders,US,15.98,4.47,1.28,5.77,0.15,793.0,197.0,4.5,0.55,10000,1.0,20.0,50,25.0,20.0,20.0,75,35,65.0,B,"observed:price,sales,reviews,rating,fba_fee; estimated:search_volume,cpc",estimated_default_costs,Imported from Sorftime; ASIN B0GRB9MWV9; brand HAMITOR
category:Toilet Brushes & Holders,85975011,Toilet Brushes & Holders,Home & Kitchen > Cleaning Supplies > Household Cleaning > Cleaning Tools > Brushes > Toilet Brushes & Holders,B0FYNPF764,,"Disposable Toilet Brush & Holder Set with 50 Toilet Bowl Refills for Clorox | Wall Mounted Disposable Toilet Bowl Kit, for Bathroom, Sink & Bathtub, Touchless Toilet Cleaning System",Home & Kitchen > Cleaning Supplies > Household Cleaning > Cleaning Tools > Brushes > Toilet Brushes & Holders,US,26.99,7.56,2.16,7.83,0.15,695.0,126.0,4.4,0.55,10000,1.0,20.0,50,25.0,20.0,20.0,75,35,65.0,B,"observed:price,sales,reviews,rating,fba_fee; estimated:search_volume,cpc",estimated_default_costs,Imported from Sorftime; ASIN B0FYNPF764; brand Liminfeit
category:Toilet Brushes & Holders,85975011,Toilet Brushes & Holders,Home & Kitchen > Cleaning Supplies > Household Cleaning > Cleaning Tools > Brushes > Toilet Brushes & Holders,B0GGHDPZ9Y,,"Bronze Toilet Brush and Holder Set，Stainless Steel Heavy Duty Toilet Bowl Brush，Extra Long Handled Modern Toilet Cleaner Brush with Replaceable Head, Removable Inner Bowl, and Splash Protection",Home & Kitchen > Cleaning Supplies > Household Cleaning > Cleaning Tools > Brushes > Toilet Brushes & Holders,US,32.99,9.24,2.64,6.7,0.15,616.0,53.0,4.6,0.55,10000,1.0,20.0,50,25.0,20.0,20.0,75,35,65.0,B,"observed:price,sales,reviews,rating,fba_fee; estimated:search_volume,cpc",estimated_default_costs,Imported from Sorftime; ASIN B0GGHDPZ9Y; brand Pucscsrg
category:Toilet Brushes & Holders,85975011,Toilet Brushes & Holders,Home & Kitchen > Cleaning Supplies > Household Cleaning > Cleaning Tools > Brushes > Toilet Brushes & Holders,B0DSVLV7YX,,"Stain Nickel Toilet Brush and Holder，Extra Long Handled Toilet Brush for Bathroom，Stainless Steel Heavy Duty Toilet Bowl Brush,Deep Cleaning Modern Toilet Cleaner Brush -Space Saving, Covered Brush",Home & Kitchen > Cleaning Supplies > Household Cleaning > Cleaning Tools > Brushes > Toilet Brushes & Holders,US,23.99,6.72,1.92,6.37,0.15,554.0,340.0,4.4,0.55,10000,1.0,20.0,50,25.0,20.0,20.0,75,35,65.0,B,"observed:price,sales,reviews,rating,fba_fee; estimated:search_volume,cpc",estimated_default_costs,Imported from Sorftime; ASIN B0DSVLV7YX; brand UNCONSIL
category:Toilet Brushes & Holders,85975011,Toilet Brushes & Holders,Home & Kitchen > Cleaning Supplies > Household Cleaning > Cleaning Tools > Brushes > Toilet Brushes & Holders,B07GK8WR3V,,"OXO Good Grips Toilet Brush | Canister Stores Brush, Tapered Bristles for Thorough Cleaning, Ideal for Bathroom Cleaning",Home & Kitchen > Cleaning Supplies > Household Cleaning > Cleaning Tools > Brushes > Toilet Brushes & Holders,US,28.36,7.94,2.27,11.95,0.15,551.0,2105.0,4.6,0.55,10000,1.0,20.0,50,25.0,20.0,20.0,75,35,65.0,B,"observed:price,sales,reviews,rating,fba_fee; estimated:search_volume,cpc",estimated_default_costs,Imported from Sorftime; ASIN B07GK8WR3V; brand OXO
category:Toilet Brushes & Holders,85975011,Toilet Brushes & Holders,Home & Kitchen > Cleaning Supplies > Household Cleaning > Cleaning Tools > Brushes > Toilet Brushes & Holders,B0DMVV6QCG,,"Holaloha Toilet Brush and Holder Set, Space Saving, 4 Pack, White | Bathroom Accessories, Ergonomic Silicone Handle, Dense Bristles, Deep Cleaning, with 4 Crevice Brushes, Compact Design",Home & Kitchen > Cleaning Supplies > Household Cleaning > Cleaning Tools > Brushes > Toilet Brushes & Holders,US,17.99,5.04,1.44,6.6,0.15,513.0,275.0,4.5,0.55,10000,1.0,20.0,50,25.0,20.0,20.0,75,35,65.0,B,"observed:price,sales,reviews,rating,fba_fee; estimated:search_volume,cpc",estimated_default_costs,Imported from Sorftime; ASIN B0DMVV6QCG; brand Holaloha
category:Toilet Brushes & Holders,85975011,Toilet Brushes & Holders,Home & Kitchen > Cleaning Supplies > Household Cleaning > Cleaning Tools > Brushes > Toilet Brushes & Holders,B0H36C2YQ3,,"Holaloha Toilet Bowl Brush for Replacement, 5 Pack, White | Bathroom Accessories, Ergonomic Silicone Handle, Dense Bristles, Deep Cleaning, Scrubber, with 5 Groove Gap Brushes",Home & Kitchen > Cleaning Supplies > Household Cleaning > Cleaning Tools > Brushes > Toilet Brushes & Holders,US,12.99,3.64,1.04,5.94,0.15,507.0,24.0,4.6,0.55,10000,1.0,20.0,50,25.0,20.0,20.0,75,35,65.0,B,"observed:price,sales,reviews,rating,fba_fee; estimated:search_volume,cpc",estimated_default_costs,Imported from Sorftime; ASIN B0H36C2YQ3; brand Holaloha
category:Toilet Brushes & Holders,85975011,Toilet Brushes & Holders,Home & Kitchen > Cleaning Supplies > Household Cleaning > Cleaning Tools > Brushes > Toilet Brushes & Holders,B0FLJKXCRR,,"Sellemer Toilet Brush and Plunger Set, Curved Head Deep Clean, White 2 Pack",Home & Kitchen > Cleaning Supplies > Household Cleaning > Cleaning Tools > Brushes > Toilet Brushes & Holders,US,24.54,6.87,1.96,7.22,0.15,504.0,318.0,4.0,0.55,10000,1.0,20.0,50,25.0,20.0,20.0,75,35,65.0,B,"observed:price,sales,reviews,rating,fba_fee; estimated:search_volume,cpc",estimated_default_costs,Imported from Sorftime; ASIN B0FLJKXCRR; brand Sellemer
category:Toilet Brushes & Holders,85975011,Toilet Brushes & Holders,Home & Kitchen > Cleaning Supplies > Household Cleaning > Cleaning Tools > Brushes > Toilet Brushes & Holders,B0GX547N1D,,"Holaloha Toilet Brush and Holder Set, Compact Design, 4 Pack, White",Home & Kitchen > Cleaning Supplies > Household Cleaning > Cleaning Tools > Brushes > Toilet Brushes & Holders,US,13.99,3.92,1.12,6.21,0.15,465.0,32.0,4.6,0.55,10000,1.0,20.0,50,25.0,20.0,20.0,75,35,65.0,B,"observed:price,sales,reviews,rating,fba_fee; estimated:search_volume,cpc",estimated_default_costs,Imported from Sorftime; ASIN B0GX547N1D; brand Holaloha
category:Toilet Brushes & Holders,85975011,Toilet Brushes & Holders,Home & Kitchen > Cleaning Supplies > Household Cleaning > Cleaning Tools > Brushes > Toilet Brushes & Holders,B0H11J2NZ5,,"FORASTO 3in1 Stainless Steel Toilet Plunger and Brush Set - Bathroom Tools | 21“ Extended, Gap Brush Combo, Restroom Decor Accessories, Apartment Must Haves, Home Essentials for New Home",Home & Kitchen > Cleaning Supplies > Household Cleaning > Cleaning Tools > Brushes > Toilet Brushes & Holders,US,19.99,5.6,1.6,5.95,0.15,464.0,61.0,4.2,0.55,10000,1.0,20.0,50,25.0,20.0,20.0,75,35,65.0,B,"observed:price,sales,reviews,rating,fba_fee; estimated:search_volume,cpc",estimated_default_costs,Imported from Sorftime; ASIN B0H11J2NZ5; brand FORASTO
category:Feather Dusters,2245498011,Feather Dusters,Home & Kitchen > Cleaning Supplies > Household Cleaning > Cleaning Tools > Dusting > Feather Dusters,B0DFGRZC2V,,AIR U+ 6ft Extendable Duster with 20 Refills for Swiffer Dusters,Home & Kitchen > Cleaning Supplies > Household Cleaning > Cleaning Tools > Dusting > Feather Dusters,US,23.99,6.72,1.92,5.2,0.15,4542.0,1093.0,4.1,0.55,10000,1.0,20.0,50,25.0,20.0,20.0,75,35,65.0,B,"observed:price,sales,reviews,rating,fba_fee; estimated:search_volume,cpc",estimated_default_costs,Imported from Sorftime; ASIN B0DFGRZC2V; brand AIR U+
category:Feather Dusters,2245498011,Feather Dusters,Home & Kitchen > Cleaning Supplies > Household Cleaning > Cleaning Tools > Dusting > Feather Dusters,B0BGR1DQF8,,"Hicavar 20 Foot High Ceiling Fan, Cobweb Duster with 5-12ft Extension Pole | Extendable, Reusable Feather, Window Cleaning Squeegee Kit",Home & Kitchen > Cleaning Supplies > Household Cleaning > Cleaning Tools > Dusting > Feather Dusters,US,45.99,12.88,3.68,12.8,0.15,1629.0,1007.0,4.5,0.55,10000,1.0,20.0,50,25.0,20.0,20.0,75,35,65.0,B,"observed:price,sales,reviews,rating,fba_fee; estimated:search_volume,cpc",estimated_default_costs,Imported from Sorftime; ASIN B0BGR1DQF8; brand Hicavar
category:Feather Dusters,2245498011,Feather Dusters,Home & Kitchen > Cleaning Supplies > Household Cleaning > Cleaning Tools > Dusting > Feather Dusters,B0DZ22TD18,,12 PCS Microfiber Reusable Duster Refills for Swiffer Duster,Home & Kitchen > Cleaning Supplies > Household Cleaning > Cleaning Tools > Dusting > Feather Dusters,US,17.09,4.79,1.37,5.36,0.15,1570.0,283.0,4.4,0.55,10000,1.0,20.0,50,25.0,20.0,20.0,75,35,65.0,B,"observed:price,sales,reviews,rating,fba_fee; estimated:search_volume,cpc",estimated_default_costs,Imported from Sorftime; ASIN B0DZ22TD18; brand Nicemiya
category:Feather Dusters,2245498011,Feather Dusters,Home & Kitchen > Cleaning Supplies > Household Cleaning > Cleaning Tools > Dusting > Feather Dusters,B0DYNKW8FJ,,"REKOPI Heavy Duty Duster Refills Compatible with Swiffer Duster, 20 Count | 3 ft Extension Pole, 4X Microfibers Multisurface Dusters, For Cleaning Home, Celling Fan, Blinds, Vent & Shelves",Home & Kitchen > Cleaning Supplies > Household Cleaning > Cleaning Tools > Dusting > Feather Dusters,US,16.99,4.76,1.36,5.93,0.15,1567.0,1024.0,4.3,0.55,10000,1.0,20.0,50,25.0,20.0,20.0,75,35,65.0,B,"observed:price,sales,reviews,rating,fba_fee; estimated:search_volume,cpc",estimated_default_costs,Imported from Sorftime; ASIN B0DYNKW8FJ; brand REKOPI
category:Feather Dusters,2245498011,Feather Dusters,Home & Kitchen > Cleaning Supplies > Household Cleaning > Cleaning Tools > Dusting > Feather Dusters,B01G5WNQ70,,"Unger Cobweb & Corner Duster – Dusters for Cleaning, Compatible with Telescopic Poles, Dusting Tools, Great for Ceilings, Moldings, HVAC & Floor Vents, and Corners, White/Black",Home & Kitchen > Cleaning Supplies > Household Cleaning > Cleaning Tools > Dusting > Feather Dusters,US,12.97,3.63,1.04,7.21,0.15,1419.0,1597.0,4.5,0.55,10000,1.0,20.0,50,25.0,20.0,20.0,75,35,65.0,B,"observed:price,sales,reviews,rating,fba_fee; estimated:search_volume,cpc",estimated_default_costs,Imported from Sorftime; ASIN B01G5WNQ70; brand UNGER
category:Feather Dusters,2245498011,Feather Dusters,Home & Kitchen > Cleaning Supplies > Household Cleaning > Cleaning Tools > Dusting > Feather Dusters,B09FXLBGV2,,"20 Foot High Ceiling Duster Kits with 5-12ft Heavy Duty Extension Pole | High Reach Duster for Cleaning,Microfiber Feather Duster,Cobweb Duster,Ceiling Fan Duster,Window Squeegee & Cleaner",Home & Kitchen > Cleaning Supplies > Household Cleaning > Cleaning Tools > Dusting > Feather Dusters,US,61.99,17.36,4.96,13.22,0.15,1412.0,1545.0,4.6,0.55,10000,1.0,20.0,50,25.0,20.0,20.0,75,35,65.0,B,"observed:price,sales,reviews,rating,fba_fee; estimated:search_volume,cpc",estimated_default_costs,Imported from Sorftime; ASIN B09FXLBGV2; brand Opow
category:Feather Dusters,2245498011,Feather Dusters,Home & Kitchen > Cleaning Supplies > Household Cleaning > Cleaning Tools > Dusting > Feather Dusters,B0G34LYYWP,,"80 Count Duster Refills Compatible with Swiffer Duster, 180° Disposable Multi-Surface Microfiber Cleaning Dusters, Unscented",Home & Kitchen > Cleaning Supplies > Household Cleaning > Cleaning Tools > Dusting > Feather Dusters,US,26.99,7.56,2.16,8.6,0.15,1376.0,89.0,4.4,0.55,10000,1.0,20.0,50,25.0,20.0,20.0,75,35,65.0,B,"observed:price,sales,reviews,rating,fba_fee; estimated:search_volume,cpc",estimated_default_costs,Imported from Sorftime; ASIN B0G34LYYWP; brand Swilsweep
category:Feather Dusters,2245498011,Feather Dusters,Home & Kitchen > Cleaning Supplies > Household Cleaning > Cleaning Tools > Dusting > Feather Dusters,B0D2J2GTMK,,"Diatomaceous Earth Powder Duster, 8OZ Garden Powder Applicator Dispenser with Long Metal Tube, Bulb Duster Sprayer for Home Organic Gardening Agricultural Supply (Black,1 Pack)",Home & Kitchen > Cleaning Supplies > Household Cleaning > Cleaning Tools > Dusting > Feather Dusters,US,16.99,4.76,1.36,4.48,0.15,1151.0,728.0,4.5,0.55,10000,1.0,20.0,50,25.0,20.0,20.0,75,35,65.0,B,"observed:price,sales,reviews,rating,fba_fee; estimated:search_volume,cpc",estimated_default_costs,Imported from Sorftime; ASIN B0D2J2GTMK; brand Qualirey
category:Feather Dusters,2245498011,Feather Dusters,Home & Kitchen > Cleaning Supplies > Household Cleaning > Cleaning Tools > Dusting > Feather Dusters,B0FXSK2YFQ,,"6 ft Extendable Duster Handle with 20 Pcs, 360° Heavy Duty Duster Refills Kit for Swiffer, 4X Electrostatic Microfiber for Cleaning Home, Effortlessly Reach Ceilings, Fans & Hard-to-Reach Areas",Home & Kitchen > Cleaning Supplies > Household Cleaning > Cleaning Tools > Dusting > Feather Dusters,US,20.39,5.71,1.63,6.21,0.15,1024.0,358.0,4.3,0.55,10000,1.0,20.0,50,25.0,20.0,20.0,75,35,65.0,B,"observed:price,sales,reviews,rating,fba_fee; estimated:search_volume,cpc",estimated_default_costs,Imported from Sorftime; ASIN B0FXSK2YFQ; brand GTSSGTR
category:Feather Dusters,2245498011,Feather Dusters,Home & Kitchen > Cleaning Supplies > Household Cleaning > Cleaning Tools > Dusting > Feather Dusters,B0CWSDT82B,,Bona High Performance Dusting System with Extendable Handle,Home & Kitchen > Cleaning Supplies > Household Cleaning > Cleaning Tools > Dusting > Feather Dusters,US,16.97,4.75,1.36,5.36,0.15,916.0,752.0,4.4,0.55,10000,1.0,20.0,50,25.0,20.0,20.0,75,35,65.0,B,"observed:price,sales,reviews,rating,fba_fee; estimated:search_volume,cpc",estimated_default_costs,Imported from Sorftime; ASIN B0CWSDT82B; brand Bona
category:Feather Dusters,2245498011,Feather Dusters,Home & Kitchen > Cleaning Supplies > Household Cleaning > Cleaning Tools > Dusting > Feather Dusters,B0G4CSFKHD,,"80 Count Duster Refills with 1 Short Handle & 3 ft Extendable Handle, Compatible with Swiffer Duster, 180° Disposable Microfiber Cleaning Dusters, Unscented",Home & Kitchen > Cleaning Supplies > Household Cleaning > Cleaning Tools > Dusting > Feather Dusters,US,29.99,8.4,2.4,8.11,0.15,850.0,97.0,4.1,0.55,10000,1.0,20.0,50,25.0,20.0,20.0,75,35,65.0,B,"observed:price,sales,reviews,rating,fba_fee; estimated:search_volume,cpc",estimated_default_costs,Imported from Sorftime; ASIN B0G4CSFKHD; brand Swilsweep
category:Feather Dusters,2245498011,Feather Dusters,Home & Kitchen > Cleaning Supplies > Household Cleaning > Cleaning Tools > Dusting > Feather Dusters,B0C89V894L,,"Baseboard Cleaner Tool with Handle, DELUX Baseboard Cleaner with Extendable Long Handle, 4 Reusable Cleaning Pads Wall Cleaner for Baseboards Cleaning, Ceiling, Wall, Floor, Shower Bathroom Kitchen",Home & Kitchen > Cleaning Supplies > Household Cleaning > Cleaning Tools > Dusting > Feather Dusters,US,19.99,5.6,1.6,6.21,0.15,844.0,1077.0,4.2,0.55,10000,1.0,20.0,50,25.0,20.0,20.0,75,35,65.0,B,"observed:price,sales,reviews,rating,fba_fee; estimated:search_volume,cpc",estimated_default_costs,Imported from Sorftime; ASIN B0C89V894L; brand DELUX
category:Feather Dusters,2245498011,Feather Dusters,Home & Kitchen > Cleaning Supplies > Household Cleaning > Cleaning Tools > Dusting > Feather Dusters,B0D6VHXRB7,,"Zavrski Ceiling Fan Cleaner Duster with 6 Ft/72‘‘ Extension Pole High Ceiling Fan Blade Cleaning Tool Microfiber Duster Reusable Pads for Cleaning Ceiling Fan, Baseboard, Blind, Cobweb, Molding",Home & Kitchen > Cleaning Supplies > Household Cleaning > Cleaning Tools > Dusting > Feather Dusters,US,22.98,6.43,1.84,7.2,0.15,763.0,1118.0,4.3,0.55,10000,1.0,20.0,50,25.0,20.0,20.0,75,35,65.0,B,"observed:price,sales,reviews,rating,fba_fee; estimated:search_volume,cpc",estimated_default_costs,Imported from Sorftime; ASIN B0D6VHXRB7; brand Zavrski
category:Feather Dusters,2245498011,Feather Dusters,Home & Kitchen > Cleaning Supplies > Household Cleaning > Cleaning Tools > Dusting > Feather Dusters,B0DK19TQSG,,"Senowi 60 Count Electrostatic Duster Refills Compatible with Swiffer Duster,Multi-Surface Dusting Refills,Microfibre Dusters for Cleaning with 1Pcs Retractable Handle,Unscented",Home & Kitchen > Cleaning Supplies > Household Cleaning > Cleaning Tools > Dusting > Feather Dusters,US,23.39,6.55,1.87,8.02,0.15,555.0,133.0,4.4,0.55,10000,1.0,20.0,50,25.0,20.0,20.0,75,35,65.0,B,"observed:price,sales,reviews,rating,fba_fee; estimated:search_volume,cpc",estimated_default_costs,Imported from Sorftime; ASIN B0DK19TQSG; brand Senowi
category:Feather Dusters,2245498011,Feather Dusters,Home & Kitchen > Cleaning Supplies > Household Cleaning > Cleaning Tools > Dusting > Feather Dusters,B0FPLTZLZL,,"26FT High Reach Duster Cleaning Kit with 5-20 FT Extension Pole | High Ceiling Dust and Window Clean Kit with Microfiber Feather Duster,Cobweb Duster,Ceiling Fan Duster,Window Squeegee Clean",Home & Kitchen > Cleaning Supplies > Household Cleaning > Cleaning Tools > Dusting > Feather Dusters,US,51.83,14.51,4.15,12.78,0.15,472.0,67.0,4.6,0.55,10000,1.0,20.0,50,25.0,20.0,20.0,75,35,65.0,B,"observed:price,sales,reviews,rating,fba_fee; estimated:search_volume,cpc",estimated_default_costs,Imported from Sorftime; ASIN B0FPLTZLZL; brand ACTREY
category:Buckets,2245509011,Buckets,Home & Kitchen > Cleaning Supplies > Household Cleaning > Cleaning Tools > Mopping > Buckets,B0F4QZ2RH8,,"Cleaning Caddy with Handle, Cleaning Products Organiser, 17L Foldable Storage Basket, Cleaning Caddy Organiser, Portable Multi Cleaning Bucket Bag for Home, Garden (Black)",Home & Kitchen > Cleaning Supplies > Household Cleaning > Cleaning Tools > Mopping > Buckets,US,19.99,5.6,1.6,6.13,0.15,754.0,262.0,4.6,0.55,10000,1.0,20.0,50,25.0,20.0,20.0,75,35,65.0,B,"observed:price,sales,reviews,rating,fba_fee; estimated:search_volume,cpc",estimated_default_costs,Imported from Sorftime; ASIN B0F4QZ2RH8; brand Bototack
category:Buckets,2245509011,Buckets,Home & Kitchen > Cleaning Supplies > Household Cleaning > Cleaning Tools > Mopping > Buckets,B0CKT56KHF,,"Unger Professional 3-Gallon Collapsible Bucket, Portable Household Cleaning Supplies, Small Washing Buckets with Handles, Essential Water Container and Storage Organizer Tool",Home & Kitchen > Cleaning Supplies > Household Cleaning > Cleaning Tools > Mopping > Buckets,US,17.97,5.03,1.44,12.38,0.15,710.0,355.0,4.6,0.55,10000,1.0,20.0,50,25.0,20.0,20.0,75,35,65.0,B,"observed:price,sales,reviews,rating,fba_fee; estimated:search_volume,cpc",estimated_default_costs,Imported from Sorftime; ASIN B0CKT56KHF; brand UNGER
category:Buckets,2245509011,Buckets,Home & Kitchen > Cleaning Supplies > Household Cleaning > Cleaning Tools > Mopping > Buckets,B0BZW4RCP7,,"Roshtia 6 Pcs 3 Quart Sanitizing Cleaning Bucket Square, Red | Sanitation Bucket Samll Sanitizer Pails for Restaurant Commercial Kitchen Cleaning, Detergent Storage for Office School",Home & Kitchen > Cleaning Supplies > Household Cleaning > Cleaning Tools > Mopping > Buckets,US,35.99,10.08,2.88,7.66,0.15,647.0,167.0,4.4,0.55,10000,1.0,20.0,50,25.0,20.0,20.0,75,35,65.0,B,"observed:price,sales,reviews,rating,fba_fee; estimated:search_volume,cpc",estimated_default_costs,Imported from Sorftime; ASIN B0BZW4RCP7; brand Roshtia
category:Buckets,2245509011,Buckets,Home & Kitchen > Cleaning Supplies > Household Cleaning > Cleaning Tools > Mopping > Buckets,B0CGLBLM6W,,"Omirome 2-Pack Large Gray Cleaning Caddy for Cleaning Supplies with Handle - Portable Plastic Tote Organizer for Shower, Bathroom, Kitchen, Under Sink Storage",Home & Kitchen > Cleaning Supplies > Household Cleaning > Cleaning Tools > Mopping > Buckets,US,25.99,7.28,2.08,9.94,0.15,524.0,376.0,4.5,0.55,10000,1.0,20.0,50,25.0,20.0,20.0,75,35,65.0,B,"observed:price,sales,reviews,rating,fba_fee; estimated:search_volume,cpc",estimated_default_costs,Imported from Sorftime; ASIN B0CGLBLM6W; brand Omirome
category:Buckets,2245509011,Buckets,Home & Kitchen > Cleaning Supplies > Household Cleaning > Cleaning Tools > Mopping > Buckets,B0B9G2Q2ZQ,,"Goderewild Multi-Purpose Plastic Cleaning Caddy with Handle, Shower Caddy Organizer/Storage Basket/Totes Portable for Bathroom Supplies, Cleaning Products, Under Sink Tool, Housekeepers (White)",Home & Kitchen > Cleaning Supplies > Household Cleaning > Cleaning Tools > Mopping > Buckets,US,16.99,4.76,1.36,9.47,0.15,496.0,469.0,4.6,0.55,10000,1.0,20.0,50,25.0,20.0,20.0,75,35,65.0,B,"observed:price,sales,reviews,rating,fba_fee; estimated:search_volume,cpc",estimated_default_costs,Imported from Sorftime; ASIN B0B9G2Q2ZQ; brand Goderewild
category:Buckets,2245509011,Buckets,Home & Kitchen > Cleaning Supplies > Household Cleaning > Cleaning Tools > Mopping > Buckets,B08KD93R6C,,"Eyliden Collapsible Bucket, for Cleaning Mop, Camping, Tailgating, 10L | Multiuse Foldable Water Pail, Portable Handy Basket, Space-Save, Fishing, Picnics, Outdoor Adventures, Laundry, Car Cleaning",Home & Kitchen > Cleaning Supplies > Household Cleaning > Cleaning Tools > Mopping > Buckets,US,19.99,5.6,1.6,8.03,0.15,483.0,1225.0,4.6,0.55,10000,1.0,20.0,50,25.0,20.0,20.0,75,35,65.0,B,"observed:price,sales,reviews,rating,fba_fee; estimated:search_volume,cpc",estimated_default_costs,Imported from Sorftime; ASIN B08KD93R6C; brand Eyliden
category:Buckets,2245509011,Buckets,Home & Kitchen > Cleaning Supplies > Household Cleaning > Cleaning Tools > Mopping > Buckets,B0GKQK629K,,"Hachiman Micro Bucket, 0.18 Gallon Heavy Duty Bucket with Lid & Handle",Home & Kitchen > Cleaning Supplies > Household Cleaning > Cleaning Tools > Mopping > Buckets,US,20.0,5.6,1.6,8.3,0.15,429.0,80.0,4.1,0.55,10000,1.0,20.0,50,25.0,20.0,20.0,75,35,65.0,B,"observed:price,sales,reviews,rating,fba_fee; estimated:search_volume,cpc",estimated_default_costs,Imported from Sorftime; ASIN B0GKQK629K; brand Hachiman
category:Buckets,2245509011,Buckets,Home & Kitchen > Cleaning Supplies > Household Cleaning > Cleaning Tools > Mopping > Buckets,B07LFMLQ3H,,"Small Red Sanitizing Bucket - 3 Quart Cleaning Pail - Set of 3 Square Containers, Plastic",Home & Kitchen > Cleaning Supplies > Household Cleaning > Cleaning Tools > Mopping > Buckets,US,24.98,6.99,2.0,4.5,0.15,370.0,1244.0,4.5,0.55,10000,1.0,20.0,50,25.0,20.0,20.0,65,20,53.8,C,"observed:price,sales,reviews,rating; estimated:fba_fee,search_volume,cpc",estimated_default_costs,Imported from Sorftime; ASIN B07LFMLQ3H; brand Noble Products
category:Buckets,2245509011,Buckets,Home & Kitchen > Cleaning Supplies > Household Cleaning > Cleaning Tools > Mopping > Buckets,B0G24F8SRT,,"Folding Bucket, Water Bucket, 5L, 10L, Thick, Multi-Functional, Convenient, Foot Bath, Square, Stylish, Camping, Laundry, car wash, Foot Bath, Fishing (Beige-5L)",Home & Kitchen > Cleaning Supplies > Household Cleaning > Cleaning Tools > Mopping > Buckets,US,12.59,3.53,1.01,5.95,0.15,343.0,16.0,4.0,0.55,10000,1.0,20.0,50,25.0,20.0,20.0,75,35,65.0,B,"observed:price,sales,reviews,rating,fba_fee; estimated:search_volume,cpc",estimated_default_costs,Imported from Sorftime; ASIN B0G24F8SRT; brand Gorocking
category:Buckets,2245509011,Buckets,Home & Kitchen > Cleaning Supplies > Household Cleaning > Cleaning Tools > Mopping > Buckets,B0FN32RJQ8,,"abcmilz 17L Cleaning Caddy with Handle, Cleaning Supplies Organizer, Foldable Storage Basket, Cleaning Supply Caddy, Portable Multi Cleaning Bucket Bag for Home, Garden (Pink)",Home & Kitchen > Cleaning Supplies > Household Cleaning > Cleaning Tools > Mopping > Buckets,US,19.99,5.6,1.6,6.22,0.15,287.0,139.0,4.6,0.55,10000,1.0,20.0,50,25.0,20.0,20.0,75,35,65.0,B,"observed:price,sales,reviews,rating,fba_fee; estimated:search_volume,cpc",estimated_default_costs,Imported from Sorftime; ASIN B0FN32RJQ8; brand abcmilz
category:Buckets,2245509011,Buckets,Home & Kitchen > Cleaning Supplies > Household Cleaning > Cleaning Tools > Mopping > Buckets,B07NC1WCJ5,,"KP97RDNBL/KP97GNNBL Square Pail for Cleaning, Detergent and Sanitizing, 3quart, Small, Red and Green, Set of 2",Home & Kitchen > Cleaning Supplies > Household Cleaning > Cleaning Tools > Mopping > Buckets,US,16.98,4.75,1.36,3.5,0.15,286.0,1068.0,4.6,0.55,10000,1.0,20.0,50,25.0,20.0,20.0,65,20,53.8,C,"observed:price,sales,reviews,rating; estimated:fba_fee,search_volume,cpc",estimated_default_costs,Imported from Sorftime; ASIN B07NC1WCJ5; brand Noble Products
category:Buckets,2245509011,Buckets,Home & Kitchen > Cleaning Supplies > Household Cleaning > Cleaning Tools > Mopping > Buckets,B0FNQQDH3W,,"Refillable Replacement Bottle for Swiffer® Wet Jet™ Mop, 1250ml/42 oz,Empty",Home & Kitchen > Cleaning Supplies > Household Cleaning > Cleaning Tools > Mopping > Buckets,US,20.99,5.88,1.68,5.29,0.15,275.0,147.0,4.4,0.55,10000,1.0,20.0,50,25.0,20.0,20.0,75,35,65.0,B,"observed:price,sales,reviews,rating,fba_fee; estimated:search_volume,cpc",estimated_default_costs,Imported from Sorftime; ASIN B0FNQQDH3W; brand KTNAid
category:Buckets,2245509011,Buckets,Home & Kitchen > Cleaning Supplies > Household Cleaning > Cleaning Tools > Mopping > Buckets,B0BMF6GPTZ,,"Peohud 4 Pack Sanitizing Buckets, 3 Quart Small Cleaning Pail, Square Detergent Bucket with Spout and Handle for Home, Offices, School, Commercial Use",Home & Kitchen > Cleaning Supplies > Household Cleaning > Cleaning Tools > Mopping > Buckets,US,20.99,5.88,1.68,7.92,0.15,242.0,164.0,4.5,0.55,10000,1.0,20.0,50,25.0,20.0,20.0,75,35,65.0,B,"observed:price,sales,reviews,rating,fba_fee; estimated:search_volume,cpc",estimated_default_costs,Imported from Sorftime; ASIN B0BMF6GPTZ; brand Peohud
category:Buckets,2245509011,Buckets,Home & Kitchen > Cleaning Supplies > Household Cleaning > Cleaning Tools > Mopping > Buckets,B09LM1DG2F,,"Haundry Compact Mop Bucket with Handle, Rectangular Cleaning Bucket and Caddy for Cleaning Supplies, 10L, White",Home & Kitchen > Cleaning Supplies > Household Cleaning > Cleaning Tools > Mopping > Buckets,US,24.99,7.0,2.0,10.22,0.15,223.0,553.0,4.5,0.55,10000,1.0,20.0,50,25.0,20.0,20.0,75,35,65.0,B,"observed:price,sales,reviews,rating,fba_fee; estimated:search_volume,cpc",estimated_default_costs,Imported from Sorftime; ASIN B09LM1DG2F; brand Haundry
category:Buckets,2245509011,Buckets,Home & Kitchen > Cleaning Supplies > Household Cleaning > Cleaning Tools > Mopping > Buckets,B00WEZVGZW,,Rubbermaid Commercial Products Heavy-Duty Cleaning Pail 5-Quart Blue Utility Bucket with Built-In Spout and Handle for House Cleaning/Storage/Livestock Feeding/Car Washing,Home & Kitchen > Cleaning Supplies > Household Cleaning > Cleaning Tools > Mopping > Buckets,US,14.99,4.2,1.2,8.03,0.15,204.0,362.0,4.4,0.55,10000,1.0,20.0,50,25.0,20.0,20.0,75,35,65.0,B,"observed:price,sales,reviews,rating,fba_fee; estimated:search_volume,cpc",estimated_default_costs,Imported from Sorftime; ASIN B00WEZVGZW; brand Rubbermaid
category:Buckets,2245509011,Buckets,Home & Kitchen > Cleaning Supplies > Household Cleaning > Cleaning Tools > Mopping > Buckets,B0BHWTRFFQ,,Yocada Commercial Mop Bucket with Wringer Portable Collapsible | Plastic Mop Bucket Cleaning Washing Bucket for Cotton Mop,Home & Kitchen > Cleaning Supplies > Household Cleaning > Cleaning Tools > Mopping > Buckets,US,29.99,8.4,2.4,11.28,0.15,203.0,316.0,4.1,0.55,10000,1.0,20.0,50,25.0,20.0,20.0,75,35,65.0,B,"observed:price,sales,reviews,rating,fba_fee; estimated:search_volume,cpc",estimated_default_costs,Imported from Sorftime; ASIN B0BHWTRFFQ; brand Yocada
category:Buckets,2245509011,Buckets,Home & Kitchen > Cleaning Supplies > Household Cleaning > Cleaning Tools > Mopping > Buckets,B09MYTD2L2,,"Cleaning Caddy Organizer with Handle, Gray Plastic Bucket for Cleaning Supplies Products, Cleaning Tool Storage Tote, 2 Pack",Home & Kitchen > Cleaning Supplies > Household Cleaning > Cleaning Tools > Mopping > Buckets,US,22.99,6.44,1.84,9.93,0.15,201.0,2235.0,4.6,0.55,10000,1.0,20.0,50,25.0,20.0,20.0,75,35,65.0,B,"observed:price,sales,reviews,rating,fba_fee; estimated:search_volume,cpc",estimated_default_costs,Imported from Sorftime; ASIN B09MYTD2L2; brand KeFanta
category:Tool Sets,1243386011,Tool Sets,"Home & Kitchen > Heating, Cooling & Air Quality > Parts & Accessories > Stove & Fireplace Accessories > Fireplace Tools > Tool Sets",B0CD759959,,"BRIAN & DANY Mini Ash Bucket with Lid and Shovel, 1.3 Gallon Fireplace Bucket with Broom, Ash Can for Fireplace, Ashes, Fire Pit, Wood Burning Stove","Home & Kitchen > Heating, Cooling & Air Quality > Parts & Accessories > Stove & Fireplace Accessories > Fireplace Tools > Tool Sets",US,26.99,7.56,2.16,8.69,0.15,398.0,1020.0,4.5,0.55,10000,1.0,20.0,50,25.0,20.0,20.0,75,35,65.0,B,"observed:price,sales,reviews,rating,fba_fee; estimated:search_volume,cpc",estimated_default_costs,Imported from Sorftime; ASIN B0CD759959; brand BRIAN & DANY
category:Tool Sets,1243386011,Tool Sets,"Home & Kitchen > Heating, Cooling & Air Quality > Parts & Accessories > Stove & Fireplace Accessories > Fireplace Tools > Tool Sets",B0B6HQZRCT,,"MYFIREPLACEDIRECT Mini Ash Bucket with Lid, Fireplace Ash Bucket - Black | 1.5-Gallon Ash Bucket With Lid and Shovel and Hand Broom, Metal Ash Bucket for Fireplace, Fire Pit, Wood Stove","Home & Kitchen > Heating, Cooling & Air Quality > Parts & Accessories > Stove & Fireplace Accessories > Fireplace Tools > Tool Sets",US,23.65,6.62,1.89,8.31,0.15,369.0,1236.0,4.1,0.55,10000,1.0,20.0,50,25.0,20.0,20.0,75,35,65.0,B,"observed:price,sales,reviews,rating,fba_fee; estimated:search_volume,cpc",estimated_default_costs,Imported from Sorftime; ASIN B0B6HQZRCT; brand MYFIREPLACEDIRECT
category:Tool Sets,1243386011,Tool Sets,"Home & Kitchen > Heating, Cooling & Air Quality > Parts & Accessories > Stove & Fireplace Accessories > Fireplace Tools > Tool Sets",B09ZQDBH4S,,"INNO STAGE Mini Metal Ash Bucket with Lid, Shovel and Broom, 1.5 Gallon | Ash Can for Fireplaces, Wood Stoves, and Fire Pits","Home & Kitchen > Heating, Cooling & Air Quality > Parts & Accessories > Stove & Fireplace Accessories > Fireplace Tools > Tool Sets",US,25.25,7.07,2.02,8.4,0.15,342.0,1624.0,4.4,0.55,10000,1.0,20.0,50,25.0,20.0,20.0,75,35,65.0,B,"observed:price,sales,reviews,rating,fba_fee; estimated:search_volume,cpc",estimated_default_costs,Imported from Sorftime; ASIN B09ZQDBH4S; brand INNO STAGE
category:Tool Sets,1243386011,Tool Sets,"Home & Kitchen > Heating, Cooling & Air Quality > Parts & Accessories > Stove & Fireplace Accessories > Fireplace Tools > Tool Sets",B09DYKHFR4,,"Gtongoko Fireplace Tools Set with Stand, 30-Inch Heavy Duty Steel | 4 Pcs Include Poker, Shovel, Brush, Powder-coated Finish, Ideal for Fireplaces, Wood Stoves and Fire pits, Indoor/Outdoor Use","Home & Kitchen > Heating, Cooling & Air Quality > Parts & Accessories > Stove & Fireplace Accessories > Fireplace Tools > Tool Sets",US,32.99,9.24,2.64,8.95,0.15,291.0,1019.0,4.5,0.55,10000,1.0,20.0,50,25.0,20.0,20.0,75,35,65.0,B,"observed:price,sales,reviews,rating,fba_fee; estimated:search_volume,cpc",estimated_default_costs,Imported from Sorftime; ASIN B09DYKHFR4; brand Gtongoko
category:Tool Sets,1243386011,Tool Sets,"Home & Kitchen > Heating, Cooling & Air Quality > Parts & Accessories > Stove & Fireplace Accessories > Fireplace Tools > Tool Sets",B0C8PTZ712,,"Smedley & York Mini Ash Bucket with Lid, Includes Fireplace Tools, Pail, Shovel and Broom, 1.5 Gallon Charcoal Metal Bucket with Lid, Coal Bucket and Ash Can, Galvanized Iron Ash Bucket for Fireplace","Home & Kitchen > Heating, Cooling & Air Quality > Parts & Accessories > Stove & Fireplace Accessories > Fireplace Tools > Tool Sets",US,27.99,7.84,2.24,8.69,0.15,226.0,1979.0,4.5,0.55,10000,1.0,20.0,50,25.0,20.0,20.0,75,35,65.0,B,"observed:price,sales,reviews,rating,fba_fee; estimated:search_volume,cpc",estimated_default_costs,Imported from Sorftime; ASIN B0C8PTZ712; brand Smedley & York
category:Bread Proofing Baskets,16188240011,Bread Proofing Baskets,Home & Kitchen > Kitchen & Dining > Kitchen Utensils & Gadgets > Baking Tools & Accessories > Baking & Pastry Utensils > Bread Proofing Baskets,B0CXSGQKF6,,Dimpola Banneton Bread Proofing Basket - 9 inch Banneton Basket Set of 2 Sourdough Proofing Basket Round Proofing Bowls Handmade Rattan Baskets and Liners,Home & Kitchen > Kitchen & Dining > Kitchen Utensils & Gadgets > Baking Tools & Accessories > Baking & Pastry Utensils > Bread Proofing Baskets,US,21.59,6.05,1.73,7.2,0.15,4775.0,1849.0,4.6,0.55,10000,1.0,20.0,50,25.0,20.0,20.0,75,35,65.0,B,"observed:price,sales,reviews,rating,fba_fee; estimated:search_volume,cpc",estimated_default_costs,Imported from Sorftime; ASIN B0CXSGQKF6; brand Dimpola
category:Bread Proofing Baskets,16188240011,Bread Proofing Baskets,Home & Kitchen > Kitchen & Dining > Kitchen Utensils & Gadgets > Baking Tools & Accessories > Baking & Pastry Utensils > Bread Proofing Baskets,B0DFCT2XVG,,"KneadAce Cotton Rope Banneton Bread Proofing Basket Set, Oval & Round Bread Baskets with Liners & Covers for Artisan Bread Baking, Sourdough Bread Baking Supplies",Home & Kitchen > Kitchen & Dining > Kitchen Utensils & Gadgets > Baking Tools & Accessories > Baking & Pastry Utensils > Bread Proofing Baskets,US,29.98,8.39,2.4,6.78,0.15,2392.0,1200.0,4.6,0.55,10000,1.0,20.0,50,25.0,20.0,20.0,75,35,65.0,B,"observed:price,sales,reviews,rating,fba_fee; estimated:search_volume,cpc",estimated_default_costs,Imported from Sorftime; ASIN B0DFCT2XVG; brand KNEADACE
category:Bread Proofing Baskets,16188240011,Bread Proofing Baskets,Home & Kitchen > Kitchen & Dining > Kitchen Utensils & Gadgets > Baking Tools & Accessories > Baking & Pastry Utensils > Bread Proofing Baskets,B0FQV6G5JB,,"Umite Chef Sourdough Starter Kit, Banneton Bread Proofing Baskets Set | Complete Sourdough Bread Baking Supplies, 9“ Round and 10“ Oval Rattan Banneton & 24 oz Starter Jar, Gifts for Home Bakers",Home & Kitchen > Kitchen & Dining > Kitchen Utensils & Gadgets > Baking Tools & Accessories > Baking & Pastry Utensils > Bread Proofing Baskets,US,29.99,8.4,2.4,8.41,0.15,2267.0,565.0,4.6,0.55,10000,1.0,20.0,50,25.0,20.0,20.0,75,35,65.0,B,"observed:price,sales,reviews,rating,fba_fee; estimated:search_volume,cpc",estimated_default_costs,Imported from Sorftime; ASIN B0FQV6G5JB; brand Umite Chef
category:Bread Proofing Baskets,16188240011,Bread Proofing Baskets,Home & Kitchen > Kitchen & Dining > Kitchen Utensils & Gadgets > Baking Tools & Accessories > Baking & Pastry Utensils > Bread Proofing Baskets,B0D3CCC759,,"100 Pcs Banneton Liner,Banneton Bread Proofing Basket Non Woven Liners Non-Stick Dough,Bread Proofing Cover,Elastic Banneton Basket Liner for Prevents Dough from Sticking to Basket",Home & Kitchen > Kitchen & Dining > Kitchen Utensils & Gadgets > Baking Tools & Accessories > Baking & Pastry Utensils > Bread Proofing Baskets,US,13.99,3.92,1.12,6.77,0.15,1721.0,381.0,4.6,0.55,10000,1.0,20.0,50,25.0,20.0,20.0,75,35,65.0,B,"observed:price,sales,reviews,rating,fba_fee; estimated:search_volume,cpc",estimated_default_costs,Imported from Sorftime; ASIN B0D3CCC759; brand YUANSHAO
category:Bread Proofing Baskets,16188240011,Bread Proofing Baskets,Home & Kitchen > Kitchen & Dining > Kitchen Utensils & Gadgets > Baking Tools & Accessories > Baking & Pastry Utensils > Bread Proofing Baskets,B0FYS29JX8,,"Brod & Taylor Banneton Batard 10” Proofing Basket for Sourdough & Artisan Bread Baking – Stackable, Made From Bamboo & Sugarcane Pulp (2-Pack)",Home & Kitchen > Kitchen & Dining > Kitchen Utensils & Gadgets > Baking Tools & Accessories > Baking & Pastry Utensils > Bread Proofing Baskets,US,29.95,8.39,2.4,5.76,0.15,1518.0,226.0,4.6,0.55,10000,1.0,20.0,50,25.0,20.0,20.0,75,35,65.0,B,"observed:price,sales,reviews,rating,fba_fee; estimated:search_volume,cpc",estimated_default_costs,Imported from Sorftime; ASIN B0FYS29JX8; brand Brod & Taylor
category:Bread Proofing Baskets,16188240011,Bread Proofing Baskets,Home & Kitchen > Kitchen & Dining > Kitchen Utensils & Gadgets > Baking Tools & Accessories > Baking & Pastry Utensils > Bread Proofing Baskets,B0DSVZLKYD,,"100 Pack Banneton Bread Proofing Basket Liner,21“ Bread Bowls Liner Non-Stick Dough,BPA-Free Non Woven Sourdough Bread Basket Liners,Elastic Banneton Liners for Prevents Dough from Sticking to Basket",Home & Kitchen > Kitchen & Dining > Kitchen Utensils & Gadgets > Baking Tools & Accessories > Baking & Pastry Utensils > Bread Proofing Baskets,US,13.99,3.92,1.12,4.9,0.15,1337.0,202.0,4.5,0.55,10000,1.0,20.0,50,25.0,20.0,20.0,75,35,65.0,B,"observed:price,sales,reviews,rating,fba_fee; estimated:search_volume,cpc",estimated_default_costs,Imported from Sorftime; ASIN B0DSVZLKYD; brand SECOAT
category:Bread Proofing Baskets,16188240011,Bread Proofing Baskets,Home & Kitchen > Kitchen & Dining > Kitchen Utensils & Gadgets > Baking Tools & Accessories > Baking & Pastry Utensils > Bread Proofing Baskets,B0FJD49S6W,,Banneton Bread Proofing Basket - Proofing Basket Set of 2 (9 inch Round) - Natural Rattan Banneton with 4 Linen Liners - Bread Basket for Sourdough Bread Baking Supplies,Home & Kitchen > Kitchen & Dining > Kitchen Utensils & Gadgets > Baking Tools & Accessories > Baking & Pastry Utensils > Bread Proofing Baskets,US,19.99,5.6,1.6,8.6,0.15,1254.0,308.0,4.5,0.55,10000,1.0,20.0,50,25.0,20.0,20.0,75,35,65.0,B,"observed:price,sales,reviews,rating,fba_fee; estimated:search_volume,cpc",estimated_default_costs,Imported from Sorftime; ASIN B0FJD49S6W; brand MarzeMuun
category:Bread Proofing Baskets,16188240011,Bread Proofing Baskets,Home & Kitchen > Kitchen & Dining > Kitchen Utensils & Gadgets > Baking Tools & Accessories > Baking & Pastry Utensils > Bread Proofing Baskets,B0FMDW3GTB,,"3Pcs Banneton Bread Proofing Basket, 10 inch Oval Banneton Basket,Sourdough Proofing Basket,Bread Bowl Handmade Rattan Baskets and Liners for Professional & Home Sourdough Bread Baking",Home & Kitchen > Kitchen & Dining > Kitchen Utensils & Gadgets > Baking Tools & Accessories > Baking & Pastry Utensils > Bread Proofing Baskets,US,28.99,8.12,2.32,7.21,0.15,1059.0,213.0,4.6,0.55,10000,1.0,20.0,50,25.0,20.0,20.0,75,35,65.0,B,"observed:price,sales,reviews,rating,fba_fee; estimated:search_volume,cpc",estimated_default_costs,Imported from Sorftime; ASIN B0FMDW3GTB; brand BACCZZY
category:Bread Proofing Baskets,16188240011,Bread Proofing Baskets,Home & Kitchen > Kitchen & Dining > Kitchen Utensils & Gadgets > Baking Tools & Accessories > Baking & Pastry Utensils > Bread Proofing Baskets,B079ZP74Q3,,"Vollum Banneton Bread Proofing Basket with Liner, Round | Handmade brotform for sourdough baking; includes cloth liner. Ideal gift for bakers. Measures 7“ diameter x 3.5“ high.",Home & Kitchen > Kitchen & Dining > Kitchen Utensils & Gadgets > Baking Tools & Accessories > Baking & Pastry Utensils > Bread Proofing Baskets,US,14.99,4.2,1.2,6.26,0.15,1051.0,284.0,4.5,0.55,10000,1.0,20.0,50,25.0,20.0,20.0,75,35,65.0,B,"observed:price,sales,reviews,rating,fba_fee; estimated:search_volume,cpc",estimated_default_costs,Imported from Sorftime; ASIN B079ZP74Q3; brand Vollum
category:Bread Proofing Baskets,16188240011,Bread Proofing Baskets,Home & Kitchen > Kitchen & Dining > Kitchen Utensils & Gadgets > Baking Tools & Accessories > Baking & Pastry Utensils > Bread Proofing Baskets,B0FSKGZX46,,"Sourdough Starter Kit with 2 Proofing Baskets & Starter Jar for Beginners | Qalvyn Sourdough Bread Baking Supplies, 10“& 9“Cotton Banneton Baskets, 30oz Starter Jar, Recipe Guide, Gift for Women Baker",Home & Kitchen > Kitchen & Dining > Kitchen Utensils & Gadgets > Baking Tools & Accessories > Baking & Pastry Utensils > Bread Proofing Baskets,US,23.99,6.72,1.92,7.84,0.15,793.0,216.0,4.5,0.55,10000,1.0,20.0,50,25.0,20.0,20.0,75,35,65.0,B,"observed:price,sales,reviews,rating,fba_fee; estimated:search_volume,cpc",estimated_default_costs,Imported from Sorftime; ASIN B0FSKGZX46; brand Qalvyn
category:Bread Proofing Baskets,16188240011,Bread Proofing Baskets,Home & Kitchen > Kitchen & Dining > Kitchen Utensils & Gadgets > Baking Tools & Accessories > Baking & Pastry Utensils > Bread Proofing Baskets,B0D91ZY3P4,,"Sourdough Bread Baking Supplies, 2 Pack Banneton Bread Proofing Basket 10 inch Round & 10 inch Oval Proofing Bowls for Sourdough Bread with Liner Making Baking Fermentation Tools",Home & Kitchen > Kitchen & Dining > Kitchen Utensils & Gadgets > Baking Tools & Accessories > Baking & Pastry Utensils > Bread Proofing Baskets,US,23.99,6.72,1.92,8.6,0.15,759.0,268.0,4.6,0.55,10000,1.0,20.0,50,25.0,20.0,20.0,75,35,65.0,B,"observed:price,sales,reviews,rating,fba_fee; estimated:search_volume,cpc",estimated_default_costs,Imported from Sorftime; ASIN B0D91ZY3P4; brand KONGDY
category:Bread Proofing Baskets,16188240011,Bread Proofing Baskets,Home & Kitchen > Kitchen & Dining > Kitchen Utensils & Gadgets > Baking Tools & Accessories > Baking & Pastry Utensils > Bread Proofing Baskets,B089K5LBZJ,,Banneton Bread Proofing Basket 2 Pack 10 In Oval Sourdough Proofing Basket | Sourdough Bread Baking Supplies for Making Baking Fermentation Food Storage Tools,Home & Kitchen > Kitchen & Dining > Kitchen Utensils & Gadgets > Baking Tools & Accessories > Baking & Pastry Utensils > Bread Proofing Baskets,US,21.99,6.16,1.76,6.38,0.15,747.0,494.0,4.5,0.55,10000,1.0,20.0,50,25.0,20.0,20.0,75,35,65.0,B,"observed:price,sales,reviews,rating,fba_fee; estimated:search_volume,cpc",estimated_default_costs,Imported from Sorftime; ASIN B089K5LBZJ; brand KONGDY
category:Bread Proofing Baskets,16188240011,Bread Proofing Baskets,Home & Kitchen > Kitchen & Dining > Kitchen Utensils & Gadgets > Baking Tools & Accessories > Baking & Pastry Utensils > Bread Proofing Baskets,B0CWS1G4H6,,"4Pcs Silicone Banneton Bread Proofing Baskets, 9' Collapsible Sourdough Bread Baking Supplies Non-Stick Round Dough Proofing Bowl Containers Oven Safe for Various Tastes Bread Making-BPA Free",Home & Kitchen > Kitchen & Dining > Kitchen Utensils & Gadgets > Baking Tools & Accessories > Baking & Pastry Utensils > Bread Proofing Baskets,US,26.99,7.56,2.16,6.18,0.15,710.0,328.0,4.5,0.55,10000,1.0,20.0,50,25.0,20.0,20.0,75,35,65.0,B,"observed:price,sales,reviews,rating,fba_fee; estimated:search_volume,cpc",estimated_default_costs,Imported from Sorftime; ASIN B0CWS1G4H6; brand Ycgcp
category:Bread Proofing Baskets,16188240011,Bread Proofing Baskets,Home & Kitchen > Kitchen & Dining > Kitchen Utensils & Gadgets > Baking Tools & Accessories > Baking & Pastry Utensils > Bread Proofing Baskets,B0GVH7SN46,,"Sourdough Bread Baking Kit, Supplies with Round & Bread Proofing Basket, Starter Jar, Dough Whisk, Bread Lame, Dough Scraper, Storage Bag & Recipe Guide, Practical Baking for Home Baking Lovers",Home & Kitchen > Kitchen & Dining > Kitchen Utensils & Gadgets > Baking Tools & Accessories > Baking & Pastry Utensils > Bread Proofing Baskets,US,35.99,10.08,2.88,8.21,0.15,670.0,30.0,4.4,0.55,10000,1.0,20.0,50,25.0,20.0,20.0,75,35,65.0,B,"observed:price,sales,reviews,rating,fba_fee; estimated:search_volume,cpc",estimated_default_costs,Imported from Sorftime; ASIN B0GVH7SN46; brand Huobojiji
category:Bread Proofing Baskets,16188240011,Bread Proofing Baskets,Home & Kitchen > Kitchen & Dining > Kitchen Utensils & Gadgets > Baking Tools & Accessories > Baking & Pastry Utensils > Bread Proofing Baskets,B0FPM57SNP,,Banneton Bread Proofing Basket Sourdough Basket Cotton Rope Bread Baskets,Home & Kitchen > Kitchen & Dining > Kitchen Utensils & Gadgets > Baking Tools & Accessories > Baking & Pastry Utensils > Bread Proofing Baskets,US,17.99,5.04,1.44,5.94,0.15,666.0,187.0,4.4,0.55,10000,1.0,20.0,50,25.0,20.0,20.0,75,35,65.0,B,"observed:price,sales,reviews,rating,fba_fee; estimated:search_volume,cpc",estimated_default_costs,Imported from Sorftime; ASIN B0FPM57SNP; brand Howasai
category:Bread Proofing Baskets,16188240011,Bread Proofing Baskets,Home & Kitchen > Kitchen & Dining > Kitchen Utensils & Gadgets > Baking Tools & Accessories > Baking & Pastry Utensils > Bread Proofing Baskets,B0CWKMN11Z,,"Silicone Banneton Proofing Basket Set, Sourdough Bread Baking Supplies | with Sourdough Starter Jar Kit, Foldable & Easy Clean, 9“ Round & 10“ Oval, Food Grade Silicone",Home & Kitchen > Kitchen & Dining > Kitchen Utensils & Gadgets > Baking Tools & Accessories > Baking & Pastry Utensils > Bread Proofing Baskets,US,14.99,4.2,1.2,8.32,0.15,643.0,30.0,4.2,0.55,10000,1.0,20.0,50,25.0,20.0,20.0,75,35,65.0,B,"observed:price,sales,reviews,rating,fba_fee; estimated:search_volume,cpc",estimated_default_costs,Imported from Sorftime; ASIN B0CWKMN11Z; brand Lorzon
category:Bread Proofing Baskets,16188240011,Bread Proofing Baskets,Home & Kitchen > Kitchen & Dining > Kitchen Utensils & Gadgets > Baking Tools & Accessories > Baking & Pastry Utensils > Bread Proofing Baskets,B0GCLLYJR8,,"EWFEN Sourdough Starter Kit with Enamel Cast Iron Pot, Complete Sourdough Bread Baking Supplies, Round & Oval Bread Proofing Basket with 34 Oz Starter Jar, Bread Making Tools Kit",Home & Kitchen > Kitchen & Dining > Kitchen Utensils & Gadgets > Baking Tools & Accessories > Baking & Pastry Utensils > Bread Proofing Baskets,US,69.99,19.6,5.6,13.08,0.15,626.0,245.0,4.5,0.55,10000,1.0,20.0,50,25.0,20.0,20.0,75,35,65.0,B,"observed:price,sales,reviews,rating,fba_fee; estimated:search_volume,cpc",estimated_default_costs,Imported from Sorftime; ASIN B0GCLLYJR8; brand EWFEN
category:Bread Proofing Baskets,16188240011,Bread Proofing Baskets,Home & Kitchen > Kitchen & Dining > Kitchen Utensils & Gadgets > Baking Tools & Accessories > Baking & Pastry Utensils > Bread Proofing Baskets,B0DKNC3DD1,,"Fanfanwin 100 Pcs Disposable Banneton Liner Proofing Basket Covers | Non Woven Non Stick, Sourdough, Banneton Liners for Bread Baking, Fits Round Oval Baskets, Prevents Dough Stick, Easy Cleanup",Home & Kitchen > Kitchen & Dining > Kitchen Utensils & Gadgets > Baking Tools & Accessories > Baking & Pastry Utensils > Bread Proofing Baskets,US,12.99,3.64,1.04,4.47,0.15,539.0,139.0,4.6,0.55,10000,1.0,20.0,50,25.0,20.0,20.0,75,35,65.0,B,"observed:price,sales,reviews,rating,fba_fee; estimated:search_volume,cpc",estimated_default_costs,Imported from Sorftime; ASIN B0DKNC3DD1; brand Fanfanwin
category:Bread Proofing Baskets,16188240011,Bread Proofing Baskets,Home & Kitchen > Kitchen & Dining > Kitchen Utensils & Gadgets > Baking Tools & Accessories > Baking & Pastry Utensils > Bread Proofing Baskets,B0FCTDSVL8,,"Saint Germain Bakery Oval Banneton Proofing Basket and Bread Lame Set – 10 Inch Rattan Basket with Liner, Razor Blades & Leather Cover – Sourdough Bread Baking Kit Gift for Artisan Bakers",Home & Kitchen > Kitchen & Dining > Kitchen Utensils & Gadgets > Baking Tools & Accessories > Baking & Pastry Utensils > Bread Proofing Baskets,US,12.99,3.64,1.04,7.83,0.15,477.0,100.0,4.4,0.55,10000,1.0,20.0,50,25.0,20.0,20.0,75,35,65.0,B,"observed:price,sales,reviews,rating,fba_fee; estimated:search_volume,cpc",estimated_default_costs,Imported from Sorftime; ASIN B0FCTDSVL8; brand Saint Germain Bakery
category:Bread Proofing Baskets,16188240011,Bread Proofing Baskets,Home & Kitchen > Kitchen & Dining > Kitchen Utensils & Gadgets > Baking Tools & Accessories > Baking & Pastry Utensils > Bread Proofing Baskets,B0GK1Z6MCV,,"BEABOO 8 PCS Bread Proofing Basket Cloth Liner (3 Round & 3 Oval) & 2 Sourdough Starter Jar Covers, 10 Inch Banneton Basket Cover for Sourdough Baking, Reusable Dough Bowl Liner (Combo)",Home & Kitchen > Kitchen & Dining > Kitchen Utensils & Gadgets > Baking Tools & Accessories > Baking & Pastry Utensils > Bread Proofing Baskets,US,12.98,3.63,1.04,4.9,0.15,463.0,54.0,4.4,0.55,10000,1.0,20.0,50,25.0,20.0,20.0,75,35,65.0,B,"observed:price,sales,reviews,rating,fba_fee; estimated:search_volume,cpc",estimated_default_costs,Imported from Sorftime; ASIN B0GK1Z6MCV; brand BEABOO
category:Bread Proofing Baskets,16188240011,Bread Proofing Baskets,Home & Kitchen > Kitchen & Dining > Kitchen Utensils & Gadgets > Baking Tools & Accessories > Baking & Pastry Utensils > Bread Proofing Baskets,B0D2ZZKC7Z,,"2Pcs Silicone Banneton Bread Proofing Baskets, 10“ Oval & 9“ Round Foldable Non-Stick Dough Proofing Bowl Containers-BPA Free, Optimum Sourdough Bread Baking Supplies(Beige)",Home & Kitchen > Kitchen & Dining > Kitchen Utensils & Gadgets > Baking Tools & Accessories > Baking & Pastry Utensils > Bread Proofing Baskets,US,16.99,4.76,1.36,5.86,0.15,434.0,208.0,4.3,0.55,10000,1.0,20.0,50,25.0,20.0,20.0,75,35,65.0,B,"observed:price,sales,reviews,rating,fba_fee; estimated:search_volume,cpc",estimated_default_costs,Imported from Sorftime; ASIN B0D2ZZKC7Z; brand Cham-X
category:Bread Proofing Baskets,16188240011,Bread Proofing Baskets,Home & Kitchen > Kitchen & Dining > Kitchen Utensils & Gadgets > Baking Tools & Accessories > Baking & Pastry Utensils > Bread Proofing Baskets,B0FR933YTP,,"RYMTOX Complete Sourdough Starter Kit | Easy to Clean for Beginners | Sourdough Bread Baking Supplies with Round Bread Proofing Basket, Bread Sling, Starter Jar, Dough Whisk, Scrapers, Bag,Manual",Home & Kitchen > Kitchen & Dining > Kitchen Utensils & Gadgets > Baking Tools & Accessories > Baking & Pastry Utensils > Bread Proofing Baskets,US,19.99,5.6,1.6,7.92,0.15,433.0,266.0,4.4,0.55,10000,1.0,20.0,50,25.0,20.0,20.0,75,35,65.0,B,"observed:price,sales,reviews,rating,fba_fee; estimated:search_volume,cpc",estimated_default_costs,Imported from Sorftime; ASIN B0FR933YTP; brand Rymtox
category:Bread Proofing Baskets,16188240011,Bread Proofing Baskets,Home & Kitchen > Kitchen & Dining > Kitchen Utensils & Gadgets > Baking Tools & Accessories > Baking & Pastry Utensils > Bread Proofing Baskets,B0FKMB546Q,,"Fanfanwin Mini Banneton Proofing Baskets with Liner, 2 Pack, Oval | Small Dough Bowls for Sourdough Bread Baking, Banneton Basket Ideal for Artisan Loaves, Home Bakery Supplies",Home & Kitchen > Kitchen & Dining > Kitchen Utensils & Gadgets > Baking Tools & Accessories > Baking & Pastry Utensils > Bread Proofing Baskets,US,16.99,4.76,1.36,5.36,0.15,426.0,92.0,4.4,0.55,10000,1.0,20.0,50,25.0,20.0,20.0,75,35,65.0,B,"observed:price,sales,reviews,rating,fba_fee; estimated:search_volume,cpc",estimated_default_costs,Imported from Sorftime; ASIN B0FKMB546Q; brand Fanfanwin
category:Bread Proofing Baskets,16188240011,Bread Proofing Baskets,Home & Kitchen > Kitchen & Dining > Kitchen Utensils & Gadgets > Baking Tools & Accessories > Baking & Pastry Utensils > Bread Proofing Baskets,B07Q4T48V4,,"Sondiko Sourdough Proofing Basket,Handmade Sourdough Bread Baking Supplies | Banneton Oval Bread Proofing Basket with Proofing Cloth Liner for Sourdough Bread, Baking (9.6 x 6 x 3 inches)",Home & Kitchen > Kitchen & Dining > Kitchen Utensils & Gadgets > Baking Tools & Accessories > Baking & Pastry Utensils > Bread Proofing Baskets,US,13.99,3.92,1.12,5.36,0.15,426.0,1349.0,4.4,0.55,10000,1.0,20.0,50,25.0,20.0,20.0,75,35,65.0,B,"observed:price,sales,reviews,rating,fba_fee; estimated:search_volume,cpc",estimated_default_costs,Imported from Sorftime; ASIN B07Q4T48V4; brand Sondiko
category:Bread Proofing Baskets,16188240011,Bread Proofing Baskets,Home & Kitchen > Kitchen & Dining > Kitchen Utensils & Gadgets > Baking Tools & Accessories > Baking & Pastry Utensils > Bread Proofing Baskets,B0F4DJ76MH,,"Sourdough Starter Kit 10“ Round Banneton Bread Proofing Basket | Sourdough Bread Baking Supplies - Starter Jars, Bread Sling, Scoring Lame, Dough Whisk & Scrapers,Sour Dough Kits for Bakers",Home & Kitchen > Kitchen & Dining > Kitchen Utensils & Gadgets > Baking Tools & Accessories > Baking & Pastry Utensils > Bread Proofing Baskets,US,24.99,7.0,2.0,7.92,0.15,422.0,228.0,4.6,0.55,10000,1.0,20.0,50,25.0,20.0,20.0,75,35,65.0,B,"observed:price,sales,reviews,rating,fba_fee; estimated:search_volume,cpc",estimated_default_costs,Imported from Sorftime; ASIN B0F4DJ76MH; brand Saicefe
category:Bread Proofing Baskets,16188240011,Bread Proofing Baskets,Home & Kitchen > Kitchen & Dining > Kitchen Utensils & Gadgets > Baking Tools & Accessories > Baking & Pastry Utensils > Bread Proofing Baskets,B0C379W9MH,,Gejoy 8 Pack 10 Inch Oval Banneton Bread Proofing Basket for Bakers | Sourdough Bread Baking Bowl Kit with Cloth Liners and Dough Scrapers Natural Rattan Banneton Sourdough Bowl Basket for Bakers,Home & Kitchen > Kitchen & Dining > Kitchen Utensils & Gadgets > Baking Tools & Accessories > Baking & Pastry Utensils > Bread Proofing Baskets,US,60.99,17.08,4.88,8.51,0.15,410.0,157.0,4.5,0.55,10000,1.0,20.0,50,25.0,20.0,20.0,75,35,65.0,B,"observed:price,sales,reviews,rating,fba_fee; estimated:search_volume,cpc",estimated_default_costs,Imported from Sorftime; ASIN B0C379W9MH; brand Gejoy
category:Bread Proofing Baskets,16188240011,Bread Proofing Baskets,Home & Kitchen > Kitchen & Dining > Kitchen Utensils & Gadgets > Baking Tools & Accessories > Baking & Pastry Utensils > Bread Proofing Baskets,B0DGFBRZP9,,"GIYUDOT Folding Bread Proofing Box with 50-113℉ Temp Control & 48H Timer, Dough Proofer with Metal Rack, Humidor, Recipes, Ideal for Sourdough, Bread Baking, Pizza, Yogurt, Kombucha, Precise Control",Home & Kitchen > Kitchen & Dining > Kitchen Utensils & Gadgets > Baking Tools & Accessories > Baking & Pastry Utensils > Bread Proofing Baskets,US,69.95,19.59,5.6,8.97,0.15,397.0,493.0,4.6,0.55,10000,1.0,20.0,50,25.0,20.0,20.0,75,35,65.0,B,"observed:price,sales,reviews,rating,fba_fee; estimated:search_volume,cpc",estimated_default_costs,Imported from Sorftime; ASIN B0DGFBRZP9; brand GIYUDOT
category:Bread Proofing Baskets,16188240011,Bread Proofing Baskets,Home & Kitchen > Kitchen & Dining > Kitchen Utensils & Gadgets > Baking Tools & Accessories > Baking & Pastry Utensils > Bread Proofing Baskets,B095J93X9Y,,"RoEsha 10 Inch Oval Bread Banneton Proofing Basket Set of 2, Sourdough Proofing Basket kit for Artisanal Baking – Bread Making Tools For Professional & Home Bakers (10 inch oval- 2 pack)",Home & Kitchen > Kitchen & Dining > Kitchen Utensils & Gadgets > Baking Tools & Accessories > Baking & Pastry Utensils > Bread Proofing Baskets,US,19.99,5.6,1.6,6.59,0.15,385.0,579.0,4.6,0.55,10000,1.0,20.0,50,25.0,20.0,20.0,75,35,65.0,B,"observed:price,sales,reviews,rating,fba_fee; estimated:search_volume,cpc",estimated_default_costs,Imported from Sorftime; ASIN B095J93X9Y; brand RoEsha
category:Bread Proofing Baskets,16188240011,Bread Proofing Baskets,Home & Kitchen > Kitchen & Dining > Kitchen Utensils & Gadgets > Baking Tools & Accessories > Baking & Pastry Utensils > Bread Proofing Baskets,B0F2HKDT9F,,"Sourdough Starter Kit, Bread Baking Supplies with Round & Oval Banneton Proofing Basket, Bread Sling, Starter Jar, Dough Whisk, Scrapers, Stencils & Storage Bag, Bread Making Tools Gift for Bakers",Home & Kitchen > Kitchen & Dining > Kitchen Utensils & Gadgets > Baking Tools & Accessories > Baking & Pastry Utensils > Bread Proofing Baskets,US,21.99,6.16,1.76,8.21,0.15,354.0,188.0,4.6,0.55,10000,1.0,20.0,50,25.0,20.0,20.0,75,35,65.0,B,"observed:price,sales,reviews,rating,fba_fee; estimated:search_volume,cpc",estimated_default_costs,Imported from Sorftime; ASIN B0F2HKDT9F; brand SavEase
category:Bread Proofing Baskets,16188240011,Bread Proofing Baskets,Home & Kitchen > Kitchen & Dining > Kitchen Utensils & Gadgets > Baking Tools & Accessories > Baking & Pastry Utensils > Bread Proofing Baskets,B0FZ5ZWHPX,,Banneton Bread Proofing Basket Cotton Rope for Sourdough | Includes 9“ Round and 10“ Oval Baskets with Liners and Covers for Artisan Sourdough Bread Baking,Home & Kitchen > Kitchen & Dining > Kitchen Utensils & Gadgets > Baking Tools & Accessories > Baking & Pastry Utensils > Bread Proofing Baskets,US,14.99,4.2,1.2,5.95,0.15,338.0,59.0,4.4,0.55,10000,1.0,20.0,50,25.0,20.0,20.0,75,35,65.0,B,"observed:price,sales,reviews,rating,fba_fee; estimated:search_volume,cpc",estimated_default_costs,Imported from Sorftime; ASIN B0FZ5ZWHPX; brand SOGOUMI
category:Bread Proofing Baskets,16188240011,Bread Proofing Baskets,Home & Kitchen > Kitchen & Dining > Kitchen Utensils & Gadgets > Baking Tools & Accessories > Baking & Pastry Utensils > Bread Proofing Baskets,B0C3QTJRZY,,"WALFOS 6 Packs Bread Basket Liner Cloth, 9 inch round bread proofing basket cloth liner, Baking Dough Basket Cover Natural Rattan Banneton Proofing Cloth",Home & Kitchen > Kitchen & Dining > Kitchen Utensils & Gadgets > Baking Tools & Accessories > Baking & Pastry Utensils > Bread Proofing Baskets,US,13.99,3.92,1.12,4.19,0.15,323.0,657.0,4.6,0.55,10000,1.0,20.0,50,25.0,20.0,20.0,75,35,65.0,B,"observed:price,sales,reviews,rating,fba_fee; estimated:search_volume,cpc",estimated_default_costs,Imported from Sorftime; ASIN B0C3QTJRZY; brand Walfos
category:Bread Proofing Baskets,16188240011,Bread Proofing Baskets,Home & Kitchen > Kitchen & Dining > Kitchen Utensils & Gadgets > Baking Tools & Accessories > Baking & Pastry Utensils > Bread Proofing Baskets,B0F5WFTX3M,,"Aliggbent 38Pcs Sourdough Bread Baking Supplies – 11‘‘ Oval & 10‘‘ Round Cotton Rope Banneton Bread Proofing Baskets with Liners & Covers, Sourdough Starter Jar Kit, Scale, Bags & Bread Making Tools",Home & Kitchen > Kitchen & Dining > Kitchen Utensils & Gadgets > Baking Tools & Accessories > Baking & Pastry Utensils > Bread Proofing Baskets,US,31.98,8.95,2.56,9.16,0.15,317.0,481.0,4.6,0.55,10000,1.0,20.0,50,25.0,20.0,20.0,75,35,65.0,B,"observed:price,sales,reviews,rating,fba_fee; estimated:search_volume,cpc",estimated_default_costs,Imported from Sorftime; ASIN B0F5WFTX3M; brand Aliggbent
category:Bread Proofing Baskets,16188240011,Bread Proofing Baskets,Home & Kitchen > Kitchen & Dining > Kitchen Utensils & Gadgets > Baking Tools & Accessories > Baking & Pastry Utensils > Bread Proofing Baskets,B0F5WG256Z,,"PeacePeo Sourdough Kit, 11‘‘ Oval and 10‘‘ Round Cotton Rope Bread Baskets | 38Pcs Bread Making Supplies Kit, Breathable, Machine Washable, Hangable, Liner & Cover Banneton Basket, Gifts For Baker",Home & Kitchen > Kitchen & Dining > Kitchen Utensils & Gadgets > Baking Tools & Accessories > Baking & Pastry Utensils > Bread Proofing Baskets,US,31.98,8.95,2.56,9.08,0.15,286.0,305.0,4.6,0.55,10000,1.0,20.0,50,25.0,20.0,20.0,75,35,65.0,B,"observed:price,sales,reviews,rating,fba_fee; estimated:search_volume,cpc",estimated_default_costs,Imported from Sorftime; ASIN B0F5WG256Z; brand PeacePeo
category:Bread Proofing Baskets,16188240011,Bread Proofing Baskets,Home & Kitchen > Kitchen & Dining > Kitchen Utensils & Gadgets > Baking Tools & Accessories > Baking & Pastry Utensils > Bread Proofing Baskets,B0G5K6PT8K,,"RICCLE Banneton Bread Proofing Basket, 2 Round Sourdough Banneton Baskets | 2×Cotton Rope Proofing Baksets With Liners and Covers Included",Home & Kitchen > Kitchen & Dining > Kitchen Utensils & Gadgets > Baking Tools & Accessories > Baking & Pastry Utensils > Bread Proofing Baskets,US,14.99,4.2,1.2,6.22,0.15,272.0,76.0,4.6,0.55,10000,1.0,20.0,50,25.0,20.0,20.0,75,35,65.0,B,"observed:price,sales,reviews,rating,fba_fee; estimated:search_volume,cpc",estimated_default_costs,Imported from Sorftime; ASIN B0G5K6PT8K; brand RICCLE
category:Bread Proofing Baskets,16188240011,Bread Proofing Baskets,Home & Kitchen > Kitchen & Dining > Kitchen Utensils & Gadgets > Baking Tools & Accessories > Baking & Pastry Utensils > Bread Proofing Baskets,B0D3X3LJTZ,,"Banneton Bread Proofing Basket 2 pack 9.5 inch Oval Basket with Liner, Bread Proofing Basket Perfect for Professional & Home Sourdough Bread Baking, Artisan Sourdough Bread (Set of 2 pack 9.5“ Oval)",Home & Kitchen > Kitchen & Dining > Kitchen Utensils & Gadgets > Baking Tools & Accessories > Baking & Pastry Utensils > Bread Proofing Baskets,US,22.99,6.44,1.84,6.21,0.15,260.0,160.0,4.6,0.55,10000,1.0,20.0,50,25.0,20.0,20.0,75,35,65.0,B,"observed:price,sales,reviews,rating,fba_fee; estimated:search_volume,cpc",estimated_default_costs,Imported from Sorftime; ASIN B0D3X3LJTZ; brand GIONG
category:Bread Proofing Baskets,16188240011,Bread Proofing Baskets,Home & Kitchen > Kitchen & Dining > Kitchen Utensils & Gadgets > Baking Tools & Accessories > Baking & Pastry Utensils > Bread Proofing Baskets,B0D5QYZZDZ,,"Sourdough Starter Kit - Banneton Proofing Basket 9 Inch Round & 10 Oval, Complete Sourdough Bread Baking Supplies with Starter Jar, Bread Sling, Lame, Danish Dough Whisk, Bags",Home & Kitchen > Kitchen & Dining > Kitchen Utensils & Gadgets > Baking Tools & Accessories > Baking & Pastry Utensils > Bread Proofing Baskets,US,24.99,7.0,2.0,8.5,0.15,260.0,615.0,4.6,0.55,10000,1.0,20.0,50,25.0,20.0,20.0,75,35,65.0,B,"observed:price,sales,reviews,rating,fba_fee; estimated:search_volume,cpc",estimated_default_costs,Imported from Sorftime; ASIN B0D5QYZZDZ; brand XLMYS
category:Bread Proofing Baskets,16188240011,Bread Proofing Baskets,Home & Kitchen > Kitchen & Dining > Kitchen Utensils & Gadgets > Baking Tools & Accessories > Baking & Pastry Utensils > Bread Proofing Baskets,B0GLP6D76X,,"Sourdough Proofing Containers, 2 Pack 6QT Clear Dough Rising Boxes with Lids, Stackable Bulk Fermentation Containers for Bread Baking, Sourdough & Pizza Dough",Home & Kitchen > Kitchen & Dining > Kitchen Utensils & Gadgets > Baking Tools & Accessories > Baking & Pastry Utensils > Bread Proofing Baskets,US,22.99,6.44,1.84,8.41,0.15,256.0,23.0,4.0,0.55,10000,1.0,20.0,50,25.0,20.0,20.0,75,35,65.0,B,"observed:price,sales,reviews,rating,fba_fee; estimated:search_volume,cpc",estimated_default_costs,Imported from Sorftime; ASIN B0GLP6D76X; brand Liboocare
category:Bread Proofing Baskets,16188240011,Bread Proofing Baskets,Home & Kitchen > Kitchen & Dining > Kitchen Utensils & Gadgets > Baking Tools & Accessories > Baking & Pastry Utensils > Bread Proofing Baskets,B0D4VTW4R6,,"Sourdough Whisper Premium Foldable Silicone Sourdough Banneton Basket | Bread Proofing & Baking Basket Set - Includes Oval & Round Bowls (9.5 Inch) - Oven & Dishwasher Safe, Gifts for Bakers - Blue",Home & Kitchen > Kitchen & Dining > Kitchen Utensils & Gadgets > Baking Tools & Accessories > Baking & Pastry Utensils > Bread Proofing Baskets,US,16.89,4.73,1.35,6.37,0.15,223.0,184.0,4.4,0.55,10000,1.0,20.0,50,25.0,20.0,20.0,75,35,65.0,B,"observed:price,sales,reviews,rating,fba_fee; estimated:search_volume,cpc",estimated_default_costs,Imported from Sorftime; ASIN B0D4VTW4R6; brand Sourdough Whisper
category:Dough Blenders,678524011,Dough Blenders,Home & Kitchen > Kitchen & Dining > Kitchen Utensils & Gadgets > Baking Tools & Accessories > Baking & Pastry Utensils > Dough Blenders,B0FNS4L2TG,,NexTrend red 5-in-1 flexible dough and bowl scraper with stainless-steel edge and integrated ruler,Home & Kitchen > Kitchen & Dining > Kitchen Utensils & Gadgets > Baking Tools & Accessories > Baking & Pastry Utensils > Dough Blenders,US,15.9,4.45,1.27,3.34,0.15,250.0,126.0,4.5,0.55,10000,1.0,20.0,50,25.0,20.0,20.0,75,35,65.0,B,"observed:price,sales,reviews,rating,fba_fee; estimated:search_volume,cpc",estimated_default_costs,Imported from Sorftime; ASIN B0FNS4L2TG; brand NexTrend
category:Pastry Brushes,678525011,Pastry Brushes,Home & Kitchen > Kitchen & Dining > Kitchen Utensils & Gadgets > Baking Tools & Accessories > Baking & Pastry Utensils > Pastry Brushes,B0F38TQBSD,,"OTOTO Spatula and Pastry Brush - Silicone Heat Resistant and Basting Brush, Cooking and Baking Spatula, Spooky Witchy Gifts, Gothic Kitchen Halloween Gifts, Unique Kitchen Gadgets (Witchin)",Home & Kitchen > Kitchen & Dining > Kitchen Utensils & Gadgets > Baking Tools & Accessories > Baking & Pastry Utensils > Pastry Brushes,US,19.95,5.59,1.6,4.19,0.15,2014.0,13.0,4.5,0.55,10000,1.0,70,50,25.0,20.0,20.0,75,35,65.0,B,"observed:price,sales,reviews,rating,fba_fee; estimated:search_volume,cpc",estimated_default_costs,Imported from Sorftime; ASIN B0F38TQBSD; brand OTOTO
category:Pastry Brushes,678525011,Pastry Brushes,Home & Kitchen > Kitchen & Dining > Kitchen Utensils & Gadgets > Baking Tools & Accessories > Baking & Pastry Utensils > Pastry Brushes,B0DGQS2735,,"King Arthur Baking Company Professional Pastry Brush, Natural Boar Bristles, 2-Inch, For Butter, Egg Wash, Glaze And Baking Prep",Home & Kitchen > Kitchen & Dining > Kitchen Utensils & Gadgets > Baking Tools & Accessories > Baking & Pastry Utensils > Pastry Brushes,US,12.95,3.63,1.04,3.26,0.15,404.0,159.0,4.3,0.55,10000,1.0,20.0,50,25.0,20.0,20.0,75,35,65.0,B,"observed:price,sales,reviews,rating,fba_fee; estimated:search_volume,cpc",estimated_default_costs,Imported from Sorftime; ASIN B0DGQS2735; brand King Arthur
category:Pastry Brushes,678525011,Pastry Brushes,Home & Kitchen > Kitchen & Dining > Kitchen Utensils & Gadgets > Baking Tools & Accessories > Baking & Pastry Utensils > Pastry Brushes,B0G1C7ZFS1,,"Le Creuset Silicone Signature Basting Brush, Cerise",Home & Kitchen > Kitchen & Dining > Kitchen Utensils & Gadgets > Baking Tools & Accessories > Baking & Pastry Utensils > Pastry Brushes,US,18.95,5.31,1.52,3.5,0.15,397.0,12.0,4.6,0.55,10000,1.0,20.0,50,25.0,20.0,20.0,65,20,53.8,C,"observed:price,sales,reviews,rating; estimated:fba_fee,search_volume,cpc",estimated_default_costs,Imported from Sorftime; ASIN B0G1C7ZFS1; brand Le Creuset
category:Bottle Openers,3109475011,Bottle Openers,Home & Kitchen > Kitchen & Dining > Kitchen Utensils & Gadgets > Bar & Wine Tools > Corkscrews & Openers > Bottle Openers,B09ZKVP14F,,"KITCHENDAO Magnetic Beer Bottle Opener for Refrigerator, Twist-off/Pry-off Opener, Pop-can Opener, Heavy Duty Steel Die-Cast Construction with Magnets, Stick to Fridge for Easy Storage, Gift for Men",Home & Kitchen > Kitchen & Dining > Kitchen Utensils & Gadgets > Bar & Wine Tools > Corkscrews & Openers > Bottle Openers,US,14.99,4.2,1.2,3.44,0.15,592.0,600.0,4.6,0.55,10000,1.0,20.0,50,25.0,20.0,20.0,75,35,65.0,B,"observed:price,sales,reviews,rating,fba_fee; estimated:search_volume,cpc",estimated_default_costs,Imported from Sorftime; ASIN B09ZKVP14F; brand KITCHENDAO
category:Bottle Openers,3109475011,Bottle Openers,Home & Kitchen > Kitchen & Dining > Kitchen Utensils & Gadgets > Bar & Wine Tools > Corkscrews & Openers > Bottle Openers,B0BRK7R9W5,,QTLCOHD 20 Pack Flat Bottle Opener - 7 Inch Stainless Steel Bottle Openers,Home & Kitchen > Kitchen & Dining > Kitchen Utensils & Gadgets > Bar & Wine Tools > Corkscrews & Openers > Bottle Openers,US,24.99,7.0,2.0,7.65,0.15,490.0,153.0,4.6,0.55,10000,1.0,20.0,50,25.0,20.0,20.0,75,35,65.0,B,"observed:price,sales,reviews,rating,fba_fee; estimated:search_volume,cpc",estimated_default_costs,Imported from Sorftime; ASIN B0BRK7R9W5; brand QTLCOHD
category:Bottle Openers,3109475011,Bottle Openers,Home & Kitchen > Kitchen & Dining > Kitchen Utensils & Gadgets > Bar & Wine Tools > Corkscrews & Openers > Bottle Openers,B0B2NZTQGQ,,"Kitchen Mama Epic One Multifunction Opener, Red | Magnetic Bottle Opener, Beer Soda Opener, Effortless Jar Lid Opener, For Seniors and Elderly with Weak Hands and Arthritis",Home & Kitchen > Kitchen & Dining > Kitchen Utensils & Gadgets > Bar & Wine Tools > Corkscrews & Openers > Bottle Openers,US,19.99,5.6,1.6,3.93,0.15,472.0,1868.0,3.9,0.55,10000,1.0,20.0,50,25.0,20.0,20.0,75,35,65.0,B,"observed:price,sales,reviews,rating,fba_fee; estimated:search_volume,cpc",estimated_default_costs,Imported from Sorftime; ASIN B0B2NZTQGQ; brand Kitchen Mama
category:Bottle Openers,3109475011,Bottle Openers,Home & Kitchen > Kitchen & Dining > Kitchen Utensils & Gadgets > Bar & Wine Tools > Corkscrews & Openers > Bottle Openers,B0002WZR4K,,"Westmark Ah-So Wine Opener – 2 Prong Wine Bottle Opener for Vintage Bottles, German Manual Cork Remover, Chrome Finish, Superfine Polished Steel",Home & Kitchen > Kitchen & Dining > Kitchen Utensils & Gadgets > Bar & Wine Tools > Corkscrews & Openers > Bottle Openers,US,19.99,5.6,1.6,3.34,0.15,465.0,1684.0,4.5,0.55,10000,1.0,20.0,50,25.0,20.0,20.0,75,35,65.0,B,"observed:price,sales,reviews,rating,fba_fee; estimated:search_volume,cpc",estimated_default_costs,Imported from Sorftime; ASIN B0002WZR4K; brand MONOPOL Germany
category:Bottle Openers,3109475011,Bottle Openers,Home & Kitchen > Kitchen & Dining > Kitchen Utensils & Gadgets > Bar & Wine Tools > Corkscrews & Openers > Bottle Openers,B0DZW2CLX2,,"50 Pcs Bottle opener Keychain Bulk,Soda Beverage Beer Bottle Opener Keychain,Bottle Openers Aluminum Beer Bottle Opener Claw Beverage Keychain Ring for Kitchen,Wedding, Bar,Party(blue)",Home & Kitchen > Kitchen & Dining > Kitchen Utensils & Gadgets > Bar & Wine Tools > Corkscrews & Openers > Bottle Openers,US,13.99,3.92,1.12,4.87,0.15,373.0,105.0,4.5,0.55,10000,1.0,20.0,50,25.0,20.0,20.0,75,35,65.0,B,"observed:price,sales,reviews,rating,fba_fee; estimated:search_volume,cpc",estimated_default_costs,Imported from Sorftime; ASIN B0DZW2CLX2; brand MTOMDY
category:Bottle Openers,3109475011,Bottle Openers,Home & Kitchen > Kitchen & Dining > Kitchen Utensils & Gadgets > Bar & Wine Tools > Corkscrews & Openers > Bottle Openers,B0G1XKKSVD,,"Gobetter Wine Foil Cutter Tool, Foil Remover for Wine Bottles, 2 Count",Home & Kitchen > Kitchen & Dining > Kitchen Utensils & Gadgets > Bar & Wine Tools > Corkscrews & Openers > Bottle Openers,US,12.99,3.64,1.04,3.25,0.15,292.0,69.0,4.5,0.55,10000,1.0,20.0,50,25.0,20.0,20.0,75,35,65.0,B,"observed:price,sales,reviews,rating,fba_fee; estimated:search_volume,cpc",estimated_default_costs,Imported from Sorftime; ASIN B0G1XKKSVD; brand GOBETTER
category:Bottle Openers,3109475011,Bottle Openers,Home & Kitchen > Kitchen & Dining > Kitchen Utensils & Gadgets > Bar & Wine Tools > Corkscrews & Openers > Bottle Openers,B0BVDT7BL7,,"Irenare 6 Pcs Retractable Bar Keys Bartender Bottle Openers, Marble | Stainless Steel Beer Bottle Opener,with Belt Clip and Round Badge Reel,Bartender Gifts for Women Men",Home & Kitchen > Kitchen & Dining > Kitchen Utensils & Gadgets > Bar & Wine Tools > Corkscrews & Openers > Bottle Openers,US,14.99,4.2,1.2,4.44,0.15,286.0,278.0,4.3,0.55,10000,1.0,20.0,50,25.0,20.0,20.0,75,35,65.0,B,"observed:price,sales,reviews,rating,fba_fee; estimated:search_volume,cpc",estimated_default_costs,Imported from Sorftime; ASIN B0BVDT7BL7; brand Irenare
category:Screwpull Levers,13825981,Screwpull Levers,Home & Kitchen > Kitchen & Dining > Kitchen Utensils & Gadgets > Bar & Wine Tools > Corkscrews & Openers > Screwpull Levers,B08MJ7FMV1,,Forge Quality Compact Vertical Lever Corkscrew Wine Opener with Foil Cutter. 3 Seconds to Open a Bottle of Wine. Metallic Bronze,Home & Kitchen > Kitchen & Dining > Kitchen Utensils & Gadgets > Bar & Wine Tools > Corkscrews & Openers > Screwpull Levers,US,27.95,7.83,2.24,4.87,0.15,2473.0,421.0,4.4,0.55,10000,1.0,20.0,50,25.0,20.0,20.0,75,35,65.0,B,"observed:price,sales,reviews,rating,fba_fee; estimated:search_volume,cpc",estimated_default_costs,Imported from Sorftime; ASIN B08MJ7FMV1; brand Forge
category:Screwpull Levers,13825981,Screwpull Levers,Home & Kitchen > Kitchen & Dining > Kitchen Utensils & Gadgets > Bar & Wine Tools > Corkscrews & Openers > Screwpull Levers,B07MYDZMTY,,Stainless Steel Wine Opener Compact Vertical Corkscrew Wine Bottle Opener with Foil Cutter,Home & Kitchen > Kitchen & Dining > Kitchen Utensils & Gadgets > Bar & Wine Tools > Corkscrews & Openers > Screwpull Levers,US,45.99,12.88,3.68,6.35,0.15,684.0,2110.0,4.6,0.55,10000,1.0,20.0,50,25.0,20.0,20.0,75,35,65.0,B,"observed:price,sales,reviews,rating,fba_fee; estimated:search_volume,cpc",estimated_default_costs,Imported from Sorftime; ASIN B07MYDZMTY; brand KEISSCO
category:Screwpull Levers,13825981,Screwpull Levers,Home & Kitchen > Kitchen & Dining > Kitchen Utensils & Gadgets > Bar & Wine Tools > Corkscrews & Openers > Screwpull Levers,B0CNBPWC4V,,"Rabbit Vertical Corkscrew Wine Opener with One-Pull Design, Foil Cutter Included, Easy to Use Manual Lever, Durable Stainless Steel Spiral, Merlot",Home & Kitchen > Kitchen & Dining > Kitchen Utensils & Gadgets > Bar & Wine Tools > Corkscrews & Openers > Screwpull Levers,US,19.99,5.6,1.6,3.6,0.15,593.0,598.0,4.0,0.55,10000,1.0,20.0,50,25.0,20.0,20.0,50,20,42.5,C,"observed:sales,reviews,rating; estimated:price,fba_fee,search_volume,cpc",estimated_default_costs,Imported from Sorftime; ASIN B0CNBPWC4V; brand Rabbit
category:Screwpull Levers,13825981,Screwpull Levers,Home & Kitchen > Kitchen & Dining > Kitchen Utensils & Gadgets > Bar & Wine Tools > Corkscrews & Openers > Screwpull Levers,B08DMMXY17,,"Wine Bottle Opener Corkscrew Set – Luxiluxy [2024 upgraded, does NOT break!] Including Foil Cutter, Bottle Stopper, Opener Stand and Extra Spiral - corkscrews wine opener set- wine opener kit",Home & Kitchen > Kitchen & Dining > Kitchen Utensils & Gadgets > Bar & Wine Tools > Corkscrews & Openers > Screwpull Levers,US,29.99,8.4,2.4,6.19,0.15,461.0,2484.0,4.2,0.55,10000,1.0,20.0,50,25.0,20.0,20.0,75,35,65.0,B,"observed:price,sales,reviews,rating,fba_fee; estimated:search_volume,cpc",estimated_default_costs,Imported from Sorftime; ASIN B08DMMXY17; brand Luxiluxy
category:Screwpull Levers,13825981,Screwpull Levers,Home & Kitchen > Kitchen & Dining > Kitchen Utensils & Gadgets > Bar & Wine Tools > Corkscrews & Openers > Screwpull Levers,B0DK1VQZYC,,"Wine Bottle Opener, Vertical Lever Corkscrew with Built in Foil Cutter Design, Manual Handheld Corkscrew with Ergonomic Lever Pump",Home & Kitchen > Kitchen & Dining > Kitchen Utensils & Gadgets > Bar & Wine Tools > Corkscrews & Openers > Screwpull Levers,US,16.9,4.73,1.35,5.35,0.15,219.0,208.0,4.5,0.55,10000,1.0,20.0,50,25.0,20.0,20.0,75,35,65.0,B,"observed:price,sales,reviews,rating,fba_fee; estimated:search_volume,cpc",estimated_default_costs,Imported from Sorftime; ASIN B0DK1VQZYC; brand Drincarier
category:Waiter Corkscrews,13826001,Waiter Corkscrews,Home & Kitchen > Kitchen & Dining > Kitchen Utensils & Gadgets > Bar & Wine Tools > Corkscrews & Openers > Waiter Corkscrews,B0C7TLXMS5,,"Professional Waiter Corkscrew Wine Key for Bartenders Set of 3,With Long Rosewood Handle Stainless Steel Handle Wine Opener for Bar Restaurant Waiters, Sommelier, Bartend (Rose Wood 3 Packs)",Home & Kitchen > Kitchen & Dining > Kitchen Utensils & Gadgets > Bar & Wine Tools > Corkscrews & Openers > Waiter Corkscrews,US,21.59,6.05,1.73,3.75,0.15,933.0,1003.0,4.6,0.55,10000,1.0,20.0,50,25.0,20.0,20.0,75,35,65.0,B,"observed:price,sales,reviews,rating,fba_fee; estimated:search_volume,cpc",estimated_default_costs,Imported from Sorftime; ASIN B0C7TLXMS5; brand Kit-Home
category:Waiter Corkscrews,13826001,Waiter Corkscrews,Home & Kitchen > Kitchen & Dining > Kitchen Utensils & Gadgets > Bar & Wine Tools > Corkscrews & Openers > Waiter Corkscrews,B00CZA18EU,,"OXO Steel Double Lever Waiter‘s Corkscrew,Silver/Black,1 CT",Home & Kitchen > Kitchen & Dining > Kitchen Utensils & Gadgets > Bar & Wine Tools > Corkscrews & Openers > Waiter Corkscrews,US,19.95,5.59,1.6,4.17,0.15,652.0,1212.0,4.6,0.55,10000,1.0,20.0,50,25.0,20.0,20.0,75,35,65.0,B,"observed:price,sales,reviews,rating,fba_fee; estimated:search_volume,cpc",estimated_default_costs,Imported from Sorftime; ASIN B00CZA18EU; brand OXO
category:Waiter Corkscrews,13826001,Waiter Corkscrews,Home & Kitchen > Kitchen & Dining > Kitchen Utensils & Gadgets > Bar & Wine Tools > Corkscrews & Openers > Waiter Corkscrews,B09VG81642,,"RECUTMS 12 Pack Wine Opener,Waiter Corkscrew Wine Key for Servers（Black） | Heavy Duty Stainless Steel Fold Beer or Bottle Opener Serrated Foil Cutter,Perfect for Bars,Restaurants,Family,Company Party",Home & Kitchen > Kitchen & Dining > Kitchen Utensils & Gadgets > Bar & Wine Tools > Corkscrews & Openers > Waiter Corkscrews,US,19.99,5.6,1.6,5.72,0.15,593.0,659.0,4.1,0.55,10000,1.0,20.0,50,25.0,20.0,20.0,75,35,65.0,B,"observed:price,sales,reviews,rating,fba_fee; estimated:search_volume,cpc",estimated_default_costs,Imported from Sorftime; ASIN B09VG81642; brand RECUTMS
category:Waiter Corkscrews,13826001,Waiter Corkscrews,Home & Kitchen > Kitchen & Dining > Kitchen Utensils & Gadgets > Bar & Wine Tools > Corkscrews & Openers > Waiter Corkscrews,B002RFUB0K,,"True Self Pulling Corkscrew Wine Opener, Durable Plastic with Easy Turn Chrome Handle, Wine Bottle Opener for Bartenders, Home Bar Tools, Bar Cart Accessories, Kitchen Essentials, Set of 1, Black",Home & Kitchen > Kitchen & Dining > Kitchen Utensils & Gadgets > Bar & Wine Tools > Corkscrews & Openers > Waiter Corkscrews,US,13.99,3.92,1.12,4.18,0.15,386.0,2013.0,4.4,0.55,10000,1.0,20.0,50,25.0,20.0,20.0,75,35,65.0,B,"observed:price,sales,reviews,rating,fba_fee; estimated:search_volume,cpc",estimated_default_costs,Imported from Sorftime; ASIN B002RFUB0K; brand TRUE
category:Waiter Corkscrews,13826001,Waiter Corkscrews,Home & Kitchen > Kitchen & Dining > Kitchen Utensils & Gadgets > Bar & Wine Tools > Corkscrews & Openers > Waiter Corkscrews,B004BMN44M,,Pulltap’s Professional Double‑Hinged Waiter’s Corkscrew (Classic 500) – Luxury Sommelier‑Grade Wine Opener with Signature Pulltap’s Logo & Precision Foil Cutter,Home & Kitchen > Kitchen & Dining > Kitchen Utensils & Gadgets > Bar & Wine Tools > Corkscrews & Openers > Waiter Corkscrews,US,13.99,3.92,1.12,3.92,0.15,350.0,290.0,4.5,0.55,10000,1.0,20.0,50,25.0,20.0,20.0,75,35,65.0,B,"observed:price,sales,reviews,rating,fba_fee; estimated:search_volume,cpc",estimated_default_costs,Imported from Sorftime; ASIN B004BMN44M; brand Pulltap‘s
category:Waiter Corkscrews,13826001,Waiter Corkscrews,Home & Kitchen > Kitchen & Dining > Kitchen Utensils & Gadgets > Bar & Wine Tools > Corkscrews & Openers > Waiter Corkscrews,B07416XXQH,,"Vintorio Professional Waiters Corkscrew - Wine Key with Ergonomic Rubber Grip, Beer Bottle Opener and Foil Cutter (1 Pack)",Home & Kitchen > Kitchen & Dining > Kitchen Utensils & Gadgets > Bar & Wine Tools > Corkscrews & Openers > Waiter Corkscrews,US,12.95,3.63,1.04,4.17,0.15,346.0,2003.0,4.6,0.55,10000,1.0,20.0,50,25.0,20.0,20.0,75,35,65.0,B,"observed:price,sales,reviews,rating,fba_fee; estimated:search_volume,cpc",estimated_default_costs,Imported from Sorftime; ASIN B07416XXQH; brand Vintorio
category:Waiter Corkscrews,13826001,Waiter Corkscrews,Home & Kitchen > Kitchen & Dining > Kitchen Utensils & Gadgets > Bar & Wine Tools > Corkscrews & Openers > Waiter Corkscrews,B00Q8708MY,,"Viski 24k Gold Plated Signature Double Hinged Waiter‘s Corkscrew Wine Opener, Stainless Steel with Built-in Bottle Opener & Foil Cutter for Home Bar, Kitchen, Travel, Gifts for Wine Lovers, Set of 1",Home & Kitchen > Kitchen & Dining > Kitchen Utensils & Gadgets > Bar & Wine Tools > Corkscrews & Openers > Waiter Corkscrews,US,17.99,5.04,1.44,3.93,0.15,334.0,1231.0,4.6,0.55,10000,1.0,20.0,50,25.0,20.0,20.0,75,35,65.0,B,"observed:price,sales,reviews,rating,fba_fee; estimated:search_volume,cpc",estimated_default_costs,Imported from Sorftime; ASIN B00Q8708MY; brand Viski
category:Waiter Corkscrews,13826001,Waiter Corkscrews,Home & Kitchen > Kitchen & Dining > Kitchen Utensils & Gadgets > Bar & Wine Tools > Corkscrews & Openers > Waiter Corkscrews,B07GHXBLQX,,"Peugeot Clavelin Corkscrew, 5.5 in, Black | Manual wine bottle opener with foil cutter, stainless steel and ABS, sommelier style, 14 cm. Compact and pocket-sized",Home & Kitchen > Kitchen & Dining > Kitchen Utensils & Gadgets > Bar & Wine Tools > Corkscrews & Openers > Waiter Corkscrews,US,24.76,6.93,1.98,3.93,0.15,331.0,922.0,4.5,0.55,10000,1.0,20.0,50,25.0,20.0,20.0,75,35,65.0,B,"observed:price,sales,reviews,rating,fba_fee; estimated:search_volume,cpc",estimated_default_costs,Imported from Sorftime; ASIN B07GHXBLQX; brand Peugeot
category:Waiter Corkscrews,13826001,Waiter Corkscrews,Home & Kitchen > Kitchen & Dining > Kitchen Utensils & Gadgets > Bar & Wine Tools > Corkscrews & Openers > Waiter Corkscrews,B07HJC2LMD,,"Le Creuset Original Table Model, 8“, Black",Home & Kitchen > Kitchen & Dining > Kitchen Utensils & Gadgets > Bar & Wine Tools > Corkscrews & Openers > Waiter Corkscrews,US,24.99,7.0,2.0,4.19,0.15,291.0,1016.0,4.2,0.55,10000,1.0,20.0,50,25.0,20.0,20.0,75,35,65.0,B,"observed:price,sales,reviews,rating,fba_fee; estimated:search_volume,cpc",estimated_default_costs,Imported from Sorftime; ASIN B07HJC2LMD; brand Le Creuset
category:Waiter Corkscrews,13826001,Waiter Corkscrews,Home & Kitchen > Kitchen & Dining > Kitchen Utensils & Gadgets > Bar & Wine Tools > Corkscrews & Openers > Waiter Corkscrews,B0CS2L1WZS,,LUSCIOUZ Zero Resistance THE HELIX Elite Corkscrew Silent Wine Bottle Opener Waiters Corkscrew Wine Key (5 Coil_Black),Home & Kitchen > Kitchen & Dining > Kitchen Utensils & Gadgets > Bar & Wine Tools > Corkscrews & Openers > Waiter Corkscrews,US,59.99,16.8,4.8,4.17,0.15,266.0,435.0,4.0,0.55,10000,1.0,20.0,50,25.0,20.0,20.0,75,35,65.0,B,"observed:price,sales,reviews,rating,fba_fee; estimated:search_volume,cpc",estimated_default_costs,Imported from Sorftime; ASIN B0CS2L1WZS; brand Lusciouz
category:Waiter Corkscrews,13826001,Waiter Corkscrews,Home & Kitchen > Kitchen & Dining > Kitchen Utensils & Gadgets > Bar & Wine Tools > Corkscrews & Openers > Waiter Corkscrews,B07G2DBHMV,,Pulltap‘s Genuine Classic 500 Waiter‘s Corkscrew – Double-Hinged Wine Key with Hinged Foil Cutter – Patented Design – Made in Spain – (Black – Black),Home & Kitchen > Kitchen & Dining > Kitchen Utensils & Gadgets > Bar & Wine Tools > Corkscrews & Openers > Waiter Corkscrews,US,27.99,7.84,2.24,3.92,0.15,237.0,84.0,4.6,0.55,10000,1.0,20.0,50,25.0,20.0,20.0,75,35,65.0,B,"observed:price,sales,reviews,rating,fba_fee; estimated:search_volume,cpc",estimated_default_costs,Imported from Sorftime; ASIN B07G2DBHMV; brand Pulltap‘s
category:Waiter Corkscrews,13826001,Waiter Corkscrews,Home & Kitchen > Kitchen & Dining > Kitchen Utensils & Gadgets > Bar & Wine Tools > Corkscrews & Openers > Waiter Corkscrews,B0C5JKVZM5,,"HYZ Wine Openers Bulk 20-Pack for Bartender, Waiter Corkscrew-Black | Wine Keys for Servers, Commercial Grade Stainless Steel Double-Hinged Corkscrews with Foil Cutter",Home & Kitchen > Kitchen & Dining > Kitchen Utensils & Gadgets > Bar & Wine Tools > Corkscrews & Openers > Waiter Corkscrews,US,43.99,12.32,3.52,7.73,0.15,233.0,97.0,4.6,0.55,10000,1.0,20.0,50,25.0,20.0,20.0,75,35,65.0,B,"observed:price,sales,reviews,rating,fba_fee; estimated:search_volume,cpc",estimated_default_costs,Imported from Sorftime; ASIN B0C5JKVZM5; brand HYZ
category:Waiter Corkscrews,13826001,Waiter Corkscrews,Home & Kitchen > Kitchen & Dining > Kitchen Utensils & Gadgets > Bar & Wine Tools > Corkscrews & Openers > Waiter Corkscrews,B0017HWIKK,,Winco 15' Stainless Steel 5-Compartment Condiment Holder,Home & Kitchen > Kitchen & Dining > Kitchen Utensils & Gadgets > Bar & Wine Tools > Corkscrews & Openers > Waiter Corkscrews,US,28.32,7.93,2.27,7.26,0.15,218.0,340.0,4.1,0.55,10000,1.0,20.0,50,25.0,20.0,20.0,75,35,65.0,B,"observed:price,sales,reviews,rating,fba_fee; estimated:search_volume,cpc",estimated_default_costs,Imported from Sorftime; ASIN B0017HWIKK; brand Winco
category:Wing Corkscrews,13826011,Wing Corkscrews,Home & Kitchen > Kitchen & Dining > Kitchen Utensils & Gadgets > Bar & Wine Tools > Corkscrews & Openers > Wing Corkscrews,B074V7FG49,,"OXO Steel Winged Corkscrew with Removable Foil Cutter | Wine Opener with Arms, Ergonomic Wings, Non-Stick Screw, Open Wine Bottles, Easy to Open, Barware",Home & Kitchen > Kitchen & Dining > Kitchen Utensils & Gadgets > Bar & Wine Tools > Corkscrews & Openers > Wing Corkscrews,US,29.9,8.37,2.39,4.88,0.15,795.0,1883.0,4.3,0.55,10000,1.0,20.0,50,25.0,20.0,20.0,75,35,65.0,B,"observed:price,sales,reviews,rating,fba_fee; estimated:search_volume,cpc",estimated_default_costs,Imported from Sorftime; ASIN B074V7FG49; brand OXO
category:Wine Stoppers,678499011,Wine Stoppers,Home & Kitchen > Kitchen & Dining > Kitchen Utensils & Gadgets > Bar & Wine Tools > Wine Stoppers & Pourers > Wine Stoppers,B0CNR8JB3C,,"10 Pcs Wine Bottle Stopper Set Kit, Resin Wine Bottle Stoppers Molds Set Accessories, Wine Stopper for Silicone Molds Epoxy Resin (Metal Gold)",Home & Kitchen > Kitchen & Dining > Kitchen Utensils & Gadgets > Bar & Wine Tools > Wine Stoppers & Pourers > Wine Stoppers,US,12.99,3.64,1.04,4.17,0.15,964.0,57.0,4.5,0.55,10000,1.0,20.0,50,25.0,20.0,20.0,75,35,65.0,B,"observed:price,sales,reviews,rating,fba_fee; estimated:search_volume,cpc",estimated_default_costs,Imported from Sorftime; ASIN B0CNR8JB3C; brand Jiofaviu
category:Wine Stoppers,678499011,Wine Stoppers,Home & Kitchen > Kitchen & Dining > Kitchen Utensils & Gadgets > Bar & Wine Tools > Wine Stoppers & Pourers > Wine Stoppers,B071GZM6SK,,"Repour Wine Saver and Stopper - Removes Oxygen, Preserving and Keeping Wine As Fresh As The Day The Bottle Was Opened (10-Pack)",Home & Kitchen > Kitchen & Dining > Kitchen Utensils & Gadgets > Bar & Wine Tools > Wine Stoppers & Pourers > Wine Stoppers,US,19.99,5.6,1.6,4.18,0.15,764.0,1072.0,4.2,0.55,10000,1.0,20.0,50,25.0,20.0,20.0,75,35,65.0,B,"observed:price,sales,reviews,rating,fba_fee; estimated:search_volume,cpc",estimated_default_costs,Imported from Sorftime; ASIN B071GZM6SK; brand Repour
category:Wine Stoppers,678499011,Wine Stoppers,Home & Kitchen > Kitchen & Dining > Kitchen Utensils & Gadgets > Bar & Wine Tools > Wine Stoppers & Pourers > Wine Stoppers,B07HYPPXC2,,"I-MART Pack of 6 Stainless Steel Champagne Stoppers, Prosecco, Sparkling Wine Bottle Stopper, Cork",Home & Kitchen > Kitchen & Dining > Kitchen Utensils & Gadgets > Bar & Wine Tools > Wine Stoppers & Pourers > Wine Stoppers,US,12.99,3.64,1.04,4.45,0.15,668.0,1249.0,4.5,0.55,10000,1.0,20.0,50,25.0,20.0,20.0,75,35,65.0,B,"observed:price,sales,reviews,rating,fba_fee; estimated:search_volume,cpc",estimated_default_costs,Imported from Sorftime; ASIN B07HYPPXC2; brand I-MART
category:Wine Stoppers,678499011,Wine Stoppers,Home & Kitchen > Kitchen & Dining > Kitchen Utensils & Gadgets > Bar & Wine Tools > Wine Stoppers & Pourers > Wine Stoppers,B0B9MKNG5W,,"WOTOR Champagne & Wine Bottle Stoppers, Champagne Cork, 6 Pack, Silver | Food Grade Silicone, Leak Proof Keep Fresh, Suitable for Wine, Champagne, Cava, Prosecco and Sparkling",Home & Kitchen > Kitchen & Dining > Kitchen Utensils & Gadgets > Bar & Wine Tools > Wine Stoppers & Pourers > Wine Stoppers,US,17.99,5.04,1.44,4.18,0.15,541.0,132.0,4.0,0.55,10000,1.0,20.0,50,25.0,20.0,20.0,75,35,65.0,B,"observed:price,sales,reviews,rating,fba_fee; estimated:search_volume,cpc",estimated_default_costs,Imported from Sorftime; ASIN B0B9MKNG5W; brand WOTOR
category:Wine Stoppers,678499011,Wine Stoppers,Home & Kitchen > Kitchen & Dining > Kitchen Utensils & Gadgets > Bar & Wine Tools > Wine Stoppers & Pourers > Wine Stoppers,B0BCG32BQX,,"Tessco for You 12 Pcs Stainless Steel Champagne Stoppers Bulk,Silver | Reusable Sealer Keeps Bubbles Fresh, Fits Prosecco Sparkling Wine Bottles, Rust-proof Lock Design for Parties Weddings",Home & Kitchen > Kitchen & Dining > Kitchen Utensils & Gadgets > Bar & Wine Tools > Wine Stoppers & Pourers > Wine Stoppers,US,21.99,6.16,1.76,5.71,0.15,408.0,54.0,4.2,0.55,10000,1.0,20.0,50,25.0,20.0,20.0,75,35,65.0,B,"observed:price,sales,reviews,rating,fba_fee; estimated:search_volume,cpc",estimated_default_costs,Imported from Sorftime; ASIN B0BCG32BQX; brand Tessco for you
category:Wine Stoppers,678499011,Wine Stoppers,Home & Kitchen > Kitchen & Dining > Kitchen Utensils & Gadgets > Bar & Wine Tools > Wine Stoppers & Pourers > Wine Stoppers,B00IULFU4C,,Corkcicle Air Wine Chiller and Pour-Through Aerator for Red and White Wine,Home & Kitchen > Kitchen & Dining > Kitchen Utensils & Gadgets > Bar & Wine Tools > Wine Stoppers & Pourers > Wine Stoppers,US,19.46,5.45,1.56,4.19,0.15,381.0,1012.0,4.4,0.55,10000,1.0,20.0,50,25.0,20.0,20.0,75,35,65.0,B,"observed:price,sales,reviews,rating,fba_fee; estimated:search_volume,cpc",estimated_default_costs,Imported from Sorftime; ASIN B00IULFU4C; brand Corkcicle
category:Wine Stoppers,678499011,Wine Stoppers,Home & Kitchen > Kitchen & Dining > Kitchen Utensils & Gadgets > Bar & Wine Tools > Wine Stoppers & Pourers > Wine Stoppers,B09YHDSXGS,,"Wine Stopper 20 Pack, Reusable Decorative Bottle Stoppers",Home & Kitchen > Kitchen & Dining > Kitchen Utensils & Gadgets > Bar & Wine Tools > Wine Stoppers & Pourers > Wine Stoppers,US,20.99,5.88,1.68,4.46,0.15,291.0,358.0,4.6,0.55,10000,1.0,20.0,50,25.0,20.0,20.0,75,35,65.0,B,"observed:price,sales,reviews,rating,fba_fee; estimated:search_volume,cpc",estimated_default_costs,Imported from Sorftime; ASIN B09YHDSXGS; brand Tengfy
category:Wine Stoppers,678499011,Wine Stoppers,Home & Kitchen > Kitchen & Dining > Kitchen Utensils & Gadgets > Bar & Wine Tools > Wine Stoppers & Pourers > Wine Stoppers,B0B6Q2SC2J,,"Barrel-Art Bourbon Stopper Display for Blanton‘s, Natural Metal Hoop | Reclaimed bourbon barrel stave cork display with metal hoop accents; holds all 8 horse stoppers. Stoppers not included",Home & Kitchen > Kitchen & Dining > Kitchen Utensils & Gadgets > Bar & Wine Tools > Wine Stoppers & Pourers > Wine Stoppers,US,69.99,19.6,5.6,11.09,0.15,252.0,128.0,4.6,0.55,10000,1.0,20.0,50,25.0,20.0,20.0,75,35,65.0,B,"observed:price,sales,reviews,rating,fba_fee; estimated:search_volume,cpc",estimated_default_costs,Imported from Sorftime; ASIN B0B6Q2SC2J; brand Barrel-Art
category:Electric Fondue Pots,17384862011,Electric Fondue Pots,Home & Kitchen > Kitchen & Dining > Kitchen Utensils & Gadgets > Cheese Tools > Fondue > Electric Fondue Pots,B0FJDZP6S7,,"LUSHYUM Electric Chocolate Melting Pot with 2 Insert Pots, 4-Cup Chocolate",Home & Kitchen > Kitchen & Dining > Kitchen Utensils & Gadgets > Cheese Tools > Fondue > Electric Fondue Pots,US,39.99,11.2,3.2,7.2,0.15,1129.0,661.0,4.5,0.55,10000,1.0,20.0,50,25.0,20.0,20.0,75,35,65.0,B,"observed:price,sales,reviews,rating,fba_fee; estimated:search_volume,cpc",estimated_default_costs,Imported from Sorftime; ASIN B0FJDZP6S7; brand LUSHYUM
category:Electric Fondue Pots,17384862011,Electric Fondue Pots,Home & Kitchen > Kitchen & Dining > Kitchen Utensils & Gadgets > Cheese Tools > Fondue > Electric Fondue Pots,B0D3GKD68G,,"2 in 1 Electric S’mores Maker & Fondue Pot, Tabletop Indoor Smores kit with 4 Roasting Forks, 4 Detachable Trays & 1 Flameless Temperature-controlled Heater, Movie Night Supplies & Housewarming Gifts",Home & Kitchen > Kitchen & Dining > Kitchen Utensils & Gadgets > Cheese Tools > Fondue > Electric Fondue Pots,US,35.99,10.08,2.88,8.32,0.15,908.0,1078.0,4.3,0.55,10000,1.0,20.0,50,25.0,20.0,20.0,75,35,65.0,B,"observed:price,sales,reviews,rating,fba_fee; estimated:search_volume,cpc",estimated_default_costs,Imported from Sorftime; ASIN B0D3GKD68G; brand CHOCOSMORE
category:Electric Fondue Pots,17384862011,Electric Fondue Pots,Home & Kitchen > Kitchen & Dining > Kitchen Utensils & Gadgets > Cheese Tools > Fondue > Electric Fondue Pots,B08GG9J4LV,,chocolate-fountains,Home & Kitchen > Kitchen & Dining > Kitchen Utensils & Gadgets > Cheese Tools > Fondue > Electric Fondue Pots,US,23.54,6.59,1.88,12.81,0.15,572.0,946.0,4.4,0.55,10000,1.0,20.0,50,25.0,20.0,20.0,75,35,65.0,B,"observed:price,sales,reviews,rating,fba_fee; estimated:search_volume,cpc",estimated_default_costs,Imported from Sorftime; ASIN B08GG9J4LV; brand Nostalgia
category:Electric Fondue Pots,17384862011,Electric Fondue Pots,Home & Kitchen > Kitchen & Dining > Kitchen Utensils & Gadgets > Cheese Tools > Fondue > Electric Fondue Pots,B0DS5W3HN9,,"Party Desserts Electric Smores Maker Tabletop Indoor Kit, Indoor Marshmallow Roaster, Smores Station with 4 Compartment Trays & 4 Forks, Great Gift for Adults and Kids in Holidays and Parties (Brown)",Home & Kitchen > Kitchen & Dining > Kitchen Utensils & Gadgets > Cheese Tools > Fondue > Electric Fondue Pots,US,23.99,6.72,1.92,6.77,0.15,515.0,419.0,4.4,0.55,10000,1.0,20.0,50,25.0,20.0,20.0,75,35,65.0,B,"observed:price,sales,reviews,rating,fba_fee; estimated:search_volume,cpc",estimated_default_costs,Imported from Sorftime; ASIN B0DS5W3HN9; brand Party Desserts
category:Electric Fondue Pots,17384862011,Electric Fondue Pots,Home & Kitchen > Kitchen & Dining > Kitchen Utensils & Gadgets > Cheese Tools > Fondue > Electric Fondue Pots,B0DNVHQ1WP,,"Party Desserts Candy and Chocolate Melting Pot, Mini Electric Fondue Pot, Melts Candy Chocolate in a Couple of Minutes, Ideal for Cake Pops Cookies Cakes, 1 Cups, Single Pot, Gray",Home & Kitchen > Kitchen & Dining > Kitchen Utensils & Gadgets > Cheese Tools > Fondue > Electric Fondue Pots,US,23.99,6.72,1.92,6.21,0.15,477.0,237.0,4.3,0.55,10000,1.0,20.0,50,25.0,20.0,20.0,75,35,65.0,B,"observed:price,sales,reviews,rating,fba_fee; estimated:search_volume,cpc",estimated_default_costs,Imported from Sorftime; ASIN B0DNVHQ1WP; brand Party Desserts
category:Electric Fondue Pots,17384862011,Electric Fondue Pots,Home & Kitchen > Kitchen & Dining > Kitchen Utensils & Gadgets > Cheese Tools > Fondue > Electric Fondue Pots,B0G2N7HYBT,,"Kusini 2 in 1 Electric Fondue Set & Smores Maker Tabletop Indoor Kit with Removable Trays & 4 Skewers – Smores Station Chocolate Melting Pot - Unique Couple Gift Set Idea, Date & Movie Night Supplies",Home & Kitchen > Kitchen & Dining > Kitchen Utensils & Gadgets > Cheese Tools > Fondue > Electric Fondue Pots,US,29.99,8.4,2.4,7.92,0.15,380.0,219.0,4.2,0.55,10000,1.0,20.0,50,25.0,20.0,20.0,75,35,65.0,B,"observed:price,sales,reviews,rating,fba_fee; estimated:search_volume,cpc",estimated_default_costs,Imported from Sorftime; ASIN B0G2N7HYBT; brand Kusini
category:Electric Fondue Pots,17384862011,Electric Fondue Pots,Home & Kitchen > Kitchen & Dining > Kitchen Utensils & Gadgets > Cheese Tools > Fondue > Electric Fondue Pots,B0CJ4YP9MC,,"Party Desserts Candy and Chocolate Melting Pot with 2 Pots, Mini Electric Fondue Pot, Melts Candy Chocolate in a Couple of Minutes, Ideal for Cake Pops Cookies Cakes, 2.5 Cups, Aqua",Home & Kitchen > Kitchen & Dining > Kitchen Utensils & Gadgets > Cheese Tools > Fondue > Electric Fondue Pots,US,25.99,7.28,2.08,6.78,0.15,340.0,436.0,4.2,0.55,10000,1.0,20.0,50,25.0,20.0,20.0,75,35,65.0,B,"observed:price,sales,reviews,rating,fba_fee; estimated:search_volume,cpc",estimated_default_costs,Imported from Sorftime; ASIN B0CJ4YP9MC; brand Party Desserts
category:Electric Fondue Pots,17384862011,Electric Fondue Pots,Home & Kitchen > Kitchen & Dining > Kitchen Utensils & Gadgets > Cheese Tools > Fondue > Electric Fondue Pots,B0H3JTTJXQ,,"Electric Chocolate Melting Pot with Accessories & 2 BPA-Free Insert Pots | Fast Melt & Heat Hold, Full Accessories, Easy Cleanup, Ideal for Chocolate & Candy Melts, Family Parties, Movie & Game Nights",Home & Kitchen > Kitchen & Dining > Kitchen Utensils & Gadgets > Cheese Tools > Fondue > Electric Fondue Pots,US,39.97,11.19,3.2,8.12,0.15,248.0,20.0,4.4,0.55,10000,1.0,20.0,50,25.0,20.0,20.0,75,35,65.0,B,"observed:price,sales,reviews,rating,fba_fee; estimated:search_volume,cpc",estimated_default_costs,Imported from Sorftime; ASIN B0H3JTTJXQ; brand WcoDusak
category:Pots & Sets,17384864011,Pots & Sets,Home & Kitchen > Kitchen & Dining > Kitchen Utensils & Gadgets > Cheese Tools > Fondue > Pots & Sets,B0CY6NR727,,"Nostalgia Electric Fondue Party Set – 10 oz Melting Pot, 4 Roasting Forks, & Detachable Serving Tray – Melted Cheese, Chocolate, or Dessert – Perfect for Gifts, Parties, Date Night – Stainless Steel",Home & Kitchen > Kitchen & Dining > Kitchen Utensils & Gadgets > Cheese Tools > Fondue > Pots & Sets,US,29.99,8.4,2.4,7.84,0.15,572.0,946.0,4.4,0.55,10000,1.0,20.0,50,25.0,20.0,20.0,75,35,65.0,B,"observed:price,sales,reviews,rating,fba_fee; estimated:search_volume,cpc",estimated_default_costs,Imported from Sorftime; ASIN B0CY6NR727; brand Nostalgia
category:Pots & Sets,17384864011,Pots & Sets,Home & Kitchen > Kitchen & Dining > Kitchen Utensils & Gadgets > Cheese Tools > Fondue > Pots & Sets,B0CJKTBMZM,,"Nostalgia Electric Fondue Party Set – 10 oz Melting Pot, 4 Roasting Forks, & Detachable Serving Tray – Melted Cheese, Chocolate, or Dessert – Perfect for Gifts, Parties, Date Night – Black",Home & Kitchen > Kitchen & Dining > Kitchen Utensils & Gadgets > Cheese Tools > Fondue > Pots & Sets,US,19.99,5.6,1.6,7.92,0.15,433.0,789.0,4.5,0.55,10000,1.0,20.0,50,25.0,20.0,20.0,75,35,65.0,B,"observed:price,sales,reviews,rating,fba_fee; estimated:search_volume,cpc",estimated_default_costs,Imported from Sorftime; ASIN B0CJKTBMZM; brand Nostalgia
category:Pots & Sets,17384864011,Pots & Sets,Home & Kitchen > Kitchen & Dining > Kitchen Utensils & Gadgets > Cheese Tools > Fondue > Pots & Sets,B0G39H63BH,,"Honeydak Chocolate Fondue Mug with Fork ＆ Candle, 2 Set, Red, White",Home & Kitchen > Kitchen & Dining > Kitchen Utensils & Gadgets > Cheese Tools > Fondue > Pots & Sets,US,26.99,7.56,2.16,6.2,0.15,245.0,114.0,4.4,0.55,10000,1.0,20.0,50,25.0,20.0,20.0,75,35,65.0,B,"observed:price,sales,reviews,rating,fba_fee; estimated:search_volume,cpc",estimated_default_costs,Imported from Sorftime; ASIN B0G39H63BH; brand Honeydak
category:Corers,678502011,Corers,Home & Kitchen > Kitchen & Dining > Kitchen Utensils & Gadgets > Fruit & Vegetable Tools > Corers & Pitters > Corers,B0D1Y4B8DQ,,"5.5 Inch Extra Large 16-Slice Apple Corer, Heavy Duty Divider Wedger Cutter",Home & Kitchen > Kitchen & Dining > Kitchen Utensils & Gadgets > Fruit & Vegetable Tools > Corers & Pitters > Corers,US,17.99,5.04,1.44,4.9,0.15,887.0,579.0,4.5,0.55,10000,1.0,20.0,50,25.0,20.0,20.0,75,35,65.0,B,"observed:price,sales,reviews,rating,fba_fee; estimated:search_volume,cpc",estimated_default_costs,Imported from Sorftime; ASIN B0D1Y4B8DQ; brand LIIGEMI
category:Corers,678502011,Corers,Home & Kitchen > Kitchen & Dining > Kitchen Utensils & Gadgets > Fruit & Vegetable Tools > Corers & Pitters > Corers,B0CR1FY7Y8,,"Homnoble Grape Cutter for Toddlers, Stainless Steel Fruit Slicer Tool | Dishwasher Safe Quarter Slicer For Cherry & Tomato, Perfect For Salads, Lunch Boxes & Baby-Led Weaning, Safe Kitchen Gadget",Home & Kitchen > Kitchen & Dining > Kitchen Utensils & Gadgets > Fruit & Vegetable Tools > Corers & Pitters > Corers,US,12.99,3.64,1.04,3.93,0.15,850.0,409.0,4.6,0.55,10000,1.0,20.0,50,25.0,20.0,20.0,75,35,65.0,B,"observed:price,sales,reviews,rating,fba_fee; estimated:search_volume,cpc",estimated_default_costs,Imported from Sorftime; ASIN B0CR1FY7Y8; brand Homnoble
category:Corers,678502011,Corers,Home & Kitchen > Kitchen & Dining > Kitchen Utensils & Gadgets > Fruit & Vegetable Tools > Corers & Pitters > Corers,B0DJQZXFFM,,"Apple Peeler Corer, 5 In 1 Apple Peeler Slicer Corer with Stainless Steel Blades and Powerful Suction Base for Apples and Potatoes(Ruby)",Home & Kitchen > Kitchen & Dining > Kitchen Utensils & Gadgets > Fruit & Vegetable Tools > Corers & Pitters > Corers,US,26.99,7.56,2.16,6.38,0.15,569.0,96.0,4.5,0.55,10000,1.0,20.0,50,25.0,20.0,20.0,75,35,65.0,B,"observed:price,sales,reviews,rating,fba_fee; estimated:search_volume,cpc",estimated_default_costs,Imported from Sorftime; ASIN B0DJQZXFFM; brand tatida
category:Corers,678502011,Corers,Home & Kitchen > Kitchen & Dining > Kitchen Utensils & Gadgets > Fruit & Vegetable Tools > Corers & Pitters > Corers,B09G5PWSBB,,"Apple Slicer, HEAVY DUTY Apple Corer, 12-Blade Stainless Steel Apple Cutter Divider Pitter ，Sturdy and Sharp",Home & Kitchen > Kitchen & Dining > Kitchen Utensils & Gadgets > Fruit & Vegetable Tools > Corers & Pitters > Corers,US,16.88,4.73,1.35,4.47,0.15,555.0,709.0,4.5,0.55,10000,1.0,20.0,50,25.0,20.0,20.0,75,35,65.0,B,"observed:price,sales,reviews,rating,fba_fee; estimated:search_volume,cpc",estimated_default_costs,Imported from Sorftime; ASIN B09G5PWSBB; brand YUEJUJJ
category:Corers,678502011,Corers,Home & Kitchen > Kitchen & Dining > Kitchen Utensils & Gadgets > Fruit & Vegetable Tools > Corers & Pitters > Corers,B08MFS3JW8,,"Zulay Kitchen Stainless Steel Jalapeno Corer & Seed Remover | 430 Stainless Steel Pepper Corer Tool with Serrated Blade for Effortless Deseeding, Pepper and Jalapenos for Cooking - Black",Home & Kitchen > Kitchen & Dining > Kitchen Utensils & Gadgets > Fruit & Vegetable Tools > Corers & Pitters > Corers,US,12.99,3.64,1.04,3.92,0.15,552.0,1579.0,4.5,0.55,10000,1.0,20.0,50,25.0,20.0,20.0,75,35,65.0,B,"observed:price,sales,reviews,rating,fba_fee; estimated:search_volume,cpc",estimated_default_costs,Imported from Sorftime; ASIN B08MFS3JW8; brand Zulay Kitchen
category:Corers,678502011,Corers,Home & Kitchen > Kitchen & Dining > Kitchen Utensils & Gadgets > Fruit & Vegetable Tools > Corers & Pitters > Corers,B0D3T6YB5M,,"OERPHO Pineapple Corer and Slicer, Stainless Steel Pineapple Cutter and Corer, Upgraded Pineapple Peeler and Apple Corer Tool with Pineapple Core Remover for Corer Tool Kitchen (Black)",Home & Kitchen > Kitchen & Dining > Kitchen Utensils & Gadgets > Fruit & Vegetable Tools > Corers & Pitters > Corers,US,15.99,4.48,1.28,4.9,0.15,430.0,373.0,4.6,0.55,10000,1.0,20.0,50,25.0,20.0,20.0,75,35,65.0,B,"observed:price,sales,reviews,rating,fba_fee; estimated:search_volume,cpc",estimated_default_costs,Imported from Sorftime; ASIN B0D3T6YB5M; brand OERPHO
category:Corers,678502011,Corers,Home & Kitchen > Kitchen & Dining > Kitchen Utensils & Gadgets > Fruit & Vegetable Tools > Corers & Pitters > Corers,B0H2PZHBHC,,"Double Barrel Grape Slicer for Baby, 2X Faster Cherry Tomato Cutter, Safe Fruit Cutter for Kids, Food Grade 304 Stainless Steel, BPA Free, Dishwasher Safe, Kitchen Gadget for Salad (blue)",Home & Kitchen > Kitchen & Dining > Kitchen Utensils & Gadgets > Fruit & Vegetable Tools > Corers & Pitters > Corers,US,12.99,3.64,1.04,4.18,0.15,351.0,19.0,4.5,0.55,10000,1.0,20.0,50,25.0,20.0,20.0,75,35,65.0,B,"observed:price,sales,reviews,rating,fba_fee; estimated:search_volume,cpc",estimated_default_costs,Imported from Sorftime; ASIN B0H2PZHBHC; brand IOYTX
category:Corers,678502011,Corers,Home & Kitchen > Kitchen & Dining > Kitchen Utensils & Gadgets > Fruit & Vegetable Tools > Corers & Pitters > Corers,B0CG94679C,,"Obsoorth Apple Slicer and Corer,12 Blades Stainless Steel Apple Corer | 2-in-1 Apple Corer and Slicer,Super Sharp Blades ,Evenly Apple Cutter,Stainless Steel Handle,Dishwasher Safe",Home & Kitchen > Kitchen & Dining > Kitchen Utensils & Gadgets > Fruit & Vegetable Tools > Corers & Pitters > Corers,US,13.99,3.92,1.12,4.46,0.15,336.0,217.0,4.4,0.55,10000,1.0,20.0,50,25.0,20.0,20.0,75,35,65.0,B,"observed:price,sales,reviews,rating,fba_fee; estimated:search_volume,cpc",estimated_default_costs,Imported from Sorftime; ASIN B0CG94679C; brand Obsoorth
category:Corers,678502011,Corers,Home & Kitchen > Kitchen & Dining > Kitchen Utensils & Gadgets > Fruit & Vegetable Tools > Corers & Pitters > Corers,B0GY37XGM3,,"YYP Heavy Duty 12-Blade Apple Slicer, Extra Large Stainless Steel Apple Cutter & Corer, Sharp, Easy to Use, Dishwasher Safe for Apples & Fruits",Home & Kitchen > Kitchen & Dining > Kitchen Utensils & Gadgets > Fruit & Vegetable Tools > Corers & Pitters > Corers,US,15.79,4.42,1.26,4.88,0.15,328.0,126.0,4.6,0.55,10000,1.0,20.0,50,25.0,20.0,20.0,75,35,65.0,B,"observed:price,sales,reviews,rating,fba_fee; estimated:search_volume,cpc",estimated_default_costs,Imported from Sorftime; ASIN B0GY37XGM3; brand YYP
category:Corers,678502011,Corers,Home & Kitchen > Kitchen & Dining > Kitchen Utensils & Gadgets > Fruit & Vegetable Tools > Corers & Pitters > Corers,B0H2S25RT5,,"Double Barrel Grape Cutter for Toddlers, Slicer Tool for Fruits & Veggies | Cuts Two Grapes and Cherry Tomatoes into Safe Pieces for Easy Baby Meal Prep, Stainless Steel Toddler Food Slicer (White)",Home & Kitchen > Kitchen & Dining > Kitchen Utensils & Gadgets > Fruit & Vegetable Tools > Corers & Pitters > Corers,US,12.99,3.64,1.04,4.18,0.15,309.0,23.0,4.6,0.55,10000,1.0,20.0,50,25.0,20.0,20.0,75,35,65.0,B,"observed:price,sales,reviews,rating,fba_fee; estimated:search_volume,cpc",estimated_default_costs,Imported from Sorftime; ASIN B0H2S25RT5; brand Flowruibox
category:Corers,678502011,Corers,Home & Kitchen > Kitchen & Dining > Kitchen Utensils & Gadgets > Fruit & Vegetable Tools > Corers & Pitters > Corers,B01N9EPVTJ,,"NORPRO NOR-5133 Grip-Ez Fruit Wedger 16 Slice with BSE , White",Home & Kitchen > Kitchen & Dining > Kitchen Utensils & Gadgets > Fruit & Vegetable Tools > Corers & Pitters > Corers,US,13.91,3.89,1.11,5.29,0.15,300.0,1741.0,4.4,0.55,10000,1.0,20.0,50,25.0,20.0,20.0,75,35,65.0,B,"observed:price,sales,reviews,rating,fba_fee; estimated:search_volume,cpc",estimated_default_costs,Imported from Sorftime; ASIN B01N9EPVTJ; brand Norpro
category:Corers,678502011,Corers,Home & Kitchen > Kitchen & Dining > Kitchen Utensils & Gadgets > Fruit & Vegetable Tools > Corers & Pitters > Corers,B0H1HD68FM,,"OOKUU 5.12-In Extra Large Apple Slicer Corer, 16-Blade Cutter | Heavy-Duty Stainless Steel, Clear Catch Bowl, Safe Quick Cutting, Thin Even Slices, for Apples & Pears",Home & Kitchen > Kitchen & Dining > Kitchen Utensils & Gadgets > Fruit & Vegetable Tools > Corers & Pitters > Corers,US,29.99,8.4,2.4,5.94,0.15,287.0,460.0,4.3,0.55,10000,1.0,20.0,50,25.0,20.0,20.0,75,35,65.0,B,"observed:price,sales,reviews,rating,fba_fee; estimated:search_volume,cpc",estimated_default_costs,Imported from Sorftime; ASIN B0H1HD68FM; brand OOKUU
category:Corers,678502011,Corers,Home & Kitchen > Kitchen & Dining > Kitchen Utensils & Gadgets > Fruit & Vegetable Tools > Corers & Pitters > Corers,B0DHKMBJ7X,,"Cook Guy Multi-Purpose Veggie Drill - 4 Sizes Vegetable Corer Tool | Zucchini Corer & All-in-One Vegetable Corer for Potatoes, Carrots | Ergonomic Anti-Slip Handle",Home & Kitchen > Kitchen & Dining > Kitchen Utensils & Gadgets > Fruit & Vegetable Tools > Corers & Pitters > Corers,US,15.99,4.48,1.28,4.18,0.15,276.0,43.0,3.8,0.55,10000,1.0,20.0,50,25.0,20.0,20.0,75,35,65.0,B,"observed:price,sales,reviews,rating,fba_fee; estimated:search_volume,cpc",estimated_default_costs,Imported from Sorftime; ASIN B0DHKMBJ7X; brand Cook Guy
category:Corers,678502011,Corers,Home & Kitchen > Kitchen & Dining > Kitchen Utensils & Gadgets > Fruit & Vegetable Tools > Corers & Pitters > Corers,B0FN4KCLZN,,"5 Pcs Tomato Tool, Apple Corer, Bell Pepper Corer, Pepper Corer Seed Remover Tool, Red and Stainless Steel Corers for Fruits and Vegetables, Easy to Use and Clean",Home & Kitchen > Kitchen & Dining > Kitchen Utensils & Gadgets > Fruit & Vegetable Tools > Corers & Pitters > Corers,US,12.99,3.64,1.04,3.26,0.15,266.0,21.0,4.6,0.55,10000,1.0,20.0,50,25.0,20.0,20.0,75,35,65.0,B,"observed:price,sales,reviews,rating,fba_fee; estimated:search_volume,cpc",estimated_default_costs,Imported from Sorftime; ASIN B0FN4KCLZN; brand ZHLKHIOP
category:Corers,678502011,Corers,Home & Kitchen > Kitchen & Dining > Kitchen Utensils & Gadgets > Fruit & Vegetable Tools > Corers & Pitters > Corers,B0DYK141M6,,"Fullstar Apple Slicer & Corer with Built-In Container | 2-Blade Fruit Cutter, 8 Slices & Soft Fruit Slicer Attachment, Heavy Duty Stainless Steel, & Mess-Free Meal Prep",Home & Kitchen > Kitchen & Dining > Kitchen Utensils & Gadgets > Fruit & Vegetable Tools > Corers & Pitters > Corers,US,16.99,4.76,1.36,10.04,0.15,262.0,124.0,4.2,0.55,10000,1.0,20.0,50,25.0,20.0,20.0,75,35,65.0,B,"observed:price,sales,reviews,rating,fba_fee; estimated:search_volume,cpc",estimated_default_costs,Imported from Sorftime; ASIN B0DYK141M6; brand fullstar
category:Corers,678502011,Corers,Home & Kitchen > Kitchen & Dining > Kitchen Utensils & Gadgets > Fruit & Vegetable Tools > Corers & Pitters > Corers,B0FS1RPSQ4,,"Tomato Slicer Tool Slicer Vegetable Cutter Slicer Vegetable Cutter Home Use | Stainless Steel Fruit Slicer Dedicated,Tomato Slicing Tool Portable,Easy Work for Hamburger Salad Tomato Cutter",Home & Kitchen > Kitchen & Dining > Kitchen Utensils & Gadgets > Fruit & Vegetable Tools > Corers & Pitters > Corers,US,17.99,5.04,1.44,3.46,0.15,248.0,113.0,4.0,0.55,10000,1.0,20.0,50,25.0,20.0,20.0,75,35,65.0,B,"observed:price,sales,reviews,rating,fba_fee; estimated:search_volume,cpc",estimated_default_costs,Imported from Sorftime; ASIN B0FS1RPSQ4; brand QUJIFETU
category:Corers,678502011,Corers,Home & Kitchen > Kitchen & Dining > Kitchen Utensils & Gadgets > Fruit & Vegetable Tools > Corers & Pitters > Corers,B09V12NF18,,"OOKUU Apple Slicer Corer, [Large Size] 8-Blade Heavy Duty Apple Cutter with Base, [Upgraded] Cut Apples All The Way Through, Stainless Steel Ultra-Sharp Blade, Fruit & Vegetable Divider, Wedger, Red",Home & Kitchen > Kitchen & Dining > Kitchen Utensils & Gadgets > Fruit & Vegetable Tools > Corers & Pitters > Corers,US,21.59,6.05,1.73,4.89,0.15,227.0,815.0,4.3,0.55,10000,1.0,20.0,50,25.0,20.0,20.0,75,35,65.0,B,"observed:price,sales,reviews,rating,fba_fee; estimated:search_volume,cpc",estimated_default_costs,Imported from Sorftime; ASIN B09V12NF18; brand OOKUU
category:Corers,678502011,Corers,Home & Kitchen > Kitchen & Dining > Kitchen Utensils & Gadgets > Fruit & Vegetable Tools > Corers & Pitters > Corers,B09WCX53MS,,"OOKUU Pineapple Corer Cutter, Stainless Steel Fruit Pineapple Peeler Slicer [Upgraded, Reinforced, Thicker Blade], Pineapple Core Remover with Measure Mark, Kitchen Tool for Diced Pineapple Rings",Home & Kitchen > Kitchen & Dining > Kitchen Utensils & Gadgets > Fruit & Vegetable Tools > Corers & Pitters > Corers,US,22.98,6.43,1.84,4.47,0.15,211.0,1128.0,4.6,0.55,10000,1.0,20.0,50,25.0,20.0,20.0,75,35,65.0,B,"observed:price,sales,reviews,rating,fba_fee; estimated:search_volume,cpc",estimated_default_costs,Imported from Sorftime; ASIN B09WCX53MS; brand OOKUU
category:Pitters,678503011,Pitters,Home & Kitchen > Kitchen & Dining > Kitchen Utensils & Gadgets > Fruit & Vegetable Tools > Corers & Pitters > Pitters,B0G2YS569P,,Cherry Pitter - Makmzoon Multi Cherries Corer Stainless Steel Pitter Tool Making Cherry Jam - 7 Cherries,Home & Kitchen > Kitchen & Dining > Kitchen Utensils & Gadgets > Fruit & Vegetable Tools > Corers & Pitters > Pitters,US,12.99,3.64,1.04,4.47,0.15,3564.0,522.0,4.2,0.55,10000,1.0,20.0,50,25.0,20.0,20.0,75,35,65.0,B,"observed:price,sales,reviews,rating,fba_fee; estimated:search_volume,cpc",estimated_default_costs,Imported from Sorftime; ASIN B0G2YS569P; brand Makmzoon
category:Pitters,678503011,Pitters,Home & Kitchen > Kitchen & Dining > Kitchen Utensils & Gadgets > Fruit & Vegetable Tools > Corers & Pitters > Pitters,B0F27LFLMZ,,"Cherry Pitter for 6 Cherries, ABS Hand Press with Removable Tray | 6-cherry pitting, ABS body, removable tray, easy rinse, for jam pie canning",Home & Kitchen > Kitchen & Dining > Kitchen Utensils & Gadgets > Fruit & Vegetable Tools > Corers & Pitters > Pitters,US,12.99,3.64,1.04,3.54,0.15,411.0,165.0,4.4,0.55,10000,1.0,20.0,50,25.0,20.0,20.0,75,35,65.0,B,"observed:price,sales,reviews,rating,fba_fee; estimated:search_volume,cpc",estimated_default_costs,Imported from Sorftime; ASIN B0F27LFLMZ; brand Jux Yagom
category:Pitters,678503011,Pitters,Home & Kitchen > Kitchen & Dining > Kitchen Utensils & Gadgets > Fruit & Vegetable Tools > Corers & Pitters > Pitters,B09RQ3ZZLN,,"OXO Good Grips Peach Pitter | Sharp Stainless Steel Blades Cleanly Remove Pits, Ideal for Peaches & Nectarines, Non-Slip Grip",Home & Kitchen > Kitchen & Dining > Kitchen Utensils & Gadgets > Fruit & Vegetable Tools > Corers & Pitters > Pitters,US,12.95,3.63,1.04,4.48,0.15,403.0,490.0,4.6,0.55,10000,1.0,20.0,50,25.0,20.0,20.0,75,35,65.0,B,"observed:price,sales,reviews,rating,fba_fee; estimated:search_volume,cpc",estimated_default_costs,Imported from Sorftime; ASIN B09RQ3ZZLN; brand OXO
category:Pitters,678503011,Pitters,Home & Kitchen > Kitchen & Dining > Kitchen Utensils & Gadgets > Fruit & Vegetable Tools > Corers & Pitters > Pitters,B01HL6OBN2,,"Cherry Pitter Tool Pit Remover with Locking Mechanism | Cherry Picker | Cherry Seed Remover for Baking, Olive Pitter Kitchen Accessories | Cherry Pitters Machine for Making Fresh Cherry Dishes",Home & Kitchen > Kitchen & Dining > Kitchen Utensils & Gadgets > Fruit & Vegetable Tools > Corers & Pitters > Pitters,US,13.99,3.92,1.12,4.18,0.15,357.0,1326.0,4.5,0.55,10000,1.0,20.0,50,25.0,20.0,20.0,75,35,65.0,B,"observed:price,sales,reviews,rating,fba_fee; estimated:search_volume,cpc",estimated_default_costs,Imported from Sorftime; ASIN B01HL6OBN2; brand ProTensils
category:Pitters,678503011,Pitters,Home & Kitchen > Kitchen & Dining > Kitchen Utensils & Gadgets > Fruit & Vegetable Tools > Corers & Pitters > Pitters,B0D9XPJMZ9,,"Zattic Cherry Pitter, 304 Stainless Steel Cherry Pit Remover and Corer for Large & Small Cherries, Heavy Duty, Dishwasher-Safe, Time-Saving, Effortless to Use Cherry Stoner (Press-Type)",Home & Kitchen > Kitchen & Dining > Kitchen Utensils & Gadgets > Fruit & Vegetable Tools > Corers & Pitters > Pitters,US,15.99,4.48,1.28,4.46,0.15,234.0,125.0,4.3,0.55,10000,1.0,20.0,50,25.0,20.0,20.0,75,35,65.0,B,"observed:price,sales,reviews,rating,fba_fee; estimated:search_volume,cpc",estimated_default_costs,Imported from Sorftime; ASIN B0D9XPJMZ9; brand Zattic
category:Potato Mashers,678504011,Potato Mashers,Home & Kitchen > Kitchen & Dining > Kitchen Utensils & Gadgets > Fruit & Vegetable Tools > Potato Mashers & Ricers > Potato Mashers,B07YZ7Q7VG,,"LHS Stainless Steel Potato Ricer and Masher, Heavy Duty Commercial Food Masher, Ergonomic Comfort Grip, Extra Large Capacity, Dishwasher Safe (Black)",Home & Kitchen > Kitchen & Dining > Kitchen Utensils & Gadgets > Fruit & Vegetable Tools > Potato Mashers & Ricers > Potato Mashers,US,19.99,5.6,1.6,6.37,0.15,1043.0,2219.0,4.5,0.55,10000,1.0,20.0,50,25.0,20.0,20.0,75,35,65.0,B,"observed:price,sales,reviews,rating,fba_fee; estimated:search_volume,cpc",estimated_default_costs,Imported from Sorftime; ASIN B07YZ7Q7VG; brand LHS
category:Potato Mashers,678504011,Potato Mashers,Home & Kitchen > Kitchen & Dining > Kitchen Utensils & Gadgets > Fruit & Vegetable Tools > Potato Mashers & Ricers > Potato Mashers,B0F7XCV6CQ,,"Stainless Steel Meat Chopper, Stainless Steel Meat Masher, 11 Inch, Ground Beef Chopper Tool, Metal Meat Masher, Ground Meat Smasher, Hamburger Smasher Tool",Home & Kitchen > Kitchen & Dining > Kitchen Utensils & Gadgets > Fruit & Vegetable Tools > Potato Mashers & Ricers > Potato Mashers,US,13.99,3.92,1.12,4.45,0.15,869.0,193.0,4.6,0.55,10000,1.0,20.0,50,25.0,20.0,20.0,75,35,65.0,B,"observed:price,sales,reviews,rating,fba_fee; estimated:search_volume,cpc",estimated_default_costs,Imported from Sorftime; ASIN B0F7XCV6CQ; brand ANZIUS
category:Potato Mashers,678504011,Potato Mashers,Home & Kitchen > Kitchen & Dining > Kitchen Utensils & Gadgets > Fruit & Vegetable Tools > Potato Mashers & Ricers > Potato Mashers,B0GJMTP5NB,,"Meat Masher, 6 Blade Stainless Steel Ground Beef Chopper Kitchen Tool",Home & Kitchen > Kitchen & Dining > Kitchen Utensils & Gadgets > Fruit & Vegetable Tools > Potato Mashers & Ricers > Potato Mashers,US,14.93,4.18,1.19,4.47,0.15,559.0,70.0,4.4,0.55,10000,1.0,20.0,50,25.0,20.0,20.0,75,35,65.0,B,"observed:price,sales,reviews,rating,fba_fee; estimated:search_volume,cpc",estimated_default_costs,Imported from Sorftime; ASIN B0GJMTP5NB; brand UNAYMIDY
category:Potato Mashers,678504011,Potato Mashers,Home & Kitchen > Kitchen & Dining > Kitchen Utensils & Gadgets > Fruit & Vegetable Tools > Potato Mashers & Ricers > Potato Mashers,B0GWGTHPRM,,"Wooden Meat Chopper,Ground Meat Masher,Beef Masher,Hamburger Masher,Potato and Bean Masher,Chicken and Beef Shredder,Multi-Use Wood Meat Separator and Long-lasting Kitchen Utensil",Home & Kitchen > Kitchen & Dining > Kitchen Utensils & Gadgets > Fruit & Vegetable Tools > Potato Mashers & Ricers > Potato Mashers,US,15.99,4.48,1.28,4.19,0.15,471.0,32.0,4.5,0.55,10000,1.0,20.0,50,25.0,20.0,20.0,75,35,65.0,B,"observed:price,sales,reviews,rating,fba_fee; estimated:search_volume,cpc",estimated_default_costs,Imported from Sorftime; ASIN B0GWGTHPRM; brand penicfine
category:Potato Mashers,678504011,Potato Mashers,Home & Kitchen > Kitchen & Dining > Kitchen Utensils & Gadgets > Fruit & Vegetable Tools > Potato Mashers & Ricers > Potato Mashers,B08JTYT5ZR,,"KSENDALO Potato Masher - Non-Scratch Food Masher Kitchen Tool with Thick Nylon Blade, Manual Mashing for Vegetables/Beans, Home Kitchen Essential, Black",Home & Kitchen > Kitchen & Dining > Kitchen Utensils & Gadgets > Fruit & Vegetable Tools > Potato Mashers & Ricers > Potato Mashers,US,12.99,3.64,1.04,5.36,0.15,394.0,685.0,4.6,0.55,10000,1.0,20.0,50,25.0,20.0,20.0,75,35,65.0,B,"observed:price,sales,reviews,rating,fba_fee; estimated:search_volume,cpc",estimated_default_costs,Imported from Sorftime; ASIN B08JTYT5ZR; brand KSENDALO
category:Potato Mashers,678504011,Potato Mashers,Home & Kitchen > Kitchen & Dining > Kitchen Utensils & Gadgets > Fruit & Vegetable Tools > Potato Mashers & Ricers > Potato Mashers,B0H12HW2H1,,"Wooden Meat Masher, Acacia Wood Meat Chopper for Ground Beef, 11 Inch Hamburger Smasher Tool, Manual Burger Potato Masher Kitchen Gadgets",Home & Kitchen > Kitchen & Dining > Kitchen Utensils & Gadgets > Fruit & Vegetable Tools > Potato Mashers & Ricers > Potato Mashers,US,17.99,5.04,1.44,4.47,0.15,392.0,37.0,4.5,0.55,10000,1.0,20.0,50,25.0,20.0,20.0,75,35,65.0,B,"observed:price,sales,reviews,rating,fba_fee; estimated:search_volume,cpc",estimated_default_costs,Imported from Sorftime; ASIN B0H12HW2H1; brand HISKRAD
category:Potato Mashers,678504011,Potato Mashers,Home & Kitchen > Kitchen & Dining > Kitchen Utensils & Gadgets > Fruit & Vegetable Tools > Potato Mashers & Ricers > Potato Mashers,B09RDD338M,,"GIR: Get It Right Premium Silicone Quad Meat Chopper with 4 Blade Design - Kitchen Tools Meat Smasher for Ground beef, Potato Mash and Hamburger - Ultimate - 12 IN, Black",Home & Kitchen > Kitchen & Dining > Kitchen Utensils & Gadgets > Fruit & Vegetable Tools > Potato Mashers & Ricers > Potato Mashers,US,18.99,5.32,1.52,5.76,0.15,353.0,217.0,4.6,0.55,10000,1.0,20.0,50,25.0,20.0,20.0,75,35,65.0,B,"observed:price,sales,reviews,rating,fba_fee; estimated:search_volume,cpc",estimated_default_costs,Imported from Sorftime; ASIN B09RDD338M; brand GIR
category:Potato Mashers,678504011,Potato Mashers,Home & Kitchen > Kitchen & Dining > Kitchen Utensils & Gadgets > Fruit & Vegetable Tools > Potato Mashers & Ricers > Potato Mashers,B0CQ2K5G8R,,"Brigii Potato Masher, Aluminum Alloy Potato Ricer, Wooden Handle Press | Food-grade aluminum alloy, non-stick coating, dual arc design, oak handle, ergonomic, potatoes, squash, carrots, bananas",Home & Kitchen > Kitchen & Dining > Kitchen Utensils & Gadgets > Fruit & Vegetable Tools > Potato Mashers & Ricers > Potato Mashers,US,16.99,4.76,1.36,4.89,0.15,281.0,304.0,4.4,0.55,10000,1.0,20.0,50,25.0,20.0,20.0,75,35,65.0,B,"observed:price,sales,reviews,rating,fba_fee; estimated:search_volume,cpc",estimated_default_costs,Imported from Sorftime; ASIN B0CQ2K5G8R; brand Brigii
category:Potato Mashers,678504011,Potato Mashers,Home & Kitchen > Kitchen & Dining > Kitchen Utensils & Gadgets > Fruit & Vegetable Tools > Potato Mashers & Ricers > Potato Mashers,B0GFCF7MVS,,Stainless Steel Meat Masher: Ground Beef Chopper Hamburger Smasher Tool,Home & Kitchen > Kitchen & Dining > Kitchen Utensils & Gadgets > Fruit & Vegetable Tools > Potato Mashers & Ricers > Potato Mashers,US,16.95,4.75,1.36,4.39,0.15,276.0,85.0,4.6,0.55,10000,1.0,20.0,50,25.0,20.0,20.0,75,35,65.0,B,"observed:price,sales,reviews,rating,fba_fee; estimated:search_volume,cpc",estimated_default_costs,Imported from Sorftime; ASIN B0GFCF7MVS; brand Gogeffor
category:Potato Mashers,678504011,Potato Mashers,Home & Kitchen > Kitchen & Dining > Kitchen Utensils & Gadgets > Fruit & Vegetable Tools > Potato Mashers & Ricers > Potato Mashers,B0F3X6XT5D,,"Heavy Duty Potato Ricer, Large 22oz Potato Masher, Stainless Steel Press and Mash Kitchen Gadget for Mashed Potatoes, Spaetzle Maker with Silicone Handle",Home & Kitchen > Kitchen & Dining > Kitchen Utensils & Gadgets > Fruit & Vegetable Tools > Potato Mashers & Ricers > Potato Mashers,US,17.99,5.04,1.44,6.22,0.15,250.0,311.0,4.5,0.55,10000,1.0,20.0,50,25.0,20.0,20.0,75,35,65.0,B,"observed:price,sales,reviews,rating,fba_fee; estimated:search_volume,cpc",estimated_default_costs,Imported from Sorftime; ASIN B0F3X6XT5D; brand JETONN
category:Potato Mashers,678504011,Potato Mashers,Home & Kitchen > Kitchen & Dining > Kitchen Utensils & Gadgets > Fruit & Vegetable Tools > Potato Mashers & Ricers > Potato Mashers,B0GRG25QD6,,304 Stainless Steel Meat Masher 11 Inch 6 Blade,Home & Kitchen > Kitchen & Dining > Kitchen Utensils & Gadgets > Fruit & Vegetable Tools > Potato Mashers & Ricers > Potato Mashers,US,14.99,4.2,1.2,4.89,0.15,216.0,25.0,4.6,0.55,10000,1.0,20.0,50,25.0,20.0,20.0,75,35,65.0,B,"observed:price,sales,reviews,rating,fba_fee; estimated:search_volume,cpc",estimated_default_costs,Imported from Sorftime; ASIN B0GRG25QD6; brand Twokylin
category:Potato Ricers,678505011,Potato Ricers,Home & Kitchen > Kitchen & Dining > Kitchen Utensils & Gadgets > Fruit & Vegetable Tools > Potato Mashers & Ricers > Potato Ricers,B0D5D2DPP7,,"LHS Stainless Steel Potato Ricer and Masher, Heavy Duty Commercial Food Masher, Ergonomic Comfort Grip, Extra Large Capacity, Dishwasher Safe (Orange)",Home & Kitchen > Kitchen & Dining > Kitchen Utensils & Gadgets > Fruit & Vegetable Tools > Potato Mashers & Ricers > Potato Ricers,US,19.99,5.6,1.6,6.37,0.15,1043.0,2219.0,4.5,0.55,10000,1.0,20.0,50,25.0,20.0,20.0,75,35,65.0,B,"observed:price,sales,reviews,rating,fba_fee; estimated:search_volume,cpc",estimated_default_costs,Imported from Sorftime; ASIN B0D5D2DPP7; brand LHS
category:Potato Ricers,678505011,Potato Ricers,Home & Kitchen > Kitchen & Dining > Kitchen Utensils & Gadgets > Fruit & Vegetable Tools > Potato Mashers & Ricers > Potato Ricers,B08F5KCTSL,,"Zulay Kitchen Large 15oz Potato Ricer, Heavy Duty Stainless Steel Potato Masher and Ricer for Mashed Potatoes, Mashed Potato Masher & Potato Press Kitchen Gadget for Perfect Mashed Potatoes",Home & Kitchen > Kitchen & Dining > Kitchen Utensils & Gadgets > Fruit & Vegetable Tools > Potato Mashers & Ricers > Potato Ricers,US,19.99,5.6,1.6,6.37,0.15,626.0,1613.0,4.6,0.55,10000,1.0,20.0,50,25.0,20.0,20.0,75,35,65.0,B,"observed:price,sales,reviews,rating,fba_fee; estimated:search_volume,cpc",estimated_default_costs,Imported from Sorftime; ASIN B08F5KCTSL; brand Zulay Kitchen
category:Potato Ricers,678505011,Potato Ricers,Home & Kitchen > Kitchen & Dining > Kitchen Utensils & Gadgets > Fruit & Vegetable Tools > Potato Mashers & Ricers > Potato Ricers,B0G3NZ1NTN,,"SPEENSUN Potato Ricer, 22oz Large Capacity, Heavy Duty Stainless Steel | Detachable Masher Press for Lump-Free Mash, Soft Grip, Dishwasher Safe, Ideal for Baby Food, Veggies & Fruit Juices",Home & Kitchen > Kitchen & Dining > Kitchen Utensils & Gadgets > Fruit & Vegetable Tools > Potato Mashers & Ricers > Potato Ricers,US,14.99,4.2,1.2,6.22,0.15,453.0,160.0,4.1,0.55,10000,1.0,20.0,50,25.0,20.0,20.0,75,35,65.0,B,"observed:price,sales,reviews,rating,fba_fee; estimated:search_volume,cpc",estimated_default_costs,Imported from Sorftime; ASIN B0G3NZ1NTN; brand SPEENSUN
category:Potato Ricers,678505011,Potato Ricers,Home & Kitchen > Kitchen & Dining > Kitchen Utensils & Gadgets > Fruit & Vegetable Tools > Potato Mashers & Ricers > Potato Ricers,B0G1525Q5L,,"Minteem Large 15oz Potato Ricer for Mashed Potatoes, Heavy Duty 18/8 Stainless Steel Potato Masher for Baby Food & Spaetzle Maker, Masher and Ricer Kitchen Tool, Press and Mash Kitchen Gadget, Black",Home & Kitchen > Kitchen & Dining > Kitchen Utensils & Gadgets > Fruit & Vegetable Tools > Potato Mashers & Ricers > Potato Ricers,US,14.97,4.19,1.2,6.21,0.15,442.0,97.0,4.3,0.55,10000,1.0,20.0,50,25.0,20.0,20.0,75,35,65.0,B,"observed:price,sales,reviews,rating,fba_fee; estimated:search_volume,cpc",estimated_default_costs,Imported from Sorftime; ASIN B0G1525Q5L; brand Minteem
category:Potato Ricers,678505011,Potato Ricers,Home & Kitchen > Kitchen & Dining > Kitchen Utensils & Gadgets > Fruit & Vegetable Tools > Potato Mashers & Ricers > Potato Ricers,B0DPWTT7BJ,,"AHFLRITO Potato ricer, Heavy Duty Ricer for Mashed Potatoes, Large Potato Masher Stainless Steel with Ergonomic Handle, Efficiently for Fluffy Mashed Potatoes",Home & Kitchen > Kitchen & Dining > Kitchen Utensils & Gadgets > Fruit & Vegetable Tools > Potato Mashers & Ricers > Potato Ricers,US,15.99,4.48,1.28,6.22,0.15,439.0,279.0,4.4,0.55,10000,1.0,20.0,50,25.0,20.0,20.0,75,35,65.0,B,"observed:price,sales,reviews,rating,fba_fee; estimated:search_volume,cpc",estimated_default_costs,Imported from Sorftime; ASIN B0DPWTT7BJ; brand AHFLRITO
category:Potato Ricers,678505011,Potato Ricers,Home & Kitchen > Kitchen & Dining > Kitchen Utensils & Gadgets > Fruit & Vegetable Tools > Potato Mashers & Ricers > Potato Ricers,B0DS11ZSKX,,"Meat Chopper for Hamburger, Premium Heat Resistant Masher and Smasher for Ground Beef, Ground Turkey and More, Nylon Ground Beef Chopper Tool and Meat Fork, Non Stick Mix (black)",Home & Kitchen > Kitchen & Dining > Kitchen Utensils & Gadgets > Fruit & Vegetable Tools > Potato Mashers & Ricers > Potato Ricers,US,14.0,3.92,1.12,4.47,0.15,348.0,36.0,4.4,0.55,10000,1.0,85,50,25.0,20.0,20.0,75,35,65.0,B,"observed:price,sales,reviews,rating,fba_fee; estimated:search_volume,cpc",estimated_default_costs,Imported from Sorftime; ASIN B0DS11ZSKX; brand liboyixi
category:Potato Ricers,678505011,Potato Ricers,Home & Kitchen > Kitchen & Dining > Kitchen Utensils & Gadgets > Fruit & Vegetable Tools > Potato Mashers & Ricers > Potato Ricers,B007ME4WLK,,OXO Good Grips 3-in-1 Adjustable Potato Ricer,Home & Kitchen > Kitchen & Dining > Kitchen Utensils & Gadgets > Fruit & Vegetable Tools > Potato Mashers & Ricers > Potato Ricers,US,39.95,11.19,3.2,8.31,0.15,290.0,1581.0,4.6,0.55,10000,1.0,20.0,50,25.0,20.0,20.0,75,35,65.0,B,"observed:price,sales,reviews,rating,fba_fee; estimated:search_volume,cpc",estimated_default_costs,Imported from Sorftime; ASIN B007ME4WLK; brand OXO
category:Potato Ricers,678505011,Potato Ricers,Home & Kitchen > Kitchen & Dining > Kitchen Utensils & Gadgets > Fruit & Vegetable Tools > Potato Mashers & Ricers > Potato Ricers,B0DW242PJQ,,"Havenity Large 15oz Potato Ricer with 3 Discs - Heavy Duty Stainless Steel Potato Masher and Ricer for Mashed Potatoes | Non Slip Baby Food Squeezer, Kitchen Gadget Tool for Food Press & Food Mill",Home & Kitchen > Kitchen & Dining > Kitchen Utensils & Gadgets > Fruit & Vegetable Tools > Potato Mashers & Ricers > Potato Ricers,US,21.98,6.15,1.76,6.22,0.15,257.0,122.0,4.3,0.55,10000,1.0,20.0,50,25.0,20.0,20.0,75,35,65.0,B,"observed:price,sales,reviews,rating,fba_fee; estimated:search_volume,cpc",estimated_default_costs,Imported from Sorftime; ASIN B0DW242PJQ; brand Havenity
category:Potato Ricers,678505011,Potato Ricers,Home & Kitchen > Kitchen & Dining > Kitchen Utensils & Gadgets > Fruit & Vegetable Tools > Potato Mashers & Ricers > Potato Ricers,B09GG84HHW,,"Beast Canteen Stainless Steel Potato Ricer for Smooth Mashed Potatoes | Made of durable 18/8 stainless steel for fluffy mashed potatoes, riced cauliflower, root vegetables, and more",Home & Kitchen > Kitchen & Dining > Kitchen Utensils & Gadgets > Fruit & Vegetable Tools > Potato Mashers & Ricers > Potato Ricers,US,34.99,9.8,2.8,5.76,0.15,252.0,1290.0,4.5,0.55,10000,1.0,20.0,50,25.0,20.0,20.0,75,35,65.0,B,"observed:price,sales,reviews,rating,fba_fee; estimated:search_volume,cpc",estimated_default_costs,Imported from Sorftime; ASIN B09GG84HHW; brand Beast Canteen
category:Potato Ricers,678505011,Potato Ricers,Home & Kitchen > Kitchen & Dining > Kitchen Utensils & Gadgets > Fruit & Vegetable Tools > Potato Mashers & Ricers > Potato Ricers,B0GCJQFFNF,,Roryimke Potato Ricer Potato Masher Spaetzle Maker Potato Press for Kitchen | 15oz Potato Ricer Heavy Duty Stainless Steel 3 Interchangeable Discs with Silicone Handle Kitchen Tool for Kitchen,Home & Kitchen > Kitchen & Dining > Kitchen Utensils & Gadgets > Fruit & Vegetable Tools > Potato Mashers & Ricers > Potato Ricers,US,16.99,4.76,1.36,5.77,0.15,246.0,134.0,4.5,0.55,10000,1.0,20.0,50,25.0,20.0,20.0,75,35,65.0,B,"observed:price,sales,reviews,rating,fba_fee; estimated:search_volume,cpc",estimated_default_costs,Imported from Sorftime; ASIN B0GCJQFFNF; brand Roryimke
category:Potato Ricers,678505011,Potato Ricers,Home & Kitchen > Kitchen & Dining > Kitchen Utensils & Gadgets > Fruit & Vegetable Tools > Potato Mashers & Ricers > Potato Ricers,B0D2Y3XP5R,,"LunaCozy Large Potato Ricer, Heavy Duty Stainless Steel Potato Ricer and Masher, Press and Mash Kitchen Gadget for Potatoes and Vegetables",Home & Kitchen > Kitchen & Dining > Kitchen Utensils & Gadgets > Fruit & Vegetable Tools > Potato Mashers & Ricers > Potato Ricers,US,19.99,5.6,1.6,6.22,0.15,215.0,392.0,4.4,0.55,10000,1.0,20.0,50,25.0,20.0,20.0,75,35,65.0,B,"observed:price,sales,reviews,rating,fba_fee; estimated:search_volume,cpc",estimated_default_costs,Imported from Sorftime; ASIN B0D2Y3XP5R; brand LunaCozy
category:Digital Scales,678508011,Digital Scales,Home & Kitchen > Kitchen & Dining > Kitchen Utensils & Gadgets > Measuring Tools & Scales > Kitchen Scales > Digital Scales,B09B4CB7C1,,"Greater Goods Coffee Scale with Timer, 0.1g Precision for Espresso & Matcha",Home & Kitchen > Kitchen & Dining > Kitchen Utensils & Gadgets > Measuring Tools & Scales > Kitchen Scales > Digital Scales,US,29.99,8.4,2.4,4.87,0.15,2489.0,2451.0,4.4,0.55,10000,1.0,20.0,50,25.0,20.0,20.0,75,35,65.0,B,"observed:price,sales,reviews,rating,fba_fee; estimated:search_volume,cpc",estimated_default_costs,Imported from Sorftime; ASIN B09B4CB7C1; brand Greater Goods
category:Digital Scales,678508011,Digital Scales,Home & Kitchen > Kitchen & Dining > Kitchen Utensils & Gadgets > Measuring Tools & Scales > Kitchen Scales > Digital Scales,B0DXF7SLW6,,"Atogou 110lb Food Scale, Commercial Kitchen Scale with Price Computing",Home & Kitchen > Kitchen & Dining > Kitchen Utensils & Gadgets > Measuring Tools & Scales > Kitchen Scales > Digital Scales,US,37.99,10.64,3.04,6.73,0.15,2324.0,329.0,4.5,0.55,10000,1.0,20.0,50,25.0,20.0,20.0,75,35,65.0,B,"observed:price,sales,reviews,rating,fba_fee; estimated:search_volume,cpc",estimated_default_costs,Imported from Sorftime; ASIN B0DXF7SLW6; brand Atogou
category:Digital Scales,678508011,Digital Scales,Home & Kitchen > Kitchen & Dining > Kitchen Utensils & Gadgets > Measuring Tools & Scales > Kitchen Scales > Digital Scales,B0CJ7S41HJ,,"Coffee Scale with Timer, 0.1g High Precision Espresso Scale 3kg",Home & Kitchen > Kitchen & Dining > Kitchen Utensils & Gadgets > Measuring Tools & Scales > Kitchen Scales > Digital Scales,US,14.39,4.03,1.15,4.45,0.15,1910.0,427.0,4.3,0.55,10000,1.0,20.0,50,25.0,20.0,20.0,75,35,65.0,B,"observed:price,sales,reviews,rating,fba_fee; estimated:search_volume,cpc",estimated_default_costs,Imported from Sorftime; ASIN B0CJ7S41HJ; brand Nkove
category:Digital Scales,678508011,Digital Scales,Home & Kitchen > Kitchen & Dining > Kitchen Utensils & Gadgets > Measuring Tools & Scales > Kitchen Scales > Digital Scales,B0CMZJP9V8,,"TIMEMORE Coffee Scale Basic 2.0 Electronic Espresso Scale with Water Flow Rate and Timer Function, Digital Scale for Kitchen/Baking/Cooking, Black",Home & Kitchen > Kitchen & Dining > Kitchen Utensils & Gadgets > Measuring Tools & Scales > Kitchen Scales > Digital Scales,US,55.0,15.4,4.4,5.32,0.15,1823.0,543.0,4.5,0.55,10000,1.0,20.0,50,25.0,20.0,20.0,75,35,65.0,B,"observed:price,sales,reviews,rating,fba_fee; estimated:search_volume,cpc",estimated_default_costs,Imported from Sorftime; ASIN B0CMZJP9V8; brand TIMEMORE
category:Digital Scales,678508011,Digital Scales,Home & Kitchen > Kitchen & Dining > Kitchen Utensils & Gadgets > Measuring Tools & Scales > Kitchen Scales > Digital Scales,B0F3CZRT3C,,"Maestri House S3 Pour Over Coffee Scale with Timer, 3kg/0.1g",Home & Kitchen > Kitchen & Dining > Kitchen Utensils & Gadgets > Measuring Tools & Scales > Kitchen Scales > Digital Scales,US,28.79,8.06,2.3,5.76,0.15,1614.0,692.0,4.4,0.55,10000,1.0,20.0,50,25.0,20.0,20.0,75,35,65.0,B,"observed:price,sales,reviews,rating,fba_fee; estimated:search_volume,cpc",estimated_default_costs,Imported from Sorftime; ASIN B0F3CZRT3C; brand Maestri House
category:Digital Scales,678508011,Digital Scales,Home & Kitchen > Kitchen & Dining > Kitchen Utensils & Gadgets > Measuring Tools & Scales > Kitchen Scales > Digital Scales,B0DGLWFX7Q,,Subminimal SubScale Digital Dosing Cup with LED Display - Black,Home & Kitchen > Kitchen & Dining > Kitchen Utensils & Gadgets > Measuring Tools & Scales > Kitchen Scales > Digital Scales,US,49.95,13.99,4.0,4.47,0.15,1505.0,684.0,4.5,0.55,10000,1.0,20.0,50,25.0,20.0,20.0,75,35,65.0,B,"observed:price,sales,reviews,rating,fba_fee; estimated:search_volume,cpc",estimated_default_costs,Imported from Sorftime; ASIN B0DGLWFX7Q; brand Subminimal
category:Digital Scales,678508011,Digital Scales,Home & Kitchen > Kitchen & Dining > Kitchen Utensils & Gadgets > Measuring Tools & Scales > Kitchen Scales > Digital Scales,B0FQ47F7Z7,,"BOMATA 0.01g Small Digital Gram Scale, Upgraded 1kg Jewelry Scale",Home & Kitchen > Kitchen & Dining > Kitchen Utensils & Gadgets > Measuring Tools & Scales > Kitchen Scales > Digital Scales,US,18.88,5.29,1.51,4.45,0.15,1467.0,109.0,4.4,0.55,10000,1.0,20.0,50,25.0,20.0,20.0,75,35,65.0,B,"observed:price,sales,reviews,rating,fba_fee; estimated:search_volume,cpc",estimated_default_costs,Imported from Sorftime; ASIN B0FQ47F7Z7; brand BOMATA
category:Digital Scales,678508011,Digital Scales,Home & Kitchen > Kitchen & Dining > Kitchen Utensils & Gadgets > Measuring Tools & Scales > Kitchen Scales > Digital Scales,B0DP4RDWD7,,"KUAIVO 0.001oz/33lbs Dual Platform Food Kitchen Scales Digital Weight Grams and Ounces, Two Precisions Kitchen Scale for Sourdough Bread, Baking and Cooking with 7 Units Tare, Accumulation Functions",Home & Kitchen > Kitchen & Dining > Kitchen Utensils & Gadgets > Measuring Tools & Scales > Kitchen Scales > Digital Scales,US,34.99,9.8,2.8,7.14,0.15,1446.0,471.0,4.6,0.55,10000,1.0,20.0,50,25.0,20.0,20.0,75,35,65.0,B,"observed:price,sales,reviews,rating,fba_fee; estimated:search_volume,cpc",estimated_default_costs,Imported from Sorftime; ASIN B0DP4RDWD7; brand KUAIVO
category:Digital Scales,678508011,Digital Scales,Home & Kitchen > Kitchen & Dining > Kitchen Utensils & Gadgets > Measuring Tools & Scales > Kitchen Scales > Digital Scales,B09J7TLDQX,,"Large Digital Kitchen Scale 30KG Commercial Food Scale 66LB for Baking Bread Meat Stainless Steel Price Computing Scale LCD Display,Prep Counting Scale for Parts and Coins Adapter Included",Home & Kitchen > Kitchen & Dining > Kitchen Utensils & Gadgets > Measuring Tools & Scales > Kitchen Scales > Digital Scales,US,36.99,10.36,2.96,6.56,0.15,1241.0,650.0,4.5,0.55,10000,1.0,20.0,50,25.0,20.0,20.0,75,35,65.0,B,"observed:price,sales,reviews,rating,fba_fee; estimated:search_volume,cpc",estimated_default_costs,Imported from Sorftime; ASIN B09J7TLDQX; brand RUJIXU
category:Digital Scales,678508011,Digital Scales,Home & Kitchen > Kitchen & Dining > Kitchen Utensils & Gadgets > Measuring Tools & Scales > Kitchen Scales > Digital Scales,B0GDFFMXFR,,"KKZ 0.001oz/33lb Kitchen Scale, Dual Platform Food Scale Grams and Ounces",Home & Kitchen > Kitchen & Dining > Kitchen Utensils & Gadgets > Measuring Tools & Scales > Kitchen Scales > Digital Scales,US,29.99,8.4,2.4,6.17,0.15,1209.0,104.0,4.5,0.55,10000,1.0,20.0,50,25.0,20.0,20.0,75,35,65.0,B,"observed:price,sales,reviews,rating,fba_fee; estimated:search_volume,cpc",estimated_default_costs,Imported from Sorftime; ASIN B0GDFFMXFR; brand KKZ
category:Digital Scales,678508011,Digital Scales,Home & Kitchen > Kitchen & Dining > Kitchen Utensils & Gadgets > Measuring Tools & Scales > Kitchen Scales > Digital Scales,B0CW3JY6TF,,Large Digital Kitchen Scale 40kg/88lb Stainless Steel Price Computing Scale Counting Scale Deli Scale with LCD Display for Baking Bread Cooking Meat Prep Parts and Coins Adapter Included,Home & Kitchen > Kitchen & Dining > Kitchen Utensils & Gadgets > Measuring Tools & Scales > Kitchen Scales > Digital Scales,US,29.97,8.39,2.4,6.56,0.15,1118.0,500.0,4.5,0.55,10000,1.0,20.0,50,25.0,20.0,20.0,75,35,65.0,B,"observed:price,sales,reviews,rating,fba_fee; estimated:search_volume,cpc",estimated_default_costs,Imported from Sorftime; ASIN B0CW3JY6TF; brand MOCCO
category:Digital Scales,678508011,Digital Scales,Home & Kitchen > Kitchen & Dining > Kitchen Utensils & Gadgets > Measuring Tools & Scales > Kitchen Scales > Digital Scales,B0FG7DF5JQ,,"Folding Food Scale, Digital Kitchen Scale, Portable Food Scale Travel Scale for Food, Collapsible Mini Pocket Scale Grams and Ounces, Ideal for Diet Calorie Control Compact Kitchen (Black)",Home & Kitchen > Kitchen & Dining > Kitchen Utensils & Gadgets > Measuring Tools & Scales > Kitchen Scales > Digital Scales,US,15.99,4.48,1.28,4.17,0.15,1110.0,121.0,4.2,0.55,10000,1.0,20.0,50,25.0,20.0,20.0,75,35,65.0,B,"observed:price,sales,reviews,rating,fba_fee; estimated:search_volume,cpc",estimated_default_costs,Imported from Sorftime; ASIN B0FG7DF5JQ; brand QFEISETH
category:Digital Scales,678508011,Digital Scales,Home & Kitchen > Kitchen & Dining > Kitchen Utensils & Gadgets > Measuring Tools & Scales > Kitchen Scales > Digital Scales,B0GQJ2JNHY,,"Food Scale, 33lb Digital Kitchen Scale for Cooking Baking",Home & Kitchen > Kitchen & Dining > Kitchen Utensils & Gadgets > Measuring Tools & Scales > Kitchen Scales > Digital Scales,US,24.99,7.0,2.0,5.72,0.15,970.0,59.0,4.4,0.55,10000,1.0,20.0,50,25.0,20.0,20.0,75,35,65.0,B,"observed:price,sales,reviews,rating,fba_fee; estimated:search_volume,cpc",estimated_default_costs,Imported from Sorftime; ASIN B0GQJ2JNHY; brand SNUXOVO
category:Digital Scales,678508011,Digital Scales,Home & Kitchen > Kitchen & Dining > Kitchen Utensils & Gadgets > Measuring Tools & Scales > Kitchen Scales > Digital Scales,B0C8NK63NQ,,GRAM PRES Food Kitchen Scale Digital Weight Grams and Oz 3kg/0.1g | Professional Small Digital Kitchen Food Scales for Weight Loss,Home & Kitchen > Kitchen & Dining > Kitchen Utensils & Gadgets > Measuring Tools & Scales > Kitchen Scales > Digital Scales,US,15.99,4.48,1.28,5.33,0.15,967.0,1176.0,4.6,0.55,10000,1.0,20.0,50,25.0,20.0,20.0,75,35,65.0,B,"observed:price,sales,reviews,rating,fba_fee; estimated:search_volume,cpc",estimated_default_costs,Imported from Sorftime; ASIN B0C8NK63NQ; brand GRAM PRES
category:Digital Scales,678508011,Digital Scales,Home & Kitchen > Kitchen & Dining > Kitchen Utensils & Gadgets > Measuring Tools & Scales > Kitchen Scales > Digital Scales,B0DXF89P2X,,"Atogou 88lb Food Scale, Commercial Kitchen Scale Plug-in Usable",Home & Kitchen > Kitchen & Dining > Kitchen Utensils & Gadgets > Measuring Tools & Scales > Kitchen Scales > Digital Scales,US,29.88,8.37,2.39,6.73,0.15,939.0,122.0,4.3,0.55,10000,1.0,20.0,50,25.0,20.0,20.0,75,35,65.0,B,"observed:price,sales,reviews,rating,fba_fee; estimated:search_volume,cpc",estimated_default_costs,Imported from Sorftime; ASIN B0DXF89P2X; brand Atogou
category:Digital Scales,678508011,Digital Scales,Home & Kitchen > Kitchen & Dining > Kitchen Utensils & Gadgets > Measuring Tools & Scales > Kitchen Scales > Digital Scales,B0BYK5LC78,,"Small Digital Gram Scale 1000g by 0.01g, MEIYA High Accuracy Scale for Food Ounces and Grams, Upgrade USB Charging Kitchen Scale Digital Weight for Cooking, Baking, with Tare Function, 9 Units, 2 Tray",Home & Kitchen > Kitchen & Dining > Kitchen Utensils & Gadgets > Measuring Tools & Scales > Kitchen Scales > Digital Scales,US,18.88,5.29,1.51,4.45,0.15,819.0,593.0,4.4,0.55,10000,1.0,20.0,50,25.0,20.0,20.0,75,35,65.0,B,"observed:price,sales,reviews,rating,fba_fee; estimated:search_volume,cpc",estimated_default_costs,Imported from Sorftime; ASIN B0BYK5LC78; brand MEIYA
category:Digital Scales,678508011,Digital Scales,Home & Kitchen > Kitchen & Dining > Kitchen Utensils & Gadgets > Measuring Tools & Scales > Kitchen Scales > Digital Scales,B0FH1Q89ZP,,Atogou Food Scale -33lb Digital Kitchen Scale for Food Ounces Grams,Home & Kitchen > Kitchen & Dining > Kitchen Utensils & Gadgets > Measuring Tools & Scales > Kitchen Scales > Digital Scales,US,12.99,3.64,1.04,3.66,0.15,515.0,319.0,4.6,0.55,10000,1.0,20.0,50,25.0,20.0,20.0,75,35,65.0,B,"observed:price,sales,reviews,rating,fba_fee; estimated:search_volume,cpc",estimated_default_costs,Imported from Sorftime; ASIN B0FH1Q89ZP; brand Atogou
category:Digital Scales,678508011,Digital Scales,Home & Kitchen > Kitchen & Dining > Kitchen Utensils & Gadgets > Measuring Tools & Scales > Kitchen Scales > Digital Scales,B0FH6JD2WW,,"Dual Platform Food Kitchen Scale with 0.01g/0.001oz High Precision, 15kg/33lb Bakery Scale, Dual Accuracy Kitchen Scale for Sourdough Bread, Baking and Cooking with 7 Unit Tare and Totalizer",Home & Kitchen > Kitchen & Dining > Kitchen Utensils & Gadgets > Measuring Tools & Scales > Kitchen Scales > Digital Scales,US,34.99,9.8,2.8,7.65,0.15,499.0,135.0,4.4,0.55,10000,1.0,20.0,50,25.0,20.0,20.0,75,35,65.0,B,"observed:price,sales,reviews,rating,fba_fee; estimated:search_volume,cpc",estimated_default_costs,Imported from Sorftime; ASIN B0FH6JD2WW; brand ApeWeghr
category:Mechanical Scales,678509011,Mechanical Scales,Home & Kitchen > Kitchen & Dining > Kitchen Utensils & Gadgets > Measuring Tools & Scales > Kitchen Scales > Mechanical Scales,B00009WE4A,,"Taylor Analog Kitchen Scale Mechanical Food Scale, 22 lb Capacity, Multicolor",Home & Kitchen > Kitchen & Dining > Kitchen Utensils & Gadgets > Measuring Tools & Scales > Kitchen Scales > Mechanical Scales,US,24.96,6.99,2.0,6.58,0.15,481.0,1467.0,4.2,0.55,10000,1.0,20.0,50,25.0,20.0,20.0,75,35,65.0,B,"observed:price,sales,reviews,rating,fba_fee; estimated:search_volume,cpc",estimated_default_costs,Imported from Sorftime; ASIN B00009WE4A; brand Taylor
category:Manual Pasta Makers,17548249011,Manual Pasta Makers,Home & Kitchen > Kitchen & Dining > Kitchen Utensils & Gadgets > Pasta & Pizza Tools > Pasta Makers & Accessories > Manual Pasta Makers,B0DLPM91S1,,"Sur La Table Kitchen Essential Va Bene Manual Pasta Maker Machine Noodle Maker w/Rollers & Cutters - Spaghetti, Fettuccini, Lasagna or Dumpling Skin - Stainless Steel/Juniper Green",Home & Kitchen > Kitchen & Dining > Kitchen Utensils & Gadgets > Pasta & Pizza Tools > Pasta Makers & Accessories > Manual Pasta Makers,US,39.99,11.2,3.2,8.3,0.15,580.0,288.0,4.4,0.55,10000,1.0,20.0,50,25.0,20.0,20.0,75,35,65.0,B,"observed:price,sales,reviews,rating,fba_fee; estimated:search_volume,cpc",estimated_default_costs,Imported from Sorftime; ASIN B0DLPM91S1; brand Sur La Table
category:Manual Pasta Makers,17548249011,Manual Pasta Makers,Home & Kitchen > Kitchen & Dining > Kitchen Utensils & Gadgets > Pasta & Pizza Tools > Pasta Makers & Accessories > Manual Pasta Makers,B0C61HPZS5,,"FineMade Electric Empanada Maker Machine with Press Mold, Large Dumpling Maker, Pierogi Maker Press Machine, Make 4 Psc of 6 Inches Large Empanadas, Jamaican Beef Patties,Calzones, Pocket Pies",Home & Kitchen > Kitchen & Dining > Kitchen Utensils & Gadgets > Pasta & Pizza Tools > Pasta Makers & Accessories > Manual Pasta Makers,US,39.99,11.2,3.2,9.27,0.15,540.0,706.0,4.2,0.55,10000,1.0,20.0,50,25.0,20.0,20.0,75,35,65.0,B,"observed:price,sales,reviews,rating,fba_fee; estimated:search_volume,cpc",estimated_default_costs,Imported from Sorftime; ASIN B0C61HPZS5; brand FineMade
category:Manual Pasta Makers,17548249011,Manual Pasta Makers,Home & Kitchen > Kitchen & Dining > Kitchen Utensils & Gadgets > Pasta & Pizza Tools > Pasta Makers & Accessories > Manual Pasta Makers,B0BGJSVLMC,,Gnocchi Board and Butter Paddles Kit with Recipe Book | Pasta Maker Gift for Cooks | Be an Expert Butter Churner and Gnocchi Maker with this Wooden Pasta Tools Set,Home & Kitchen > Kitchen & Dining > Kitchen Utensils & Gadgets > Pasta & Pizza Tools > Pasta Makers & Accessories > Manual Pasta Makers,US,17.99,5.04,1.44,4.87,0.15,390.0,39.0,4.4,0.55,10000,1.0,20.0,50,25.0,20.0,20.0,75,35,65.0,B,"observed:price,sales,reviews,rating,fba_fee; estimated:search_volume,cpc",estimated_default_costs,Imported from Sorftime; ASIN B0BGJSVLMC; brand Country Trading Co.
category:Manual Pasta Makers,17548249011,Manual Pasta Makers,Home & Kitchen > Kitchen & Dining > Kitchen Utensils & Gadgets > Pasta & Pizza Tools > Pasta Makers & Accessories > Manual Pasta Makers,B0CQSC2XW5,,"Sailnovo 3-in-1 Pasta Maker with 9-Setting Pasta Roller & Cutters, Red | 9 Thickness & 2 Width Settings| Stainless Steel Body Rust Resistant| Easy Clean| For Spaghetti, Fettuccine, Lasagna and More",Home & Kitchen > Kitchen & Dining > Kitchen Utensils & Gadgets > Pasta & Pizza Tools > Pasta Makers & Accessories > Manual Pasta Makers,US,37.99,10.64,3.04,8.88,0.15,327.0,460.0,4.4,0.55,10000,1.0,20.0,50,25.0,20.0,20.0,75,35,65.0,B,"observed:price,sales,reviews,rating,fba_fee; estimated:search_volume,cpc",estimated_default_costs,Imported from Sorftime; ASIN B0CQSC2XW5; brand Sailnovo
category:Manual Pasta Makers,17548249011,Manual Pasta Makers,Home & Kitchen > Kitchen & Dining > Kitchen Utensils & Gadgets > Pasta & Pizza Tools > Pasta Makers & Accessories > Manual Pasta Makers,B0D62RM24C,,KEISSCO Stainless Steel Spaetzle Maker Lid with Scraper Traditional German Egg Noodle Maker Pan Pot Spaghetti Strainer,Home & Kitchen > Kitchen & Dining > Kitchen Utensils & Gadgets > Pasta & Pizza Tools > Pasta Makers & Accessories > Manual Pasta Makers,US,13.99,3.92,1.12,5.36,0.15,274.0,264.0,4.5,0.55,10000,1.0,20.0,50,25.0,20.0,20.0,75,35,65.0,B,"observed:price,sales,reviews,rating,fba_fee; estimated:search_volume,cpc",estimated_default_costs,Imported from Sorftime; ASIN B0D62RM24C; brand KEISSCO
category:Manual Pasta Makers,17548249011,Manual Pasta Makers,Home & Kitchen > Kitchen & Dining > Kitchen Utensils & Gadgets > Pasta & Pizza Tools > Pasta Makers & Accessories > Manual Pasta Makers,B07HB2KL4C,,"3-in-1 Pasta Maker, 9 Thickness Settings, Dough Rollers & 2 Size Cutters | Stainless Steel Construction, Sturdy & Durable, Easy to Clean, Rust-Resistant",Home & Kitchen > Kitchen & Dining > Kitchen Utensils & Gadgets > Pasta & Pizza Tools > Pasta Makers & Accessories > Manual Pasta Makers,US,29.99,8.4,2.4,8.2,0.15,272.0,1105.0,4.2,0.55,10000,1.0,20.0,50,25.0,20.0,20.0,75,35,65.0,B,"observed:price,sales,reviews,rating,fba_fee; estimated:search_volume,cpc",estimated_default_costs,Imported from Sorftime; ASIN B07HB2KL4C; brand ISILER
category:Manual Pasta Makers,17548249011,Manual Pasta Makers,Home & Kitchen > Kitchen & Dining > Kitchen Utensils & Gadgets > Pasta & Pizza Tools > Pasta Makers & Accessories > Manual Pasta Makers,B009J9AE18,,"Fantes Cavatelli Maker Machine for Authentic Italian Pasta, The Italian Market Original since 1906",Home & Kitchen > Kitchen & Dining > Kitchen Utensils & Gadgets > Pasta & Pizza Tools > Pasta Makers & Accessories > Manual Pasta Makers,US,39.99,11.2,3.2,5.94,0.15,261.0,685.0,4.1,0.55,10000,1.0,20.0,50,25.0,20.0,20.0,75,35,65.0,B,"observed:price,sales,reviews,rating,fba_fee; estimated:search_volume,cpc",estimated_default_costs,Imported from Sorftime; ASIN B009J9AE18; brand Fante’s
category:Manual Pasta Makers,17548249011,Manual Pasta Makers,Home & Kitchen > Kitchen & Dining > Kitchen Utensils & Gadgets > Pasta & Pizza Tools > Pasta Makers & Accessories > Manual Pasta Makers,B0DG85174P,,"SPEENSUN Spaetzle Maker, Stainless Steel Spaetzle Press for 30CM Pots | Dishwasher Safe Noodle Maker with Comfort Handle, Makes Homemade Knoepfle and Dumplings, Easy to Clean",Home & Kitchen > Kitchen & Dining > Kitchen Utensils & Gadgets > Pasta & Pizza Tools > Pasta Makers & Accessories > Manual Pasta Makers,US,12.99,3.64,1.04,5.77,0.15,253.0,195.0,4.6,0.55,10000,1.0,20.0,50,25.0,20.0,20.0,75,35,65.0,B,"observed:price,sales,reviews,rating,fba_fee; estimated:search_volume,cpc",estimated_default_costs,Imported from Sorftime; ASIN B0DG85174P; brand SPEENSUN
category:Manual Pasta Makers,17548249011,Manual Pasta Makers,Home & Kitchen > Kitchen & Dining > Kitchen Utensils & Gadgets > Pasta & Pizza Tools > Pasta Makers & Accessories > Manual Pasta Makers,B0FYNXFC7H,,"Rotary Pasta Drying Rack,Detachable Wood Pasta Rack with Pasta Molds & Stamps Ravioli with Pasta Cutter Wheel (4 pcs),Spaghetti Pasta Dryer Rack Collapsible Noodle Drying Rack Hanger Stand",Home & Kitchen > Kitchen & Dining > Kitchen Utensils & Gadgets > Pasta & Pizza Tools > Pasta Makers & Accessories > Manual Pasta Makers,US,26.99,7.56,2.16,7.93,0.15,249.0,62.0,4.4,0.55,10000,1.0,20.0,50,25.0,20.0,20.0,75,35,65.0,B,"observed:price,sales,reviews,rating,fba_fee; estimated:search_volume,cpc",estimated_default_costs,Imported from Sorftime; ASIN B0FYNXFC7H; brand DthwagfL
category:Manual Pasta Makers,17548249011,Manual Pasta Makers,Home & Kitchen > Kitchen & Dining > Kitchen Utensils & Gadgets > Pasta & Pizza Tools > Pasta Makers & Accessories > Manual Pasta Makers,B0DGQQMF8X,,"Gnocchi Board Set for Rolling Dough - 2x Paddles, 2x Rollers & 1x Cutter, Bamboo Pasta Shaper Tools Butter Maker, Garganelli Cavatelli Tortellini Cavarola Roller (Gnocchi Board Set 4)",Home & Kitchen > Kitchen & Dining > Kitchen Utensils & Gadgets > Pasta & Pizza Tools > Pasta Makers & Accessories > Manual Pasta Makers,US,13.99,3.92,1.12,4.18,0.15,223.0,507.0,4.6,0.55,10000,1.0,20.0,50,25.0,20.0,20.0,75,35,65.0,B,"observed:price,sales,reviews,rating,fba_fee; estimated:search_volume,cpc",estimated_default_costs,Imported from Sorftime; ASIN B0DGQQMF8X; brand QUALITEIA
category:Cheese Slicers,289760,Cheese Slicers,"Home & Kitchen > Kitchen & Dining > Kitchen Utensils & Gadgets > Peeling, Grating & Slicing Tools > Mandolines & Slicers > Cheese Slicers",B0CSFKH2GQ,,"KITCHENDAO Replaceable Wire Cheese Slicer with Board and Measuring Grids,Tightness Adjustable Cheese Slicer, Stainless Steel Metal Cheese Cutter for Block Cheese, Dishwasher Safe, with 2 Extra Wires","Home & Kitchen > Kitchen & Dining > Kitchen Utensils & Gadgets > Peeling, Grating & Slicing Tools > Mandolines & Slicers > Cheese Slicers",US,25.99,7.28,2.08,5.73,0.15,1331.0,1186.0,4.6,0.55,10000,1.0,20.0,50,25.0,20.0,20.0,75,35,65.0,B,"observed:price,sales,reviews,rating,fba_fee; estimated:search_volume,cpc",estimated_default_costs,Imported from Sorftime; ASIN B0CSFKH2GQ; brand KITCHENDAO
category:Cheese Slicers,289760,Cheese Slicers,"Home & Kitchen > Kitchen & Dining > Kitchen Utensils & Gadgets > Peeling, Grating & Slicing Tools > Mandolines & Slicers > Cheese Slicers",B0C22YD4LX,,"Sopito Cheese Slicer with 3 Extra Stainless Steel Wires, Silver","Home & Kitchen > Kitchen & Dining > Kitchen Utensils & Gadgets > Peeling, Grating & Slicing Tools > Mandolines & Slicers > Cheese Slicers",US,12.99,3.64,1.04,4.18,0.15,784.0,2064.0,4.4,0.55,10000,1.0,20.0,50,25.0,20.0,20.0,75,35,65.0,B,"observed:price,sales,reviews,rating,fba_fee; estimated:search_volume,cpc",estimated_default_costs,Imported from Sorftime; ASIN B0C22YD4LX; brand Sopito
category:Cheese Slicers,289760,Cheese Slicers,"Home & Kitchen > Kitchen & Dining > Kitchen Utensils & Gadgets > Peeling, Grating & Slicing Tools > Mandolines & Slicers > Cheese Slicers",B0CQJD7HP6,,"TOPULORS Marble Cheese Slicer with 5 Replacement Thick Cutting Wires, Black | Heavy-Duty 5“x8“ Handheld Marble Board Cheese Slicer Cutter, Smoothly Cuts Block Cheese & Butter, Daily Kitchen Gadget","Home & Kitchen > Kitchen & Dining > Kitchen Utensils & Gadgets > Peeling, Grating & Slicing Tools > Mandolines & Slicers > Cheese Slicers",US,17.99,5.04,1.44,7.09,0.15,756.0,1416.0,4.3,0.55,10000,1.0,20.0,50,25.0,20.0,20.0,75,35,65.0,B,"observed:price,sales,reviews,rating,fba_fee; estimated:search_volume,cpc",estimated_default_costs,Imported from Sorftime; ASIN B0CQJD7HP6; brand TOPULORS
category:Cheese Slicers,289760,Cheese Slicers,"Home & Kitchen > Kitchen & Dining > Kitchen Utensils & Gadgets > Peeling, Grating & Slicing Tools > Mandolines & Slicers > Cheese Slicers",B01MU1FRK4,,"BOSKA Monaco+ Premium Cheese Slicer - Award Winning Cheese Cutter for Block Cheese, Cheddar up to Parmesan - Quilted Pattern reduces Resistance - Non-stick & Ergonomic Handheld","Home & Kitchen > Kitchen & Dining > Kitchen Utensils & Gadgets > Peeling, Grating & Slicing Tools > Mandolines & Slicers > Cheese Slicers",US,16.99,4.76,1.36,3.54,0.15,726.0,2048.0,4.6,0.55,10000,1.0,20.0,50,25.0,20.0,20.0,75,35,65.0,B,"observed:price,sales,reviews,rating,fba_fee; estimated:search_volume,cpc",estimated_default_costs,Imported from Sorftime; ASIN B01MU1FRK4; brand BOSKA
category:Cheese Slicers,289760,Cheese Slicers,"Home & Kitchen > Kitchen & Dining > Kitchen Utensils & Gadgets > Peeling, Grating & Slicing Tools > Mandolines & Slicers > Cheese Slicers",B0D422K75W,,"Cheese Slicer, Multipurpose Cheese Cutter Stainless Steel Cheese Slicers for Block Cheese, Butter, Sausages, Fruits Kitchen Gadget Cheese Cutting Board","Home & Kitchen > Kitchen & Dining > Kitchen Utensils & Gadgets > Peeling, Grating & Slicing Tools > Mandolines & Slicers > Cheese Slicers",US,19.99,5.6,1.6,5.35,0.15,638.0,398.0,4.0,0.55,10000,1.0,20.0,50,25.0,20.0,20.0,75,35,65.0,B,"observed:price,sales,reviews,rating,fba_fee; estimated:search_volume,cpc",estimated_default_costs,Imported from Sorftime; ASIN B0D422K75W; brand Faat3 Coi4
category:Cheese Slicers,289760,Cheese Slicers,"Home & Kitchen > Kitchen & Dining > Kitchen Utensils & Gadgets > Peeling, Grating & Slicing Tools > Mandolines & Slicers > Cheese Slicers",B09SL59R8Z,,"KITCHENDAO Multipurpose Cheese Slicer Cutter with Board for Arthritic and Weak Hands, Adjustable Thickness Dial for Block Cheese, Effortless Slicing, Guillotine Sausage Ham Biltong Jerky Slicer","Home & Kitchen > Kitchen & Dining > Kitchen Utensils & Gadgets > Peeling, Grating & Slicing Tools > Mandolines & Slicers > Cheese Slicers",US,39.99,11.2,3.2,6.38,0.15,471.0,1420.0,4.4,0.55,10000,1.0,20.0,50,25.0,20.0,20.0,75,35,65.0,B,"observed:price,sales,reviews,rating,fba_fee; estimated:search_volume,cpc",estimated_default_costs,Imported from Sorftime; ASIN B09SL59R8Z; brand KITCHENDAO
category:Cheese Slicers,289760,Cheese Slicers,"Home & Kitchen > Kitchen & Dining > Kitchen Utensils & Gadgets > Peeling, Grating & Slicing Tools > Mandolines & Slicers > Cheese Slicers",B0FQTW2GX1,,"Butter Cutter Slicer, Adjustable Thickness, 1-Click Butter Dispenser&Keeper | Stainless Steel Wire, Food-Grade Plastic, Measuring Butter Slicer for Bread Cakes Cookies, Perfect for Breakfast & Baking","Home & Kitchen > Kitchen & Dining > Kitchen Utensils & Gadgets > Peeling, Grating & Slicing Tools > Mandolines & Slicers > Cheese Slicers",US,13.99,3.92,1.12,4.19,0.15,393.0,115.0,3.9,0.55,10000,1.0,20.0,50,25.0,20.0,20.0,75,35,65.0,B,"observed:price,sales,reviews,rating,fba_fee; estimated:search_volume,cpc",estimated_default_costs,Imported from Sorftime; ASIN B0FQTW2GX1; brand ZxlFiersp
category:Cheese Slicers,289760,Cheese Slicers,"Home & Kitchen > Kitchen & Dining > Kitchen Utensils & Gadgets > Peeling, Grating & Slicing Tools > Mandolines & Slicers > Cheese Slicers",B0BMKMTB5R,,"KITCHENDAO Adjustable Wire Cheese Slicer Cutter, 50% Stronger Wires with 2nd Gen Wire Fixing Mechanism, Adjustable Hand-Held Wire Cheese Cutter, Quick Replacement, Dishwasher Safe, with 3 Extra Wires","Home & Kitchen > Kitchen & Dining > Kitchen Utensils & Gadgets > Peeling, Grating & Slicing Tools > Mandolines & Slicers > Cheese Slicers",US,18.99,5.32,1.52,3.45,0.15,385.0,827.0,4.6,0.55,10000,1.0,20.0,50,25.0,20.0,20.0,75,35,65.0,B,"observed:price,sales,reviews,rating,fba_fee; estimated:search_volume,cpc",estimated_default_costs,Imported from Sorftime; ASIN B0BMKMTB5R; brand KITCHENDAO
category:Cheese Slicers,289760,Cheese Slicers,"Home & Kitchen > Kitchen & Dining > Kitchen Utensils & Gadgets > Peeling, Grating & Slicing Tools > Mandolines & Slicers > Cheese Slicers",B079DD92CQ,,"OXO Good Grips Non-Stick Cheese Slicer | Effortlessly Slice Hard Cheeses In One Smooth Motion, Angle Blade For Thin Or Thick Slices, Dishwasher Safe","Home & Kitchen > Kitchen & Dining > Kitchen Utensils & Gadgets > Peeling, Grating & Slicing Tools > Mandolines & Slicers > Cheese Slicers",US,14.95,4.19,1.2,4.18,0.15,369.0,1412.0,4.5,0.55,10000,1.0,20.0,50,25.0,20.0,20.0,75,35,65.0,B,"observed:price,sales,reviews,rating,fba_fee; estimated:search_volume,cpc",estimated_default_costs,Imported from Sorftime; ASIN B079DD92CQ; brand OXO
category:Cheese Slicers,289760,Cheese Slicers,"Home & Kitchen > Kitchen & Dining > Kitchen Utensils & Gadgets > Peeling, Grating & Slicing Tools > Mandolines & Slicers > Cheese Slicers",B000KJLQCC,,BOSKA Cheese Curler Amigo - The original Cheese Shaver For Tête de Moine,"Home & Kitchen > Kitchen & Dining > Kitchen Utensils & Gadgets > Peeling, Grating & Slicing Tools > Mandolines & Slicers > Cheese Slicers",US,39.99,11.2,3.2,6.34,0.15,347.0,1567.0,4.5,0.55,10000,1.0,20.0,50,25.0,20.0,20.0,75,35,65.0,B,"observed:price,sales,reviews,rating,fba_fee; estimated:search_volume,cpc",estimated_default_costs,Imported from Sorftime; ASIN B000KJLQCC; brand BOSKA
category:Cheese Slicers,289760,Cheese Slicers,"Home & Kitchen > Kitchen & Dining > Kitchen Utensils & Gadgets > Peeling, Grating & Slicing Tools > Mandolines & Slicers > Cheese Slicers",B0GF46SLVT,,"Stainless Steel Cheese Slicer for Block Cheese with Blade & Locking Design | Multipurpose Manual Cheese Cutter Board 9.92 x 8.27 x 1.18 in for Slicing Butter, Vegetables, Fruits, Snacks & Deli Foods","Home & Kitchen > Kitchen & Dining > Kitchen Utensils & Gadgets > Peeling, Grating & Slicing Tools > Mandolines & Slicers > Cheese Slicers",US,22.99,6.44,1.84,5.34,0.15,327.0,199.0,4.2,0.55,10000,1.0,20.0,50,25.0,20.0,20.0,75,35,65.0,B,"observed:price,sales,reviews,rating,fba_fee; estimated:search_volume,cpc",estimated_default_costs,Imported from Sorftime; ASIN B0GF46SLVT; brand V TOWER
category:Cheese Slicers,289760,Cheese Slicers,"Home & Kitchen > Kitchen & Dining > Kitchen Utensils & Gadgets > Peeling, Grating & Slicing Tools > Mandolines & Slicers > Cheese Slicers",B0FC2SCWNW,,"Cheese Curler for Making Rose-Shaped Cuts, Stainless Steel Blade | Manual Cheese Shaver, Compatible with 16-18 cm Tête De Moine Cheese Wheel, Non-Slip Wood Base, Fasteners, Rotating Hand-Crank","Home & Kitchen > Kitchen & Dining > Kitchen Utensils & Gadgets > Peeling, Grating & Slicing Tools > Mandolines & Slicers > Cheese Slicers",US,34.99,9.8,2.8,6.19,0.15,326.0,194.0,4.3,0.55,10000,1.0,20.0,50,25.0,20.0,20.0,75,35,65.0,B,"observed:price,sales,reviews,rating,fba_fee; estimated:search_volume,cpc",estimated_default_costs,Imported from Sorftime; ASIN B0FC2SCWNW; brand V TOWER
category:Cheese Slicers,289760,Cheese Slicers,"Home & Kitchen > Kitchen & Dining > Kitchen Utensils & Gadgets > Peeling, Grating & Slicing Tools > Mandolines & Slicers > Cheese Slicers",B0D92YV3SM,,Chef‘n 2-in-1 Cheese Slicer and Storage Container | Integrated Lid Keeps Cheese Fresh | Ideal Gift for the Cheese Lover,"Home & Kitchen > Kitchen & Dining > Kitchen Utensils & Gadgets > Peeling, Grating & Slicing Tools > Mandolines & Slicers > Cheese Slicers",US,19.99,5.6,1.6,4.48,0.15,295.0,253.0,4.1,0.55,10000,1.0,20.0,50,25.0,20.0,20.0,75,35,65.0,B,"observed:price,sales,reviews,rating,fba_fee; estimated:search_volume,cpc",estimated_default_costs,Imported from Sorftime; ASIN B0D92YV3SM; brand Chef’n
category:Cheese Slicers,289760,Cheese Slicers,"Home & Kitchen > Kitchen & Dining > Kitchen Utensils & Gadgets > Peeling, Grating & Slicing Tools > Mandolines & Slicers > Cheese Slicers",B0H142RHJ4,,"Ouarigs Cheese Slicer with 3 Wires for Block Cheese, Wire Cutter | Adjustable slices, quick-change stainless steel wire for cheddar, mozzarella, Swiss, butter, dishwasher-safe kitchen use","Home & Kitchen > Kitchen & Dining > Kitchen Utensils & Gadgets > Peeling, Grating & Slicing Tools > Mandolines & Slicers > Cheese Slicers",US,14.99,4.2,1.2,5.34,0.15,269.0,48.0,3.8,0.55,10000,1.0,20.0,50,25.0,20.0,20.0,75,35,65.0,B,"observed:price,sales,reviews,rating,fba_fee; estimated:search_volume,cpc",estimated_default_costs,Imported from Sorftime; ASIN B0H142RHJ4; brand Ouarigs
category:Cheese Slicers,289760,Cheese Slicers,"Home & Kitchen > Kitchen & Dining > Kitchen Utensils & Gadgets > Peeling, Grating & Slicing Tools > Mandolines & Slicers > Cheese Slicers",B0CXDPT67S,,"DGLOZE Cheese Slicer Cutter, Stainless Steel Cheese Cutter Board with Blade for Block Cheese, Vegetables, Butter, Sausages, Bread","Home & Kitchen > Kitchen & Dining > Kitchen Utensils & Gadgets > Peeling, Grating & Slicing Tools > Mandolines & Slicers > Cheese Slicers",US,19.99,5.6,1.6,5.33,0.15,264.0,431.0,4.0,0.55,10000,1.0,20.0,50,25.0,20.0,20.0,75,35,65.0,B,"observed:price,sales,reviews,rating,fba_fee; estimated:search_volume,cpc",estimated_default_costs,Imported from Sorftime; ASIN B0CXDPT67S; brand DGLOZE
category:Egg Slicers,17548242011,Egg Slicers,"Home & Kitchen > Kitchen & Dining > Kitchen Utensils & Gadgets > Peeling, Grating & Slicing Tools > Mandolines & Slicers > Egg Slicers",B0GWJ9MJZM,,"PowCube Egg Cracker, Silicone Egg Shell Opener, Cute Egg Shaped Design, Opens Eggs with Ease, A Little Happiness Boost for Your Kitchen (1, Red)","Home & Kitchen > Kitchen & Dining > Kitchen Utensils & Gadgets > Peeling, Grating & Slicing Tools > Mandolines & Slicers > Egg Slicers",US,15.99,4.48,1.28,3.93,0.15,735.0,48.0,3.7,0.55,10000,1.0,20.0,50,25.0,20.0,20.0,75,35,65.0,B,"observed:price,sales,reviews,rating,fba_fee; estimated:search_volume,cpc",estimated_default_costs,Imported from Sorftime; ASIN B0GWJ9MJZM; brand PowCube
category:Egg Slicers,17548242011,Egg Slicers,"Home & Kitchen > Kitchen & Dining > Kitchen Utensils & Gadgets > Peeling, Grating & Slicing Tools > Mandolines & Slicers > Egg Slicers",B08RZF2W2V,,Multi Function Stainless Steel Egg Slicer for Hard Boiled Eggs,"Home & Kitchen > Kitchen & Dining > Kitchen Utensils & Gadgets > Peeling, Grating & Slicing Tools > Mandolines & Slicers > Egg Slicers",US,13.79,3.86,1.1,4.44,0.15,551.0,837.0,4.2,0.55,10000,1.0,20.0,50,25.0,20.0,20.0,75,35,65.0,B,"observed:price,sales,reviews,rating,fba_fee; estimated:search_volume,cpc",estimated_default_costs,Imported from Sorftime; ASIN B08RZF2W2V; brand Vila KuChe
category:Egg Slicers,17548242011,Egg Slicers,"Home & Kitchen > Kitchen & Dining > Kitchen Utensils & Gadgets > Peeling, Grating & Slicing Tools > Mandolines & Slicers > Egg Slicers",B0CNVGKB38,,"Fruit Cutter and Chopper – Cup Slicer for Strawberry, Grape, Banana, Mushroom, Kitchen Gadget for Fruits and Vegetables, Compact Slicing Tool (2 Packs)","Home & Kitchen > Kitchen & Dining > Kitchen Utensils & Gadgets > Peeling, Grating & Slicing Tools > Mandolines & Slicers > Egg Slicers",US,14.24,3.99,1.14,5.36,0.15,505.0,509.0,4.0,0.55,10000,1.0,20.0,50,25.0,20.0,20.0,75,35,65.0,B,"observed:price,sales,reviews,rating,fba_fee; estimated:search_volume,cpc",estimated_default_costs,Imported from Sorftime; ASIN B0CNVGKB38; brand 365Home
category:Egg Slicers,17548242011,Egg Slicers,"Home & Kitchen > Kitchen & Dining > Kitchen Utensils & Gadgets > Peeling, Grating & Slicing Tools > Mandolines & Slicers > Egg Slicers",B0FHHBTDR3,,3 in 1 Egg Slicer for Hard Boiled Eggs with Cleaning Brush,"Home & Kitchen > Kitchen & Dining > Kitchen Utensils & Gadgets > Peeling, Grating & Slicing Tools > Mandolines & Slicers > Egg Slicers",US,14.99,4.2,1.2,5.36,0.15,494.0,152.0,4.4,0.55,10000,1.0,20.0,50,25.0,20.0,20.0,75,35,65.0,B,"observed:price,sales,reviews,rating,fba_fee; estimated:search_volume,cpc",estimated_default_costs,Imported from Sorftime; ASIN B0FHHBTDR3; brand DJBNT
category:Egg Slicers,17548242011,Egg Slicers,"Home & Kitchen > Kitchen & Dining > Kitchen Utensils & Gadgets > Peeling, Grating & Slicing Tools > Mandolines & Slicers > Egg Slicers",B0DYTMKXLG,,"Hendiy Strawberry Slicer, Black, 1-Pack | Stainless Steel Blades, Egg & Fruit Slicer Cup, For Banana, Cucumber, Mushroom, ABS Detachable, Precision Berry Cutter Tool","Home & Kitchen > Kitchen & Dining > Kitchen Utensils & Gadgets > Peeling, Grating & Slicing Tools > Mandolines & Slicers > Egg Slicers",US,14.98,4.19,1.2,4.19,0.15,384.0,273.0,4.3,0.55,10000,1.0,20.0,50,25.0,20.0,20.0,75,35,65.0,B,"observed:price,sales,reviews,rating,fba_fee; estimated:search_volume,cpc",estimated_default_costs,Imported from Sorftime; ASIN B0DYTMKXLG; brand Hendiy
category:Egg Slicers,17548242011,Egg Slicers,"Home & Kitchen > Kitchen & Dining > Kitchen Utensils & Gadgets > Peeling, Grating & Slicing Tools > Mandolines & Slicers > Egg Slicers",B009L77TES,,"New Star Foodservice Commercial Grade Aluminum Egg Slicer, Mushroom Slicer with Stainless Steel Wire (Hand Wash Only)","Home & Kitchen > Kitchen & Dining > Kitchen Utensils & Gadgets > Peeling, Grating & Slicing Tools > Mandolines & Slicers > Egg Slicers",US,13.99,3.92,1.12,4.17,0.15,379.0,2008.0,4.1,0.55,10000,1.0,20.0,50,25.0,20.0,20.0,75,35,65.0,B,"observed:price,sales,reviews,rating,fba_fee; estimated:search_volume,cpc",estimated_default_costs,Imported from Sorftime; ASIN B009L77TES; brand New Star Foodservice
category:Egg Slicers,17548242011,Egg Slicers,"Home & Kitchen > Kitchen & Dining > Kitchen Utensils & Gadgets > Peeling, Grating & Slicing Tools > Mandolines & Slicers > Egg Slicers",B0F7R7XCVZ,,"Hendiy Fruit Slicer Cup | Cuts Strawberries, Cuts Grapes, Cuts Eggs, Even Pieces in Seconds","Home & Kitchen > Kitchen & Dining > Kitchen Utensils & Gadgets > Peeling, Grating & Slicing Tools > Mandolines & Slicers > Egg Slicers",US,14.98,4.19,1.2,4.19,0.15,343.0,125.0,4.2,0.55,10000,1.0,20.0,50,25.0,20.0,20.0,75,35,65.0,B,"observed:price,sales,reviews,rating,fba_fee; estimated:search_volume,cpc",estimated_default_costs,Imported from Sorftime; ASIN B0F7R7XCVZ; brand Hendiy
category:Egg Slicers,17548242011,Egg Slicers,"Home & Kitchen > Kitchen & Dining > Kitchen Utensils & Gadgets > Peeling, Grating & Slicing Tools > Mandolines & Slicers > Egg Slicers",B001ULC9IY,,"Norpro Lemon/Lime Slicer, White","Home & Kitchen > Kitchen & Dining > Kitchen Utensils & Gadgets > Peeling, Grating & Slicing Tools > Mandolines & Slicers > Egg Slicers",US,13.34,3.74,1.07,4.47,0.15,286.0,2463.0,4.6,0.55,10000,1.0,20.0,50,25.0,20.0,20.0,75,35,65.0,B,"observed:price,sales,reviews,rating,fba_fee; estimated:search_volume,cpc",estimated_default_costs,Imported from Sorftime; ASIN B001ULC9IY; brand Norpro
category:Egg Slicers,17548242011,Egg Slicers,"Home & Kitchen > Kitchen & Dining > Kitchen Utensils & Gadgets > Peeling, Grating & Slicing Tools > Mandolines & Slicers > Egg Slicers",B0G8T8581S,,"Egg Slicer for Hard Boiled Eggs – 3-in-1 Stainless Steel Egg Cutter & Hard Boiled Egg Slicer, Heavy Duty Egg Chopper with Cleaning Brush for Strawberry, Mushroom, Grape, Cherry Tomato","Home & Kitchen > Kitchen & Dining > Kitchen Utensils & Gadgets > Peeling, Grating & Slicing Tools > Mandolines & Slicers > Egg Slicers",US,12.99,3.64,1.04,5.36,0.15,264.0,49.0,4.4,0.55,10000,1.0,20.0,50,25.0,20.0,20.0,75,35,65.0,B,"observed:price,sales,reviews,rating,fba_fee; estimated:search_volume,cpc",estimated_default_costs,Imported from Sorftime; ASIN B0G8T8581S; brand SOVIX
category:Mandolines,23616035011,Mandolines,"Home & Kitchen > Kitchen & Dining > Kitchen Utensils & Gadgets > Peeling, Grating & Slicing Tools > Mandolines & Slicers > Mandolines",B0D8764385,,"Ourokhome Mandolin Slicer for Kitchen Food, Hand Safe Vegetable Shredder with 6 Mandoline Blades, Veggie Waffle Cutter for Potato, Carrot, Zucchini, Onion, Essential Kitchen Gadgets (6 in 1, Gray)","Home & Kitchen > Kitchen & Dining > Kitchen Utensils & Gadgets > Peeling, Grating & Slicing Tools > Mandolines & Slicers > Mandolines",US,20.99,5.88,1.68,5.95,0.15,3024.0,1740.0,4.4,0.55,10000,1.0,20.0,50,25.0,20.0,20.0,75,35,65.0,B,"observed:price,sales,reviews,rating,fba_fee; estimated:search_volume,cpc",estimated_default_costs,Imported from Sorftime; ASIN B0D8764385; brand Ourokhome
category:Mandolines,23616035011,Mandolines,"Home & Kitchen > Kitchen & Dining > Kitchen Utensils & Gadgets > Peeling, Grating & Slicing Tools > Mandolines & Slicers > Mandolines",B0D4PLDLT2,,"SupMaKin Safe Mandoline Slicer Plus for Kitchen Adjustable Vegetable Slicer | 0.1-8mm, Cut Resistant Stainless Steel Blades,Potato Fry Cutter, Onion Chopper, Detachable,Foldable Dishwasher Safe, Gifts","Home & Kitchen > Kitchen & Dining > Kitchen Utensils & Gadgets > Peeling, Grating & Slicing Tools > Mandolines & Slicers > Mandolines",US,39.99,11.2,3.2,7.93,0.15,2925.0,699.0,4.4,0.55,10000,1.0,20.0,50,25.0,20.0,20.0,75,35,65.0,B,"observed:price,sales,reviews,rating,fba_fee; estimated:search_volume,cpc",estimated_default_costs,Imported from Sorftime; ASIN B0D4PLDLT2; brand SupMaKin
category:Mandolines,23616035011,Mandolines,"Home & Kitchen > Kitchen & Dining > Kitchen Utensils & Gadgets > Peeling, Grating & Slicing Tools > Mandolines & Slicers > Mandolines",B0DCW9RNK1,,"Vegetable Chopper Veggie Cutter Onion Food Potato Dicer with Container | Stainless Steel Construction, Fruit Potato Salad Dicer, Dishwasher Safety, Easy Cleaning, Safety Hand Guards","Home & Kitchen > Kitchen & Dining > Kitchen Utensils & Gadgets > Peeling, Grating & Slicing Tools > Mandolines & Slicers > Mandolines",US,69.99,19.6,5.6,8.26,0.15,2497.0,759.0,4.6,0.55,10000,1.0,20.0,50,25.0,20.0,20.0,75,35,65.0,B,"observed:price,sales,reviews,rating,fba_fee; estimated:search_volume,cpc",estimated_default_costs,Imported from Sorftime; ASIN B0DCW9RNK1; brand IPOVIPO
category:Mandolines,23616035011,Mandolines,"Home & Kitchen > Kitchen & Dining > Kitchen Utensils & Gadgets > Peeling, Grating & Slicing Tools > Mandolines & Slicers > Mandolines",B0D5Q9FHMD,,"MealHelper 12-in-1 Vegetable Chopper, Food Veggie Chopper With Container | Kitchen Prep Tool, Cheese Grater, Home Essentials & Kitchen Gadgets, with Sharp Stainless Steel Blades(7 Blades, Green)","Home & Kitchen > Kitchen & Dining > Kitchen Utensils & Gadgets > Peeling, Grating & Slicing Tools > Mandolines & Slicers > Mandolines",US,18.99,5.32,1.52,5.93,0.15,2325.0,1712.0,4.5,0.55,10000,1.0,20.0,50,25.0,20.0,20.0,75,35,65.0,B,"observed:price,sales,reviews,rating,fba_fee; estimated:search_volume,cpc",estimated_default_costs,Imported from Sorftime; ASIN B0D5Q9FHMD; brand MealHelper
category:Mandolines,23616035011,Mandolines,"Home & Kitchen > Kitchen & Dining > Kitchen Utensils & Gadgets > Peeling, Grating & Slicing Tools > Mandolines & Slicers > Mandolines",B0FDY6W1CY,,"OXO Good Grips Precision Handheld Mandoline, Mandoline Slicer | Adjustable Vegetable Slicer, 5 Thickness Settings, Included Food Holder for Even Pressure and Protection, Dishwasher Safe","Home & Kitchen > Kitchen & Dining > Kitchen Utensils & Gadgets > Peeling, Grating & Slicing Tools > Mandolines & Slicers > Mandolines",US,34.95,9.79,2.8,5.72,0.15,1860.0,402.0,4.6,0.55,10000,1.0,20.0,50,25.0,20.0,20.0,75,35,65.0,B,"observed:price,sales,reviews,rating,fba_fee; estimated:search_volume,cpc",estimated_default_costs,Imported from Sorftime; ASIN B0FDY6W1CY; brand OXO
category:Mandolines,23616035011,Mandolines,"Home & Kitchen > Kitchen & Dining > Kitchen Utensils & Gadgets > Peeling, Grating & Slicing Tools > Mandolines & Slicers > Mandolines",B0D873HVN4,,"Ourokhome Vegetable Chopper with Container, 8-Blade Onion Chopper & Mandolin Slicer, 2-Lid Food Dicer with Safety Lock, Veggie Shredder Grater for Kitchen Meal Prep, Kitchen Gadgets (8 in 1, Gray)","Home & Kitchen > Kitchen & Dining > Kitchen Utensils & Gadgets > Peeling, Grating & Slicing Tools > Mandolines & Slicers > Mandolines",US,24.99,7.0,2.0,7.74,0.15,1228.0,1206.0,4.5,0.55,10000,1.0,20.0,50,25.0,20.0,20.0,75,35,65.0,B,"observed:price,sales,reviews,rating,fba_fee; estimated:search_volume,cpc",estimated_default_costs,Imported from Sorftime; ASIN B0D873HVN4; brand Ourokhome
category:Mandolines,23616035011,Mandolines,"Home & Kitchen > Kitchen & Dining > Kitchen Utensils & Gadgets > Peeling, Grating & Slicing Tools > Mandolines & Slicers > Mandolines",B07C1J4BWD,,Ourokhome Zucchini Noodle Maker Spaghetti Spiralizer - 5 Blades Vegetable Slicer for Veggie Noodles and Curly Chips,"Home & Kitchen > Kitchen & Dining > Kitchen Utensils & Gadgets > Peeling, Grating & Slicing Tools > Mandolines & Slicers > Mandolines",US,24.99,7.0,2.0,6.59,0.15,979.0,1550.0,4.3,0.55,10000,1.0,20.0,50,25.0,20.0,20.0,75,35,65.0,B,"observed:price,sales,reviews,rating,fba_fee; estimated:search_volume,cpc",estimated_default_costs,Imported from Sorftime; ASIN B07C1J4BWD; brand Ourokhome
category:Mandolines,23616035011,Mandolines,"Home & Kitchen > Kitchen & Dining > Kitchen Utensils & Gadgets > Peeling, Grating & Slicing Tools > Mandolines & Slicers > Mandolines",B0CGSMBXY4,,"ZKIRON Adjustable Handheld Mandoline Slicer for Kitchen, Ready to Use | 1-3mm Vegetable Slicer with Grip Handle, Hand Guard and Bowl Hook for Cucumbers, Onions, Potatoes and Small-to-Medium Produce","Home & Kitchen > Kitchen & Dining > Kitchen Utensils & Gadgets > Peeling, Grating & Slicing Tools > Mandolines & Slicers > Mandolines",US,13.92,3.9,1.11,4.48,0.15,968.0,1568.0,4.3,0.55,10000,1.0,20.0,50,25.0,20.0,20.0,75,35,65.0,B,"observed:price,sales,reviews,rating,fba_fee; estimated:search_volume,cpc",estimated_default_costs,Imported from Sorftime; ASIN B0CGSMBXY4; brand ZKIRON
category:Mandolines,23616035011,Mandolines,"Home & Kitchen > Kitchen & Dining > Kitchen Utensils & Gadgets > Peeling, Grating & Slicing Tools > Mandolines & Slicers > Mandolines",B0DSLTQM4M,,"UltraChop All-In-1 Vegetable Chopper, Blue | Food Chopper Container, Spiralizer, Mandoline Slicer Onion Mincer, French Fry And Salad Cutter","Home & Kitchen > Kitchen & Dining > Kitchen Utensils & Gadgets > Peeling, Grating & Slicing Tools > Mandolines & Slicers > Mandolines",US,34.99,9.8,2.8,7.72,0.15,881.0,968.0,4.5,0.55,10000,1.0,20.0,50,25.0,20.0,20.0,75,35,65.0,B,"observed:price,sales,reviews,rating,fba_fee; estimated:search_volume,cpc",estimated_default_costs,Imported from Sorftime; ASIN B0DSLTQM4M; brand JANSKA
category:Mandolines,23616035011,Mandolines,"Home & Kitchen > Kitchen & Dining > Kitchen Utensils & Gadgets > Peeling, Grating & Slicing Tools > Mandolines & Slicers > Mandolines",B0BYJ3KWZ4,,Badelite Vegetable Spiralizer 4-IN-1 Rotating Blade Veggie Spiralizer Zucchini Noodle Maker with Strong Suction Cup Spiral Vegetable Cutter Slicer - White,"Home & Kitchen > Kitchen & Dining > Kitchen Utensils & Gadgets > Peeling, Grating & Slicing Tools > Mandolines & Slicers > Mandolines",US,21.24,5.95,1.7,5.94,0.15,850.0,533.0,4.2,0.55,10000,1.0,20.0,50,25.0,20.0,20.0,75,35,65.0,B,"observed:price,sales,reviews,rating,fba_fee; estimated:search_volume,cpc",estimated_default_costs,Imported from Sorftime; ASIN B0BYJ3KWZ4; brand Badelite
category:Mandolines,23616035011,Mandolines,"Home & Kitchen > Kitchen & Dining > Kitchen Utensils & Gadgets > Peeling, Grating & Slicing Tools > Mandolines & Slicers > Mandolines",B09FTNDMKC,,"Weltonhm Mandoline Slicer for Kitchen, Mandolin and Julienne for Vegetables | Stainless Steel Mandoline Slicer for Onion, Cucumber, Cabbage, Potato and Carrot Vegetable Slicer with Cut-Resistant Gloves","Home & Kitchen > Kitchen & Dining > Kitchen Utensils & Gadgets > Peeling, Grating & Slicing Tools > Mandolines & Slicers > Mandolines",US,32.99,9.24,2.64,6.77,0.15,814.0,1549.0,4.3,0.55,10000,1.0,20.0,50,25.0,20.0,20.0,75,35,65.0,B,"observed:price,sales,reviews,rating,fba_fee; estimated:search_volume,cpc",estimated_default_costs,Imported from Sorftime; ASIN B09FTNDMKC; brand weltonhm
category:Mandolines,23616035011,Mandolines,"Home & Kitchen > Kitchen & Dining > Kitchen Utensils & Gadgets > Peeling, Grating & Slicing Tools > Mandolines & Slicers > Mandolines",B0FV7ZK84Y,,"KEOUKE 8-in-1 Vertical Vegetable Chopper Mandoline Slicer with Container White - Safe Tap Out Dicer with Hand Guard for Kitchen Easy Food Prep, Onion Potato Veggie Fruit","Home & Kitchen > Kitchen & Dining > Kitchen Utensils & Gadgets > Peeling, Grating & Slicing Tools > Mandolines & Slicers > Mandolines",US,28.99,8.12,2.32,6.77,0.15,799.0,149.0,4.5,0.55,10000,1.0,20.0,50,25.0,20.0,20.0,75,35,65.0,B,"observed:price,sales,reviews,rating,fba_fee; estimated:search_volume,cpc",estimated_default_costs,Imported from Sorftime; ASIN B0FV7ZK84Y; brand KEOUKE
category:Mandolines,23616035011,Mandolines,"Home & Kitchen > Kitchen & Dining > Kitchen Utensils & Gadgets > Peeling, Grating & Slicing Tools > Mandolines & Slicers > Mandolines",B0FG7KCTLY,,"Ibergrif Handheld Mandoline Slicer for Kitchen, Adjustable Vegetable Slicer, Stainless Steel Blades, Safety Hand Guard, Safety Lock, Perfect for Potato Onion Tomato & Cucumber Slicer for Salad","Home & Kitchen > Kitchen & Dining > Kitchen Utensils & Gadgets > Peeling, Grating & Slicing Tools > Mandolines & Slicers > Mandolines",US,15.99,4.48,1.28,5.36,0.15,760.0,434.0,4.5,0.55,10000,1.0,20.0,50,25.0,20.0,20.0,75,35,65.0,B,"observed:price,sales,reviews,rating,fba_fee; estimated:search_volume,cpc",estimated_default_costs,Imported from Sorftime; ASIN B0FG7KCTLY; brand Ibergrif
category:Mandolines,23616035011,Mandolines,"Home & Kitchen > Kitchen & Dining > Kitchen Utensils & Gadgets > Peeling, Grating & Slicing Tools > Mandolines & Slicers > Mandolines",B0CZ79D8VQ,,"Vegetable Chopper, Food Chopper Manual Hand, Onion, Salad, Garlic, Nut & Veggie Cutter, Dishwasher Safe, White","Home & Kitchen > Kitchen & Dining > Kitchen Utensils & Gadgets > Peeling, Grating & Slicing Tools > Mandolines & Slicers > Mandolines",US,22.99,6.44,1.84,5.3,0.15,704.0,658.0,4.1,0.55,10000,1.0,20.0,50,25.0,20.0,20.0,75,35,65.0,B,"observed:price,sales,reviews,rating,fba_fee; estimated:search_volume,cpc",estimated_default_costs,Imported from Sorftime; ASIN B0CZ79D8VQ; brand Mttobo
category:Mandolines,23616035011,Mandolines,"Home & Kitchen > Kitchen & Dining > Kitchen Utensils & Gadgets > Peeling, Grating & Slicing Tools > Mandolines & Slicers > Mandolines",B0B8HMC2BH,,"Geedel Professional Mandoline Slicer for Kitchen, Multi Purpose Vegetable Slicer Cutter, Vegetable Cutter Onion Cutter for Veggie Fruit Cheese","Home & Kitchen > Kitchen & Dining > Kitchen Utensils & Gadgets > Peeling, Grating & Slicing Tools > Mandolines & Slicers > Mandolines",US,23.97,6.71,1.92,5.93,0.15,701.0,871.0,4.3,0.55,10000,1.0,20.0,50,25.0,20.0,20.0,75,35,65.0,B,"observed:price,sales,reviews,rating,fba_fee; estimated:search_volume,cpc",estimated_default_costs,Imported from Sorftime; ASIN B0B8HMC2BH; brand Geedel
category:Mandolines,23616035011,Mandolines,"Home & Kitchen > Kitchen & Dining > Kitchen Utensils & Gadgets > Peeling, Grating & Slicing Tools > Mandolines & Slicers > Mandolines",B0DQXZ596V,,"Ibergrif Veggie Chopper, 7 Blades Vegetable Chopper with Container, Onion Potato Food Fruit Slicer and Cutter, Stainless Steel, Dishwasher Safe,Mandoline Slicer & Kitchen Gadgets","Home & Kitchen > Kitchen & Dining > Kitchen Utensils & Gadgets > Peeling, Grating & Slicing Tools > Mandolines & Slicers > Mandolines",US,19.99,5.6,1.6,6.55,0.15,574.0,585.0,4.6,0.55,10000,1.0,20.0,50,25.0,20.0,20.0,75,35,65.0,B,"observed:price,sales,reviews,rating,fba_fee; estimated:search_volume,cpc",estimated_default_costs,Imported from Sorftime; ASIN B0DQXZ596V; brand Ibergrif
category:Mandolines,23616035011,Mandolines,"Home & Kitchen > Kitchen & Dining > Kitchen Utensils & Gadgets > Peeling, Grating & Slicing Tools > Mandolines & Slicers > Mandolines",B0GW8QZT5J,,"Multifunctional Vegetable Chopper & Mandoline Slicer, Veggie Chopper | Removable Grid ,8 Interchangeble Blades, Onion Chopper, Easy to Clean Food Chopper, Fruit Slicer Onion Dicer","Home & Kitchen > Kitchen & Dining > Kitchen Utensils & Gadgets > Peeling, Grating & Slicing Tools > Mandolines & Slicers > Mandolines",US,24.99,7.0,2.0,7.81,0.15,544.0,15.0,4.4,0.55,10000,1.0,20.0,50,25.0,20.0,20.0,75,35,65.0,B,"observed:price,sales,reviews,rating,fba_fee; estimated:search_volume,cpc",estimated_default_costs,Imported from Sorftime; ASIN B0GW8QZT5J; brand STOVE & SAGE
category:Mandolines,23616035011,Mandolines,"Home & Kitchen > Kitchen & Dining > Kitchen Utensils & Gadgets > Peeling, Grating & Slicing Tools > Mandolines & Slicers > Mandolines",B099VKS13K,,"Vollum Mandoline Slicer Vegetable Cutter Stainless Steel Blades | Narrow handheld manual food slicer with interchangeable blades for precise, professional-style kitchen prep.","Home & Kitchen > Kitchen & Dining > Kitchen Utensils & Gadgets > Peeling, Grating & Slicing Tools > Mandolines & Slicers > Mandolines",US,39.99,11.2,3.2,7.2,0.15,540.0,130.0,4.4,0.55,10000,1.0,20.0,50,25.0,20.0,20.0,65,20,53.8,C,"observed:price,sales,reviews,rating; estimated:fba_fee,search_volume,cpc",estimated_default_costs,Imported from Sorftime; ASIN B099VKS13K; brand Vollum
category:Mandolines,23616035011,Mandolines,"Home & Kitchen > Kitchen & Dining > Kitchen Utensils & Gadgets > Peeling, Grating & Slicing Tools > Mandolines & Slicers > Mandolines",B0DLHX5L86,,"Cabbage Slicer Ultra-Thin 0.04 in Julienne Cutter for Sauerkraut & Coleslaw | 0.04 in Ultra-Thin Blade, Japanese Stainless Steel, Stable Non-Slip Base, Foldable, Easy to Clean","Home & Kitchen > Kitchen & Dining > Kitchen Utensils & Gadgets > Peeling, Grating & Slicing Tools > Mandolines & Slicers > Mandolines",US,15.99,4.48,1.28,5.37,0.15,490.0,280.0,4.4,0.55,10000,1.0,20.0,50,25.0,20.0,20.0,75,35,65.0,B,"observed:price,sales,reviews,rating,fba_fee; estimated:search_volume,cpc",estimated_default_costs,Imported from Sorftime; ASIN B0DLHX5L86; brand LOVE YOU Studio
category:Mandolines,23616035011,Mandolines,"Home & Kitchen > Kitchen & Dining > Kitchen Utensils & Gadgets > Peeling, Grating & Slicing Tools > Mandolines & Slicers > Mandolines",B0D74PL45R,,Cuisinart PrepExpress™ Vegetable & Fruit Box Chopper,"Home & Kitchen > Kitchen & Dining > Kitchen Utensils & Gadgets > Peeling, Grating & Slicing Tools > Mandolines & Slicers > Mandolines",US,26.68,7.47,2.13,6.38,0.15,487.0,599.0,4.3,0.55,10000,1.0,20.0,50,25.0,20.0,20.0,75,35,65.0,B,"observed:price,sales,reviews,rating,fba_fee; estimated:search_volume,cpc",estimated_default_costs,Imported from Sorftime; ASIN B0D74PL45R; brand Cuisinart
category:Mandolines,23616035011,Mandolines,"Home & Kitchen > Kitchen & Dining > Kitchen Utensils & Gadgets > Peeling, Grating & Slicing Tools > Mandolines & Slicers > Mandolines",B0GR5RZNM4,,"Gramercy Mandoline Slicer for Kitchen, Adjustable V-Blade, 36 Slice Options | Make Even Cuts with One Dial, 6 Thickness Levels, Straight, Waffle-Edge, Thick, Julienne, Safety Lock, Gloves, Cleaning Brush","Home & Kitchen > Kitchen & Dining > Kitchen Utensils & Gadgets > Peeling, Grating & Slicing Tools > Mandolines & Slicers > Mandolines",US,37.99,10.64,3.04,6.74,0.15,433.0,32.0,4.6,0.55,10000,1.0,20.0,50,25.0,20.0,20.0,75,35,65.0,B,"observed:price,sales,reviews,rating,fba_fee; estimated:search_volume,cpc",estimated_default_costs,Imported from Sorftime; ASIN B0GR5RZNM4; brand Gramercy Kitchen Company
category:Mandolines,23616035011,Mandolines,"Home & Kitchen > Kitchen & Dining > Kitchen Utensils & Gadgets > Peeling, Grating & Slicing Tools > Mandolines & Slicers > Mandolines",B0G1LV3NX5,,"Vegetable Chopper Veggie Cutter Onion Food Potato Tomato Dicer With Blade | Stainless Steel Construction, Fruit Potato Salad Dicer, Dishwasher Safety, Easy Cleaning, Safety Hand Guards","Home & Kitchen > Kitchen & Dining > Kitchen Utensils & Gadgets > Peeling, Grating & Slicing Tools > Mandolines & Slicers > Mandolines",US,79.99,22.4,6.4,8.44,0.15,423.0,830.0,4.5,0.55,10000,1.0,20.0,50,25.0,20.0,20.0,75,35,65.0,B,"observed:price,sales,reviews,rating,fba_fee; estimated:search_volume,cpc",estimated_default_costs,Imported from Sorftime; ASIN B0G1LV3NX5; brand Moeuonb
category:Mandolines,23616035011,Mandolines,"Home & Kitchen > Kitchen & Dining > Kitchen Utensils & Gadgets > Peeling, Grating & Slicing Tools > Mandolines & Slicers > Mandolines",B0CZY39NQK,,"Multi 23-in-1 Pro Vegetable Chopper & Mandoline Slicer, 10 Blade-in-1 | Mandoline Food Cutter for Tomato Fruit, Vegetable cutter with Hand Protector, Egg Separator & Slicer, Container（Black）","Home & Kitchen > Kitchen & Dining > Kitchen Utensils & Gadgets > Peeling, Grating & Slicing Tools > Mandolines & Slicers > Mandolines",US,22.99,6.44,1.84,6.38,0.15,387.0,240.0,4.4,0.55,10000,1.0,20.0,50,25.0,20.0,20.0,75,35,65.0,B,"observed:price,sales,reviews,rating,fba_fee; estimated:search_volume,cpc",estimated_default_costs,Imported from Sorftime; ASIN B0CZY39NQK; brand ECLENYES
category:Mandolines,23616035011,Mandolines,"Home & Kitchen > Kitchen & Dining > Kitchen Utensils & Gadgets > Peeling, Grating & Slicing Tools > Mandolines & Slicers > Mandolines",B0FNW2PNSD,,"18-in-1 Vegetable Chopper Mandoline Slicer for Kitchen, Food Chopper with Container, Veggie Cutter, Onion Mincer Tomato Dicer, Fruit Slicer Spiralizer, Cheese Grater, Kitchen Gadgets House Essentials","Home & Kitchen > Kitchen & Dining > Kitchen Utensils & Gadgets > Peeling, Grating & Slicing Tools > Mandolines & Slicers > Mandolines",US,25.99,7.28,2.08,5.94,0.15,384.0,252.0,4.2,0.55,10000,1.0,20.0,50,25.0,20.0,20.0,75,35,65.0,B,"observed:price,sales,reviews,rating,fba_fee; estimated:search_volume,cpc",estimated_default_costs,Imported from Sorftime; ASIN B0FNW2PNSD; brand iETH
category:Mandolines,23616035011,Mandolines,"Home & Kitchen > Kitchen & Dining > Kitchen Utensils & Gadgets > Peeling, Grating & Slicing Tools > Mandolines & Slicers > Mandolines",B002BFCNAC,,"Leifheit Gourmet Garlic Slicer, Stainless Steel Blades, ABS Plastic Body, Twist-to-Slice Design, Safe for Garlic, Ginger, Cheese, Chocolate, Dishwasher Safe, German Quality, White/Red","Home & Kitchen > Kitchen & Dining > Kitchen Utensils & Gadgets > Peeling, Grating & Slicing Tools > Mandolines & Slicers > Mandolines",US,19.99,5.6,1.6,4.18,0.15,381.0,1290.0,4.4,0.55,10000,1.0,20.0,50,25.0,20.0,20.0,75,35,65.0,B,"observed:price,sales,reviews,rating,fba_fee; estimated:search_volume,cpc",estimated_default_costs,Imported from Sorftime; ASIN B002BFCNAC; brand Leifheit
category:Mandolines,23616035011,Mandolines,"Home & Kitchen > Kitchen & Dining > Kitchen Utensils & Gadgets > Peeling, Grating & Slicing Tools > Mandolines & Slicers > Mandolines",B0D9W4S23F,,"Mandoline Slicer, Adjustable Stainless Steel Slicer, Food Holder and Gloves | Adjustable stainless steel blade slices potato, onion and tomato with food holder and safety gloves for safer daily meal prep","Home & Kitchen > Kitchen & Dining > Kitchen Utensils & Gadgets > Peeling, Grating & Slicing Tools > Mandolines & Slicers > Mandolines",US,35.99,10.08,2.88,6.64,0.15,371.0,228.0,4.3,0.55,10000,1.0,20.0,50,25.0,20.0,20.0,75,35,65.0,B,"observed:price,sales,reviews,rating,fba_fee; estimated:search_volume,cpc",estimated_default_costs,Imported from Sorftime; ASIN B0D9W4S23F; brand XAYCDEHN
category:Mandolines,23616035011,Mandolines,"Home & Kitchen > Kitchen & Dining > Kitchen Utensils & Gadgets > Peeling, Grating & Slicing Tools > Mandolines & Slicers > Mandolines",B0F3XV1QRT,,"NACOLUS 6-Blade Mandoline Slicer for Kitchen,Handheld Vegetable Slicer | stainless steel surface,straight slicer 1/3mm,shredder 2/3mm,waffle fry cutter,grater,finger-safe hand guard,garlic slicer","Home & Kitchen > Kitchen & Dining > Kitchen Utensils & Gadgets > Peeling, Grating & Slicing Tools > Mandolines & Slicers > Mandolines",US,13.99,3.92,1.12,5.69,0.15,338.0,117.0,4.1,0.55,10000,1.0,20.0,50,25.0,20.0,20.0,75,35,65.0,B,"observed:price,sales,reviews,rating,fba_fee; estimated:search_volume,cpc",estimated_default_costs,Imported from Sorftime; ASIN B0F3XV1QRT; brand NACOLUS
category:Mandolines,23616035011,Mandolines,"Home & Kitchen > Kitchen & Dining > Kitchen Utensils & Gadgets > Peeling, Grating & Slicing Tools > Mandolines & Slicers > Mandolines",B0F749BDQW,,"Arnest Japanese mandoline slicer Cabbage Shredder, 3-Blade Triple Wave Ultra-Thin Shredder for Tonkatsu-Style Slaw, Stainless Steel Wave Blades, Safety Holder, Easy-Rinse Clean, Made in Japan","Home & Kitchen > Kitchen & Dining > Kitchen Utensils & Gadgets > Peeling, Grating & Slicing Tools > Mandolines & Slicers > Mandolines",US,22.0,6.16,1.76,4.47,0.15,300.0,124.0,4.5,0.55,10000,1.0,20.0,50,25.0,20.0,20.0,75,35,65.0,B,"observed:price,sales,reviews,rating,fba_fee; estimated:search_volume,cpc",estimated_default_costs,Imported from Sorftime; ASIN B0F749BDQW; brand forest Originals
category:Mandolines,23616035011,Mandolines,"Home & Kitchen > Kitchen & Dining > Kitchen Utensils & Gadgets > Peeling, Grating & Slicing Tools > Mandolines & Slicers > Mandolines",B07XV5HXZ4,,"Vollum Vegetable Spiralizer with 4 Blades Straight and Serrated | Includes 1 straight-edged and 3 serrated blades. Spiralizes zucchini, squash, and butternut squash into fresh veggie noodles.","Home & Kitchen > Kitchen & Dining > Kitchen Utensils & Gadgets > Peeling, Grating & Slicing Tools > Mandolines & Slicers > Mandolines",US,52.95,14.83,4.24,7.22,0.15,284.0,355.0,4.2,0.55,10000,1.0,20.0,50,25.0,20.0,20.0,75,35,65.0,B,"observed:price,sales,reviews,rating,fba_fee; estimated:search_volume,cpc",estimated_default_costs,Imported from Sorftime; ASIN B07XV5HXZ4; brand Vollum
category:Mandolines,23616035011,Mandolines,"Home & Kitchen > Kitchen & Dining > Kitchen Utensils & Gadgets > Peeling, Grating & Slicing Tools > Mandolines & Slicers > Mandolines",B07G93X16W,,"Benriner Super Standard Madoline Slicer, with with 4 Japanese Stainless Steel Blades, Almond","Home & Kitchen > Kitchen & Dining > Kitchen Utensils & Gadgets > Peeling, Grating & Slicing Tools > Mandolines & Slicers > Mandolines",US,35.99,10.08,2.88,5.75,0.15,253.0,566.0,4.6,0.55,10000,1.0,20.0,50,25.0,20.0,20.0,75,35,65.0,B,"observed:price,sales,reviews,rating,fba_fee; estimated:search_volume,cpc",estimated_default_costs,Imported from Sorftime; ASIN B07G93X16W; brand Benriner
category:Mandolines,23616035011,Mandolines,"Home & Kitchen > Kitchen & Dining > Kitchen Utensils & Gadgets > Peeling, Grating & Slicing Tools > Mandolines & Slicers > Mandolines",B0FXBBPMD5,,"Pαmpered Chef Food Chopper, Vegetable Chopper, Onion Chopper, Garlic Chopper, Nuts Chopper - Hand Chopper For Vegetables Salads, Fruits, Nuts. Dishwasher-safe, White, Easy to Clean","Home & Kitchen > Kitchen & Dining > Kitchen Utensils & Gadgets > Peeling, Grating & Slicing Tools > Mandolines & Slicers > Mandolines",US,23.99,6.72,1.92,5.36,0.15,249.0,19.0,4.5,0.55,10000,1.0,20.0,50,25.0,20.0,20.0,75,35,65.0,B,"observed:price,sales,reviews,rating,fba_fee; estimated:search_volume,cpc",estimated_default_costs,Imported from Sorftime; ASIN B0FXBBPMD5; brand Longmann
category:Choppers,678514011,Choppers,Home & Kitchen > Kitchen & Dining > Kitchen Utensils & Gadgets > Seasoning & Spice Tools > Choppers & Mincers > Choppers,B0CF8KZVVV,,"Food Chopper, Handheld Veggie Chopper for Vegetable, Onion, Garlic, Nut, Hand Vegetable Cutter, Dishwasher-safe, Stainless Steel Blade, White.",Home & Kitchen > Kitchen & Dining > Kitchen Utensils & Gadgets > Seasoning & Spice Tools > Choppers & Mincers > Choppers,US,23.99,6.72,1.92,5.36,0.15,871.0,988.0,4.2,0.55,10000,1.0,20.0,50,25.0,20.0,20.0,75,35,65.0,B,"observed:price,sales,reviews,rating,fba_fee; estimated:search_volume,cpc",estimated_default_costs,Imported from Sorftime; ASIN B0CF8KZVVV; brand Semcide
category:Choppers,678514011,Choppers,Home & Kitchen > Kitchen & Dining > Kitchen Utensils & Gadgets > Seasoning & Spice Tools > Choppers & Mincers > Choppers,B0CD6MYWM5,,"Geedel Vegetable Chopper with Container, 4 in 1 Food Chopper Veggie Slicer | Onion Chopper, 420 Stainless Steel, Safety Lock, Dishwasher Safe, No BPA, Cleaning Brush Included, for Vegetables, Cheese",Home & Kitchen > Kitchen & Dining > Kitchen Utensils & Gadgets > Seasoning & Spice Tools > Choppers & Mincers > Choppers,US,24.99,7.0,2.0,6.77,0.15,856.0,1559.0,4.5,0.55,10000,1.0,20.0,50,25.0,20.0,20.0,75,35,65.0,B,"observed:price,sales,reviews,rating,fba_fee; estimated:search_volume,cpc",estimated_default_costs,Imported from Sorftime; ASIN B0CD6MYWM5; brand Geedel
category:Choppers,678514011,Choppers,Home & Kitchen > Kitchen & Dining > Kitchen Utensils & Gadgets > Seasoning & Spice Tools > Choppers & Mincers > Choppers,B0C84G1C5C,,KELEYU Commercial Vegetable Replacement Chopper 1/4’’ Blade | Replacement Chopper Dicer Stainless Steel Blade and Pusher Block for Fruit Cutting Machine Tomato onion French Fries Cutter,Home & Kitchen > Kitchen & Dining > Kitchen Utensils & Gadgets > Seasoning & Spice Tools > Choppers & Mincers > Choppers,US,18.99,5.32,1.52,4.86,0.15,762.0,290.0,4.5,0.55,10000,1.0,20.0,50,25.0,20.0,20.0,75,35,65.0,B,"observed:price,sales,reviews,rating,fba_fee; estimated:search_volume,cpc",estimated_default_costs,Imported from Sorftime; ASIN B0C84G1C5C; brand KELEYU
category:Choppers,678514011,Choppers,Home & Kitchen > Kitchen & Dining > Kitchen Utensils & Gadgets > Seasoning & Spice Tools > Choppers & Mincers > Choppers,B0GFD3YBPX,,"MR.SIGA Vegetable Chopper with Container, Vegetable Cutter for Onion Fruit | 50% less effort for every chop, 2 in 1 manual food veggie chopper with 2 stainless steel chopping blades",Home & Kitchen > Kitchen & Dining > Kitchen Utensils & Gadgets > Seasoning & Spice Tools > Choppers & Mincers > Choppers,US,29.98,8.39,2.4,6.57,0.15,686.0,71.0,4.4,0.55,10000,1.0,20.0,50,25.0,20.0,20.0,75,35,65.0,B,"observed:price,sales,reviews,rating,fba_fee; estimated:search_volume,cpc",estimated_default_costs,Imported from Sorftime; ASIN B0GFD3YBPX; brand MR.SIGA
category:Choppers,678514011,Choppers,Home & Kitchen > Kitchen & Dining > Kitchen Utensils & Gadgets > Seasoning & Spice Tools > Choppers & Mincers > Choppers,B0BDYFYBXD,,"Pamperεd Chef Food Chopper, Vegetable Chopper, Onion Chopper, Garlic Chopper, Nuts Chopper - Hand Chopper For Vegetables, Salads, Fruits, Nuts. Dishwasher-safe, White, Easy to Clean",Home & Kitchen > Kitchen & Dining > Kitchen Utensils & Gadgets > Seasoning & Spice Tools > Choppers & Mincers > Choppers,US,24.99,7.0,2.0,5.37,0.15,538.0,634.0,4.4,0.55,10000,1.0,20.0,50,25.0,20.0,20.0,75,35,65.0,B,"observed:price,sales,reviews,rating,fba_fee; estimated:search_volume,cpc",estimated_default_costs,Imported from Sorftime; ASIN B0BDYFYBXD; brand Longmann
category:Choppers,678514011,Choppers,Home & Kitchen > Kitchen & Dining > Kitchen Utensils & Gadgets > Seasoning & Spice Tools > Choppers & Mincers > Choppers,B0BF57BWRN,,"GDL Food Chopper, Vegetable Chopper, Pull String Onion Chopper Dicer, 800ML | Manual Chopper Dicer for Oinon, Garlic, Nut, 420 Stainless Steel Blade, Dishwasher Safe, Fast Cutting, Anti-Slip Base, No BPA",Home & Kitchen > Kitchen & Dining > Kitchen Utensils & Gadgets > Seasoning & Spice Tools > Choppers & Mincers > Choppers,US,17.99,5.04,1.44,4.9,0.15,436.0,499.0,4.4,0.55,10000,1.0,20.0,50,25.0,20.0,20.0,75,35,65.0,B,"observed:price,sales,reviews,rating,fba_fee; estimated:search_volume,cpc",estimated_default_costs,Imported from Sorftime; ASIN B0BF57BWRN; brand GDL
category:Choppers,678514011,Choppers,Home & Kitchen > Kitchen & Dining > Kitchen Utensils & Gadgets > Seasoning & Spice Tools > Choppers & Mincers > Choppers,B0D6JW9M5Z,,"Vegetable Chopper with Container 13-in-1, 7 Blades Food Dicer Veggie Slicer | Onion, Tomato, Salad, Slap, Fruit Cutter with Sharp Stainless Steel Blades, All-in-One Kitchen Prep Tool",Home & Kitchen > Kitchen & Dining > Kitchen Utensils & Gadgets > Seasoning & Spice Tools > Choppers & Mincers > Choppers,US,19.98,5.59,1.6,6.38,0.15,435.0,1760.0,4.3,0.55,10000,1.0,20.0,50,25.0,20.0,20.0,75,35,65.0,B,"observed:price,sales,reviews,rating,fba_fee; estimated:search_volume,cpc",estimated_default_costs,Imported from Sorftime; ASIN B0D6JW9M5Z; brand QDGMXIV
category:Choppers,678514011,Choppers,Home & Kitchen > Kitchen & Dining > Kitchen Utensils & Gadgets > Seasoning & Spice Tools > Choppers & Mincers > Choppers,B0CDW94S8V,,"Pamperεd Chef Food Chopper, Vegetable Chopper, Onion Chopper, Garlic Chopper, Manual Hand Chopper For Vegetables Salads Onion Ginger Carrot Garlic Fruit Nuts, Dishwasher-safe, White, Easy to Clean",Home & Kitchen > Kitchen & Dining > Kitchen Utensils & Gadgets > Seasoning & Spice Tools > Choppers & Mincers > Choppers,US,23.99,6.72,1.92,5.37,0.15,399.0,42.0,4.5,0.55,10000,1.0,20.0,50,25.0,20.0,20.0,75,35,65.0,B,"observed:price,sales,reviews,rating,fba_fee; estimated:search_volume,cpc",estimated_default_costs,Imported from Sorftime; ASIN B0CDW94S8V; brand PSYCHOAPES
category:Choppers,678514011,Choppers,Home & Kitchen > Kitchen & Dining > Kitchen Utensils & Gadgets > Seasoning & Spice Tools > Choppers & Mincers > Choppers,B07XYQZM5P,,"GDL Food Chopper, Manual Slap Vegetable Chopper Onion Dicer, Garlic Mincer | Hand Chopper for Onion Nut Pepper Celery Tomato, Easy & Safe Chopping, No BPA, Durable Stainless Steel Blade, Dishwasher Safe",Home & Kitchen > Kitchen & Dining > Kitchen Utensils & Gadgets > Seasoning & Spice Tools > Choppers & Mincers > Choppers,US,19.99,5.6,1.6,5.36,0.15,317.0,2491.0,3.8,0.55,10000,1.0,20.0,50,25.0,20.0,20.0,75,35,65.0,B,"observed:price,sales,reviews,rating,fba_fee; estimated:search_volume,cpc",estimated_default_costs,Imported from Sorftime; ASIN B07XYQZM5P; brand GDL
category:Choppers,678514011,Choppers,Home & Kitchen > Kitchen & Dining > Kitchen Utensils & Gadgets > Seasoning & Spice Tools > Choppers & Mincers > Choppers,B004OXURZ2,,Chef‘n 104-259-120 SaladShears Nylon Lettuce Chopper - White,Home & Kitchen > Kitchen & Dining > Kitchen Utensils & Gadgets > Seasoning & Spice Tools > Choppers & Mincers > Choppers,US,13.99,3.92,1.12,3.46,0.15,249.0,1696.0,4.5,0.55,10000,1.0,20.0,50,25.0,20.0,20.0,75,35,65.0,B,"observed:price,sales,reviews,rating,fba_fee; estimated:search_volume,cpc",estimated_default_costs,Imported from Sorftime; ASIN B004OXURZ2; brand Chef‘n
category:Choppers,678514011,Choppers,Home & Kitchen > Kitchen & Dining > Kitchen Utensils & Gadgets > Seasoning & Spice Tools > Choppers & Mincers > Choppers,B00004UE6R,,"Norpro Deluxe Bean Frencher With Clamp French/Green/Slicer/Cutter Heavy Duty, Manual, Aluminum, Silver",Home & Kitchen > Kitchen & Dining > Kitchen Utensils & Gadgets > Seasoning & Spice Tools > Choppers & Mincers > Choppers,US,34.87,9.76,2.79,4.87,0.15,249.0,858.0,4.0,0.55,10000,1.0,20.0,50,25.0,20.0,20.0,75,35,65.0,B,"observed:price,sales,reviews,rating,fba_fee; estimated:search_volume,cpc",estimated_default_costs,Imported from Sorftime; ASIN B00004UE6R; brand Norpro
category:Garlic Peelers,678517011,Garlic Peelers,Home & Kitchen > Kitchen & Dining > Kitchen Utensils & Gadgets > Seasoning & Spice Tools > Garlic Tools > Garlic Peelers,B0DG3SL8ZN,,"GORILLA GRIP Garlic Peeler and Press Set, Heavy Duty Mincer, Black | Large Chamber for Cloves, Soft Comfortable Handle, Easily Mince and Crush Garlics, Nuts, Seeds, Ginger, Home Kitchen Gadgets",Home & Kitchen > Kitchen & Dining > Kitchen Utensils & Gadgets > Seasoning & Spice Tools > Garlic Tools > Garlic Peelers,US,14.89,4.17,1.19,4.36,0.15,4828.0,1562.0,4.6,0.55,10000,1.0,20.0,50,25.0,20.0,20.0,75,35,65.0,B,"observed:price,sales,reviews,rating,fba_fee; estimated:search_volume,cpc",estimated_default_costs,Imported from Sorftime; ASIN B0DG3SL8ZN; brand GORILLA GRIP
category:Garlic Roasters,678519011,Garlic Roasters,Home & Kitchen > Kitchen & Dining > Kitchen Utensils & Gadgets > Seasoning & Spice Tools > Garlic Tools > Garlic Roasters,B0D792WT3K,,"IPROUDER Cast Iron Garlic Roaster with Handle, Smoker Roaster, Garlic Cooker, Garlic Baker, Garlic Roasting Pot, Potato Baker, Mini Cocotte, Used in the Kitchen Oven or Outdoors on a BBQ Grill Stove",Home & Kitchen > Kitchen & Dining > Kitchen Utensils & Gadgets > Seasoning & Spice Tools > Garlic Tools > Garlic Roasters,US,24.99,7.0,2.0,8.05,0.15,219.0,180.0,4.3,0.55,10000,1.0,20.0,50,25.0,20.0,20.0,75,35,65.0,B,"observed:price,sales,reviews,rating,fba_fee; estimated:search_volume,cpc",estimated_default_costs,Imported from Sorftime; ASIN B0D792WT3K; brand IPROUDER
category:Index Card Storage,12900921,Index Card Storage,Office Products > Office Supplies > Education & Crafts > Filing Products > Index Card Filing > Index Card Storage,B0DGQCB7NQ,,"H4D Index Card Holder 3x5, Index Card Box Organizer, 3 Pack, Pastel Colors",Office Products > Office Supplies > Education & Crafts > Filing Products > Index Card Filing > Index Card Storage,US,12.99,3.64,1.04,5.77,0.15,2300.0,921.0,4.6,0.55,10000,1.0,20.0,50,25.0,20.0,20.0,75,35,65.0,B,"observed:price,sales,reviews,rating,fba_fee; estimated:search_volume,cpc",estimated_default_costs,Imported from Sorftime; ASIN B0DGQCB7NQ; brand H4D
category:Index Card Storage,12900921,Index Card Storage,Office Products > Office Supplies > Education & Crafts > Filing Products > Index Card Filing > Index Card Storage,B00NU7OIHQ,,"Super Stacker Small Index Card Sized Box, 4x6 in, 1 Count",Office Products > Office Supplies > Education & Crafts > Filing Products > Index Card Filing > Index Card Storage,US,19.99,5.6,1.6,3.6,0.15,1060.0,1595.0,4.3,0.55,10000,1.0,20.0,50,25.0,20.0,20.0,50,20,42.5,C,"observed:sales,reviews,rating; estimated:price,fba_fee,search_volume,cpc",estimated_default_costs,Imported from Sorftime; ASIN B00NU7OIHQ; brand Super Stacker
category:Index Card Storage,12900921,Index Card Storage,Office Products > Office Supplies > Education & Crafts > Filing Products > Index Card Filing > Index Card Storage,B0D5LLC68G,,"Olivo Index Card Holder Box 3x5 Flash Note Card Organizer, Colored, 4 Pack",Office Products > Office Supplies > Education & Crafts > Filing Products > Index Card Filing > Index Card Storage,US,12.99,3.64,1.04,6.22,0.15,808.0,231.0,4.5,0.55,10000,1.0,20.0,50,25.0,20.0,20.0,75,35,65.0,B,"observed:price,sales,reviews,rating,fba_fee; estimated:search_volume,cpc",estimated_default_costs,Imported from Sorftime; ASIN B0D5LLC68G; brand Olivo
category:Index Card Storage,12900921,Index Card Storage,Office Products > Office Supplies > Education & Crafts > Filing Products > Index Card Filing > Index Card Storage,B0H4V84RTQ,,"Card Binder 4-Pocket Trading Album, 50 Removable Sleeves, 400 Cards",Office Products > Office Supplies > Education & Crafts > Filing Products > Index Card Filing > Index Card Storage,US,14.99,4.2,1.2,4.58,0.15,684.0,9.0,4.2,0.55,10000,1.0,20.0,50,25.0,20.0,20.0,75,35,65.0,B,"observed:price,sales,reviews,rating,fba_fee; estimated:search_volume,cpc",estimated_default_costs,Imported from Sorftime; ASIN B0H4V84RTQ; brand GANDATA
category:Index Card Storage,12900921,Index Card Storage,Office Products > Office Supplies > Education & Crafts > Filing Products > Index Card Filing > Index Card Storage,B0H6JRCGKZ,,"DRASTAR Index Card Holder, 3x5 Index Card Box, Wooden Index Card Organizer with 45 Dividers, Flashcard Notecard Holders for Home Office, Bamboo",Office Products > Office Supplies > Education & Crafts > Filing Products > Index Card Filing > Index Card Storage,US,16.98,4.75,1.36,3.68,0.15,517.0,235.0,4.5,0.55,10000,1.0,20.0,50,25.0,20.0,20.0,75,35,65.0,B,"observed:price,sales,reviews,rating,fba_fee; estimated:search_volume,cpc",estimated_default_costs,Imported from Sorftime; ASIN B0H6JRCGKZ; brand DRASTAR
category:Index Card Storage,12900921,Index Card Storage,Office Products > Office Supplies > Education & Crafts > Filing Products > Index Card Filing > Index Card Storage,B0CKTD45Q7,,"DOFFICE Greeting Card Organizer Box, Khaki, 1 Pack | Foldable, 16 Adjustable Dividers, 84 Self-stick Labels, Store 120+ Cards Photos Envelopes Postcards Stickers",Office Products > Office Supplies > Education & Crafts > Filing Products > Index Card Filing > Index Card Storage,US,17.99,5.04,1.44,5.75,0.15,451.0,514.0,4.6,0.55,10000,1.0,20.0,50,25.0,20.0,20.0,75,35,65.0,B,"observed:price,sales,reviews,rating,fba_fee; estimated:search_volume,cpc",estimated_default_costs,Imported from Sorftime; ASIN B0CKTD45Q7; brand DOFFICE
category:Index Card Storage,12900921,Index Card Storage,Office Products > Office Supplies > Education & Crafts > Filing Products > Index Card Filing > Index Card Storage,B0F43M47C5,,AmazingSpark 2 Pack 3‘‘ x 5‘‘ Index Card Holder Sleeve 16 Slot Plastic Organizer Hanging Wall Mount Business Note Cardholder PVC Clear Organizer Pocket for Classroom Office Library Home (Black),Office Products > Office Supplies > Education & Crafts > Filing Products > Index Card Filing > Index Card Storage,US,14.99,4.2,1.2,3.67,0.15,442.0,53.0,4.5,0.55,10000,1.0,20.0,50,25.0,20.0,20.0,75,35,65.0,B,"observed:price,sales,reviews,rating,fba_fee; estimated:search_volume,cpc",estimated_default_costs,Imported from Sorftime; ASIN B0F43M47C5; brand AmazingSpark
category:Index Card Storage,12900921,Index Card Storage,Office Products > Office Supplies > Education & Crafts > Filing Products > Index Card Filing > Index Card Storage,B0BDFCPFS3,,"3 x 5 Inches Index Card Holder Set, Bamboo Organizer Box, Wooden Color | Holds 1200 Cards with 50 Index Card Organizer Dividers & 2 Sheets Alphabet Number Stickers for Office Home Kitchen Filing",Office Products > Office Supplies > Education & Crafts > Filing Products > Index Card Filing > Index Card Storage,US,28.99,8.12,2.32,6.58,0.15,395.0,257.0,4.3,0.55,10000,1.0,20.0,50,25.0,20.0,20.0,75,35,65.0,B,"observed:price,sales,reviews,rating,fba_fee; estimated:search_volume,cpc",estimated_default_costs,Imported from Sorftime; ASIN B0BDFCPFS3; brand Henoyso
category:Index Card Storage,12900921,Index Card Storage,Office Products > Office Supplies > Education & Crafts > Filing Products > Index Card Filing > Index Card Storage,B0F8QNHQ7K,,"Outus 30 Pcs Self Adhesive Shop Ticket Holders, 5 x 8 Inch | Self Adhesive Sleeves for Work Orders, Panel Schedule Protectors, Label Holder Pockets for Office Classroom, Back to School",Office Products > Office Supplies > Education & Crafts > Filing Products > Index Card Filing > Index Card Storage,US,13.95,3.91,1.12,3.9,0.15,367.0,84.0,4.5,0.55,10000,1.0,20.0,50,25.0,20.0,20.0,75,35,65.0,B,"observed:price,sales,reviews,rating,fba_fee; estimated:search_volume,cpc",estimated_default_costs,Imported from Sorftime; ASIN B0F8QNHQ7K; brand Outus
category:Index Card Storage,12900921,Index Card Storage,Office Products > Office Supplies > Education & Crafts > Filing Products > Index Card Filing > Index Card Storage,B0GXD9CJJG,,3x5 Index Card Box Wooden Origanizer Recipe Card Holder Set with Dividers,Office Products > Office Supplies > Education & Crafts > Filing Products > Index Card Filing > Index Card Storage,US,12.89,3.61,1.03,5.74,0.15,308.0,22.0,3.9,0.55,10000,1.0,20.0,50,25.0,20.0,20.0,75,35,65.0,B,"observed:price,sales,reviews,rating,fba_fee; estimated:search_volume,cpc",estimated_default_costs,Imported from Sorftime; ASIN B0GXD9CJJG; brand BESARME
category:Index Card Storage,12900921,Index Card Storage,Office Products > Office Supplies > Education & Crafts > Filing Products > Index Card Filing > Index Card Storage,B0BVZK3ZX5,,"JUNDUN Index Card Holder with 48 Pieces 3x5 Inch Index Card Dividers | Collapsible Fireproof Index Card Box with Lock fits 1200 3x5-Inch Flash Cards - Business, or Note Card Storage Boxes - Black",Office Products > Office Supplies > Education & Crafts > Filing Products > Index Card Filing > Index Card Storage,US,25.99,7.28,2.08,5.37,0.15,279.0,57.0,4.6,0.55,10000,1.0,20.0,50,25.0,20.0,20.0,75,35,65.0,B,"observed:price,sales,reviews,rating,fba_fee; estimated:search_volume,cpc",estimated_default_costs,Imported from Sorftime; ASIN B0BVZK3ZX5; brand JUNDUN
category:Index Card Storage,12900921,Index Card Storage,Office Products > Office Supplies > Education & Crafts > Filing Products > Index Card Filing > Index Card Storage,B0DSC8JN9T,,DLUGOPIS 3x5 Index Cards Holder Wood Index Card Organizer Box Flash Card Holder Recipe Cards Holder with Drawer 30 Pcs Vintage Library Cards 5 Kraft Dividers For Gifts Cards Home Office,Office Products > Office Supplies > Education & Crafts > Filing Products > Index Card Filing > Index Card Storage,US,22.99,6.44,1.84,6.55,0.15,258.0,93.0,4.4,0.55,10000,1.0,20.0,50,25.0,20.0,20.0,75,35,65.0,B,"observed:price,sales,reviews,rating,fba_fee; estimated:search_volume,cpc",estimated_default_costs,Imported from Sorftime; ASIN B0DSC8JN9T; brand DLUGOPIS
category:Index Card Storage,12900921,Index Card Storage,Office Products > Office Supplies > Education & Crafts > Filing Products > Index Card Filing > Index Card Storage,B0FV7R92LC,,"3x5 Index Card Binder - Portable Card Book with 50 Sheets Plastic Sleeves for Index Card Organizer, Note Cards, Flash Cards Stores up to 200 Cards",Office Products > Office Supplies > Education & Crafts > Filing Products > Index Card Filing > Index Card Storage,US,12.98,3.63,1.04,5.32,0.15,226.0,25.0,4.6,0.55,10000,1.0,20.0,50,25.0,20.0,20.0,75,35,65.0,B,"observed:price,sales,reviews,rating,fba_fee; estimated:search_volume,cpc",estimated_default_costs,Imported from Sorftime; ASIN B0FV7R92LC; brand MZYOUHUO
category:Outdoor Hanging Brackets,21208375011,Outdoor Hanging Brackets,"Patio, Lawn & Garden > Gardening > Pots, Planters & Container Accessories > Plant Container Accessories > Hooks & Hangers > Outdoor Hanging Brackets",B0BVLTB21J,,"FEED GARDEN 2 Pack 14 Inch Deck Hook, Deck Bird Feeder Hanger, Applicable Deck Thickness 1 Inch-3 Inch","Patio, Lawn & Garden > Gardening > Pots, Planters & Container Accessories > Plant Container Accessories > Hooks & Hangers > Outdoor Hanging Brackets",US,24.99,7.0,2.0,7.64,0.15,1885.0,2026.0,4.5,0.55,10000,1.0,20.0,50,25.0,20.0,20.0,75,35,65.0,B,"observed:price,sales,reviews,rating,fba_fee; estimated:search_volume,cpc",estimated_default_costs,Imported from Sorftime; ASIN B0BVLTB21J; brand FEED GARDEN
category:Outdoor Hanging Brackets,21208375011,Outdoor Hanging Brackets,"Patio, Lawn & Garden > Gardening > Pots, Planters & Container Accessories > Plant Container Accessories > Hooks & Hangers > Outdoor Hanging Brackets",B0FG2RM2CN,,"BOLITE Deck Hook, 20 Inch Bird Feeder Hanger for Hummingbird Feeders, Black | Heavy Duty, Metal Hanger for Planters, Lanterns, Wind Chimes, Holiday Decorations, 360° Rotatable Arm, Gifts for Women Men","Patio, Lawn & Garden > Gardening > Pots, Planters & Container Accessories > Plant Container Accessories > Hooks & Hangers > Outdoor Hanging Brackets",US,17.99,5.04,1.44,6.29,0.15,997.0,952.0,4.6,0.55,10000,1.0,20.0,50,25.0,20.0,20.0,75,35,65.0,B,"observed:price,sales,reviews,rating,fba_fee; estimated:search_volume,cpc",estimated_default_costs,Imported from Sorftime; ASIN B0FG2RM2CN; brand BOLITE
category:Outdoor Hanging Brackets,21208375011,Outdoor Hanging Brackets,"Patio, Lawn & Garden > Gardening > Pots, Planters & Container Accessories > Plant Container Accessories > Hooks & Hangers > Outdoor Hanging Brackets",B0F9L16RHW,,"2 Pack Heavy Duty Plant Hooks for Hanging - 12 Inch Metal Wall Hangers Indoor/Outdoor, Sturdy Plant Bracket for Bird Feeders, Planters, Lanterns, Wind Chimes - Patio, Garden, Home Decor (Black)","Patio, Lawn & Garden > Gardening > Pots, Planters & Container Accessories > Plant Container Accessories > Hooks & Hangers > Outdoor Hanging Brackets",US,17.98,5.03,1.44,3.91,0.15,910.0,405.0,4.6,0.55,10000,1.0,20.0,50,25.0,20.0,20.0,75,35,65.0,B,"observed:price,sales,reviews,rating,fba_fee; estimated:search_volume,cpc",estimated_default_costs,Imported from Sorftime; ASIN B0F9L16RHW; brand BBTFAA
category:Outdoor Hanging Brackets,21208375011,Outdoor Hanging Brackets,"Patio, Lawn & Garden > Gardening > Pots, Planters & Container Accessories > Plant Container Accessories > Hooks & Hangers > Outdoor Hanging Brackets",B0D63BC3KV,,"Black Elk Peak Plant Pulleys, Heavy Duty Retractable Hangers, 304 Stainless Steel Rope, Auto Plant Holder, Adjustable Climbing Hook for Garden Baskets, Watering, or Bird Feeders 2PC (Black)","Patio, Lawn & Garden > Gardening > Pots, Planters & Container Accessories > Plant Container Accessories > Hooks & Hangers > Outdoor Hanging Brackets",US,14.98,4.19,1.2,4.46,0.15,751.0,458.0,4.0,0.55,10000,1.0,20.0,50,25.0,20.0,20.0,75,35,65.0,B,"observed:price,sales,reviews,rating,fba_fee; estimated:search_volume,cpc",estimated_default_costs,Imported from Sorftime; ASIN B0D63BC3KV; brand Black Elk Peak
category:Outdoor Hanging Brackets,21208375011,Outdoor Hanging Brackets,"Patio, Lawn & Garden > Gardening > Pots, Planters & Container Accessories > Plant Container Accessories > Hooks & Hangers > Outdoor Hanging Brackets",B0GGMPV3TQ,,"Heavy Duty 16 Inch Plant Hangers Bracket Outdoor 2 Pack Bird Feeder Hanger | 60LBS Capacity, Rust-Proof Metal Wall Hook, Enhanced 6-Hole Base, For Hanging Plants, Bird Feeder, Wind Chime, Flower Baskets","Patio, Lawn & Garden > Gardening > Pots, Planters & Container Accessories > Plant Container Accessories > Hooks & Hangers > Outdoor Hanging Brackets",US,23.9,6.69,1.91,6.6,0.15,729.0,96.0,4.2,0.55,10000,1.0,20.0,50,25.0,20.0,20.0,75,35,65.0,B,"observed:price,sales,reviews,rating,fba_fee; estimated:search_volume,cpc",estimated_default_costs,Imported from Sorftime; ASIN B0GGMPV3TQ; brand GESTONE
category:Outdoor Hanging Brackets,21208375011,Outdoor Hanging Brackets,"Patio, Lawn & Garden > Gardening > Pots, Planters & Container Accessories > Plant Container Accessories > Hooks & Hangers > Outdoor Hanging Brackets",B0G35G72H5,,"12 Inch 2 Pack Heavy-Duty Metal Plant Hanger Hooks for Wall,Outdoor/Indoor | Wall‑Mount Plant Hooks, Easy Installation, Fits Bird Feeder, Hanging Baskets, Wind Chime, Lantern,Patio Garden Decor","Patio, Lawn & Garden > Gardening > Pots, Planters & Container Accessories > Plant Container Accessories > Hooks & Hangers > Outdoor Hanging Brackets",US,12.99,3.64,1.04,3.85,0.15,509.0,127.0,4.2,0.55,10000,1.0,20.0,50,25.0,20.0,20.0,75,35,65.0,B,"observed:price,sales,reviews,rating,fba_fee; estimated:search_volume,cpc",estimated_default_costs,Imported from Sorftime; ASIN B0G35G72H5; brand mekpiwu
category:Outdoor Hanging Brackets,21208375011,Outdoor Hanging Brackets,"Patio, Lawn & Garden > Gardening > Pots, Planters & Container Accessories > Plant Container Accessories > Hooks & Hangers > Outdoor Hanging Brackets",B0BY7WZLDR,,"Greemov 6 Pack 6 Inch Wall Flower Pot Holder Ring Plant Hanger, Metal Planter Hooks Wall Mounted Bracket Heavy Duty for Outdoor Indoor","Patio, Lawn & Garden > Gardening > Pots, Planters & Container Accessories > Plant Container Accessories > Hooks & Hangers > Outdoor Hanging Brackets",US,22.99,6.44,1.84,6.18,0.15,452.0,312.0,4.6,0.55,10000,1.0,20.0,50,25.0,20.0,20.0,75,35,65.0,B,"observed:price,sales,reviews,rating,fba_fee; estimated:search_volume,cpc",estimated_default_costs,Imported from Sorftime; ASIN B0BY7WZLDR; brand Greemov
category:Outdoor Hanging Brackets,21208375011,Outdoor Hanging Brackets,"Patio, Lawn & Garden > Gardening > Pots, Planters & Container Accessories > Plant Container Accessories > Hooks & Hangers > Outdoor Hanging Brackets",B0CJ5FCGLB,,"EvenWood 2-Piece Set of Wavy Wooden Wall Planters for Indoor Plants 6 Inch - Natural Plant Hook for Wall Plant, Wind Chimes, Flower Brackets, Patio Garden Decorations - Bracket Plant Hanger (Walnut)","Patio, Lawn & Garden > Gardening > Pots, Planters & Container Accessories > Plant Container Accessories > Hooks & Hangers > Outdoor Hanging Brackets",US,19.97,5.59,1.6,4.18,0.15,326.0,344.0,4.6,0.55,10000,1.0,20.0,50,25.0,20.0,20.0,75,35,65.0,B,"observed:price,sales,reviews,rating,fba_fee; estimated:search_volume,cpc",estimated_default_costs,Imported from Sorftime; ASIN B0CJ5FCGLB; brand EvenWood
category:Outdoor Hanging Brackets,21208375011,Outdoor Hanging Brackets,"Patio, Lawn & Garden > Gardening > Pots, Planters & Container Accessories > Plant Container Accessories > Hooks & Hangers > Outdoor Hanging Brackets",B0GHRXPQ32,,"2 Pack Heavy Duty Metal Plant Hanger Wall Hooks – Indoor and Outdoor, Holds Up to 15-25 lb, for Hanging Plants, Lanterns, Bird Feeders – 9.4IN Black","Patio, Lawn & Garden > Gardening > Pots, Planters & Container Accessories > Plant Container Accessories > Hooks & Hangers > Outdoor Hanging Brackets",US,13.99,3.92,1.12,3.93,0.15,302.0,50.0,4.5,0.55,10000,1.0,20.0,50,25.0,20.0,20.0,75,35,65.0,B,"observed:price,sales,reviews,rating,fba_fee; estimated:search_volume,cpc",estimated_default_costs,Imported from Sorftime; ASIN B0GHRXPQ32; brand Uiyicil
category:Outdoor Hanging Brackets,21208375011,Outdoor Hanging Brackets,"Patio, Lawn & Garden > Gardening > Pots, Planters & Container Accessories > Plant Container Accessories > Hooks & Hangers > Outdoor Hanging Brackets",B0FNR15MX6,,"Yetene 2 Pcs Deck Hook Bird Feeder Hanger with 3 Inch Clamp, 16 Inch","Patio, Lawn & Garden > Gardening > Pots, Planters & Container Accessories > Plant Container Accessories > Hooks & Hangers > Outdoor Hanging Brackets",US,27.99,7.84,2.24,6.76,0.15,279.0,32.0,4.5,0.55,10000,1.0,20.0,50,25.0,20.0,20.0,75,35,65.0,B,"observed:price,sales,reviews,rating,fba_fee; estimated:search_volume,cpc",estimated_default_costs,Imported from Sorftime; ASIN B0FNR15MX6; brand Yetene
category:Outdoor Hanging Brackets,21208375011,Outdoor Hanging Brackets,"Patio, Lawn & Garden > Gardening > Pots, Planters & Container Accessories > Plant Container Accessories > Hooks & Hangers > Outdoor Hanging Brackets",B0DPK1WZCD,,"AILIN YELOKIE Heavy Duty 16“ Deck Hook - 360° Swivel Plant Hanger with 12 Positions, Rust-Proof Steel Bracket for Bird Feeders/Pole & Hanging Plants","Patio, Lawn & Garden > Gardening > Pots, Planters & Container Accessories > Plant Container Accessories > Hooks & Hangers > Outdoor Hanging Brackets",US,14.99,4.2,1.2,4.9,0.15,210.0,114.0,4.4,0.55,10000,1.0,20.0,50,25.0,20.0,20.0,75,35,65.0,B,"observed:price,sales,reviews,rating,fba_fee; estimated:search_volume,cpc",estimated_default_costs,Imported from Sorftime; ASIN B0DPK1WZCD; brand AILIN YELOKIE
category:Outdoor Shepherd‘s Hooks,21208376011,Outdoor Shepherd‘s Hooks,"Patio, Lawn & Garden > Gardening > Pots, Planters & Container Accessories > Plant Container Accessories > Hooks & Hangers > Outdoor Shepherd‘s Hooks",B0DR889TDZ,,"Double Shepherds Hooks for Outdoor, Heavy Duty Bird Feeder Pole with 5-Prong Base - Rust-Proof, Adjustable Bird Feeder Hanger for Garden, Wedding Decor & Hanging Plants","Patio, Lawn & Garden > Gardening > Pots, Planters & Container Accessories > Plant Container Accessories > Hooks & Hangers > Outdoor Shepherd‘s Hooks",US,19.99,5.6,1.6,8.11,0.15,500.0,1006.0,4.3,0.55,10000,1.0,20.0,50,25.0,20.0,20.0,75,35,65.0,B,"observed:price,sales,reviews,rating,fba_fee; estimated:search_volume,cpc",estimated_default_costs,Imported from Sorftime; ASIN B0DR889TDZ; brand Surprizo
category:Outdoor Shepherd‘s Hooks,21208376011,Outdoor Shepherd‘s Hooks,"Patio, Lawn & Garden > Gardening > Pots, Planters & Container Accessories > Plant Container Accessories > Hooks & Hangers > Outdoor Shepherd‘s Hooks",B0GSQ2L87M,,"74' Shepherds Hook Stand: Hanging Bird Feeders, Wind Chimes, Plants","Patio, Lawn & Garden > Gardening > Pots, Planters & Container Accessories > Plant Container Accessories > Hooks & Hangers > Outdoor Shepherd‘s Hooks",US,58.99,16.52,4.72,10.28,0.15,281.0,68.0,4.3,0.55,10000,1.0,20.0,50,25.0,20.0,20.0,75,35,65.0,B,"observed:price,sales,reviews,rating,fba_fee; estimated:search_volume,cpc",estimated_default_costs,Imported from Sorftime; ASIN B0GSQ2L87M; brand pickpiff
category:Outdoor Shepherd‘s Hooks,21208376011,Outdoor Shepherd‘s Hooks,"Patio, Lawn & Garden > Gardening > Pots, Planters & Container Accessories > Plant Container Accessories > Hooks & Hangers > Outdoor Shepherd‘s Hooks",B0GF29J389,,75‘‘ Tall Shepherd‘s Hook with Base Adjustable Height Indoor Outdoor,"Patio, Lawn & Garden > Gardening > Pots, Planters & Container Accessories > Plant Container Accessories > Hooks & Hangers > Outdoor Shepherd‘s Hooks",US,42.99,12.04,3.44,9.27,0.15,266.0,52.0,4.4,0.55,10000,1.0,20.0,50,25.0,20.0,20.0,75,35,65.0,B,"observed:price,sales,reviews,rating,fba_fee; estimated:search_volume,cpc",estimated_default_costs,Imported from Sorftime; ASIN B0GF29J389; brand iLTreFlo
category:Outdoor Shepherd‘s Hooks,21208376011,Outdoor Shepherd‘s Hooks,"Patio, Lawn & Garden > Gardening > Pots, Planters & Container Accessories > Plant Container Accessories > Hooks & Hangers > Outdoor Shepherd‘s Hooks",B0FH4ZK6KN,,"yeuago 2 Pack Double Shepherds Hooks 78‘‘ Hummingbird Flower 5-Prong | Sturdy steel, garden patio use, 78 tall, 5-prong stable base, hummingbird flower art decor, fits feeders baskets lanterns","Patio, Lawn & Garden > Gardening > Pots, Planters & Container Accessories > Plant Container Accessories > Hooks & Hangers > Outdoor Shepherd‘s Hooks",US,39.99,11.2,3.2,8.58,0.15,243.0,131.0,4.0,0.55,10000,1.0,20.0,50,25.0,20.0,20.0,75,35,65.0,B,"observed:price,sales,reviews,rating,fba_fee; estimated:search_volume,cpc",estimated_default_costs,Imported from Sorftime; ASIN B0FH4ZK6KN; brand yeuago
category:Empty Fuel Bottles,3401031,Empty Fuel Bottles,Sports & Outdoors > Outdoor Recreation > Camping & Hiking > Camp Kitchen > Stove Accessories > Empty Fuel Bottles,B0CVQXZ7GK,,Mr. Heater Fuel Keg. - 1 lb. / 16 oz. Empty Refillable Propane Tank,Sports & Outdoors > Outdoor Recreation > Camping & Hiking > Camp Kitchen > Stove Accessories > Empty Fuel Bottles,US,18.98,5.31,1.52,6.15,0.15,1137.0,2226.0,4.4,0.55,10000,1.0,20.0,50,25.0,20.0,20.0,75,35,65.0,B,"observed:price,sales,reviews,rating,fba_fee; estimated:search_volume,cpc",estimated_default_costs,Imported from Sorftime; ASIN B0CVQXZ7GK; brand Mr. Heater
category:Empty Fuel Bottles,3401031,Empty Fuel Bottles,Sports & Outdoors > Outdoor Recreation > Camping & Hiking > Camp Kitchen > Stove Accessories > Empty Fuel Bottles,B0F2MBT7BK,,Aluminum Fuel Bottle 750ml/25 oz Camping Fuel Container,Sports & Outdoors > Outdoor Recreation > Camping & Hiking > Camp Kitchen > Stove Accessories > Empty Fuel Bottles,US,17.79,4.98,1.42,4.47,0.15,730.0,171.0,4.6,0.55,10000,1.0,20.0,50,25.0,20.0,20.0,75,35,65.0,B,"observed:price,sales,reviews,rating,fba_fee; estimated:search_volume,cpc",estimated_default_costs,Imported from Sorftime; ASIN B0F2MBT7BK; brand wdcfxy
category:Empty Fuel Bottles,3401031,Empty Fuel Bottles,Sports & Outdoors > Outdoor Recreation > Camping & Hiking > Camp Kitchen > Stove Accessories > Empty Fuel Bottles,B00MM3GCVO,,"Flame King 1LB EMPTY Propane Cylinder Tank – Refillable – Reusable – Safe and Legal Refill Option – DOT Compliant – 16.4 oz for Camping, Backpacking, and Hiking, Green",Sports & Outdoors > Outdoor Recreation > Camping & Hiking > Camp Kitchen > Stove Accessories > Empty Fuel Bottles,US,18.95,5.31,1.52,5.73,0.15,560.0,2498.0,4.4,0.55,10000,1.0,20.0,50,25.0,20.0,20.0,75,35,65.0,B,"observed:price,sales,reviews,rating,fba_fee; estimated:search_volume,cpc",estimated_default_costs,Imported from Sorftime; ASIN B00MM3GCVO; brand Flame King
category:Empty Fuel Bottles,3401031,Empty Fuel Bottles,Sports & Outdoors > Outdoor Recreation > Camping & Hiking > Camp Kitchen > Stove Accessories > Empty Fuel Bottles,B0CZ7ZTTJL,,"Fuel Bottle 1L for Camping Outdoor with Safety Valve,army green",Sports & Outdoors > Outdoor Recreation > Camping & Hiking > Camp Kitchen > Stove Accessories > Empty Fuel Bottles,US,28.8,8.06,2.3,4.82,0.15,477.0,241.0,4.6,0.55,10000,1.0,20.0,50,25.0,20.0,20.0,75,35,65.0,B,"observed:price,sales,reviews,rating,fba_fee; estimated:search_volume,cpc",estimated_default_costs,Imported from Sorftime; ASIN B0CZ7ZTTJL; brand CAMPEAK
category:Empty Fuel Bottles,3401031,Empty Fuel Bottles,Sports & Outdoors > Outdoor Recreation > Camping & Hiking > Camp Kitchen > Stove Accessories > Empty Fuel Bottles,B09VW5DRY6,,Ignik Refillable Gas Growler Deluxe 5-Pound Empty Propane Tank with Carry Case and Adapter Hose,Sports & Outdoors > Outdoor Recreation > Camping & Hiking > Camp Kitchen > Stove Accessories > Empty Fuel Bottles,US,19.99,5.6,1.6,3.6,0.15,384.0,1165.0,4.5,0.55,10000,1.0,20.0,50,25.0,20.0,20.0,50,20,42.5,C,"observed:sales,reviews,rating; estimated:price,fba_fee,search_volume,cpc",estimated_default_costs,Imported from Sorftime; ASIN B09VW5DRY6; brand Ignik
category:Fire Starters,2204647011,Fire Starters,Sports & Outdoors > Outdoor Recreation > Camping & Hiking > Camp Kitchen > Stove Accessories > Fire Starters,B0015QUCPG,,Party Favors Plus 50 Plain White Cover Wooden Matches Box Matches,Sports & Outdoors > Outdoor Recreation > Camping & Hiking > Camp Kitchen > Stove Accessories > Fire Starters,US,19.99,5.6,1.6,3.6,0.15,891.0,1448.0,4.6,0.55,10000,1.0,20.0,50,25.0,20.0,20.0,65,20,53.8,C,"observed:price,sales,reviews,rating; estimated:fba_fee,search_volume,cpc",estimated_default_costs,Imported from Sorftime; ASIN B0015QUCPG; brand Party Favors Plus
category:Fire Starters,2204647011,Fire Starters,Sports & Outdoors > Outdoor Recreation > Camping & Hiking > Camp Kitchen > Stove Accessories > Fire Starters,B0CYSSFM45,,"WishDirect 700W Electric Charcoal Starter for BBQ Grill Smoker Fireplace, Firepit, Stove - Design with Large Spiral Heating Element, 30% Faster Igniting Fire - 3 Feet Power Cord",Sports & Outdoors > Outdoor Recreation > Camping & Hiking > Camp Kitchen > Stove Accessories > Fire Starters,US,19.99,5.6,1.6,5.95,0.15,666.0,97.0,4.4,0.55,10000,1.0,20.0,50,25.0,20.0,20.0,75,35,65.0,B,"observed:price,sales,reviews,rating,fba_fee; estimated:search_volume,cpc",estimated_default_costs,Imported from Sorftime; ASIN B0CYSSFM45; brand WishDirect
category:Fire Starters,2204647011,Fire Starters,Sports & Outdoors > Outdoor Recreation > Camping & Hiking > Camp Kitchen > Stove Accessories > Fire Starters,B0F3XVPBQ2,,"FlameFox Fire Starter Cubes 160 pcs - Quick Natural Fire Starters for Campfires, BBQ Grill, Fireplace, Fire Pit, Wood Stove, Charcoal & Kindling - Odorless, Waterproof, Long Burning Squares",Sports & Outdoors > Outdoor Recreation > Camping & Hiking > Camp Kitchen > Stove Accessories > Fire Starters,US,17.99,5.04,1.44,3.5,0.15,520.0,131.0,4.4,0.55,10000,1.0,20.0,50,25.0,20.0,20.0,65,20,53.8,C,"observed:price,sales,reviews,rating; estimated:fba_fee,search_volume,cpc",estimated_default_costs,Imported from Sorftime; ASIN B0F3XVPBQ2; brand FLAME FOX
category:Fire Starters,2204647011,Fire Starters,Sports & Outdoors > Outdoor Recreation > Camping & Hiking > Camp Kitchen > Stove Accessories > Fire Starters,B0GF261Y9S,,Mini Firewood 4 Inch Kiln Dried Pine Portable 1 lb Box,Sports & Outdoors > Outdoor Recreation > Camping & Hiking > Camp Kitchen > Stove Accessories > Fire Starters,US,14.99,4.2,1.2,5.35,0.15,415.0,67.0,4.3,0.55,10000,1.0,20.0,50,25.0,20.0,20.0,75,35,65.0,B,"observed:price,sales,reviews,rating,fba_fee; estimated:search_volume,cpc",estimated_default_costs,Imported from Sorftime; ASIN B0GF261Y9S; brand KoleSummit
category:Fire Starters,2204647011,Fire Starters,Sports & Outdoors > Outdoor Recreation > Camping & Hiking > Camp Kitchen > Stove Accessories > Fire Starters,B08WRSTV48,,"Pull Start Fire Starter, Pull String, No Matches, Lights Wet Wood, 6 Pack",Sports & Outdoors > Outdoor Recreation > Camping & Hiking > Camp Kitchen > Stove Accessories > Fire Starters,US,29.99,8.4,2.4,5.4,0.15,361.0,1514.0,4.6,0.55,10000,1.0,20.0,50,25.0,20.0,20.0,65,20,53.8,C,"observed:price,sales,reviews,rating; estimated:fba_fee,search_volume,cpc",estimated_default_costs,Imported from Sorftime; ASIN B08WRSTV48; brand Pull Start Fire
category:Fire Starters,2204647011,Fire Starters,Sports & Outdoors > Outdoor Recreation > Camping & Hiking > Camp Kitchen > Stove Accessories > Fire Starters,B09RQWN4KC,,"Topline 100 Fire Starters for Fireplace, Wood Stove, Charcoal BBQ & Campfire — Waterproof Odorless Fire Starter Sachets, Quick-Light Indoor & Outdoor Firestarter Pouches in Storage Tube",Sports & Outdoors > Outdoor Recreation > Camping & Hiking > Camp Kitchen > Stove Accessories > Fire Starters,US,21.99,6.16,1.76,5.75,0.15,236.0,243.0,4.5,0.55,10000,1.0,20.0,50,25.0,20.0,20.0,75,35,65.0,B,"observed:price,sales,reviews,rating,fba_fee; estimated:search_volume,cpc",estimated_default_costs,Imported from Sorftime; ASIN B09RQWN4KC; brand Topline
category:Fire Starters,2204647011,Fire Starters,Sports & Outdoors > Outdoor Recreation > Camping & Hiking > Camp Kitchen > Stove Accessories > Fire Starters,B0DY83SNX6,,"FlameFox Fire Starters 200 pcs – Natural Wood Wool Tumbleweed Fire Starter – Odorless Long Burning and Eco Friendly Firestarters – for Fireplace, Campfire, Grill, BBQ, Charcoal, Wood Stove & Fire Pit",Sports & Outdoors > Outdoor Recreation > Camping & Hiking > Camp Kitchen > Stove Accessories > Fire Starters,US,24.99,7.0,2.0,8.1,0.15,234.0,31.0,4.5,0.55,10000,1.0,20.0,50,25.0,20.0,20.0,75,35,65.0,B,"observed:price,sales,reviews,rating,fba_fee; estimated:search_volume,cpc",estimated_default_costs,Imported from Sorftime; ASIN B0DY83SNX6; brand FLAME FOX
category:Fire Starters,2204647011,Fire Starters,Sports & Outdoors > Outdoor Recreation > Camping & Hiking > Camp Kitchen > Stove Accessories > Fire Starters,B0GX4QLGRQ,,"10lb Premium Fatwood Fire Starter Sticks,Resin-Rich Pine Wood Kindling | Fast Lighting Firestarters for Woodstoves, Fire Pits, Camping, and Bonfires",Sports & Outdoors > Outdoor Recreation > Camping & Hiking > Camp Kitchen > Stove Accessories > Fire Starters,US,32.9,9.21,2.63,10.04,0.15,225.0,31.0,4.4,0.55,10000,1.0,20.0,50,25.0,20.0,20.0,75,35,65.0,B,"observed:price,sales,reviews,rating,fba_fee; estimated:search_volume,cpc",estimated_default_costs,Imported from Sorftime; ASIN B0GX4QLGRQ; brand BYLTIR
category:Replacement Fuel,3400961,Replacement Fuel,Sports & Outdoors > Outdoor Recreation > Camping & Hiking > Camp Kitchen > Stove Accessories > Replacement Fuel,B07DVTCQ22,,"Worthington 310805 16.4 Oz. Propane Cylinder, Disposable",Sports & Outdoors > Outdoor Recreation > Camping & Hiking > Camp Kitchen > Stove Accessories > Replacement Fuel,US,17.99,5.04,1.44,3.5,0.15,437.0,302.0,4.6,0.55,10000,1.0,20.0,50,25.0,20.0,20.0,65,20,53.8,C,"observed:price,sales,reviews,rating; estimated:fba_fee,search_volume,cpc",estimated_default_costs,Imported from Sorftime; ASIN B07DVTCQ22; brand WORTHINGTON
category:Replacement Fuel,3400961,Replacement Fuel,Sports & Outdoors > Outdoor Recreation > Camping & Hiking > Camp Kitchen > Stove Accessories > Replacement Fuel,B0C24Q2BDP,,"Propane Cylinder Replacement Tank 16 Oz. (1 Pack) All-Purpose Propane Fuel For Heating, Cooking, Lighting, and Emergencies",Sports & Outdoors > Outdoor Recreation > Camping & Hiking > Camp Kitchen > Stove Accessories > Replacement Fuel,US,15.25,4.27,1.22,3.5,0.15,407.0,143.0,4.5,0.55,10000,1.0,20.0,50,25.0,20.0,20.0,65,20,53.8,C,"observed:price,sales,reviews,rating; estimated:fba_fee,search_volume,cpc",estimated_default_costs,Imported from Sorftime; ASIN B0C24Q2BDP; brand Evergreen farm and garden
category:Replacement Fuel,3400961,Replacement Fuel,Sports & Outdoors > Outdoor Recreation > Camping & Hiking > Camp Kitchen > Stove Accessories > Replacement Fuel,B09H3NSKF8,,BLUEFIRE Pack of 2 Propane Fuel Camping Gas Cylinder 16.4oz All-Purpose Canister Portable Tank Bottle for Outdoor Cooking Torch Lamp,Sports & Outdoors > Outdoor Recreation > Camping & Hiking > Camp Kitchen > Stove Accessories > Replacement Fuel,US,25.64,7.18,2.05,4.62,0.15,206.0,73.0,4.5,0.55,10000,1.0,20.0,50,25.0,20.0,20.0,65,20,53.8,C,"observed:price,sales,reviews,rating; estimated:fba_fee,search_volume,cpc",estimated_default_costs,Imported from Sorftime; ASIN B09H3NSKF8; brand BlueFire
category:Backpacking Stoves,19450135011,Backpacking Stoves,Sports & Outdoors > Outdoor Recreation > Camping & Hiking > Camp Kitchen > Stoves & Grills > Backpacking Stoves,B007DBD3IU,,Solo Stove Lite - Portable Camping Hiking and Survival Stove | Powerful Efficient Wood Burning and Low Smoke | Gassification Rocket Stove for Quick Boil | Compact 4.2 Inches and Lightweight 9 Ounces,Sports & Outdoors > Outdoor Recreation > Camping & Hiking > Camp Kitchen > Stoves & Grills > Backpacking Stoves,US,29.99,8.4,2.4,5.4,0.15,477.0,1495.0,4.6,0.55,10000,1.0,20.0,50,25.0,20.0,20.0,65,20,53.8,C,"observed:price,sales,reviews,rating; estimated:fba_fee,search_volume,cpc",estimated_default_costs,Imported from Sorftime; ASIN B007DBD3IU; brand Solo Stove
category:Backpacking Stoves,19450135011,Backpacking Stoves,Sports & Outdoors > Outdoor Recreation > Camping & Hiking > Camp Kitchen > Stoves & Grills > Backpacking Stoves,B08NLVKHPP,,"Kuvik Titanium Wood Stove - Ultralight and Compact Stove for Backpacking | Packs Flat, Easy Setup, Ultralight Titanium, High Strength, Corrosion Resistant, Burns Natural Fuels, Carrying Case Included",Sports & Outdoors > Outdoor Recreation > Camping & Hiking > Camp Kitchen > Stoves & Grills > Backpacking Stoves,US,39.99,11.2,3.2,4.45,0.15,285.0,465.0,4.6,0.55,10000,1.0,20.0,50,25.0,20.0,20.0,75,35,65.0,B,"observed:price,sales,reviews,rating,fba_fee; estimated:search_volume,cpc",estimated_default_costs,Imported from Sorftime; ASIN B08NLVKHPP; brand Kuvik
category:Backpacking Stoves,19450135011,Backpacking Stoves,Sports & Outdoors > Outdoor Recreation > Camping & Hiking > Camp Kitchen > Stoves & Grills > Backpacking Stoves,B07VHMZTJ1,,"REDCAMP Wood Burning Folding Camp Stove Stainless Steel Grid, Portable Collapsible Backpacking Stove Survival Rocket Stove for Hiking Outdoor Tent Camping Picnic BBQ, Samll",Sports & Outdoors > Outdoor Recreation > Camping & Hiking > Camp Kitchen > Stoves & Grills > Backpacking Stoves,US,20.89,5.85,1.67,6.3,0.15,225.0,1817.0,4.5,0.55,10000,1.0,20.0,50,25.0,20.0,20.0,75,35,65.0,B,"observed:price,sales,reviews,rating,fba_fee; estimated:search_volume,cpc",estimated_default_costs,Imported from Sorftime; ASIN B07VHMZTJ1; brand REDCAMP
category:Storage,3397571,Storage,Sports & Outdoors > Sports > Boating & Sailing > Boating > Boat Cabin Products > Storage,B0DPG49CZT,,"ProSSS 2PC Boat 10“*7“ Self-Adhesive Storage Mesh Bag,Marine Organizer for Tools & Boat Accessories,Waterproof Strong Adhesive Backing, Easy to Install & Remove,Keep Your Boat Tidy and Items Secure",Sports & Outdoors > Sports > Boating & Sailing > Boating > Boat Cabin Products > Storage,US,16.99,4.76,1.36,3.5,0.15,1763.0,289.0,4.5,0.55,10000,1.0,20.0,50,25.0,20.0,20.0,65,20,53.8,C,"observed:price,sales,reviews,rating; estimated:fba_fee,search_volume,cpc",estimated_default_costs,Imported from Sorftime; ASIN B0DPG49CZT; brand ProSSS
category:Storage,3397571,Storage,Sports & Outdoors > Sports > Boating & Sailing > Boating > Boat Cabin Products > Storage,B0GJ8HW2VB,,"QualyQualy Boat Rail Cup Holder 2 Pack, No-Drill Clamp-On Marine Cup Holders 360° Adjustable for Pontoon Boat, Bimini Top, Grab Bar, PWC, Jet Ski, Fits Round & Square Rails 15-40mm, Boat Gifts for Men",Sports & Outdoors > Sports > Boating & Sailing > Boating > Boat Cabin Products > Storage,US,18.99,5.32,1.52,5.77,0.15,1342.0,53.0,4.4,0.55,10000,1.0,20.0,50,25.0,20.0,20.0,75,35,65.0,B,"observed:price,sales,reviews,rating,fba_fee; estimated:search_volume,cpc",estimated_default_costs,Imported from Sorftime; ASIN B0GJ8HW2VB; brand QualyQualy
category:Storage,3397571,Storage,Sports & Outdoors > Sports > Boating & Sailing > Boating > Boat Cabin Products > Storage,B0CZRT8TJ4,,"Gocozer Boat Cup Holder with Rubber Tab, Universal Boat Storage Organizer - 2 Ways Installation: Drill or Adhesive",Sports & Outdoors > Sports > Boating & Sailing > Boating > Boat Cabin Products > Storage,US,26.59,7.45,2.13,6.59,0.15,588.0,450.0,4.6,0.55,10000,1.0,20.0,50,25.0,20.0,20.0,75,35,65.0,B,"observed:price,sales,reviews,rating,fba_fee; estimated:search_volume,cpc",estimated_default_costs,Imported from Sorftime; ASIN B0CZRT8TJ4; brand Gocozer
category:Storage,3397571,Storage,Sports & Outdoors > Sports > Boating & Sailing > Boating > Boat Cabin Products > Storage,B0F6LKBG53,,ProSSS Boat Storage Mesh Bag with Secure Closure Flap - 13.7“ x 9.8“ - Upgraded Leak-Proof Design/Adhesive Backing/Perfect Boat Organizer-Boat Accessories-Keeps Contents Secure in Rough Waters,Sports & Outdoors > Sports > Boating & Sailing > Boating > Boat Cabin Products > Storage,US,14.99,4.2,1.2,4.89,0.15,495.0,124.0,4.5,0.55,10000,1.0,20.0,50,25.0,20.0,20.0,75,35,65.0,B,"observed:price,sales,reviews,rating,fba_fee; estimated:search_volume,cpc",estimated_default_costs,Imported from Sorftime; ASIN B0F6LKBG53; brand ProSSS
category:Storage,3397571,Storage,Sports & Outdoors > Sports > Boating & Sailing > Boating > Boat Cabin Products > Storage,B0CZXZK1BW,,"MISSION Boat Gear Heavy Duty Outddor CASSI Tote Boat Bag, Mesh Beach Bag | Multiple Colors, Waterproof Base, Boat Cabin Storage, Mesh, Boat, Beach, Grocery, Travel, Pool, Premium Marine Gear",Sports & Outdoors > Sports > Boating & Sailing > Boating > Boat Cabin Products > Storage,US,49.0,13.72,3.92,8.22,0.15,475.0,290.0,4.5,0.55,10000,1.0,20.0,50,25.0,20.0,20.0,75,35,65.0,B,"observed:price,sales,reviews,rating,fba_fee; estimated:search_volume,cpc",estimated_default_costs,Imported from Sorftime; ASIN B0CZXZK1BW; brand MISSION
category:Storage,3397571,Storage,Sports & Outdoors > Sports > Boating & Sailing > Boating > Boat Cabin Products > Storage,B0GM1FW3J1,,"Seaperk Boat Caddy Organizer, 3-in-1 Mount (Screw/Fishing Boat Track/Clamp-On), Removable Divider Card & Anti-Slip Pad, Fits 40oz Tumbler, for Boat Kayak Tree Stand Bicycle Walker Wheelchair",Sports & Outdoors > Sports > Boating & Sailing > Boating > Boat Cabin Products > Storage,US,17.99,5.04,1.44,5.77,0.15,466.0,85.0,4.1,0.55,10000,1.0,20.0,50,25.0,20.0,20.0,75,35,65.0,B,"observed:price,sales,reviews,rating,fba_fee; estimated:search_volume,cpc",estimated_default_costs,Imported from Sorftime; ASIN B0GM1FW3J1; brand Seaperk
category:Storage,3397571,Storage,Sports & Outdoors > Sports > Boating & Sailing > Boating > Boat Cabin Products > Storage,B0FPX95B8J,,"QualyQualy Self-Adhesive Boat Cup Holder Phone Holder, 2-Pack Boat Organizers and Storage Bag with Strong Adhesive, 6.5“x7.5“ Boat Caddy, Securely Tools Holds Large Drink Bottles (3.3“ In Dia)",Sports & Outdoors > Sports > Boating & Sailing > Boating > Boat Cabin Products > Storage,US,15.99,4.48,1.28,4.18,0.15,429.0,91.0,4.3,0.55,10000,1.0,20.0,50,25.0,20.0,20.0,75,35,65.0,B,"observed:price,sales,reviews,rating,fba_fee; estimated:search_volume,cpc",estimated_default_costs,Imported from Sorftime; ASIN B0FPX95B8J; brand QualyQualy
category:Storage,3397571,Storage,Sports & Outdoors > Sports > Boating & Sailing > Boating > Boat Cabin Products > Storage,B07Q887FF9,,"SEAFLO Marine Boat Deck Rectangular Access Hatch - White/Black, Lock and Key/Regular",Sports & Outdoors > Sports > Boating & Sailing > Boating > Boat Cabin Products > Storage,US,44.99,12.6,3.6,6.75,0.15,361.0,1850.0,4.6,0.55,10000,1.0,20.0,50,25.0,20.0,20.0,75,35,65.0,B,"observed:price,sales,reviews,rating,fba_fee; estimated:search_volume,cpc",estimated_default_costs,Imported from Sorftime; ASIN B07Q887FF9; brand SEAFLO
category:Storage,3397571,Storage,Sports & Outdoors > Sports > Boating & Sailing > Boating > Boat Cabin Products > Storage,B0B31WF86Q,,"Gersoniel 2 Pack Boat Trash Bag Mesh Garbage Holder,Black, White | Hanging Hooks for Kayak Camper Cabin, Collapsible Storage for Fishing Gear, See-through Trash Can Liner, Marine Organizer",Sports & Outdoors > Sports > Boating & Sailing > Boating > Boat Cabin Products > Storage,US,18.99,5.32,1.52,4.48,0.15,357.0,318.0,4.4,0.55,10000,1.0,20.0,50,25.0,20.0,20.0,75,35,65.0,B,"observed:price,sales,reviews,rating,fba_fee; estimated:search_volume,cpc",estimated_default_costs,Imported from Sorftime; ASIN B0B31WF86Q; brand Gersoniel
category:Storage,3397571,Storage,Sports & Outdoors > Sports > Boating & Sailing > Boating > Boat Cabin Products > Storage,B0FVSBR3KY,,"MANUMARINE Pontoon Cup Holder Stainless Steel Double w/Side Pocket Khaki | Double drink holder with side pocket, fits boat seats, RVs, and cars, durable stainless steel marine-grade construction",Sports & Outdoors > Sports > Boating & Sailing > Boating > Boat Cabin Products > Storage,US,23.99,6.72,1.92,6.59,0.15,354.0,59.0,4.6,0.55,10000,1.0,20.0,50,25.0,20.0,20.0,75,35,65.0,B,"observed:price,sales,reviews,rating,fba_fee; estimated:search_volume,cpc",estimated_default_costs,Imported from Sorftime; ASIN B0FVSBR3KY; brand MANUMARINE
category:Storage,3397571,Storage,Sports & Outdoors > Sports > Boating & Sailing > Boating > Boat Cabin Products > Storage,B0B31S34D3,,Gersoniel Boat Trash Bag Garbage Can Collapsible Mesh Trash Container,Sports & Outdoors > Sports > Boating & Sailing > Boating > Boat Cabin Products > Storage,US,14.99,4.2,1.2,4.18,0.15,349.0,273.0,4.2,0.55,10000,1.0,20.0,50,25.0,20.0,20.0,75,35,65.0,B,"observed:price,sales,reviews,rating,fba_fee; estimated:search_volume,cpc",estimated_default_costs,Imported from Sorftime; ASIN B0B31S34D3; brand Gersoniel
category:Storage,3397571,Storage,Sports & Outdoors > Sports > Boating & Sailing > Boating > Boat Cabin Products > Storage,B0CFV8MPGD,,"Boat Cup Holder, Boat Caddy Organizer with Cup Holder, Multifunctional Boat Storage Organizer for Pontoon Boat, Kayak, Bass Boat, Jon Boat - Fishing Tool Holder, Boat Fishing Accessories",Sports & Outdoors > Sports > Boating & Sailing > Boating > Boat Cabin Products > Storage,US,25.19,7.05,2.02,7.2,0.15,316.0,264.0,4.5,0.55,10000,1.0,20.0,50,25.0,20.0,20.0,75,35,65.0,B,"observed:price,sales,reviews,rating,fba_fee; estimated:search_volume,cpc",estimated_default_costs,Imported from Sorftime; ASIN B0CFV8MPGD; brand Sohinda
category:Storage,3397571,Storage,Sports & Outdoors > Sports > Boating & Sailing > Boating > Boat Cabin Products > Storage,B0F2M3J8H9,,"PLOZANO Boat Storage Accessories, 2PCS Closable PVC Reflective Self-Adhesive Universal Boat Caddy Organizer Mesh Bag for Gloves, Tools, Tackle, Gear",Sports & Outdoors > Sports > Boating & Sailing > Boating > Boat Cabin Products > Storage,US,12.99,3.64,1.04,4.47,0.15,300.0,123.0,4.2,0.55,10000,1.0,20.0,50,25.0,20.0,20.0,75,35,65.0,B,"observed:price,sales,reviews,rating,fba_fee; estimated:search_volume,cpc",estimated_default_costs,Imported from Sorftime; ASIN B0F2M3J8H9; brand PLOZANO
category:Storage,3397571,Storage,Sports & Outdoors > Sports > Boating & Sailing > Boating > Boat Cabin Products > Storage,B0C4X5QL64,,"KEMIMOTO Boat Cup Holder, Caddy Organizer Installed With Screws/Suction Cups on Any Flat Surface, Storage Organizer, Cockpit Storage Box Marine Cup Holder for Bass Kayak Jon Pontoon Boat Accessories",Sports & Outdoors > Sports > Boating & Sailing > Boating > Boat Cabin Products > Storage,US,20.99,5.88,1.68,6.37,0.15,213.0,243.0,4.3,0.55,10000,1.0,20.0,50,25.0,20.0,20.0,75,35,65.0,B,"observed:price,sales,reviews,rating,fba_fee; estimated:search_volume,cpc",estimated_default_costs,Imported from Sorftime; ASIN B0C4X5QL64; brand KEMIMOTO
category:Storage,3397571,Storage,Sports & Outdoors > Sports > Boating & Sailing > Boating > Boat Cabin Products > Storage,B0DSKW1L29,,"Boat Trash Can, Portable Boat Trash Bag, Reusable Garbage Bag, Easy to Install & Clean, 3.96 Gallons Multi-Purpose Boating Equipment Accessories",Sports & Outdoors > Sports > Boating & Sailing > Boating > Boat Cabin Products > Storage,US,24.48,6.85,1.96,5.36,0.15,211.0,45.0,4.3,0.55,10000,1.0,20.0,50,25.0,20.0,20.0,75,35,65.0,B,"observed:price,sales,reviews,rating,fba_fee; estimated:search_volume,cpc",estimated_default_costs,Imported from Sorftime; ASIN B0DSKW1L29; brand ULITECO
category:Cleaning Tools,3398891,Cleaning Tools,Sports & Outdoors > Sports > Boating & Sailing > Boating > Maintenance Supplies > Cleaning Tools,B0000AY4SE,,"STAR BRITE 8-Inch Medium Bristle Wash Brush for Boat, RV & Auto",Sports & Outdoors > Sports > Boating & Sailing > Boating > Maintenance Supplies > Cleaning Tools,US,23.59,6.61,1.89,4.25,0.15,578.0,579.0,4.6,0.55,10000,1.0,20.0,50,25.0,20.0,20.0,65,20,53.8,C,"observed:price,sales,reviews,rating; estimated:fba_fee,search_volume,cpc",estimated_default_costs,Imported from Sorftime; ASIN B0000AY4SE; brand STAR BRITE
category:Cleaning Tools,3398891,Cleaning Tools,Sports & Outdoors > Sports > Boating & Sailing > Boating > Maintenance Supplies > Cleaning Tools,B07KCM8JLJ,,"Medium Boat Deck Brush, Heavy-Duty Marine Brush Head, 8“ Bristle",Sports & Outdoors > Sports > Boating & Sailing > Boating > Maintenance Supplies > Cleaning Tools,US,29.99,8.4,2.4,5.94,0.15,404.0,533.0,4.5,0.55,10000,1.0,20.0,50,25.0,20.0,20.0,75,35,65.0,B,"observed:price,sales,reviews,rating,fba_fee; estimated:search_volume,cpc",estimated_default_costs,Imported from Sorftime; ASIN B07KCM8JLJ; brand Better Boat
category:Cleaning Tools,3398891,Cleaning Tools,Sports & Outdoors > Sports > Boating & Sailing > Boating > Maintenance Supplies > Cleaning Tools,B0000AZ5Q4,,"STAR BRITE All-Purpose Medium Red Scrubber Pad | Ergonomic scrubber pad for versatile cleaning of multiple surfaces; reduces hand strain; durable, washable, reusable.",Sports & Outdoors > Sports > Boating & Sailing > Boating > Maintenance Supplies > Cleaning Tools,US,13.86,3.88,1.11,4.47,0.15,335.0,1145.0,4.5,0.55,10000,1.0,20.0,50,25.0,20.0,20.0,75,35,65.0,B,"observed:price,sales,reviews,rating,fba_fee; estimated:search_volume,cpc",estimated_default_costs,Imported from Sorftime; ASIN B0000AZ5Q4; brand STAR BRITE
category:Cleaning Tools,3398891,Cleaning Tools,Sports & Outdoors > Sports > Boating & Sailing > Boating > Maintenance Supplies > Cleaning Tools,B0000AXUET,,Star brite Brush & Compact Handle Combo - Extends 2’-4’ - Made in USA,Sports & Outdoors > Sports > Boating & Sailing > Boating > Maintenance Supplies > Cleaning Tools,US,44.99,12.6,3.6,15.32,0.15,217.0,326.0,4.3,0.55,10000,1.0,20.0,50,25.0,20.0,20.0,75,35,65.0,B,"observed:price,sales,reviews,rating,fba_fee; estimated:search_volume,cpc",estimated_default_costs,Imported from Sorftime; ASIN B0000AXUET; brand STAR BRITE
category:Cleaning Tools,3398891,Cleaning Tools,Sports & Outdoors > Sports > Boating & Sailing > Boating > Maintenance Supplies > Cleaning Tools,B0DN1NBQ17,,WAVESRX PWC & Boat Wash Sprayer & Engine Flush Mixer to Wash Salt Away | Dual-Use Marine Soap Foamer to Quickly Wash and Rinse | Cleaning Kit for Boating with Garden Hose Quick-Connect,Sports & Outdoors > Sports > Boating & Sailing > Boating > Maintenance Supplies > Cleaning Tools,US,44.99,12.6,3.6,5.35,0.15,205.0,60.0,4.3,0.55,10000,1.0,20.0,50,25.0,20.0,20.0,75,35,65.0,B,"observed:price,sales,reviews,rating,fba_fee; estimated:search_volume,cpc",estimated_default_costs,Imported from Sorftime; ASIN B0DN1NBQ17; brand WAVESRX
category:Tools,3398991,Tools,Sports & Outdoors > Sports > Boating & Sailing > Boating > Maintenance Supplies > Tools,B07W6XFLT5,,"Zipper Wax Zip Lube, Marine Grade Zipper Lubricant Stick and Tool for Boat | Canvas, Bimini Snaps, Metal Zippers, Jackets, Coolers, Vinyl Panels, Wetsuits, Drysuits, No Oil Mess",Sports & Outdoors > Sports > Boating & Sailing > Boating > Maintenance Supplies > Tools,US,13.99,3.92,1.12,3.93,0.15,731.0,1210.0,4.6,0.55,10000,1.0,20.0,50,25.0,20.0,20.0,75,35,65.0,B,"observed:price,sales,reviews,rating,fba_fee; estimated:search_volume,cpc",estimated_default_costs,Imported from Sorftime; ASIN B07W6XFLT5; brand Better Boat
category:Tools,3398991,Tools,Sports & Outdoors > Sports > Boating & Sailing > Boating > Maintenance Supplies > Tools,B0DZ1S48T8,,"Snap Tool for Boat Covers, Snap Removal Tool with Non-Slip Silicone Grip, Ideal Boat Tool and Marine Snap Tool",Sports & Outdoors > Sports > Boating & Sailing > Boating > Maintenance Supplies > Tools,US,12.99,3.64,1.04,4.19,0.15,410.0,88.0,4.6,0.55,10000,1.0,20.0,50,25.0,20.0,20.0,75,35,65.0,B,"observed:price,sales,reviews,rating,fba_fee; estimated:search_volume,cpc",estimated_default_costs,Imported from Sorftime; ASIN B0DZ1S48T8; brand Cnosky
category:Tools,3398991,Tools,Sports & Outdoors > Sports > Boating & Sailing > Boating > Maintenance Supplies > Tools,B0CGM12GZH,,Upgraded Trailer Alignment Kit/Hitch Alignment System for Connecting Hitch with The Trailers,Sports & Outdoors > Sports > Boating & Sailing > Boating > Maintenance Supplies > Tools,US,20.89,5.85,1.67,5.36,0.15,374.0,330.0,4.5,0.55,10000,1.0,20.0,50,25.0,20.0,20.0,75,35,65.0,B,"observed:price,sales,reviews,rating,fba_fee; estimated:search_volume,cpc",estimated_default_costs,Imported from Sorftime; ASIN B0CGM12GZH; brand LIAULIADLL
category:Tools,3398991,Tools,Sports & Outdoors > Sports > Boating & Sailing > Boating > Maintenance Supplies > Tools,B0CPJ8SVCD,,"Bolaxin Lower Unit Gear Oil Pump for Standard Quart Bottles, 3/8 inch Metal Swivel, 8mm and 10mm Adapters, for Most Marine Boat Outboard Motors (NOT for Volvo Penta)",Sports & Outdoors > Sports > Boating & Sailing > Boating > Maintenance Supplies > Tools,US,12.88,3.61,1.03,4.9,0.15,225.0,354.0,4.0,0.55,10000,1.0,20.0,50,25.0,20.0,20.0,75,35,65.0,B,"observed:price,sales,reviews,rating,fba_fee; estimated:search_volume,cpc",estimated_default_costs,Imported from Sorftime; ASIN B0CPJ8SVCD; brand Bolaxin
category:Tools,3398991,Tools,Sports & Outdoors > Sports > Boating & Sailing > Boating > Maintenance Supplies > Tools,B0F1FT6GD9,,"1-1/16“ Boat Prop Wrench & PMPS-1-DP Prop Stop Block Kit, 91-859046Q4 Polymer Propeller Wrench - Works for Mercury Mercruiser Alpha, Fits All Outboard & Stern Drive Applications Light-Weight, Yellow",Sports & Outdoors > Sports > Boating & Sailing > Boating > Maintenance Supplies > Tools,US,19.6,5.49,1.57,4.89,0.15,217.0,58.0,4.6,0.55,10000,1.0,20.0,50,25.0,20.0,20.0,75,35,65.0,B,"observed:price,sales,reviews,rating,fba_fee; estimated:search_volume,cpc",estimated_default_costs,Imported from Sorftime; ASIN B0F1FT6GD9; brand Yoursme
category:Tools,3398991,Tools,Sports & Outdoors > Sports > Boating & Sailing > Boating > Maintenance Supplies > Tools,B0DRP44ZD4,,2 Pcs 1 Inch Boat Drain Plug Flaring Tool and 3 Inch Brass Tube Pipe Set,Sports & Outdoors > Sports > Boating & Sailing > Boating > Maintenance Supplies > Tools,US,17.99,5.04,1.44,4.44,0.15,217.0,52.0,4.3,0.55,10000,1.0,20.0,50,25.0,20.0,20.0,75,35,65.0,B,"observed:price,sales,reviews,rating,fba_fee; estimated:search_volume,cpc",estimated_default_costs,Imported from Sorftime; ASIN B0DRP44ZD4; brand Yaocom
category:Tools,3398991,Tools,Sports & Outdoors > Sports > Boating & Sailing > Boating > Maintenance Supplies > Tools,B0G4MCJYB4,,"Mellbree Rope Splicing Tools, 7 Pcs 1/4“, 5/16“, 3/8“, 7/16“, 1/2“ Rope FID with Pusher for Boating, Sailing, Dock Lines & Anchor Ropes – Heavy Duty for Braid Ropes",Sports & Outdoors > Sports > Boating & Sailing > Boating > Maintenance Supplies > Tools,US,24.99,7.0,2.0,4.47,0.15,200.0,58.0,4.3,0.55,10000,1.0,20.0,50,25.0,20.0,20.0,75,35,65.0,B,"observed:price,sales,reviews,rating,fba_fee; estimated:search_volume,cpc",estimated_default_costs,Imported from Sorftime; ASIN B0G4MCJYB4; brand Mellbree
category:Spoke Tools,10208099011,Spoke Tools,Sports & Outdoors > Sports > Cycling > Wheels & Accessories > Spokes & Parts > Spoke Tools,B0FGCNDBYJ,,"Pawfly Bike Spoke Wrench Tool Kit with Tire Levers, Rim Truing Repair Set | Professional Bike Wheel Rim Correct & Spoke Adjustment Repair Kit for Bicycles",Sports & Outdoors > Sports > Cycling > Wheels & Accessories > Spokes & Parts > Spoke Tools,US,12.99,3.64,1.04,3.26,0.15,767.0,118.0,4.6,0.55,10000,1.0,20.0,50,25.0,20.0,20.0,75,35,65.0,B,"observed:price,sales,reviews,rating,fba_fee; estimated:search_volume,cpc",estimated_default_costs,Imported from Sorftime; ASIN B0FGCNDBYJ; brand Pawfly
category:Spoke Tools,10208099011,Spoke Tools,Sports & Outdoors > Sports > Cycling > Wheels & Accessories > Spokes & Parts > Spoke Tools,B07YQQQC8L,,"NINEFOX Bicycle Spoke Tension Meter Tensiometer Wheel Repair Tool | With specification caliper for truing checks, new builds, routine service, and uneven load detection",Sports & Outdoors > Sports > Cycling > Wheels & Accessories > Spokes & Parts > Spoke Tools,US,19.84,5.56,1.59,4.46,0.15,276.0,587.0,4.6,0.55,10000,1.0,20.0,50,25.0,20.0,20.0,75,35,65.0,B,"observed:price,sales,reviews,rating,fba_fee; estimated:search_volume,cpc",estimated_default_costs,Imported from Sorftime; ASIN B07YQQQC8L; brand NINEFOX
category:Tools,3416231,Tools,"Sports & Outdoors > Sports > Skates, Skateboards & Scooters > Skateboarding > Accessories > Tools",B09MSJQRFR,,"Kami-So Roller Skate Bearing Tool | Precision Bearings Removal Tool | Roller Skate, Scooter Accessories | Compact Portable Design | Universal Fit, Durable, Lightweight, Easy-to-Use Kit | Purple Logo","Sports & Outdoors > Sports > Skates, Skateboards & Scooters > Skateboarding > Accessories > Tools",US,12.99,3.64,1.04,3.92,0.15,207.0,137.0,4.5,0.55,10000,1.0,20.0,50,25.0,20.0,20.0,75,35,65.0,B,"observed:price,sales,reviews,rating,fba_fee; estimated:search_volume,cpc",estimated_default_costs,Imported from Sorftime; ASIN B09MSJQRFR; brand Kami-So
category:Ball Storage,12118748011,Ball Storage,Sports & Outdoors > Sports > Team Sports > Basketball > Accessories > Ball Storage,B0D5VDLN77,,"URMMIY Garage Ball Storage Rack for Basketball & Soccer, Metal Wall-Mount | Durable wall-mounted ball organizer stores basketballs, soccer balls and more in garages, gyms, playrooms and basements",Sports & Outdoors > Sports > Team Sports > Basketball > Accessories > Ball Storage,US,26.99,7.56,2.16,8.21,0.15,918.0,239.0,4.4,0.55,10000,1.0,20.0,50,25.0,20.0,20.0,75,35,65.0,B,"observed:price,sales,reviews,rating,fba_fee; estimated:search_volume,cpc",estimated_default_costs,Imported from Sorftime; ASIN B0D5VDLN77; brand URMMIY
category:Ball Storage,12118748011,Ball Storage,Sports & Outdoors > Sports > Team Sports > Basketball > Accessories > Ball Storage,B0D48ZWWC1,,"Wall Mount Basketball Holder, Ball Storage Holders Display Rack for Autograph Basketball, Football, Soccer, Volleyball Collection, Sports Accessories Organizer for Player Fans",Sports & Outdoors > Sports > Team Sports > Basketball > Accessories > Ball Storage,US,25.99,7.28,2.08,6.34,0.15,519.0,229.0,4.5,0.55,10000,1.0,20.0,50,25.0,20.0,20.0,75,35,65.0,B,"observed:price,sales,reviews,rating,fba_fee; estimated:search_volume,cpc",estimated_default_costs,Imported from Sorftime; ASIN B0D48ZWWC1; brand AIDILI
category:Ball Storage,12118748011,Ball Storage,Sports & Outdoors > Sports > Team Sports > Basketball > Accessories > Ball Storage,B0F1D8GQCP,,"Shappy Extra Large Sport Ball Bag 30 x 40‘‘ Mesh Big Soccer Bag | Large Mesh Pouch with Adjustable Shoulder Strap, Football Basketball Volleyball Gym Sports Equipment",Sports & Outdoors > Sports > Team Sports > Basketball > Accessories > Ball Storage,US,35.99,10.08,2.88,6.57,0.15,367.0,55.0,4.4,0.55,10000,1.0,20.0,50,25.0,20.0,20.0,75,35,65.0,B,"observed:price,sales,reviews,rating,fba_fee; estimated:search_volume,cpc",estimated_default_costs,Imported from Sorftime; ASIN B0F1D8GQCP; brand Shappy
category:Ball Storage,12118748011,Ball Storage,Sports & Outdoors > Sports > Team Sports > Basketball > Accessories > Ball Storage,B0BQC1J556,,"8 Tier Detachable Wall Mounted Basketball Rack, Vertical/Horizontal Football Holder, Holds 14 Balls DIY 1/2/3/4 Soccer Stand, Height-Adjustable Ball Rack with Basket for Garage, Tool Room, Metal-Black",Sports & Outdoors > Sports > Team Sports > Basketball > Accessories > Ball Storage,US,29.99,8.4,2.4,9.0,0.15,320.0,316.0,4.5,0.55,10000,1.0,20.0,50,25.0,20.0,20.0,75,35,65.0,B,"observed:price,sales,reviews,rating,fba_fee; estimated:search_volume,cpc",estimated_default_costs,Imported from Sorftime; ASIN B0BQC1J556; brand Feyejade
category:Ball Storage,12118748011,Ball Storage,Sports & Outdoors > Sports > Team Sports > Basketball > Accessories > Ball Storage,B01DWSH1I0,,"Knape & Vogt Wall Mounted Ball Rack for Garages | 7-Ball Capacity, 63-1/8 in. Tall, John Sterling Collection, Alloy Steel, Silver",Sports & Outdoors > Sports > Team Sports > Basketball > Accessories > Ball Storage,US,33.46,9.37,2.68,12.62,0.15,276.0,1626.0,4.6,0.55,10000,1.0,20.0,50,25.0,20.0,20.0,75,35,65.0,B,"observed:price,sales,reviews,rating,fba_fee; estimated:search_volume,cpc",estimated_default_costs,Imported from Sorftime; ASIN B01DWSH1I0; brand Knape & Vogt
category:Ball Storage,12118748011,Ball Storage,Sports & Outdoors > Sports > Team Sports > Basketball > Accessories > Ball Storage,B0F8K47NV4,,"Rovarahoom Basketball Holder Wall Mount, Solid Wood Ball Holder for Storage Soccer Volleyball Football Autograph Ball Metal, Basketball Rack Display for Boys Sports Accessories Organizer & Wall Decor",Sports & Outdoors > Sports > Team Sports > Basketball > Accessories > Ball Storage,US,18.39,5.15,1.47,5.73,0.15,262.0,67.0,4.6,0.55,10000,1.0,20.0,50,25.0,20.0,20.0,75,35,65.0,B,"observed:price,sales,reviews,rating,fba_fee; estimated:search_volume,cpc",estimated_default_costs,Imported from Sorftime; ASIN B0F8K47NV4; brand Rovarahoom
category:Ball Storage,12118748011,Ball Storage,Sports & Outdoors > Sports > Team Sports > Basketball > Accessories > Ball Storage,B0F2THM81M,,"Dmticoasis Garage Ball Storage, Wall-Mounted & Floor Ball Holder with Elastic Rope, Sports Equipment Organize Ball Rack for Basketball, Soccer, Volleyball, Football, Garage, Gym",Sports & Outdoors > Sports > Team Sports > Basketball > Accessories > Ball Storage,US,34.99,9.8,2.8,9.45,0.15,260.0,155.0,4.4,0.55,10000,1.0,20.0,50,25.0,20.0,20.0,75,35,65.0,B,"observed:price,sales,reviews,rating,fba_fee; estimated:search_volume,cpc",estimated_default_costs,Imported from Sorftime; ASIN B0F2THM81M; brand Dmticoasis
category:Ball Storage,12118748011,Ball Storage,Sports & Outdoors > Sports > Team Sports > Basketball > Accessories > Ball Storage,B0F428BCT7,,"Happyseason Acrylic Football Stand, Basketball Stand, Soccer Ball Holder | 3-Pack, Stainless Steel Pegs, Round-Edge Acrylic, Volleyball & Sports Ball Display Stand Organizer, Easy Assembly (Clear)",Sports & Outdoors > Sports > Team Sports > Basketball > Accessories > Ball Storage,US,14.98,4.19,1.2,3.26,0.15,228.0,84.0,4.6,0.55,10000,1.0,20.0,50,25.0,20.0,20.0,75,35,65.0,B,"observed:price,sales,reviews,rating,fba_fee; estimated:search_volume,cpc",estimated_default_costs,Imported from Sorftime; ASIN B0F428BCT7; brand Happyseason
category:Ball Storage,12118748011,Ball Storage,Sports & Outdoors > Sports > Team Sports > Basketball > Accessories > Ball Storage,B0DJP74HFX,,"StorageWorks Sports Ball Storage Cart with Wheels, Garage Ball Storage | Heavy-Duty Metal Frame, Holds 4-12 Balls, Silent Locking Casters, Easy Assembly, For Garage, Gym & Sports Equipment Storage",Sports & Outdoors > Sports > Team Sports > Basketball > Accessories > Ball Storage,US,49.99,14.0,4.0,8.87,0.15,222.0,175.0,4.2,0.55,10000,1.0,20.0,50,25.0,20.0,20.0,75,35,65.0,B,"observed:price,sales,reviews,rating,fba_fee; estimated:search_volume,cpc",estimated_default_costs,Imported from Sorftime; ASIN B0DJP74HFX; brand StorageWorks
category:Ball Storage,12118748011,Ball Storage,Sports & Outdoors > Sports > Team Sports > Basketball > Accessories > Ball Storage,B0GJ4ZYR13,,"JATYP Basketball Holder Wall Mount – Man Cave Decor & Coach Gift Golden | Robot Hand Resin Wall Mount For Basketball, Football, Volleyball; Autograph Ball Display, Bold Man Cave Decor, Easy Install",Sports & Outdoors > Sports > Team Sports > Basketball > Accessories > Ball Storage,US,20.99,5.88,1.68,5.77,0.15,212.0,31.0,4.4,0.55,10000,1.0,20.0,50,25.0,20.0,20.0,75,35,65.0,B,"observed:price,sales,reviews,rating,fba_fee; estimated:search_volume,cpc",estimated_default_costs,Imported from Sorftime; ASIN B0GJ4ZYR13; brand JATYP
category:Ball Storage,12118748011,Ball Storage,Sports & Outdoors > Sports > Team Sports > Basketball > Accessories > Ball Storage,B099WCGYD4,,"Sumind 3 Pcs Acrylic Ball Stand Holder for Baseball Golf, Clear | Small Display Holder for Collectible Spheres, Fits Tennis Softball, Stable for Desk Shelf Decor, Sports Showcase Stand",Sports & Outdoors > Sports > Team Sports > Basketball > Accessories > Ball Storage,US,12.99,3.64,1.04,3.93,0.15,211.0,336.0,4.6,0.55,10000,1.0,20.0,50,25.0,20.0,20.0,75,35,65.0,B,"observed:price,sales,reviews,rating,fba_fee; estimated:search_volume,cpc",estimated_default_costs,Imported from Sorftime; ASIN B099WCGYD4; brand Sumind
category:Indoor Paddleboard Storage,10208160011,Indoor Paddleboard Storage,Sports & Outdoors > Sports > Water Sports > Surfing > Stand-Up Paddleboarding > Indoor Paddleboard Storage,B09XQRBR2P,,"GEEDAR Heavy Duty Garage Storage Hooks -120 LB Capacity, 4packs, 15“ Wall Mounted Rack for Hanging Kayak, Paddle Board, Ladders, Bikes Enforced Kayak Storage Hanger",Sports & Outdoors > Sports > Water Sports > Surfing > Stand-Up Paddleboarding > Indoor Paddleboard Storage,US,27.99,7.84,2.24,8.12,0.15,264.0,1805.0,4.6,0.55,10000,1.0,20.0,50,25.0,20.0,20.0,75,35,65.0,B,"observed:price,sales,reviews,rating,fba_fee; estimated:search_volume,cpc",estimated_default_costs,Imported from Sorftime; ASIN B09XQRBR2P; brand GEEDAR
category:Toilet Assistance Cushions,8624797011,Toilet Assistance Cushions,Tools & Home Improvement > Kitchen & Bath Fixtures > Bathroom Fixtures > Bathroom Safety & Accessibility > Toilets & Toilet Aids > Toilet Assistance Cushions,B0F17PFW6G,,"Padded Toilet Seat Cushion with 2-Inch High-Density Foam & Waterproof PU Fabric, U-Shape Padded Toilet Cushion - Secure Hook & Loop Tape, Fits Standard Toilets (Grey)",Tools & Home Improvement > Kitchen & Bath Fixtures > Bathroom Fixtures > Bathroom Safety & Accessibility > Toilets & Toilet Aids > Toilet Assistance Cushions,US,29.99,8.4,2.4,8.02,0.15,428.0,147.0,4.1,0.55,10000,1.0,20.0,50,25.0,20.0,20.0,75,35,65.0,B,"observed:price,sales,reviews,rating,fba_fee; estimated:search_volume,cpc",estimated_default_costs,Imported from Sorftime; ASIN B0F17PFW6G; brand DOMSCIEN
category:Toilet Assistance Cushions,8624797011,Toilet Assistance Cushions,Tools & Home Improvement > Kitchen & Bath Fixtures > Bathroom Fixtures > Bathroom Safety & Accessibility > Toilets & Toilet Aids > Toilet Assistance Cushions,B0CTCL4TWP,,"Bedside Soft Commode seat Cushion, Thick Pad PU Cover with Fixing Straps for Commode Chair, Washable Toilet Seat Cushion Warmer for Elderly Adults",Tools & Home Improvement > Kitchen & Bath Fixtures > Bathroom Fixtures > Bathroom Safety & Accessibility > Toilets & Toilet Aids > Toilet Assistance Cushions,US,27.99,7.84,2.24,7.93,0.15,297.0,60.0,4.3,0.55,10000,1.0,20.0,50,25.0,20.0,20.0,75,35,65.0,B,"observed:price,sales,reviews,rating,fba_fee; estimated:search_volume,cpc",estimated_default_costs,Imported from Sorftime; ASIN B0CTCL4TWP; brand ZXMOBY
category:Toilet Assistance Cushions,8624797011,Toilet Assistance Cushions,Tools & Home Improvement > Kitchen & Bath Fixtures > Bathroom Fixtures > Bathroom Safety & Accessibility > Toilets & Toilet Aids > Toilet Assistance Cushions,B09C8DHMMX,,"WDSHCR Toilet Seat Cushion - Soft, Thicker, Warmer Washable Covers with Zipper - Home Reusable (Gray)",Tools & Home Improvement > Kitchen & Bath Fixtures > Bathroom Fixtures > Bathroom Safety & Accessibility > Toilets & Toilet Aids > Toilet Assistance Cushions,US,15.99,4.48,1.28,5.36,0.15,220.0,1024.0,4.0,0.55,10000,1.0,20.0,50,25.0,20.0,20.0,75,35,65.0,B,"observed:price,sales,reviews,rating,fba_fee; estimated:search_volume,cpc",estimated_default_costs,Imported from Sorftime; ASIN B09C8DHMMX; brand WDSHCR
category:Toilet Assistance Steps,8624798011,Toilet Assistance Steps,Tools & Home Improvement > Kitchen & Bath Fixtures > Bathroom Fixtures > Bathroom Safety & Accessibility > Toilets & Toilet Aids > Toilet Assistance Steps,B0CMLC665P,,"ROMGUAR CRAFT 7 Inch Bamboo Toilet Stool, Foldable Poop Stool, Bathroom Step Stool Squat (Black)",Tools & Home Improvement > Kitchen & Bath Fixtures > Bathroom Fixtures > Bathroom Safety & Accessibility > Toilets & Toilet Aids > Toilet Assistance Steps,US,21.84,6.12,1.75,8.06,0.15,4074.0,1275.0,4.6,0.55,10000,1.0,20.0,50,25.0,20.0,20.0,75,35,65.0,B,"observed:price,sales,reviews,rating,fba_fee; estimated:search_volume,cpc",estimated_default_costs,Imported from Sorftime; ASIN B0CMLC665P; brand ROMGUAR CRAFT
category:Toilet Assistance Steps,8624798011,Toilet Assistance Steps,Tools & Home Improvement > Kitchen & Bath Fixtures > Bathroom Fixtures > Bathroom Safety & Accessibility > Toilets & Toilet Aids > Toilet Assistance Steps,B0CRKWY2X7,,"Squatting Toilet Stool, Poop Stool Squat Adult, 7“ Potty Stool for Bathroom | Recximi Non-Slip Pooping Stool, Portable Toilet Step Stool for Adults, 7 Inch Height Foot Rest for Bathroom, Gray",Tools & Home Improvement > Kitchen & Bath Fixtures > Bathroom Fixtures > Bathroom Safety & Accessibility > Toilets & Toilet Aids > Toilet Assistance Steps,US,14.98,4.19,1.2,7.92,0.15,3366.0,2224.0,4.4,0.55,10000,1.0,20.0,50,25.0,20.0,20.0,75,35,65.0,B,"observed:price,sales,reviews,rating,fba_fee; estimated:search_volume,cpc",estimated_default_costs,Imported from Sorftime; ASIN B0CRKWY2X7; brand Recximi
category:Toilet Assistance Steps,8624798011,Toilet Assistance Steps,Tools & Home Improvement > Kitchen & Bath Fixtures > Bathroom Fixtures > Bathroom Safety & Accessibility > Toilets & Toilet Aids > Toilet Assistance Steps,B0FD727TLZ,,"Foldable Toilet Stool Squat, 7 Inch Squatting Potty for Adults, Poop Stool | Lightweight Pooping Stool, Portable for Travel, Easy Storage Bathroom Toilet Step, Anti-Slip Feet, Space-Saving, Collapsible",Tools & Home Improvement > Kitchen & Bath Fixtures > Bathroom Fixtures > Bathroom Safety & Accessibility > Toilets & Toilet Aids > Toilet Assistance Steps,US,14.99,4.2,1.2,6.34,0.15,2620.0,391.0,4.6,0.55,10000,1.0,20.0,50,25.0,20.0,20.0,75,35,65.0,B,"observed:price,sales,reviews,rating,fba_fee; estimated:search_volume,cpc",estimated_default_costs,Imported from Sorftime; ASIN B0FD727TLZ; brand WBKATN
category:Toilet Assistance Steps,8624798011,Toilet Assistance Steps,Tools & Home Improvement > Kitchen & Bath Fixtures > Bathroom Fixtures > Bathroom Safety & Accessibility > Toilets & Toilet Aids > Toilet Assistance Steps,B0CX4CNYR8,,"Foldable Toilet Stool,7 Inches Bamboo Poop Stool for Bathroom",Tools & Home Improvement > Kitchen & Bath Fixtures > Bathroom Fixtures > Bathroom Safety & Accessibility > Toilets & Toilet Aids > Toilet Assistance Steps,US,19.96,5.59,1.6,7.89,0.15,2188.0,1655.0,4.4,0.55,10000,1.0,20.0,50,25.0,20.0,20.0,75,35,65.0,B,"observed:price,sales,reviews,rating,fba_fee; estimated:search_volume,cpc",estimated_default_costs,Imported from Sorftime; ASIN B0CX4CNYR8; brand Beinilai
category:Toilet Assistance Steps,8624798011,Toilet Assistance Steps,Tools & Home Improvement > Kitchen & Bath Fixtures > Bathroom Fixtures > Bathroom Safety & Accessibility > Toilets & Toilet Aids > Toilet Assistance Steps,B0DBD2CNCT,,"JACNITAD Foldable Toilet Stool, Poop Stool for Bathroom, Bamboo Toilet Stool Squat Adult, Collapsible Squat Potty Stool with Non-Slip Strip - Improve Squatting Posture and Comfort, 7 Inch, Wood",Tools & Home Improvement > Kitchen & Bath Fixtures > Bathroom Fixtures > Bathroom Safety & Accessibility > Toilets & Toilet Aids > Toilet Assistance Steps,US,19.97,5.59,1.6,7.74,0.15,2180.0,1139.0,4.5,0.55,10000,1.0,20.0,50,25.0,20.0,20.0,75,35,65.0,B,"observed:price,sales,reviews,rating,fba_fee; estimated:search_volume,cpc",estimated_default_costs,Imported from Sorftime; ASIN B0DBD2CNCT; brand JACNITAD
category:Toilet Assistance Steps,8624798011,Toilet Assistance Steps,Tools & Home Improvement > Kitchen & Bath Fixtures > Bathroom Fixtures > Bathroom Safety & Accessibility > Toilets & Toilet Aids > Toilet Assistance Steps,B0FRFQSJTF,,"AmazerBath Bamboo Toilet Stool, Squat Potty Stool for Adults, Non-Slip Pooping Stools for Bathroom, Portable Potty Step Foot Stools, Assembly Required, 6.8’’",Tools & Home Improvement > Kitchen & Bath Fixtures > Bathroom Fixtures > Bathroom Safety & Accessibility > Toilets & Toilet Aids > Toilet Assistance Steps,US,14.99,4.2,1.2,6.54,0.15,1405.0,113.0,4.2,0.55,10000,1.0,20.0,50,25.0,20.0,20.0,75,35,65.0,B,"observed:price,sales,reviews,rating,fba_fee; estimated:search_volume,cpc",estimated_default_costs,Imported from Sorftime; ASIN B0FRFQSJTF; brand AmazerBath
category:Toilet Assistance Steps,8624798011,Toilet Assistance Steps,Tools & Home Improvement > Kitchen & Bath Fixtures > Bathroom Fixtures > Bathroom Safety & Accessibility > Toilets & Toilet Aids > Toilet Assistance Steps,B0CCD6ZJ6J,,"KingPavonini Foldable Bamboo Toilet Stool Squat 7in & 9in Adjustable Height | Potty Stool for Adults with Non-Slip Layer, Improve Bathroom Posture & Comfort, 400lbs Capacity",Tools & Home Improvement > Kitchen & Bath Fixtures > Bathroom Fixtures > Bathroom Safety & Accessibility > Toilets & Toilet Aids > Toilet Assistance Steps,US,32.19,9.01,2.58,10.99,0.15,1357.0,1080.0,4.6,0.55,10000,1.0,20.0,50,25.0,20.0,20.0,75,35,65.0,B,"observed:price,sales,reviews,rating,fba_fee; estimated:search_volume,cpc",estimated_default_costs,Imported from Sorftime; ASIN B0CCD6ZJ6J; brand KingPavonini
category:Toilet Assistance Steps,8624798011,Toilet Assistance Steps,Tools & Home Improvement > Kitchen & Bath Fixtures > Bathroom Fixtures > Bathroom Safety & Accessibility > Toilets & Toilet Aids > Toilet Assistance Steps,B0FP8PDPRG,,"Danfoxer Acacia Wood 7-Inch Foldable Toilet Stool Squat for Bathroom | Wooden Poop Stool with Non-Slip Strip,Stable Support,Light to Move,Potty Step Stool for Family，No Assembly",Tools & Home Improvement > Kitchen & Bath Fixtures > Bathroom Fixtures > Bathroom Safety & Accessibility > Toilets & Toilet Aids > Toilet Assistance Steps,US,23.99,6.72,1.92,7.71,0.15,902.0,89.0,4.2,0.55,10000,1.0,20.0,50,25.0,20.0,20.0,75,35,65.0,B,"observed:price,sales,reviews,rating,fba_fee; estimated:search_volume,cpc",estimated_default_costs,Imported from Sorftime; ASIN B0FP8PDPRG; brand Danfoxer
category:Toilet Assistance Steps,8624798011,Toilet Assistance Steps,Tools & Home Improvement > Kitchen & Bath Fixtures > Bathroom Fixtures > Bathroom Safety & Accessibility > Toilets & Toilet Aids > Toilet Assistance Steps,B08KGSG8G8,,"TUSHY Ottoman Premium Toilet Stool, Relaxed 7.5 Inch, White/Bamboo",Tools & Home Improvement > Kitchen & Bath Fixtures > Bathroom Fixtures > Bathroom Safety & Accessibility > Toilets & Toilet Aids > Toilet Assistance Steps,US,53.1,14.87,4.25,9.36,0.15,756.0,1116.0,4.6,0.55,10000,1.0,20.0,50,25.0,20.0,20.0,75,35,65.0,B,"observed:price,sales,reviews,rating,fba_fee; estimated:search_volume,cpc",estimated_default_costs,Imported from Sorftime; ASIN B08KGSG8G8; brand TUSHY
category:Toilet Assistance Steps,8624798011,Toilet Assistance Steps,Tools & Home Improvement > Kitchen & Bath Fixtures > Bathroom Fixtures > Bathroom Safety & Accessibility > Toilets & Toilet Aids > Toilet Assistance Steps,B0DR763P6Y,,"Toilet Stool Foldable,7in,8in,9 in Adjustable Height,Poop Stool",Tools & Home Improvement > Kitchen & Bath Fixtures > Bathroom Fixtures > Bathroom Safety & Accessibility > Toilets & Toilet Aids > Toilet Assistance Steps,US,29.99,8.4,2.4,8.41,0.15,712.0,230.0,4.4,0.55,10000,1.0,20.0,50,25.0,20.0,20.0,75,35,65.0,B,"observed:price,sales,reviews,rating,fba_fee; estimated:search_volume,cpc",estimated_default_costs,Imported from Sorftime; ASIN B0DR763P6Y; brand Lesmery
category:Toilet Assistance Steps,8624798011,Toilet Assistance Steps,Tools & Home Improvement > Kitchen & Bath Fixtures > Bathroom Fixtures > Bathroom Safety & Accessibility > Toilets & Toilet Aids > Toilet Assistance Steps,B0DD4Y7X9D,,"TUSHY Arc Toilet Stool, Sleek Space-Saving Design, White | Supports a Natural Squatting Posture to Unkink Your Colon for Easier Bowel Movements, Smooth Curved Shape for Foot Comfort",Tools & Home Improvement > Kitchen & Bath Fixtures > Bathroom Fixtures > Bathroom Safety & Accessibility > Toilets & Toilet Aids > Toilet Assistance Steps,US,35.0,9.8,2.8,9.37,0.15,712.0,468.0,4.5,0.55,10000,1.0,20.0,50,25.0,20.0,20.0,75,35,65.0,B,"observed:price,sales,reviews,rating,fba_fee; estimated:search_volume,cpc",estimated_default_costs,Imported from Sorftime; ASIN B0DD4Y7X9D; brand TUSHY
category:Toilet Assistance Steps,8624798011,Toilet Assistance Steps,Tools & Home Improvement > Kitchen & Bath Fixtures > Bathroom Fixtures > Bathroom Safety & Accessibility > Toilets & Toilet Aids > Toilet Assistance Steps,B0FQMWPRQM,,"Foldable Toilet Stool, 7 Inch Poop Stool for Bathroom, Bamboo Toilet Potty Squat Adults, Dual Anti-Slip Potty Step Stool for Pooping, Improve Squatting Posture and Comfort Seniors, Natural",Tools & Home Improvement > Kitchen & Bath Fixtures > Bathroom Fixtures > Bathroom Safety & Accessibility > Toilets & Toilet Aids > Toilet Assistance Steps,US,25.26,7.07,2.02,8.21,0.15,702.0,63.0,4.5,0.55,10000,1.0,20.0,50,25.0,20.0,20.0,75,35,65.0,B,"observed:price,sales,reviews,rating,fba_fee; estimated:search_volume,cpc",estimated_default_costs,Imported from Sorftime; ASIN B0FQMWPRQM; brand JACNITAD
category:Toilet Assistance Steps,8624798011,Toilet Assistance Steps,Tools & Home Improvement > Kitchen & Bath Fixtures > Bathroom Fixtures > Bathroom Safety & Accessibility > Toilets & Toilet Aids > Toilet Assistance Steps,B0DFXP32ZK,,"Pink Poop Toilet Stool Squat Adult, 7“ Potty Squatting Stool for Adults | Toilet Poop Foot Stool for Bathroom, Plastic Pooping Step Stools for Foot with Non-Slip Designs",Tools & Home Improvement > Kitchen & Bath Fixtures > Bathroom Fixtures > Bathroom Safety & Accessibility > Toilets & Toilet Aids > Toilet Assistance Steps,US,16.98,4.75,1.36,7.83,0.15,686.0,2244.0,4.4,0.55,10000,1.0,20.0,50,25.0,20.0,20.0,75,35,65.0,B,"observed:price,sales,reviews,rating,fba_fee; estimated:search_volume,cpc",estimated_default_costs,Imported from Sorftime; ASIN B0DFXP32ZK; brand Kzeirm
category:Toilet Assistance Steps,8624798011,Toilet Assistance Steps,Tools & Home Improvement > Kitchen & Bath Fixtures > Bathroom Fixtures > Bathroom Safety & Accessibility > Toilets & Toilet Aids > Toilet Assistance Steps,B0DHGT4TRB,,"Squatting Potty for Adults Foldable, 7In Bamboo Toilet Poop Stool Squat | Wood Pooping Stool for Bathroom, Compact Wooden Toilet Foot Step Stools Collapsoble, Premium folding Potty Stool for Travel",Tools & Home Improvement > Kitchen & Bath Fixtures > Bathroom Fixtures > Bathroom Safety & Accessibility > Toilets & Toilet Aids > Toilet Assistance Steps,US,19.96,5.59,1.6,7.21,0.15,657.0,389.0,4.4,0.55,10000,1.0,20.0,50,25.0,20.0,20.0,75,35,65.0,B,"observed:price,sales,reviews,rating,fba_fee; estimated:search_volume,cpc",estimated_default_costs,Imported from Sorftime; ASIN B0DHGT4TRB; brand Osivaex
category:Toilet Assistance Steps,8624798011,Toilet Assistance Steps,Tools & Home Improvement > Kitchen & Bath Fixtures > Bathroom Fixtures > Bathroom Safety & Accessibility > Toilets & Toilet Aids > Toilet Assistance Steps,B0C4SK6RMS,,"Foldable Toilet Stool, 7inch Bathroom Squatty Posture Poop Stool, A Good Helper to Effective Relief of Constipation, Easy to Storage Toilet Squat Stool.",Tools & Home Improvement > Kitchen & Bath Fixtures > Bathroom Fixtures > Bathroom Safety & Accessibility > Toilets & Toilet Aids > Toilet Assistance Steps,US,21.99,6.16,1.76,7.65,0.15,591.0,1474.0,4.4,0.55,10000,1.0,20.0,50,65,20.0,20.0,75,35,65.0,B,"observed:price,sales,reviews,rating,fba_fee; estimated:search_volume,cpc",estimated_default_costs,Imported from Sorftime; ASIN B0C4SK6RMS; brand Baithem
category:Toilet Assistance Steps,8624798011,Toilet Assistance Steps,Tools & Home Improvement > Kitchen & Bath Fixtures > Bathroom Fixtures > Bathroom Safety & Accessibility > Toilets & Toilet Aids > Toilet Assistance Steps,B0GGH822G8,,"Bathway Squatting Potty Stool, Foldable Poop Stool, Bamboo Toilet Stool for Adult, Foot Step Stool Squat, Pooping Stools with Anti-Slip Strip for Bathroom, Black, 6.8‘‘",Tools & Home Improvement > Kitchen & Bath Fixtures > Bathroom Fixtures > Bathroom Safety & Accessibility > Toilets & Toilet Aids > Toilet Assistance Steps,US,19.99,5.6,1.6,7.82,0.15,558.0,58.0,4.4,0.55,10000,1.0,20.0,50,25.0,20.0,20.0,75,35,65.0,B,"observed:price,sales,reviews,rating,fba_fee; estimated:search_volume,cpc",estimated_default_costs,Imported from Sorftime; ASIN B0GGH822G8; brand Bathway
category:Toilet Assistance Steps,8624798011,Toilet Assistance Steps,Tools & Home Improvement > Kitchen & Bath Fixtures > Bathroom Fixtures > Bathroom Safety & Accessibility > Toilets & Toilet Aids > Toilet Assistance Steps,B0CL42XTWG,,"Bamboo Toilet Stool Foldable, 7 in, 8 in Or 9 in Adjustable Height Squat Stool Potty for Adults, Sturdy Poop Step Stool for Bathroom, Improve Squatting Posture, Non-Slip,500 lbs Capability",Tools & Home Improvement > Kitchen & Bath Fixtures > Bathroom Fixtures > Bathroom Safety & Accessibility > Toilets & Toilet Aids > Toilet Assistance Steps,US,29.22,8.18,2.34,8.38,0.15,391.0,666.0,4.4,0.55,10000,1.0,20.0,50,25.0,20.0,20.0,75,35,65.0,B,"observed:price,sales,reviews,rating,fba_fee; estimated:search_volume,cpc",estimated_default_costs,Imported from Sorftime; ASIN B0CL42XTWG; brand LIDTOP
category:Toilet Assistance Steps,8624798011,Toilet Assistance Steps,Tools & Home Improvement > Kitchen & Bath Fixtures > Bathroom Fixtures > Bathroom Safety & Accessibility > Toilets & Toilet Aids > Toilet Assistance Steps,B0H6C6NGLR,,"dwellington Wooden Bathroom Stool Wood Foot Stool for Adults, Kids (Green) | Wood Foot Stool, Planter Stand, Wood Riser",Tools & Home Improvement > Kitchen & Bath Fixtures > Bathroom Fixtures > Bathroom Safety & Accessibility > Toilets & Toilet Aids > Toilet Assistance Steps,US,41.99,11.76,3.36,7.56,0.15,333.0,492.0,4.4,0.55,10000,1.0,20.0,50,25.0,20.0,20.0,65,20,53.8,C,"observed:price,sales,reviews,rating; estimated:fba_fee,search_volume,cpc",estimated_default_costs,Imported from Sorftime; ASIN B0H6C6NGLR; brand dwellington
category:Toilet Assistance Steps,8624798011,Toilet Assistance Steps,Tools & Home Improvement > Kitchen & Bath Fixtures > Bathroom Fixtures > Bathroom Safety & Accessibility > Toilets & Toilet Aids > Toilet Assistance Steps,B0FGGZWB3N,,"Foldable Toilet Stool Squat Adult, 7“ Height Adjustable Poop Stool for Bathroom, Portable Squatting Potty Toilet Step Stools for Adults, Ergonomic Foot Stools for Travel, Gray",Tools & Home Improvement > Kitchen & Bath Fixtures > Bathroom Fixtures > Bathroom Safety & Accessibility > Toilets & Toilet Aids > Toilet Assistance Steps,US,17.99,5.04,1.44,7.93,0.15,330.0,176.0,4.2,0.55,10000,1.0,20.0,50,25.0,20.0,20.0,75,35,65.0,B,"observed:price,sales,reviews,rating,fba_fee; estimated:search_volume,cpc",estimated_default_costs,Imported from Sorftime; ASIN B0FGGZWB3N; brand Osivaex
category:Toilet Assistance Steps,8624798011,Toilet Assistance Steps,Tools & Home Improvement > Kitchen & Bath Fixtures > Bathroom Fixtures > Bathroom Safety & Accessibility > Toilets & Toilet Aids > Toilet Assistance Steps,B07YDHC4JX,,"Fanwer Squatting Toilet Stool - Poop Stool for Bathroom Potty Stool | Wood-Plastic Composite, 7 Inch, Adults & Elderly, Reduce Strain & Relieve Constipation",Tools & Home Improvement > Kitchen & Bath Fixtures > Bathroom Fixtures > Bathroom Safety & Accessibility > Toilets & Toilet Aids > Toilet Assistance Steps,US,22.99,6.44,1.84,7.21,0.15,316.0,1850.0,4.4,0.55,10000,1.0,20.0,50,25.0,20.0,20.0,75,35,65.0,B,"observed:price,sales,reviews,rating,fba_fee; estimated:search_volume,cpc",estimated_default_costs,Imported from Sorftime; ASIN B07YDHC4JX; brand Fanwer
category:Toilet Assistance Steps,8624798011,Toilet Assistance Steps,Tools & Home Improvement > Kitchen & Bath Fixtures > Bathroom Fixtures > Bathroom Safety & Accessibility > Toilets & Toilet Aids > Toilet Assistance Steps,B0C2TL4HD3,,"Poop Stool, Toilet Stool for Adult Wooden Squat Bathroom Foot Step | 6.9in Height Bamboo Stool, Non-slip striped surface, Squat Seat, Poop Stool Adult, Toilet Foot & Step Stools for Adults",Tools & Home Improvement > Kitchen & Bath Fixtures > Bathroom Fixtures > Bathroom Safety & Accessibility > Toilets & Toilet Aids > Toilet Assistance Steps,US,35.99,10.08,2.88,7.97,0.15,283.0,888.0,4.3,0.55,10000,1.0,20.0,50,25.0,20.0,20.0,75,35,65.0,B,"observed:price,sales,reviews,rating,fba_fee; estimated:search_volume,cpc",estimated_default_costs,Imported from Sorftime; ASIN B0C2TL4HD3; brand JOPSTDI
category:Toilet Assistance Steps,8624798011,Toilet Assistance Steps,Tools & Home Improvement > Kitchen & Bath Fixtures > Bathroom Fixtures > Bathroom Safety & Accessibility > Toilets & Toilet Aids > Toilet Assistance Steps,B0G3C7XH7K,,"EmoH 2-in-1 Squatting Potty for Adults, 16.7“ Wide | Squatting Pool Stool",Tools & Home Improvement > Kitchen & Bath Fixtures > Bathroom Fixtures > Bathroom Safety & Accessibility > Toilets & Toilet Aids > Toilet Assistance Steps,US,30.9,8.65,2.47,9.75,0.15,266.0,70.0,4.3,0.55,10000,1.0,20.0,50,25.0,20.0,20.0,75,35,65.0,B,"observed:price,sales,reviews,rating,fba_fee; estimated:search_volume,cpc",estimated_default_costs,Imported from Sorftime; ASIN B0G3C7XH7K; brand EmoH
category:Toilet Assistance Steps,8624798011,Toilet Assistance Steps,Tools & Home Improvement > Kitchen & Bath Fixtures > Bathroom Fixtures > Bathroom Safety & Accessibility > Toilets & Toilet Aids > Toilet Assistance Steps,B0H1MP9TFG,,"TIDITA Foldable Toilet Stool, Acacia Wood Poop Stool for Adults, 7.2' H",Tools & Home Improvement > Kitchen & Bath Fixtures > Bathroom Fixtures > Bathroom Safety & Accessibility > Toilets & Toilet Aids > Toilet Assistance Steps,US,35.98,10.07,2.88,8.41,0.15,265.0,26.0,4.6,0.55,10000,1.0,20.0,50,25.0,20.0,20.0,75,35,65.0,B,"observed:price,sales,reviews,rating,fba_fee; estimated:search_volume,cpc",estimated_default_costs,Imported from Sorftime; ASIN B0H1MP9TFG; brand Tidita
category:Toilet Assistance Steps,8624798011,Toilet Assistance Steps,Tools & Home Improvement > Kitchen & Bath Fixtures > Bathroom Fixtures > Bathroom Safety & Accessibility > Toilets & Toilet Aids > Toilet Assistance Steps,B0FYY6MPSQ,,"Toilet Stool Foldable,Acacia Wood Poop Stool forfor Bathroom,7 Inch",Tools & Home Improvement > Kitchen & Bath Fixtures > Bathroom Fixtures > Bathroom Safety & Accessibility > Toilets & Toilet Aids > Toilet Assistance Steps,US,29.99,8.4,2.4,8.49,0.15,236.0,69.0,4.4,0.55,10000,1.0,20.0,50,25.0,20.0,20.0,75,35,65.0,B,"observed:price,sales,reviews,rating,fba_fee; estimated:search_volume,cpc",estimated_default_costs,Imported from Sorftime; ASIN B0FYY6MPSQ; brand Lesmery
category:Toilet Assistance Steps,8624798011,Toilet Assistance Steps,Tools & Home Improvement > Kitchen & Bath Fixtures > Bathroom Fixtures > Bathroom Safety & Accessibility > Toilets & Toilet Aids > Toilet Assistance Steps,B0DJ6YDQ47,,"LotusSway 7“ Acacia Wood Foldable Toilet Stool, Sturdy Wooden Poop Stool | Water-Resistant Toilet Foot Stool With Non-Slip Feet Supports A Comfortable Squatting Posture And Folds For Easy Storage",Tools & Home Improvement > Kitchen & Bath Fixtures > Bathroom Fixtures > Bathroom Safety & Accessibility > Toilets & Toilet Aids > Toilet Assistance Steps,US,32.87,9.2,2.63,8.11,0.15,232.0,160.0,4.4,0.55,10000,1.0,20.0,50,25.0,20.0,20.0,75,35,65.0,B,"observed:price,sales,reviews,rating,fba_fee; estimated:search_volume,cpc",estimated_default_costs,Imported from Sorftime; ASIN B0DJ6YDQ47; brand LotusSway
category:Toilet Assistance Steps,8624798011,Toilet Assistance Steps,Tools & Home Improvement > Kitchen & Bath Fixtures > Bathroom Fixtures > Bathroom Safety & Accessibility > Toilets & Toilet Aids > Toilet Assistance Steps,B0FQP3B9GH,,"Wooden Step Stool 6” Height, Step Stools for Bed, Bed Steps for High Beds for Adults and Elderly, Step Stool for Bedroom, Kitchen, Living Room, Dark Brown",Tools & Home Improvement > Kitchen & Bath Fixtures > Bathroom Fixtures > Bathroom Safety & Accessibility > Toilets & Toilet Aids > Toilet Assistance Steps,US,60.99,17.08,4.88,11.18,0.15,219.0,104.0,4.1,0.55,10000,1.0,20.0,50,25.0,20.0,20.0,75,35,65.0,B,"observed:price,sales,reviews,rating,fba_fee; estimated:search_volume,cpc",estimated_default_costs,Imported from Sorftime; ASIN B0FQP3B9GH; brand koretech
category:Toilet Assistance Steps,8624798011,Toilet Assistance Steps,Tools & Home Improvement > Kitchen & Bath Fixtures > Bathroom Fixtures > Bathroom Safety & Accessibility > Toilets & Toilet Aids > Toilet Assistance Steps,B0GDXGJ7MW,,"StrongTek Bamboo Toilet Stool, Foldable 7–9 in, 300 lb, Dark Walnut | 2 Height Settings, Non-Slip, Compact Storage, Squatting Stool for Improved Posture,Stable Bathroom Support for Adults",Tools & Home Improvement > Kitchen & Bath Fixtures > Bathroom Fixtures > Bathroom Safety & Accessibility > Toilets & Toilet Aids > Toilet Assistance Steps,US,37.99,10.64,3.04,8.5,0.15,213.0,34.0,4.4,0.55,10000,1.0,20.0,50,25.0,20.0,20.0,75,35,65.0,B,"observed:price,sales,reviews,rating,fba_fee; estimated:search_volume,cpc",estimated_default_costs,Imported from Sorftime; ASIN B0GDXGJ7MW; brand StrongTek
category:Toilet Assistance Steps,8624798011,Toilet Assistance Steps,Tools & Home Improvement > Kitchen & Bath Fixtures > Bathroom Fixtures > Bathroom Safety & Accessibility > Toilets & Toilet Aids > Toilet Assistance Steps,B0FP8L9RWY,,"Danfoxer Acacia Wood 7-Inch Toilet Stool Squat for with Non-Slip Strip | Wooden Poop Stool for Bathroom, No Assembly, Stable Support,Light to Move,Potty Step Stool for Family",Tools & Home Improvement > Kitchen & Bath Fixtures > Bathroom Fixtures > Bathroom Safety & Accessibility > Toilets & Toilet Aids > Toilet Assistance Steps,US,16.99,4.76,1.36,6.54,0.15,212.0,59.0,4.0,0.55,10000,1.0,20.0,50,25.0,20.0,20.0,75,35,65.0,B,"observed:price,sales,reviews,rating,fba_fee; estimated:search_volume,cpc",estimated_default_costs,Imported from Sorftime; ASIN B0FP8L9RWY; brand Danfoxer
category:Toilet Assistance Steps,8624798011,Toilet Assistance Steps,Tools & Home Improvement > Kitchen & Bath Fixtures > Bathroom Fixtures > Bathroom Safety & Accessibility > Toilets & Toilet Aids > Toilet Assistance Steps,B0196BEVZI,,Squatty Potty Slim Teak Bathroom Toilet Stool 7 Inch - Wood,Tools & Home Improvement > Kitchen & Bath Fixtures > Bathroom Fixtures > Bathroom Safety & Accessibility > Toilets & Toilet Aids > Toilet Assistance Steps,US,59.99,16.8,4.8,14.94,0.15,210.0,1631.0,4.5,0.55,10000,1.0,20.0,50,25.0,20.0,20.0,75,35,65.0,B,"observed:price,sales,reviews,rating,fba_fee; estimated:search_volume,cpc",estimated_default_costs,Imported from Sorftime; ASIN B0196BEVZI; brand Squatty Potty
category:Toilet Assistance Steps,8624798011,Toilet Assistance Steps,Tools & Home Improvement > Kitchen & Bath Fixtures > Bathroom Fixtures > Bathroom Safety & Accessibility > Toilets & Toilet Aids > Toilet Assistance Steps,B0DNQ2JZ91,,"Acrylic Toilet Stool Squat Set of 2, Squatting Toilet Stool for Adults Kids,Modern Design Pooping Stool, Easily Blend into Any Bathroom (Clear-2PCS)",Tools & Home Improvement > Kitchen & Bath Fixtures > Bathroom Fixtures > Bathroom Safety & Accessibility > Toilets & Toilet Aids > Toilet Assistance Steps,US,68.99,19.32,5.52,15.77,0.15,203.0,45.0,4.6,0.55,10000,1.0,20.0,50,25.0,20.0,20.0,75,35,65.0,B,"observed:price,sales,reviews,rating,fba_fee; estimated:search_volume,cpc",estimated_default_costs,Imported from Sorftime; ASIN B0DNQ2JZ91; brand GETCK
category:Toilet Safety Frames & Rails,3775391,Toilet Safety Frames & Rails,Tools & Home Improvement > Kitchen & Bath Fixtures > Bathroom Fixtures > Bathroom Safety & Accessibility > Toilets & Toilet Aids > Toilet Safety Frames & Rails,B0C8P6DFV8,,"PELEGON Toilet Safety Rails (350 lb) - Adjustable Toilet Safety Frame & Rails, Toilet Safety Rail for Elderly Adults, Toilet Handles for Seniors, Toilet Bars for Elderly & Handicap",Tools & Home Improvement > Kitchen & Bath Fixtures > Bathroom Fixtures > Bathroom Safety & Accessibility > Toilets & Toilet Aids > Toilet Safety Frames & Rails,US,69.97,19.59,5.6,9.56,0.15,4057.0,1732.0,4.6,0.55,10000,1.0,20.0,50,25.0,20.0,20.0,75,35,65.0,B,"observed:price,sales,reviews,rating,fba_fee; estimated:search_volume,cpc",estimated_default_costs,Imported from Sorftime; ASIN B0C8P6DFV8; brand PELEGON
category:Toilet Safety Frames & Rails,3775391,Toilet Safety Frames & Rails,Tools & Home Improvement > Kitchen & Bath Fixtures > Bathroom Fixtures > Bathroom Safety & Accessibility > Toilets & Toilet Aids > Toilet Safety Frames & Rails,B0DSBMZMX1,,"HOMLAND Toilet Safety Rails for Seniors, Adjustable Height & Width, 350 Lbs | Padded Armrests, Foldable Aluminum Toilet Safety Frame, Handicap Toilet Handles for Elderly and Disabled, Fit Any Toilets",Tools & Home Improvement > Kitchen & Bath Fixtures > Bathroom Fixtures > Bathroom Safety & Accessibility > Toilets & Toilet Aids > Toilet Safety Frames & Rails,US,39.99,11.2,3.2,8.29,0.15,2175.0,863.0,4.4,0.55,10000,1.0,20.0,50,25.0,20.0,20.0,75,35,65.0,B,"observed:price,sales,reviews,rating,fba_fee; estimated:search_volume,cpc",estimated_default_costs,Imported from Sorftime; ASIN B0DSBMZMX1; brand HOMLAND
category:Toilet Safety Frames & Rails,3775391,Toilet Safety Frames & Rails,Tools & Home Improvement > Kitchen & Bath Fixtures > Bathroom Fixtures > Bathroom Safety & Accessibility > Toilets & Toilet Aids > Toilet Safety Frames & Rails,B0FD3SN31M,,"Loyoda Toilet Safety Frame for Seniors, Adjustable Toilet Safety Rail",Tools & Home Improvement > Kitchen & Bath Fixtures > Bathroom Fixtures > Bathroom Safety & Accessibility > Toilets & Toilet Aids > Toilet Safety Frames & Rails,US,44.99,12.6,3.6,14.07,0.15,1895.0,878.0,4.6,0.55,10000,1.0,20.0,50,25.0,20.0,20.0,75,35,65.0,B,"observed:price,sales,reviews,rating,fba_fee; estimated:search_volume,cpc",estimated_default_costs,Imported from Sorftime; ASIN B0FD3SN31M; brand Loyoda
category:Toilet Safety Frames & Rails,3775391,Toilet Safety Frames & Rails,Tools & Home Improvement > Kitchen & Bath Fixtures > Bathroom Fixtures > Bathroom Safety & Accessibility > Toilets & Toilet Aids > Toilet Safety Frames & Rails,B0DK97XB99,,"HOMLAND Toilet Safety Rails for Seniors, 350LB Aluminum Toilet Handle | Adjustable Height & Width, Soft Padded Handles, Anti-Slip Rubber Feet, Toilet Safety Frame, Toilet Grab Bars For Elderly",Tools & Home Improvement > Kitchen & Bath Fixtures > Bathroom Fixtures > Bathroom Safety & Accessibility > Toilets & Toilet Aids > Toilet Safety Frames & Rails,US,32.39,9.07,2.59,8.4,0.15,1342.0,536.0,4.4,0.55,10000,1.0,20.0,50,25.0,20.0,20.0,75,35,65.0,B,"observed:price,sales,reviews,rating,fba_fee; estimated:search_volume,cpc",estimated_default_costs,Imported from Sorftime; ASIN B0DK97XB99; brand HOMLAND
category:Toilet Safety Frames & Rails,3775391,Toilet Safety Frames & Rails,Tools & Home Improvement > Kitchen & Bath Fixtures > Bathroom Fixtures > Bathroom Safety & Accessibility > Toilets & Toilet Aids > Toilet Safety Frames & Rails,B0CM9GWLYM,,"PELEGON Toilet Safety Rails (250lb) - Adjustable Toilet Safety Rails, Toilet Bar for Elderly Adults, Toilets Rails for Seniors, Toilet Seat with Handles for Elderly & Disabled Toilet Grab Bar - 1 Pack",Tools & Home Improvement > Kitchen & Bath Fixtures > Bathroom Fixtures > Bathroom Safety & Accessibility > Toilets & Toilet Aids > Toilet Safety Frames & Rails,US,29.97,8.39,2.4,8.3,0.15,826.0,660.0,4.4,0.55,10000,1.0,20.0,50,25.0,20.0,20.0,75,35,65.0,B,"observed:price,sales,reviews,rating,fba_fee; estimated:search_volume,cpc",estimated_default_costs,Imported from Sorftime; ASIN B0CM9GWLYM; brand PELEGON
category:Toilet Safety Frames & Rails,3775391,Toilet Safety Frames & Rails,Tools & Home Improvement > Kitchen & Bath Fixtures > Bathroom Fixtures > Bathroom Safety & Accessibility > Toilets & Toilet Aids > Toilet Safety Frames & Rails,B0CBJZF5V4,,"Toilet Safety Rails (350 LB), Toilet Handle Frame for Elderly",Tools & Home Improvement > Kitchen & Bath Fixtures > Bathroom Fixtures > Bathroom Safety & Accessibility > Toilets & Toilet Aids > Toilet Safety Frames & Rails,US,49.99,14.0,4.0,9.56,0.15,614.0,1230.0,4.6,0.55,10000,1.0,20.0,50,25.0,20.0,20.0,75,35,65.0,B,"observed:price,sales,reviews,rating,fba_fee; estimated:search_volume,cpc",estimated_default_costs,Imported from Sorftime; ASIN B0CBJZF5V4; brand Coelineao
category:Toilet Safety Frames & Rails,3775391,Toilet Safety Frames & Rails,Tools & Home Improvement > Kitchen & Bath Fixtures > Bathroom Fixtures > Bathroom Safety & Accessibility > Toilets & Toilet Aids > Toilet Safety Frames & Rails,B0CT54V5Y5,,"WeHwupe Toilet Safety Rail for Seniors, Height & Width Adjustable Handles | 350 Lbs Capacity, Bathroom Toilet Safety Frame, Stand Alone Grab Bar for Elderly, Handicap & Disabled, Fits Most Toilets",Tools & Home Improvement > Kitchen & Bath Fixtures > Bathroom Fixtures > Bathroom Safety & Accessibility > Toilets & Toilet Aids > Toilet Safety Frames & Rails,US,44.99,12.6,3.6,8.7,0.15,558.0,496.0,4.3,0.55,10000,1.0,20.0,50,25.0,20.0,20.0,75,35,65.0,B,"observed:price,sales,reviews,rating,fba_fee; estimated:search_volume,cpc",estimated_default_costs,Imported from Sorftime; ASIN B0CT54V5Y5; brand WeHwupe
category:Toilet Safety Frames & Rails,3775391,Toilet Safety Frames & Rails,Tools & Home Improvement > Kitchen & Bath Fixtures > Bathroom Fixtures > Bathroom Safety & Accessibility > Toilets & Toilet Aids > Toilet Safety Frames & Rails,B0FX26WLWY,,"Loyoda Foldable Toilet Safety Rails for Seniors, Height & Width Adjustable",Tools & Home Improvement > Kitchen & Bath Fixtures > Bathroom Fixtures > Bathroom Safety & Accessibility > Toilets & Toilet Aids > Toilet Safety Frames & Rails,US,47.99,13.44,3.84,9.66,0.15,360.0,163.0,4.4,0.55,10000,1.0,20.0,50,25.0,20.0,20.0,75,35,65.0,B,"observed:price,sales,reviews,rating,fba_fee; estimated:search_volume,cpc",estimated_default_costs,Imported from Sorftime; ASIN B0FX26WLWY; brand Loyoda
category:Toilet Safety Frames & Rails,3775391,Toilet Safety Frames & Rails,Tools & Home Improvement > Kitchen & Bath Fixtures > Bathroom Fixtures > Bathroom Safety & Accessibility > Toilets & Toilet Aids > Toilet Safety Frames & Rails,B0DZ6HBJ3Q,,"Toilet Safety Rails for Seniors, 17-21 in Width, 350 lb Capacity",Tools & Home Improvement > Kitchen & Bath Fixtures > Bathroom Fixtures > Bathroom Safety & Accessibility > Toilets & Toilet Aids > Toilet Safety Frames & Rails,US,29.95,8.39,2.4,8.21,0.15,360.0,355.0,4.2,0.55,10000,1.0,20.0,50,25.0,20.0,20.0,75,35,65.0,B,"observed:price,sales,reviews,rating,fba_fee; estimated:search_volume,cpc",estimated_default_costs,Imported from Sorftime; ASIN B0DZ6HBJ3Q; brand henkoi
category:Toilet Safety Frames & Rails,3775391,Toilet Safety Frames & Rails,Tools & Home Improvement > Kitchen & Bath Fixtures > Bathroom Fixtures > Bathroom Safety & Accessibility > Toilets & Toilet Aids > Toilet Safety Frames & Rails,B0DLKKD1X5,,"WeHwupe Toilet Safety Rail for Seniors, Height & Width Adjustable Frame | 350 Lbs Capacity, Foldable Bathroom Toilet Handles for Elderly, Toilet Grab Bars for Handicap & Disabled, Fits Most Toilets",Tools & Home Improvement > Kitchen & Bath Fixtures > Bathroom Fixtures > Bathroom Safety & Accessibility > Toilets & Toilet Aids > Toilet Safety Frames & Rails,US,49.49,13.86,3.96,9.95,0.15,350.0,142.0,4.6,0.55,10000,1.0,20.0,50,25.0,20.0,20.0,75,35,65.0,B,"observed:price,sales,reviews,rating,fba_fee; estimated:search_volume,cpc",estimated_default_costs,Imported from Sorftime; ASIN B0DLKKD1X5; brand WeHwupe
category:Toilet Safety Frames & Rails,3775391,Toilet Safety Frames & Rails,Tools & Home Improvement > Kitchen & Bath Fixtures > Bathroom Fixtures > Bathroom Safety & Accessibility > Toilets & Toilet Aids > Toilet Safety Frames & Rails,B0GRBLL1BV,,"HOMENURSE Toilet Safety Rails for Seniors, Adjustable Foldable Frame, 350lb",Tools & Home Improvement > Kitchen & Bath Fixtures > Bathroom Fixtures > Bathroom Safety & Accessibility > Toilets & Toilet Aids > Toilet Safety Frames & Rails,US,19.99,5.6,1.6,3.6,0.15,319.0,44.0,4.2,0.55,10000,1.0,20.0,50,25.0,20.0,20.0,50,20,42.5,C,"observed:sales,reviews,rating; estimated:price,fba_fee,search_volume,cpc",estimated_default_costs,Imported from Sorftime; ASIN B0GRBLL1BV; brand HOMENURSE
category:Toilet Safety Frames & Rails,3775391,Toilet Safety Frames & Rails,Tools & Home Improvement > Kitchen & Bath Fixtures > Bathroom Fixtures > Bathroom Safety & Accessibility > Toilets & Toilet Aids > Toilet Safety Frames & Rails,B0G1YFMGTB,,Loyoda Foldable Toilet Rails for Seniors with One-Button Adjustbale Width,Tools & Home Improvement > Kitchen & Bath Fixtures > Bathroom Fixtures > Bathroom Safety & Accessibility > Toilets & Toilet Aids > Toilet Safety Frames & Rails,US,43.98,12.31,3.52,9.75,0.15,284.0,165.0,4.3,0.55,10000,1.0,20.0,50,25.0,20.0,20.0,75,35,65.0,B,"observed:price,sales,reviews,rating,fba_fee; estimated:search_volume,cpc",estimated_default_costs,Imported from Sorftime; ASIN B0G1YFMGTB; brand Loyoda
category:Toilet Safety Frames & Rails,3775391,Toilet Safety Frames & Rails,Tools & Home Improvement > Kitchen & Bath Fixtures > Bathroom Fixtures > Bathroom Safety & Accessibility > Toilets & Toilet Aids > Toilet Safety Frames & Rails,B0FGPXDC7Y,,TABEKE Foldable Toilet Safety Rails & Adjustable Frames for Seniors,Tools & Home Improvement > Kitchen & Bath Fixtures > Bathroom Fixtures > Bathroom Safety & Accessibility > Toilets & Toilet Aids > Toilet Safety Frames & Rails,US,39.99,11.2,3.2,9.8,0.15,213.0,204.0,4.5,0.55,10000,1.0,20.0,50,25.0,20.0,20.0,75,35,65.0,B,"observed:price,sales,reviews,rating,fba_fee; estimated:search_volume,cpc",estimated_default_costs,Imported from Sorftime; ASIN B0FGPXDC7Y; brand TABEKE
