source_strategy,source_category_id,source_category_name,source_category_path,source_asin,source_parent_asin,product_name,category,marketplace,target_price,cost,shipping,fba_fee,referral_fee_rate,est_monthly_sales,avg_review_count,avg_rating,top10_review_share,keyword_search_volume,keyword_cpc,seasonality_score,differentiation_score,compliance_risk,fragile_risk,oversize_risk,market_data_completeness,profit_data_confidence,evidence_confidence,evidence_grade,data_source_summary,profit_estimate_status,notes
category:Tool Holsters,553582,Tool Holsters,Tools & Home Improvement > Storage & Home Organization > Tool Organizers > Tool Holsters,B0FXG8J58Q,,TOOLEAGUE 3Pcs Magnetic Tool Mat with 25Lb Telescoping Magnetic Pickup Pen,Tools & Home Improvement > Storage & Home Organization > Tool Organizers > Tool Holsters,US,46.99,13.16,3.76,7.77,0.15,981.0,153.0,4.6,0.55,10000,1.0,20.0,50,25.0,20.0,20.0,75,35,65.0,B,"observed:price,sales,reviews,rating,fba_fee; estimated:search_volume,cpc",estimated_default_costs,Imported from Sorftime; ASIN B0FXG8J58Q; brand TOOLEAGUE
category:Tool Pouches,322568011,Tool Pouches,Tools & Home Improvement > Storage & Home Organization > Tool Organizers > Tool Pouches,B08WJHZKKS,,"AWP Tool Pouch, Electrician Tool Pouch, Premium, Professional Multi-Pocket Organizer",Tools & Home Improvement > Storage & Home Organization > Tool Organizers > Tool Pouches,US,13.99,3.92,1.12,4.89,0.15,1243.0,1757.0,4.5,0.55,10000,1.0,20.0,50,25.0,20.0,20.0,75,35,65.0,B,"observed:price,sales,reviews,rating,fba_fee; estimated:search_volume,cpc",estimated_default_costs,Imported from Sorftime; ASIN B08WJHZKKS; brand AWP
category:Tool Trays,15709201,Tool Trays,Tools & Home Improvement > Storage & Home Organization > Tool Organizers > Tool Trays,B0CJJD5BZQ,,"Magnetic Socket Organizer Set, 6PCS Socket Holder, 1/4“, 3/8“, 1/2“ Sockets Holds 143 Pieces Magnetic Sockets Trays (Blue&red, 6 Pcs)",Tools & Home Improvement > Storage & Home Organization > Tool Organizers > Tool Trays,US,36.99,10.36,2.96,9.32,0.15,3273.0,689.0,4.5,0.55,10000,1.0,20.0,50,25.0,20.0,20.0,75,35,65.0,B,"observed:price,sales,reviews,rating,fba_fee; estimated:search_volume,cpc",estimated_default_costs,Imported from Sorftime; ASIN B0CJJD5BZQ; brand SWANLAKE GARDEN TOOLS
category:Decorative Garden Stools,3563985011,Decorative Garden Stools,"Patio, Lawn & Garden > Outdoor Décor > Decorative Garden Stools",B0H49HFY43,,"zaowofires Solid Wooden Stool,Plant Stand,Step Stool,Light Walnut,10“ H","Patio, Lawn & Garden > Outdoor Décor > Decorative Garden Stools",US,32.99,9.24,2.64,8.26,0.15,1151.0,229.0,4.6,0.55,10000,1.0,20.0,50,25.0,20.0,20.0,75,35,65.0,B,"observed:price,sales,reviews,rating,fba_fee; estimated:search_volume,cpc",estimated_default_costs,Imported from Sorftime; ASIN B0H49HFY43; brand zaowofires
category:Mop Handles,14253971,Mop Handles,Home & Kitchen > Cleaning Supplies > Household Cleaning > Cleaning Tools > Mopping > Accessories > Mop Handles,B0F8QPYX6Q,,"Hezane Mop Handle for Ocedar,Spin Mop Replacement Head Base Compatible with O Cedar,4-Section Spin Mop Handles and Base for EasyWring Spin Mop",Home & Kitchen > Cleaning Supplies > Household Cleaning > Cleaning Tools > Mopping > Accessories > Mop Handles,US,13.99,3.92,1.12,6.77,0.15,821.0,108.0,4.4,0.55,10000,1.0,20.0,50,25.0,20.0,20.0,75,35,65.0,B,"observed:price,sales,reviews,rating,fba_fee; estimated:search_volume,cpc",estimated_default_costs,Imported from Sorftime; ASIN B0F8QPYX6Q; brand Hezane
category:Refill Sponges,695492011,Refill Sponges,Home & Kitchen > Cleaning Supplies > Household Cleaning > Cleaning Tools > Mopping > Accessories > Refill Sponges,B0GZVN6KP2,,"Duster Refill for Swiffer Duster, 60 Count, Not Include Handle Dusters | Electrostatic Duster 2 Side 360° Duster Refills, Disposable Multi Surface Dusters for Cleaning, Unscented",Home & Kitchen > Cleaning Supplies > Household Cleaning > Cleaning Tools > Mopping > Accessories > Refill Sponges,US,29.99,8.4,2.4,7.93,0.15,4563.0,1093.0,4.1,0.55,10000,1.0,20.0,50,25.0,20.0,20.0,75,35,65.0,B,"observed:price,sales,reviews,rating,fba_fee; estimated:search_volume,cpc",estimated_default_costs,Imported from Sorftime; ASIN B0GZVN6KP2; brand AIR U+
category:Replacement Heads,695491011,Replacement Heads,Home & Kitchen > Cleaning Supplies > Household Cleaning > Cleaning Tools > Mopping > Accessories > Replacement Heads,B0FPWQMRHW,,"Mop Heads Replacements for Ocedar, Mop Replace Head for o Cedar Easywring 1 Tank, Spin Mop Replacement Head Mop Heads Include 4 Pack Spin Mop Refills, 1 Pack Scrubber Mop Head and 1 Mop Base",Home & Kitchen > Cleaning Supplies > Household Cleaning > Cleaning Tools > Mopping > Accessories > Replacement Heads,US,14.99,4.2,1.2,8.22,0.15,2586.0,383.0,4.4,0.55,10000,1.0,20.0,50,25.0,20.0,20.0,75,35,65.0,B,"observed:price,sales,reviews,rating,fba_fee; estimated:search_volume,cpc",estimated_default_costs,Imported from Sorftime; ASIN B0FPWQMRHW; brand Henyopet
category:Replacement Mop Pads,23537025011,Replacement Mop Pads,Home & Kitchen > Cleaning Supplies > Household Cleaning > Cleaning Tools > Mopping > Accessories > Replacement Mop Pads,B0CPBS6Z8H,,"Pure Realm 32 Count Disposable Power mop Refills for Swiffer Power Mop | Multi-Surface and PowerMop Wood , Unscented Powermop Clean Replacement Mopping Pad",Home & Kitchen > Cleaning Supplies > Household Cleaning > Cleaning Tools > Mopping > Accessories > Replacement Mop Pads,US,19.99,5.6,1.6,7.74,0.15,4136.0,1248.0,4.6,0.55,10000,1.0,20.0,50,25.0,20.0,20.0,75,35,65.0,B,"observed:price,sales,reviews,rating,fba_fee; estimated:search_volume,cpc",estimated_default_costs,Imported from Sorftime; ASIN B0CPBS6Z8H; brand Pure Realm
category:Dust Mops,23537023011,Dust Mops,Home & Kitchen > Cleaning Supplies > Household Cleaning > Cleaning Tools > Mopping > Wet & Dry Mops > Dust Mops,B011HY1DYO,,"Swiffer Wet Jet Mop, Floor Cleaner for Mopping Wood, Laminate, Tile in Home, Bathroom, Kitchen, All Purpose Multi-Surface Cleaning Set includes 1 Spray Mop, 5 Pads Refill, 1 Fresh Scent Solution",Home & Kitchen > Cleaning Supplies > Household Cleaning > Cleaning Tools > Mopping > Wet & Dry Mops > Dust Mops,US,23.79,6.66,1.9,11.97,0.15,4143.0,2227.0,4.5,0.55,10000,1.0,20.0,50,25.0,20.0,20.0,75,35,65.0,B,"observed:price,sales,reviews,rating,fba_fee; estimated:search_volume,cpc",estimated_default_costs,Imported from Sorftime; ASIN B011HY1DYO; brand Swiffer
category:Sponge Mops,23537024011,Sponge Mops,Home & Kitchen > Cleaning Supplies > Household Cleaning > Cleaning Tools > Mopping > Wet & Dry Mops > Sponge Mops,B09S3BY7HM,,"Masthome PVA Sponge Mops for Floor Cleaning with 3 Squeeze Mop Heads | Sectional Stainless Steel Handle, Absorbent Roller Mop for Floors,Tile ,Wood,Wall,Ceiling",Home & Kitchen > Cleaning Supplies > Household Cleaning > Cleaning Tools > Mopping > Wet & Dry Mops > Sponge Mops,US,19.99,5.6,1.6,7.73,0.15,485.0,1925.0,3.7,0.55,10000,1.0,20.0,50,25.0,20.0,20.0,75,35,65.0,B,"observed:price,sales,reviews,rating,fba_fee; estimated:search_volume,cpc",estimated_default_costs,Imported from Sorftime; ASIN B09S3BY7HM; brand Masthome
category:String Mops,23537022011,String Mops,Home & Kitchen > Cleaning Supplies > Household Cleaning > Cleaning Tools > Mopping > Wet & Dry Mops > String Mops,B0GT84XZ7T,,Aegishome Self Wringing Twist Mop for Floor Cleaning,Home & Kitchen > Cleaning Supplies > Household Cleaning > Cleaning Tools > Mopping > Wet & Dry Mops > String Mops,US,19.99,5.6,1.6,5.95,0.15,270.0,45.0,4.2,0.55,10000,1.0,20.0,50,25.0,20.0,20.0,75,35,65.0,B,"observed:price,sales,reviews,rating,fba_fee; estimated:search_volume,cpc",estimated_default_costs,Imported from Sorftime; ASIN B0GT84XZ7T; brand AegisHome
category:Angle Brooms,14253831,Angle Brooms,Home & Kitchen > Cleaning Supplies > Household Cleaning > Cleaning Tools > Sweeping > Brooms > Angle Brooms,B0CKZ34SS5,,Yocada Commercial Broom and Dustpan Set with Comb Commercial Outdoor Indoor | for Courtyard Garage Lobby Mall Market Floor Home Kitchen Room Office Pet Hair Rubbish,Home & Kitchen > Cleaning Supplies > Household Cleaning > Cleaning Tools > Sweeping > Brooms > Angle Brooms,US,36.99,10.36,2.96,9.93,0.15,1014.0,348.0,4.5,0.55,10000,1.0,20.0,50,25.0,20.0,20.0,75,35,65.0,B,"observed:price,sales,reviews,rating,fba_fee; estimated:search_volume,cpc",estimated_default_costs,Imported from Sorftime; ASIN B0CKZ34SS5; brand Yocada
category:Hand Brooms,14253841,Hand Brooms,Home & Kitchen > Cleaning Supplies > Household Cleaning > Cleaning Tools > Sweeping > Brooms > Hand Brooms,B0FBGSYCLR,,"Handy Broom 2Pack, Indoor/Outdoor Brooms, Duty Kitchen Broom, for Home Garage Kitchen Office Courtyard Lobby Patio Lawn Concrete (2, Red)",Home & Kitchen > Cleaning Supplies > Household Cleaning > Cleaning Tools > Sweeping > Brooms > Hand Brooms,US,14.99,4.2,1.2,6.22,0.15,3746.0,1029.0,4.0,0.55,10000,1.0,20.0,50,25.0,20.0,20.0,75,35,65.0,B,"observed:price,sales,reviews,rating,fba_fee; estimated:search_volume,cpc",estimated_default_costs,Imported from Sorftime; ASIN B0FBGSYCLR; brand Nodirz
category:Push Brooms,14253851,Push Brooms,Home & Kitchen > Cleaning Supplies > Household Cleaning > Cleaning Tools > Sweeping > Brooms > Push Brooms,B0DLB5LZFP,,"Walensee Carpet Rake, 2-in-1 Nylon Carpet Brush & Pet Hair Rake | 2-in-1 nylon carpet rake with rubber brush for shag and high-pile carpets, rugs, and gathering loose pet hair",Home & Kitchen > Cleaning Supplies > Household Cleaning > Cleaning Tools > Sweeping > Brooms > Push Brooms,US,22.49,6.3,1.8,5.93,0.15,841.0,438.0,4.1,0.55,10000,1.0,20.0,50,25.0,20.0,20.0,75,35,65.0,B,"observed:price,sales,reviews,rating,fba_fee; estimated:search_volume,cpc",estimated_default_costs,Imported from Sorftime; ASIN B0DLB5LZFP; brand Walensee
category:Broom Handles,3278164011,Broom Handles,Home & Kitchen > Cleaning Supplies > Household Cleaning > Cleaning Tools > Sweeping > Parts & Accessories > Broom Handles,B0CQCMQSMQ,,Commercial Products 54-inch Replacement Wood Broom Handle with Threaded Metal Tip and Lacquered for Floor Cleaning Sweeping in Home and Office (Pack of 2),Home & Kitchen > Cleaning Supplies > Household Cleaning > Cleaning Tools > Sweeping > Parts & Accessories > Broom Handles,US,27.98,7.83,2.24,11.08,0.15,255.0,69.0,4.4,0.55,10000,1.0,20.0,50,25.0,20.0,20.0,75,35,65.0,B,"observed:price,sales,reviews,rating,fba_fee; estimated:search_volume,cpc",estimated_default_costs,Imported from Sorftime; ASIN B0CQCMQSMQ; brand ILOT
category:Broom Heads,3278165011,Broom Heads,Home & Kitchen > Cleaning Supplies > Household Cleaning > Cleaning Tools > Sweeping > Parts & Accessories > Broom Heads,B0H7FF1QFX,,"Küchenprofi 4-Pack Replacement Brush Heads for Classic Dish Washing Brush | solid beechwood with agave fiber bristles, compostable and plastic free, fits kitchen sink scrubber, handle sold separately",Home & Kitchen > Cleaning Supplies > Household Cleaning > Cleaning Tools > Sweeping > Parts & Accessories > Broom Heads,US,24.99,7.0,2.0,3.97,0.15,495.0,1124.0,4.6,0.55,10000,1.0,20.0,50,25.0,20.0,20.0,75,35,65.0,B,"observed:price,sales,reviews,rating,fba_fee; estimated:search_volume,cpc",estimated_default_costs,Imported from Sorftime; ASIN B0H7FF1QFX; brand Küchenprofi
category:Dustpans,21588789011,Dustpans,Home & Kitchen > Cleaning Supplies > Household Cleaning > Cleaning Tools > Sweeping > Parts & Accessories > Dustpans,B0DQV1LZM7,,"Primero Basics Standing Dustpan，Upright Commercial dust pan | Pivoting ，Long Handle and Wheels，Large Capacity, Heavy Duty，for Indoor Outdoor, Home and Restaurant Cleaning, Black",Home & Kitchen > Cleaning Supplies > Household Cleaning > Cleaning Tools > Sweeping > Parts & Accessories > Dustpans,US,23.99,6.72,1.92,9.17,0.15,2349.0,297.0,4.4,0.55,10000,1.0,20.0,50,25.0,20.0,20.0,75,35,65.0,B,"observed:price,sales,reviews,rating,fba_fee; estimated:search_volume,cpc",estimated_default_costs,Imported from Sorftime; ASIN B0DQV1LZM7; brand Primero Basics
category:Stringing Machines & Tools,3420031,Stringing Machines & Tools,Sports & Outdoors > Sports > Team Sports > Tennis & Racquet Sports > Tennis > Accessories > Stringing Machines & Tools,B0007R8MAQ,,Gamma Sports Racquet String Tension Tester (Tennis/Squash/Racquetball),Sports & Outdoors > Sports > Team Sports > Tennis & Racquet Sports > Tennis > Accessories > Stringing Machines & Tools,US,19.51,5.46,1.56,3.93,0.15,215.0,425.0,4.1,0.55,10000,1.0,20.0,50,25.0,20.0,20.0,75,35,65.0,B,"observed:price,sales,reviews,rating,fba_fee; estimated:search_volume,cpc",estimated_default_costs,Imported from Sorftime; ASIN B0007R8MAQ; brand GAMMA
category:Kitchen Brushes,203313515011,Kitchen Brushes,Home & Kitchen > Cleaning Supplies > Household Cleaning > Cleaning Tools > Brushes > Kitchen Brushes,B0DLWHGGCS,,DEBETOOL 6-Piece Bamboo Dish Brush Set with Coconut Sponge,Home & Kitchen > Cleaning Supplies > Household Cleaning > Cleaning Tools > Brushes > Kitchen Brushes,US,14.99,4.2,1.2,5.35,0.15,2368.0,512.0,4.5,0.55,10000,1.0,20.0,50,25.0,20.0,20.0,75,35,65.0,B,"observed:price,sales,reviews,rating,fba_fee; estimated:search_volume,cpc",estimated_default_costs,Imported from Sorftime; ASIN B0DLWHGGCS; brand DEBETOOL
category:Toilet Brushes & Holders,85975011,Toilet Brushes & Holders,Home & Kitchen > Cleaning Supplies > Household Cleaning > Cleaning Tools > Brushes > Toilet Brushes & Holders,B0C8HTBHYM,,HAMITOR Toilet Bowl Brush Holder Set: Modern Brown Bathroom Accessories,Home & Kitchen > Cleaning Supplies > Household Cleaning > Cleaning Tools > Brushes > Toilet Brushes & Holders,US,14.99,4.2,1.2,7.21,0.15,4155.0,1653.0,4.4,0.55,10000,1.0,20.0,50,25.0,20.0,20.0,75,35,65.0,B,"observed:price,sales,reviews,rating,fba_fee; estimated:search_volume,cpc",estimated_default_costs,Imported from Sorftime; ASIN B0C8HTBHYM; brand HAMITOR
category:Feather Dusters,2245498011,Feather Dusters,Home & Kitchen > Cleaning Supplies > Household Cleaning > Cleaning Tools > Dusting > Feather Dusters,B0DFGRZC2V,,AIR U+ 6ft Extendable Duster with 20 Refills for Swiffer Dusters,Home & Kitchen > Cleaning Supplies > Household Cleaning > Cleaning Tools > Dusting > Feather Dusters,US,23.99,6.72,1.92,5.2,0.15,4542.0,1093.0,4.1,0.55,10000,1.0,20.0,50,25.0,20.0,20.0,75,35,65.0,B,"observed:price,sales,reviews,rating,fba_fee; estimated:search_volume,cpc",estimated_default_costs,Imported from Sorftime; ASIN B0DFGRZC2V; brand AIR U+
category:Buckets,2245509011,Buckets,Home & Kitchen > Cleaning Supplies > Household Cleaning > Cleaning Tools > Mopping > Buckets,B0F4QZ2RH8,,"Cleaning Caddy with Handle, Cleaning Products Organiser, 17L Foldable Storage Basket, Cleaning Caddy Organiser, Portable Multi Cleaning Bucket Bag for Home, Garden (Black)",Home & Kitchen > Cleaning Supplies > Household Cleaning > Cleaning Tools > Mopping > Buckets,US,19.99,5.6,1.6,6.13,0.15,754.0,262.0,4.6,0.55,10000,1.0,20.0,50,25.0,20.0,20.0,75,35,65.0,B,"observed:price,sales,reviews,rating,fba_fee; estimated:search_volume,cpc",estimated_default_costs,Imported from Sorftime; ASIN B0F4QZ2RH8; brand Bototack
category:Tool Sets,1243386011,Tool Sets,"Home & Kitchen > Heating, Cooling & Air Quality > Parts & Accessories > Stove & Fireplace Accessories > Fireplace Tools > Tool Sets",B0CD759959,,"BRIAN & DANY Mini Ash Bucket with Lid and Shovel, 1.3 Gallon Fireplace Bucket with Broom, Ash Can for Fireplace, Ashes, Fire Pit, Wood Burning Stove","Home & Kitchen > Heating, Cooling & Air Quality > Parts & Accessories > Stove & Fireplace Accessories > Fireplace Tools > Tool Sets",US,26.99,7.56,2.16,8.69,0.15,398.0,1020.0,4.5,0.55,10000,1.0,20.0,50,25.0,20.0,20.0,75,35,65.0,B,"observed:price,sales,reviews,rating,fba_fee; estimated:search_volume,cpc",estimated_default_costs,Imported from Sorftime; ASIN B0CD759959; brand BRIAN & DANY
category:Bread Proofing Baskets,16188240011,Bread Proofing Baskets,Home & Kitchen > Kitchen & Dining > Kitchen Utensils & Gadgets > Baking Tools & Accessories > Baking & Pastry Utensils > Bread Proofing Baskets,B0CXSGQKF6,,Dimpola Banneton Bread Proofing Basket - 9 inch Banneton Basket Set of 2 Sourdough Proofing Basket Round Proofing Bowls Handmade Rattan Baskets and Liners,Home & Kitchen > Kitchen & Dining > Kitchen Utensils & Gadgets > Baking Tools & Accessories > Baking & Pastry Utensils > Bread Proofing Baskets,US,21.59,6.05,1.73,7.2,0.15,4775.0,1849.0,4.6,0.55,10000,1.0,20.0,50,25.0,20.0,20.0,75,35,65.0,B,"observed:price,sales,reviews,rating,fba_fee; estimated:search_volume,cpc",estimated_default_costs,Imported from Sorftime; ASIN B0CXSGQKF6; brand Dimpola
category:Dough Blenders,678524011,Dough Blenders,Home & Kitchen > Kitchen & Dining > Kitchen Utensils & Gadgets > Baking Tools & Accessories > Baking & Pastry Utensils > Dough Blenders,B0FNS4L2TG,,NexTrend red 5-in-1 flexible dough and bowl scraper with stainless-steel edge and integrated ruler,Home & Kitchen > Kitchen & Dining > Kitchen Utensils & Gadgets > Baking Tools & Accessories > Baking & Pastry Utensils > Dough Blenders,US,15.9,4.45,1.27,3.34,0.15,250.0,126.0,4.5,0.55,10000,1.0,20.0,50,25.0,20.0,20.0,75,35,65.0,B,"observed:price,sales,reviews,rating,fba_fee; estimated:search_volume,cpc",estimated_default_costs,Imported from Sorftime; ASIN B0FNS4L2TG; brand NexTrend
category:Pastry Brushes,678525011,Pastry Brushes,Home & Kitchen > Kitchen & Dining > Kitchen Utensils & Gadgets > Baking Tools & Accessories > Baking & Pastry Utensils > Pastry Brushes,B0F38TQBSD,,"OTOTO Spatula and Pastry Brush - Silicone Heat Resistant and Basting Brush, Cooking and Baking Spatula, Spooky Witchy Gifts, Gothic Kitchen Halloween Gifts, Unique Kitchen Gadgets (Witchin)",Home & Kitchen > Kitchen & Dining > Kitchen Utensils & Gadgets > Baking Tools & Accessories > Baking & Pastry Utensils > Pastry Brushes,US,19.95,5.59,1.6,4.19,0.15,2014.0,13.0,4.5,0.55,10000,1.0,70,50,25.0,20.0,20.0,75,35,65.0,B,"observed:price,sales,reviews,rating,fba_fee; estimated:search_volume,cpc",estimated_default_costs,Imported from Sorftime; ASIN B0F38TQBSD; brand OTOTO
category:Bottle Openers,3109475011,Bottle Openers,Home & Kitchen > Kitchen & Dining > Kitchen Utensils & Gadgets > Bar & Wine Tools > Corkscrews & Openers > Bottle Openers,B09ZKVP14F,,"KITCHENDAO Magnetic Beer Bottle Opener for Refrigerator, Twist-off/Pry-off Opener, Pop-can Opener, Heavy Duty Steel Die-Cast Construction with Magnets, Stick to Fridge for Easy Storage, Gift for Men",Home & Kitchen > Kitchen & Dining > Kitchen Utensils & Gadgets > Bar & Wine Tools > Corkscrews & Openers > Bottle Openers,US,14.99,4.2,1.2,3.44,0.15,592.0,600.0,4.6,0.55,10000,1.0,20.0,50,25.0,20.0,20.0,75,35,65.0,B,"observed:price,sales,reviews,rating,fba_fee; estimated:search_volume,cpc",estimated_default_costs,Imported from Sorftime; ASIN B09ZKVP14F; brand KITCHENDAO
category:Screwpull Levers,13825981,Screwpull Levers,Home & Kitchen > Kitchen & Dining > Kitchen Utensils & Gadgets > Bar & Wine Tools > Corkscrews & Openers > Screwpull Levers,B08MJ7FMV1,,Forge Quality Compact Vertical Lever Corkscrew Wine Opener with Foil Cutter. 3 Seconds to Open a Bottle of Wine. Metallic Bronze,Home & Kitchen > Kitchen & Dining > Kitchen Utensils & Gadgets > Bar & Wine Tools > Corkscrews & Openers > Screwpull Levers,US,27.95,7.83,2.24,4.87,0.15,2473.0,421.0,4.4,0.55,10000,1.0,20.0,50,25.0,20.0,20.0,75,35,65.0,B,"observed:price,sales,reviews,rating,fba_fee; estimated:search_volume,cpc",estimated_default_costs,Imported from Sorftime; ASIN B08MJ7FMV1; brand Forge
category:Waiter Corkscrews,13826001,Waiter Corkscrews,Home & Kitchen > Kitchen & Dining > Kitchen Utensils & Gadgets > Bar & Wine Tools > Corkscrews & Openers > Waiter Corkscrews,B0C7TLXMS5,,"Professional Waiter Corkscrew Wine Key for Bartenders Set of 3,With Long Rosewood Handle Stainless Steel Handle Wine Opener for Bar Restaurant Waiters, Sommelier, Bartend (Rose Wood 3 Packs)",Home & Kitchen > Kitchen & Dining > Kitchen Utensils & Gadgets > Bar & Wine Tools > Corkscrews & Openers > Waiter Corkscrews,US,21.59,6.05,1.73,3.75,0.15,933.0,1003.0,4.6,0.55,10000,1.0,20.0,50,25.0,20.0,20.0,75,35,65.0,B,"observed:price,sales,reviews,rating,fba_fee; estimated:search_volume,cpc",estimated_default_costs,Imported from Sorftime; ASIN B0C7TLXMS5; brand Kit-Home
category:Wing Corkscrews,13826011,Wing Corkscrews,Home & Kitchen > Kitchen & Dining > Kitchen Utensils & Gadgets > Bar & Wine Tools > Corkscrews & Openers > Wing Corkscrews,B074V7FG49,,"OXO Steel Winged Corkscrew with Removable Foil Cutter | Wine Opener with Arms, Ergonomic Wings, Non-Stick Screw, Open Wine Bottles, Easy to Open, Barware",Home & Kitchen > Kitchen & Dining > Kitchen Utensils & Gadgets > Bar & Wine Tools > Corkscrews & Openers > Wing Corkscrews,US,29.9,8.37,2.39,4.88,0.15,795.0,1883.0,4.3,0.55,10000,1.0,20.0,50,25.0,20.0,20.0,75,35,65.0,B,"observed:price,sales,reviews,rating,fba_fee; estimated:search_volume,cpc",estimated_default_costs,Imported from Sorftime; ASIN B074V7FG49; brand OXO
category:Wine Stoppers,678499011,Wine Stoppers,Home & Kitchen > Kitchen & Dining > Kitchen Utensils & Gadgets > Bar & Wine Tools > Wine Stoppers & Pourers > Wine Stoppers,B0CNR8JB3C,,"10 Pcs Wine Bottle Stopper Set Kit, Resin Wine Bottle Stoppers Molds Set Accessories, Wine Stopper for Silicone Molds Epoxy Resin (Metal Gold)",Home & Kitchen > Kitchen & Dining > Kitchen Utensils & Gadgets > Bar & Wine Tools > Wine Stoppers & Pourers > Wine Stoppers,US,12.99,3.64,1.04,4.17,0.15,964.0,57.0,4.5,0.55,10000,1.0,20.0,50,25.0,20.0,20.0,75,35,65.0,B,"observed:price,sales,reviews,rating,fba_fee; estimated:search_volume,cpc",estimated_default_costs,Imported from Sorftime; ASIN B0CNR8JB3C; brand Jiofaviu
category:Electric Fondue Pots,17384862011,Electric Fondue Pots,Home & Kitchen > Kitchen & Dining > Kitchen Utensils & Gadgets > Cheese Tools > Fondue > Electric Fondue Pots,B0FJDZP6S7,,"LUSHYUM Electric Chocolate Melting Pot with 2 Insert Pots, 4-Cup Chocolate",Home & Kitchen > Kitchen & Dining > Kitchen Utensils & Gadgets > Cheese Tools > Fondue > Electric Fondue Pots,US,39.99,11.2,3.2,7.2,0.15,1129.0,661.0,4.5,0.55,10000,1.0,20.0,50,25.0,20.0,20.0,75,35,65.0,B,"observed:price,sales,reviews,rating,fba_fee; estimated:search_volume,cpc",estimated_default_costs,Imported from Sorftime; ASIN B0FJDZP6S7; brand LUSHYUM
category:Pots & Sets,17384864011,Pots & Sets,Home & Kitchen > Kitchen & Dining > Kitchen Utensils & Gadgets > Cheese Tools > Fondue > Pots & Sets,B0CY6NR727,,"Nostalgia Electric Fondue Party Set – 10 oz Melting Pot, 4 Roasting Forks, & Detachable Serving Tray – Melted Cheese, Chocolate, or Dessert – Perfect for Gifts, Parties, Date Night – Stainless Steel",Home & Kitchen > Kitchen & Dining > Kitchen Utensils & Gadgets > Cheese Tools > Fondue > Pots & Sets,US,29.99,8.4,2.4,7.84,0.15,572.0,946.0,4.4,0.55,10000,1.0,20.0,50,25.0,20.0,20.0,75,35,65.0,B,"observed:price,sales,reviews,rating,fba_fee; estimated:search_volume,cpc",estimated_default_costs,Imported from Sorftime; ASIN B0CY6NR727; brand Nostalgia
category:Corers,678502011,Corers,Home & Kitchen > Kitchen & Dining > Kitchen Utensils & Gadgets > Fruit & Vegetable Tools > Corers & Pitters > Corers,B0D1Y4B8DQ,,"5.5 Inch Extra Large 16-Slice Apple Corer, Heavy Duty Divider Wedger Cutter",Home & Kitchen > Kitchen & Dining > Kitchen Utensils & Gadgets > Fruit & Vegetable Tools > Corers & Pitters > Corers,US,17.99,5.04,1.44,4.9,0.15,887.0,579.0,4.5,0.55,10000,1.0,20.0,50,25.0,20.0,20.0,75,35,65.0,B,"observed:price,sales,reviews,rating,fba_fee; estimated:search_volume,cpc",estimated_default_costs,Imported from Sorftime; ASIN B0D1Y4B8DQ; brand LIIGEMI
category:Pitters,678503011,Pitters,Home & Kitchen > Kitchen & Dining > Kitchen Utensils & Gadgets > Fruit & Vegetable Tools > Corers & Pitters > Pitters,B0G2YS569P,,Cherry Pitter - Makmzoon Multi Cherries Corer Stainless Steel Pitter Tool Making Cherry Jam - 7 Cherries,Home & Kitchen > Kitchen & Dining > Kitchen Utensils & Gadgets > Fruit & Vegetable Tools > Corers & Pitters > Pitters,US,12.99,3.64,1.04,4.47,0.15,3564.0,522.0,4.2,0.55,10000,1.0,20.0,50,25.0,20.0,20.0,75,35,65.0,B,"observed:price,sales,reviews,rating,fba_fee; estimated:search_volume,cpc",estimated_default_costs,Imported from Sorftime; ASIN B0G2YS569P; brand Makmzoon
category:Potato Mashers,678504011,Potato Mashers,Home & Kitchen > Kitchen & Dining > Kitchen Utensils & Gadgets > Fruit & Vegetable Tools > Potato Mashers & Ricers > Potato Mashers,B07YZ7Q7VG,,"LHS Stainless Steel Potato Ricer and Masher, Heavy Duty Commercial Food Masher, Ergonomic Comfort Grip, Extra Large Capacity, Dishwasher Safe (Black)",Home & Kitchen > Kitchen & Dining > Kitchen Utensils & Gadgets > Fruit & Vegetable Tools > Potato Mashers & Ricers > Potato Mashers,US,19.99,5.6,1.6,6.37,0.15,1043.0,2219.0,4.5,0.55,10000,1.0,20.0,50,25.0,20.0,20.0,75,35,65.0,B,"observed:price,sales,reviews,rating,fba_fee; estimated:search_volume,cpc",estimated_default_costs,Imported from Sorftime; ASIN B07YZ7Q7VG; brand LHS
category:Potato Ricers,678505011,Potato Ricers,Home & Kitchen > Kitchen & Dining > Kitchen Utensils & Gadgets > Fruit & Vegetable Tools > Potato Mashers & Ricers > Potato Ricers,B0D5D2DPP7,,"LHS Stainless Steel Potato Ricer and Masher, Heavy Duty Commercial Food Masher, Ergonomic Comfort Grip, Extra Large Capacity, Dishwasher Safe (Orange)",Home & Kitchen > Kitchen & Dining > Kitchen Utensils & Gadgets > Fruit & Vegetable Tools > Potato Mashers & Ricers > Potato Ricers,US,19.99,5.6,1.6,6.37,0.15,1043.0,2219.0,4.5,0.55,10000,1.0,20.0,50,25.0,20.0,20.0,75,35,65.0,B,"observed:price,sales,reviews,rating,fba_fee; estimated:search_volume,cpc",estimated_default_costs,Imported from Sorftime; ASIN B0D5D2DPP7; brand LHS
category:Digital Scales,678508011,Digital Scales,Home & Kitchen > Kitchen & Dining > Kitchen Utensils & Gadgets > Measuring Tools & Scales > Kitchen Scales > Digital Scales,B09B4CB7C1,,"Greater Goods Coffee Scale with Timer, 0.1g Precision for Espresso & Matcha",Home & Kitchen > Kitchen & Dining > Kitchen Utensils & Gadgets > Measuring Tools & Scales > Kitchen Scales > Digital Scales,US,29.99,8.4,2.4,4.87,0.15,2489.0,2451.0,4.4,0.55,10000,1.0,20.0,50,25.0,20.0,20.0,75,35,65.0,B,"observed:price,sales,reviews,rating,fba_fee; estimated:search_volume,cpc",estimated_default_costs,Imported from Sorftime; ASIN B09B4CB7C1; brand Greater Goods
category:Mechanical Scales,678509011,Mechanical Scales,Home & Kitchen > Kitchen & Dining > Kitchen Utensils & Gadgets > Measuring Tools & Scales > Kitchen Scales > Mechanical Scales,B00009WE4A,,"Taylor Analog Kitchen Scale Mechanical Food Scale, 22 lb Capacity, Multicolor",Home & Kitchen > Kitchen & Dining > Kitchen Utensils & Gadgets > Measuring Tools & Scales > Kitchen Scales > Mechanical Scales,US,24.96,6.99,2.0,6.58,0.15,481.0,1467.0,4.2,0.55,10000,1.0,20.0,50,25.0,20.0,20.0,75,35,65.0,B,"observed:price,sales,reviews,rating,fba_fee; estimated:search_volume,cpc",estimated_default_costs,Imported from Sorftime; ASIN B00009WE4A; brand Taylor
category:Manual Pasta Makers,17548249011,Manual Pasta Makers,Home & Kitchen > Kitchen & Dining > Kitchen Utensils & Gadgets > Pasta & Pizza Tools > Pasta Makers & Accessories > Manual Pasta Makers,B0DLPM91S1,,"Sur La Table Kitchen Essential Va Bene Manual Pasta Maker Machine Noodle Maker w/Rollers & Cutters - Spaghetti, Fettuccini, Lasagna or Dumpling Skin - Stainless Steel/Juniper Green",Home & Kitchen > Kitchen & Dining > Kitchen Utensils & Gadgets > Pasta & Pizza Tools > Pasta Makers & Accessories > Manual Pasta Makers,US,39.99,11.2,3.2,8.3,0.15,580.0,288.0,4.4,0.55,10000,1.0,20.0,50,25.0,20.0,20.0,75,35,65.0,B,"observed:price,sales,reviews,rating,fba_fee; estimated:search_volume,cpc",estimated_default_costs,Imported from Sorftime; ASIN B0DLPM91S1; brand Sur La Table
category:Cheese Slicers,289760,Cheese Slicers,"Home & Kitchen > Kitchen & Dining > Kitchen Utensils & Gadgets > Peeling, Grating & Slicing Tools > Mandolines & Slicers > Cheese Slicers",B0CSFKH2GQ,,"KITCHENDAO Replaceable Wire Cheese Slicer with Board and Measuring Grids,Tightness Adjustable Cheese Slicer, Stainless Steel Metal Cheese Cutter for Block Cheese, Dishwasher Safe, with 2 Extra Wires","Home & Kitchen > Kitchen & Dining > Kitchen Utensils & Gadgets > Peeling, Grating & Slicing Tools > Mandolines & Slicers > Cheese Slicers",US,25.99,7.28,2.08,5.73,0.15,1331.0,1186.0,4.6,0.55,10000,1.0,20.0,50,25.0,20.0,20.0,75,35,65.0,B,"observed:price,sales,reviews,rating,fba_fee; estimated:search_volume,cpc",estimated_default_costs,Imported from Sorftime; ASIN B0CSFKH2GQ; brand KITCHENDAO
category:Egg Slicers,17548242011,Egg Slicers,"Home & Kitchen > Kitchen & Dining > Kitchen Utensils & Gadgets > Peeling, Grating & Slicing Tools > Mandolines & Slicers > Egg Slicers",B0GWJ9MJZM,,"PowCube Egg Cracker, Silicone Egg Shell Opener, Cute Egg Shaped Design, Opens Eggs with Ease, A Little Happiness Boost for Your Kitchen (1, Red)","Home & Kitchen > Kitchen & Dining > Kitchen Utensils & Gadgets > Peeling, Grating & Slicing Tools > Mandolines & Slicers > Egg Slicers",US,15.99,4.48,1.28,3.93,0.15,735.0,48.0,3.7,0.55,10000,1.0,20.0,50,25.0,20.0,20.0,75,35,65.0,B,"observed:price,sales,reviews,rating,fba_fee; estimated:search_volume,cpc",estimated_default_costs,Imported from Sorftime; ASIN B0GWJ9MJZM; brand PowCube
category:Mandolines,23616035011,Mandolines,"Home & Kitchen > Kitchen & Dining > Kitchen Utensils & Gadgets > Peeling, Grating & Slicing Tools > Mandolines & Slicers > Mandolines",B0D8764385,,"Ourokhome Mandolin Slicer for Kitchen Food, Hand Safe Vegetable Shredder with 6 Mandoline Blades, Veggie Waffle Cutter for Potato, Carrot, Zucchini, Onion, Essential Kitchen Gadgets (6 in 1, Gray)","Home & Kitchen > Kitchen & Dining > Kitchen Utensils & Gadgets > Peeling, Grating & Slicing Tools > Mandolines & Slicers > Mandolines",US,20.99,5.88,1.68,5.95,0.15,3024.0,1740.0,4.4,0.55,10000,1.0,20.0,50,25.0,20.0,20.0,75,35,65.0,B,"observed:price,sales,reviews,rating,fba_fee; estimated:search_volume,cpc",estimated_default_costs,Imported from Sorftime; ASIN B0D8764385; brand Ourokhome
category:Choppers,678514011,Choppers,Home & Kitchen > Kitchen & Dining > Kitchen Utensils & Gadgets > Seasoning & Spice Tools > Choppers & Mincers > Choppers,B0CF8KZVVV,,"Food Chopper, Handheld Veggie Chopper for Vegetable, Onion, Garlic, Nut, Hand Vegetable Cutter, Dishwasher-safe, Stainless Steel Blade, White.",Home & Kitchen > Kitchen & Dining > Kitchen Utensils & Gadgets > Seasoning & Spice Tools > Choppers & Mincers > Choppers,US,23.99,6.72,1.92,5.36,0.15,871.0,988.0,4.2,0.55,10000,1.0,20.0,50,25.0,20.0,20.0,75,35,65.0,B,"observed:price,sales,reviews,rating,fba_fee; estimated:search_volume,cpc",estimated_default_costs,Imported from Sorftime; ASIN B0CF8KZVVV; brand Semcide
category:Garlic Peelers,678517011,Garlic Peelers,Home & Kitchen > Kitchen & Dining > Kitchen Utensils & Gadgets > Seasoning & Spice Tools > Garlic Tools > Garlic Peelers,B0DG3SL8ZN,,"GORILLA GRIP Garlic Peeler and Press Set, Heavy Duty Mincer, Black | Large Chamber for Cloves, Soft Comfortable Handle, Easily Mince and Crush Garlics, Nuts, Seeds, Ginger, Home Kitchen Gadgets",Home & Kitchen > Kitchen & Dining > Kitchen Utensils & Gadgets > Seasoning & Spice Tools > Garlic Tools > Garlic Peelers,US,14.89,4.17,1.19,4.36,0.15,4828.0,1562.0,4.6,0.55,10000,1.0,20.0,50,25.0,20.0,20.0,75,35,65.0,B,"observed:price,sales,reviews,rating,fba_fee; estimated:search_volume,cpc",estimated_default_costs,Imported from Sorftime; ASIN B0DG3SL8ZN; brand GORILLA GRIP
category:Garlic Roasters,678519011,Garlic Roasters,Home & Kitchen > Kitchen & Dining > Kitchen Utensils & Gadgets > Seasoning & Spice Tools > Garlic Tools > Garlic Roasters,B0D792WT3K,,"IPROUDER Cast Iron Garlic Roaster with Handle, Smoker Roaster, Garlic Cooker, Garlic Baker, Garlic Roasting Pot, Potato Baker, Mini Cocotte, Used in the Kitchen Oven or Outdoors on a BBQ Grill Stove",Home & Kitchen > Kitchen & Dining > Kitchen Utensils & Gadgets > Seasoning & Spice Tools > Garlic Tools > Garlic Roasters,US,24.99,7.0,2.0,8.05,0.15,219.0,180.0,4.3,0.55,10000,1.0,20.0,50,25.0,20.0,20.0,75,35,65.0,B,"observed:price,sales,reviews,rating,fba_fee; estimated:search_volume,cpc",estimated_default_costs,Imported from Sorftime; ASIN B0D792WT3K; brand IPROUDER
category:Index Card Storage,12900921,Index Card Storage,Office Products > Office Supplies > Education & Crafts > Filing Products > Index Card Filing > Index Card Storage,B0DGQCB7NQ,,"H4D Index Card Holder 3x5, Index Card Box Organizer, 3 Pack, Pastel Colors",Office Products > Office Supplies > Education & Crafts > Filing Products > Index Card Filing > Index Card Storage,US,12.99,3.64,1.04,5.77,0.15,2300.0,921.0,4.6,0.55,10000,1.0,20.0,50,25.0,20.0,20.0,75,35,65.0,B,"observed:price,sales,reviews,rating,fba_fee; estimated:search_volume,cpc",estimated_default_costs,Imported from Sorftime; ASIN B0DGQCB7NQ; brand H4D
category:Outdoor Hanging Brackets,21208375011,Outdoor Hanging Brackets,"Patio, Lawn & Garden > Gardening > Pots, Planters & Container Accessories > Plant Container Accessories > Hooks & Hangers > Outdoor Hanging Brackets",B0BVLTB21J,,"FEED GARDEN 2 Pack 14 Inch Deck Hook, Deck Bird Feeder Hanger, Applicable Deck Thickness 1 Inch-3 Inch","Patio, Lawn & Garden > Gardening > Pots, Planters & Container Accessories > Plant Container Accessories > Hooks & Hangers > Outdoor Hanging Brackets",US,24.99,7.0,2.0,7.64,0.15,1885.0,2026.0,4.5,0.55,10000,1.0,20.0,50,25.0,20.0,20.0,75,35,65.0,B,"observed:price,sales,reviews,rating,fba_fee; estimated:search_volume,cpc",estimated_default_costs,Imported from Sorftime; ASIN B0BVLTB21J; brand FEED GARDEN
category:Outdoor Shepherd‘s Hooks,21208376011,Outdoor Shepherd‘s Hooks,"Patio, Lawn & Garden > Gardening > Pots, Planters & Container Accessories > Plant Container Accessories > Hooks & Hangers > Outdoor Shepherd‘s Hooks",B0DR889TDZ,,"Double Shepherds Hooks for Outdoor, Heavy Duty Bird Feeder Pole with 5-Prong Base - Rust-Proof, Adjustable Bird Feeder Hanger for Garden, Wedding Decor & Hanging Plants","Patio, Lawn & Garden > Gardening > Pots, Planters & Container Accessories > Plant Container Accessories > Hooks & Hangers > Outdoor Shepherd‘s Hooks",US,19.99,5.6,1.6,8.11,0.15,500.0,1006.0,4.3,0.55,10000,1.0,20.0,50,25.0,20.0,20.0,75,35,65.0,B,"observed:price,sales,reviews,rating,fba_fee; estimated:search_volume,cpc",estimated_default_costs,Imported from Sorftime; ASIN B0DR889TDZ; brand Surprizo
category:Empty Fuel Bottles,3401031,Empty Fuel Bottles,Sports & Outdoors > Outdoor Recreation > Camping & Hiking > Camp Kitchen > Stove Accessories > Empty Fuel Bottles,B0CVQXZ7GK,,Mr. Heater Fuel Keg. - 1 lb. / 16 oz. Empty Refillable Propane Tank,Sports & Outdoors > Outdoor Recreation > Camping & Hiking > Camp Kitchen > Stove Accessories > Empty Fuel Bottles,US,18.98,5.31,1.52,6.15,0.15,1137.0,2226.0,4.4,0.55,10000,1.0,20.0,50,25.0,20.0,20.0,75,35,65.0,B,"observed:price,sales,reviews,rating,fba_fee; estimated:search_volume,cpc",estimated_default_costs,Imported from Sorftime; ASIN B0CVQXZ7GK; brand Mr. Heater
category:Fire Starters,2204647011,Fire Starters,Sports & Outdoors > Outdoor Recreation > Camping & Hiking > Camp Kitchen > Stove Accessories > Fire Starters,B0015QUCPG,,Party Favors Plus 50 Plain White Cover Wooden Matches Box Matches,Sports & Outdoors > Outdoor Recreation > Camping & Hiking > Camp Kitchen > Stove Accessories > Fire Starters,US,19.99,5.6,1.6,3.6,0.15,891.0,1448.0,4.6,0.55,10000,1.0,20.0,50,25.0,20.0,20.0,65,20,53.8,C,"observed:price,sales,reviews,rating; estimated:fba_fee,search_volume,cpc",estimated_default_costs,Imported from Sorftime; ASIN B0015QUCPG; brand Party Favors Plus
category:Replacement Fuel,3400961,Replacement Fuel,Sports & Outdoors > Outdoor Recreation > Camping & Hiking > Camp Kitchen > Stove Accessories > Replacement Fuel,B07DVTCQ22,,"Worthington 310805 16.4 Oz. Propane Cylinder, Disposable",Sports & Outdoors > Outdoor Recreation > Camping & Hiking > Camp Kitchen > Stove Accessories > Replacement Fuel,US,17.99,5.04,1.44,3.5,0.15,437.0,302.0,4.6,0.55,10000,1.0,20.0,50,25.0,20.0,20.0,65,20,53.8,C,"observed:price,sales,reviews,rating; estimated:fba_fee,search_volume,cpc",estimated_default_costs,Imported from Sorftime; ASIN B07DVTCQ22; brand WORTHINGTON
category:Backpacking Stoves,19450135011,Backpacking Stoves,Sports & Outdoors > Outdoor Recreation > Camping & Hiking > Camp Kitchen > Stoves & Grills > Backpacking Stoves,B007DBD3IU,,Solo Stove Lite - Portable Camping Hiking and Survival Stove | Powerful Efficient Wood Burning and Low Smoke | Gassification Rocket Stove for Quick Boil | Compact 4.2 Inches and Lightweight 9 Ounces,Sports & Outdoors > Outdoor Recreation > Camping & Hiking > Camp Kitchen > Stoves & Grills > Backpacking Stoves,US,29.99,8.4,2.4,5.4,0.15,477.0,1495.0,4.6,0.55,10000,1.0,20.0,50,25.0,20.0,20.0,65,20,53.8,C,"observed:price,sales,reviews,rating; estimated:fba_fee,search_volume,cpc",estimated_default_costs,Imported from Sorftime; ASIN B007DBD3IU; brand Solo Stove
category:Storage,3397571,Storage,Sports & Outdoors > Sports > Boating & Sailing > Boating > Boat Cabin Products > Storage,B0DPG49CZT,,"ProSSS 2PC Boat 10“*7“ Self-Adhesive Storage Mesh Bag,Marine Organizer for Tools & Boat Accessories,Waterproof Strong Adhesive Backing, Easy to Install & Remove,Keep Your Boat Tidy and Items Secure",Sports & Outdoors > Sports > Boating & Sailing > Boating > Boat Cabin Products > Storage,US,16.99,4.76,1.36,3.5,0.15,1763.0,289.0,4.5,0.55,10000,1.0,20.0,50,25.0,20.0,20.0,65,20,53.8,C,"observed:price,sales,reviews,rating; estimated:fba_fee,search_volume,cpc",estimated_default_costs,Imported from Sorftime; ASIN B0DPG49CZT; brand ProSSS
category:Cleaning Tools,3398891,Cleaning Tools,Sports & Outdoors > Sports > Boating & Sailing > Boating > Maintenance Supplies > Cleaning Tools,B0000AY4SE,,"STAR BRITE 8-Inch Medium Bristle Wash Brush for Boat, RV & Auto",Sports & Outdoors > Sports > Boating & Sailing > Boating > Maintenance Supplies > Cleaning Tools,US,23.59,6.61,1.89,4.25,0.15,578.0,579.0,4.6,0.55,10000,1.0,20.0,50,25.0,20.0,20.0,65,20,53.8,C,"observed:price,sales,reviews,rating; estimated:fba_fee,search_volume,cpc",estimated_default_costs,Imported from Sorftime; ASIN B0000AY4SE; brand STAR BRITE
category:Tools,3398991,Tools,Sports & Outdoors > Sports > Boating & Sailing > Boating > Maintenance Supplies > Tools,B07W6XFLT5,,"Zipper Wax Zip Lube, Marine Grade Zipper Lubricant Stick and Tool for Boat | Canvas, Bimini Snaps, Metal Zippers, Jackets, Coolers, Vinyl Panels, Wetsuits, Drysuits, No Oil Mess",Sports & Outdoors > Sports > Boating & Sailing > Boating > Maintenance Supplies > Tools,US,13.99,3.92,1.12,3.93,0.15,731.0,1210.0,4.6,0.55,10000,1.0,20.0,50,25.0,20.0,20.0,75,35,65.0,B,"observed:price,sales,reviews,rating,fba_fee; estimated:search_volume,cpc",estimated_default_costs,Imported from Sorftime; ASIN B07W6XFLT5; brand Better Boat
category:Spoke Tools,10208099011,Spoke Tools,Sports & Outdoors > Sports > Cycling > Wheels & Accessories > Spokes & Parts > Spoke Tools,B0FGCNDBYJ,,"Pawfly Bike Spoke Wrench Tool Kit with Tire Levers, Rim Truing Repair Set | Professional Bike Wheel Rim Correct & Spoke Adjustment Repair Kit for Bicycles",Sports & Outdoors > Sports > Cycling > Wheels & Accessories > Spokes & Parts > Spoke Tools,US,12.99,3.64,1.04,3.26,0.15,767.0,118.0,4.6,0.55,10000,1.0,20.0,50,25.0,20.0,20.0,75,35,65.0,B,"observed:price,sales,reviews,rating,fba_fee; estimated:search_volume,cpc",estimated_default_costs,Imported from Sorftime; ASIN B0FGCNDBYJ; brand Pawfly
category:Tools,3416231,Tools,"Sports & Outdoors > Sports > Skates, Skateboards & Scooters > Skateboarding > Accessories > Tools",B09MSJQRFR,,"Kami-So Roller Skate Bearing Tool | Precision Bearings Removal Tool | Roller Skate, Scooter Accessories | Compact Portable Design | Universal Fit, Durable, Lightweight, Easy-to-Use Kit | Purple Logo","Sports & Outdoors > Sports > Skates, Skateboards & Scooters > Skateboarding > Accessories > Tools",US,12.99,3.64,1.04,3.92,0.15,207.0,137.0,4.5,0.55,10000,1.0,20.0,50,25.0,20.0,20.0,75,35,65.0,B,"observed:price,sales,reviews,rating,fba_fee; estimated:search_volume,cpc",estimated_default_costs,Imported from Sorftime; ASIN B09MSJQRFR; brand Kami-So
category:Ball Storage,12118748011,Ball Storage,Sports & Outdoors > Sports > Team Sports > Basketball > Accessories > Ball Storage,B0D5VDLN77,,"URMMIY Garage Ball Storage Rack for Basketball & Soccer, Metal Wall-Mount | Durable wall-mounted ball organizer stores basketballs, soccer balls and more in garages, gyms, playrooms and basements",Sports & Outdoors > Sports > Team Sports > Basketball > Accessories > Ball Storage,US,26.99,7.56,2.16,8.21,0.15,918.0,239.0,4.4,0.55,10000,1.0,20.0,50,25.0,20.0,20.0,75,35,65.0,B,"observed:price,sales,reviews,rating,fba_fee; estimated:search_volume,cpc",estimated_default_costs,Imported from Sorftime; ASIN B0D5VDLN77; brand URMMIY
category:Indoor Paddleboard Storage,10208160011,Indoor Paddleboard Storage,Sports & Outdoors > Sports > Water Sports > Surfing > Stand-Up Paddleboarding > Indoor Paddleboard Storage,B09XQRBR2P,,"GEEDAR Heavy Duty Garage Storage Hooks -120 LB Capacity, 4packs, 15“ Wall Mounted Rack for Hanging Kayak, Paddle Board, Ladders, Bikes Enforced Kayak Storage Hanger",Sports & Outdoors > Sports > Water Sports > Surfing > Stand-Up Paddleboarding > Indoor Paddleboard Storage,US,27.99,7.84,2.24,8.12,0.15,264.0,1805.0,4.6,0.55,10000,1.0,20.0,50,25.0,20.0,20.0,75,35,65.0,B,"observed:price,sales,reviews,rating,fba_fee; estimated:search_volume,cpc",estimated_default_costs,Imported from Sorftime; ASIN B09XQRBR2P; brand GEEDAR
category:Toilet Assistance Cushions,8624797011,Toilet Assistance Cushions,Tools & Home Improvement > Kitchen & Bath Fixtures > Bathroom Fixtures > Bathroom Safety & Accessibility > Toilets & Toilet Aids > Toilet Assistance Cushions,B0F17PFW6G,,"Padded Toilet Seat Cushion with 2-Inch High-Density Foam & Waterproof PU Fabric, U-Shape Padded Toilet Cushion - Secure Hook & Loop Tape, Fits Standard Toilets (Grey)",Tools & Home Improvement > Kitchen & Bath Fixtures > Bathroom Fixtures > Bathroom Safety & Accessibility > Toilets & Toilet Aids > Toilet Assistance Cushions,US,29.99,8.4,2.4,8.02,0.15,428.0,147.0,4.1,0.55,10000,1.0,20.0,50,25.0,20.0,20.0,75,35,65.0,B,"observed:price,sales,reviews,rating,fba_fee; estimated:search_volume,cpc",estimated_default_costs,Imported from Sorftime; ASIN B0F17PFW6G; brand DOMSCIEN
category:Toilet Assistance Steps,8624798011,Toilet Assistance Steps,Tools & Home Improvement > Kitchen & Bath Fixtures > Bathroom Fixtures > Bathroom Safety & Accessibility > Toilets & Toilet Aids > Toilet Assistance Steps,B0CMLC665P,,"ROMGUAR CRAFT 7 Inch Bamboo Toilet Stool, Foldable Poop Stool, Bathroom Step Stool Squat (Black)",Tools & Home Improvement > Kitchen & Bath Fixtures > Bathroom Fixtures > Bathroom Safety & Accessibility > Toilets & Toilet Aids > Toilet Assistance Steps,US,21.84,6.12,1.75,8.06,0.15,4074.0,1275.0,4.6,0.55,10000,1.0,20.0,50,25.0,20.0,20.0,75,35,65.0,B,"observed:price,sales,reviews,rating,fba_fee; estimated:search_volume,cpc",estimated_default_costs,Imported from Sorftime; ASIN B0CMLC665P; brand ROMGUAR CRAFT
category:Toilet Safety Frames & Rails,3775391,Toilet Safety Frames & Rails,Tools & Home Improvement > Kitchen & Bath Fixtures > Bathroom Fixtures > Bathroom Safety & Accessibility > Toilets & Toilet Aids > Toilet Safety Frames & Rails,B0C8P6DFV8,,"PELEGON Toilet Safety Rails (350 lb) - Adjustable Toilet Safety Frame & Rails, Toilet Safety Rail for Elderly Adults, Toilet Handles for Seniors, Toilet Bars for Elderly & Handicap",Tools & Home Improvement > Kitchen & Bath Fixtures > Bathroom Fixtures > Bathroom Safety & Accessibility > Toilets & Toilet Aids > Toilet Safety Frames & Rails,US,69.97,19.59,5.6,9.56,0.15,4057.0,1732.0,4.6,0.55,10000,1.0,20.0,50,25.0,20.0,20.0,75,35,65.0,B,"observed:price,sales,reviews,rating,fba_fee; estimated:search_volume,cpc",estimated_default_costs,Imported from Sorftime; ASIN B0C8P6DFV8; brand PELEGON
category:Tool Holsters,553582,Tool Holsters,Tools & Home Improvement > Storage & Home Organization > Tool Organizers > Tool Holsters,B0CBD4HTHW,,"Spider Tool Holster, Self-Locking Pro Tool Holster, Includes 2 Drill Pins | Quick-Draw Multi Tool Holder, Clips to Any Tool Belt, Ambidextrous Lock, Compatible with Major Power Drill & Driver Brands",Tools & Home Improvement > Storage & Home Organization > Tool Organizers > Tool Holsters,US,34.99,9.8,2.8,3.93,0.15,815.0,390.0,4.2,0.55,10000,1.0,20.0,50,25.0,20.0,20.0,75,35,65.0,B,"observed:price,sales,reviews,rating,fba_fee; estimated:search_volume,cpc",estimated_default_costs,Imported from Sorftime; ASIN B0CBD4HTHW; brand Spider
category:Tool Pouches,322568011,Tool Pouches,Tools & Home Improvement > Storage & Home Organization > Tool Organizers > Tool Pouches,B0CLYN2NWP,,"Klein Tools MODbox Tool Pouch, Electrician Bag, Quickly Attach and Release from Tool Belts and MODBox Rail System",Tools & Home Improvement > Storage & Home Organization > Tool Organizers > Tool Pouches,US,19.98,5.59,1.6,6.38,0.15,964.0,329.0,4.2,0.55,10000,1.0,20.0,50,25.0,20.0,20.0,75,35,65.0,B,"observed:price,sales,reviews,rating,fba_fee; estimated:search_volume,cpc",estimated_default_costs,Imported from Sorftime; ASIN B0CLYN2NWP; brand KLEIN TOOLS
category:Tool Trays,15709201,Tool Trays,Tools & Home Improvement > Storage & Home Organization > Tool Organizers > Tool Trays,B0CZQJL89S,,"SWANLAKE Socket Organizer Set 18-Piece, 1/4-Inch x 96 Clips, 3/8-Inch x 90 Clips, 1/2-Inch x 72 Clips, Socket Organizer for Tool Box Drawer, Drive Socket Trays, Socket Holder Clip Rail",Tools & Home Improvement > Storage & Home Organization > Tool Organizers > Tool Trays,US,29.99,8.4,2.4,7.76,0.15,2610.0,742.0,4.5,0.55,10000,1.0,20.0,50,25.0,20.0,20.0,75,35,65.0,B,"observed:price,sales,reviews,rating,fba_fee; estimated:search_volume,cpc",estimated_default_costs,Imported from Sorftime; ASIN B0CZQJL89S; brand SWANLAKE GARDEN TOOLS
category:Decorative Garden Stools,3563985011,Decorative Garden Stools,"Patio, Lawn & Garden > Outdoor Décor > Decorative Garden Stools",B0CCCZZ33J,,"HDANI Wooden Stool Set of 2 for Adults,300lbs Load Capacity Garden Round Wood Stool,Non-Slip Small Step Stool for Plant Stand,Kitchen,Bathroom and Bedroom,Brown","Patio, Lawn & Garden > Outdoor Décor > Decorative Garden Stools",US,45.99,12.88,3.68,10.59,0.15,277.0,474.0,4.5,0.55,10000,1.0,20.0,50,25.0,20.0,20.0,75,35,65.0,B,"observed:price,sales,reviews,rating,fba_fee; estimated:search_volume,cpc",estimated_default_costs,Imported from Sorftime; ASIN B0CCCZZ33J; brand HDANI
category:Mop Handles,14253971,Mop Handles,Home & Kitchen > Cleaning Supplies > Household Cleaning > Cleaning Tools > Mopping > Accessories > Mop Handles,B0G526LZPR,,"KalTell 2PK Commercial Quick-Change Iron Mop Handle, Heavy Duty Mop Head Replacement Holder for Wet Mop Floor Cleanig, Janitor Supplies",Home & Kitchen > Cleaning Supplies > Household Cleaning > Cleaning Tools > Mopping > Accessories > Mop Handles,US,34.99,9.8,2.8,7.72,0.15,755.0,6.0,4.0,0.55,10000,1.0,20.0,50,25.0,20.0,20.0,75,35,65.0,B,"observed:price,sales,reviews,rating,fba_fee; estimated:search_volume,cpc",estimated_default_costs,Imported from Sorftime; ASIN B0G526LZPR; brand KalTell
category:Refill Sponges,695492011,Refill Sponges,Home & Kitchen > Cleaning Supplies > Household Cleaning > Cleaning Tools > Mopping > Accessories > Refill Sponges,B00FF1QQBG,,"Libman Nitty Gritty Roller Mop Refill pack, 2 Count (Pack of 1)",Home & Kitchen > Cleaning Supplies > Household Cleaning > Cleaning Tools > Mopping > Accessories > Refill Sponges,US,16.57,4.64,1.33,4.9,0.15,491.0,2137.0,4.4,0.55,10000,1.0,20.0,50,25.0,20.0,20.0,75,35,65.0,B,"observed:price,sales,reviews,rating,fba_fee; estimated:search_volume,cpc",estimated_default_costs,Imported from Sorftime; ASIN B00FF1QQBG; brand LIBMAN COMMERCIAL
category:Replacement Heads,695491011,Replacement Heads,Home & Kitchen > Cleaning Supplies > Household Cleaning > Cleaning Tools > Mopping > Accessories > Replacement Heads,B0CT88PHMJ,,"KeFanta Mop for Floor Cleaning,2 Pcs Cotton String Wet Replacement Head | Mops Refill Compatible with Microfiber Cloth Mop & 0.8“ Diameter Mops Handle(1 Handle & 2 Heads)",Home & Kitchen > Cleaning Supplies > Household Cleaning > Cleaning Tools > Mopping > Accessories > Replacement Heads,US,13.97,3.91,1.12,5.94,0.15,1553.0,2131.0,4.3,0.55,10000,1.0,20.0,50,25.0,20.0,20.0,75,35,65.0,B,"observed:price,sales,reviews,rating,fba_fee; estimated:search_volume,cpc",estimated_default_costs,Imported from Sorftime; ASIN B0CT88PHMJ; brand KeFanta
category:Replacement Mop Pads,23537025011,Replacement Mop Pads,Home & Kitchen > Cleaning Supplies > Household Cleaning > Cleaning Tools > Mopping > Accessories > Replacement Mop Pads,B0DDTG56Z3,,12 Pack Disposable Power Mop Refills for Swiffer Power Mop,Home & Kitchen > Cleaning Supplies > Household Cleaning > Cleaning Tools > Mopping > Accessories > Replacement Mop Pads,US,12.06,3.38,0.96,5.36,0.15,4056.0,828.0,4.6,0.55,10000,1.0,20.0,50,25.0,20.0,20.0,75,35,65.0,B,"observed:price,sales,reviews,rating,fba_fee; estimated:search_volume,cpc",estimated_default_costs,Imported from Sorftime; ASIN B0DDTG56Z3; brand Chyodi
category:Dust Mops,23537023011,Dust Mops,Home & Kitchen > Cleaning Supplies > Household Cleaning > Cleaning Tools > Mopping > Wet & Dry Mops > Dust Mops,B0G7G9BGXH,,"ZHAYAO Sweeper Mop System with 3 Reusable Microfiber Mop Pads | Dry and Wet Multi Surface Floor Cleaner, Includes 1 Mop + 3 Washable Refills for Hardwood, Tile, and Laminate Floor Cleaning",Home & Kitchen > Cleaning Supplies > Household Cleaning > Cleaning Tools > Mopping > Wet & Dry Mops > Dust Mops,US,16.99,4.76,1.36,5.77,0.15,2591.0,333.0,4.3,0.55,10000,1.0,20.0,50,25.0,20.0,20.0,75,35,65.0,B,"observed:price,sales,reviews,rating,fba_fee; estimated:search_volume,cpc",estimated_default_costs,Imported from Sorftime; ASIN B0G7G9BGXH; brand ZHAYAO
category:Sponge Mops,23537024011,Sponge Mops,Home & Kitchen > Cleaning Supplies > Household Cleaning > Cleaning Tools > Mopping > Wet & Dry Mops > Sponge Mops,B0855LXM4V,,Kitchen + Home PVA Sponge Roller Mop - 11“ Quadruple Roller All Purpose Floor Cleaner,Home & Kitchen > Cleaning Supplies > Household Cleaning > Cleaning Tools > Mopping > Wet & Dry Mops > Sponge Mops,US,29.99,8.4,2.4,8.31,0.15,241.0,1179.0,4.2,0.55,10000,1.0,20.0,50,25.0,20.0,20.0,75,35,65.0,B,"observed:price,sales,reviews,rating,fba_fee; estimated:search_volume,cpc",estimated_default_costs,Imported from Sorftime; ASIN B0855LXM4V; brand Kitchen Home
category:String Mops,23537022011,String Mops,Home & Kitchen > Cleaning Supplies > Household Cleaning > Cleaning Tools > Mopping > Wet & Dry Mops > String Mops,B0DZPJ82BM,,"Libman Tornado Mop with 1 Refill, Self-Wringing Cotton Twist Mop",Home & Kitchen > Cleaning Supplies > Household Cleaning > Cleaning Tools > Mopping > Wet & Dry Mops > String Mops,US,19.99,5.6,1.6,3.6,0.15,269.0,66.0,4.3,0.55,10000,1.0,20.0,50,25.0,20.0,20.0,50,20,42.5,C,"observed:sales,reviews,rating; estimated:price,fba_fee,search_volume,cpc",estimated_default_costs,Imported from Sorftime; ASIN B0DZPJ82BM; brand LIBMAN COMMERCIAL
category:Angle Brooms,14253831,Angle Brooms,Home & Kitchen > Cleaning Supplies > Household Cleaning > Cleaning Tools > Sweeping > Brooms > Angle Brooms,B0D7VGZ8D8,,"Soft Bristle Indoor Broom, Angle Kitchen Broom for Hardwood Floor Cleaning | Fine Bristles for Indoor Floor Cleaning",Home & Kitchen > Cleaning Supplies > Household Cleaning > Cleaning Tools > Sweeping > Brooms > Angle Brooms,US,16.99,4.76,1.36,5.95,0.15,935.0,320.0,4.2,0.55,10000,1.0,20.0,50,25.0,20.0,20.0,75,35,65.0,B,"observed:price,sales,reviews,rating,fba_fee; estimated:search_volume,cpc",estimated_default_costs,Imported from Sorftime; ASIN B0D7VGZ8D8; brand Dodifker
category:Hand Brooms,14253841,Hand Brooms,Home & Kitchen > Cleaning Supplies > Household Cleaning > Cleaning Tools > Sweeping > Brooms > Hand Brooms,B0DJ74SXV4,,"NACENA Broom and Dustpan Set, 52-in Long Adjustable Handle Broom Dustpan Combo with Dustpan Teeth to Automatically Clean Hair Suitable for Home Kitchen Office Hall Floor (Black&Red), 2 Pack",Home & Kitchen > Cleaning Supplies > Household Cleaning > Cleaning Tools > Sweeping > Brooms > Hand Brooms,US,23.99,6.72,1.92,9.08,0.15,1165.0,917.0,4.4,0.55,10000,1.0,20.0,50,25.0,20.0,20.0,75,35,65.0,B,"observed:price,sales,reviews,rating,fba_fee; estimated:search_volume,cpc",estimated_default_costs,Imported from Sorftime; ASIN B0DJ74SXV4; brand nacena
category:Push Brooms,14253851,Push Brooms,Home & Kitchen > Cleaning Supplies > Household Cleaning > Cleaning Tools > Sweeping > Brooms > Push Brooms,B0G393HR2H,,CLEANHOME Rubber Broom for Pet Hair on Carpet & Hardwood,Home & Kitchen > Cleaning Supplies > Household Cleaning > Cleaning Tools > Sweeping > Brooms > Push Brooms,US,15.99,4.48,1.28,6.38,0.15,356.0,62.0,4.1,0.55,10000,1.0,20.0,50,25.0,20.0,20.0,75,35,65.0,B,"observed:price,sales,reviews,rating,fba_fee; estimated:search_volume,cpc",estimated_default_costs,Imported from Sorftime; ASIN B0G393HR2H; brand Cleanhome
category:Dustpans,21588789011,Dustpans,Home & Kitchen > Cleaning Supplies > Household Cleaning > Cleaning Tools > Sweeping > Parts & Accessories > Dustpans,B0D6VNKLYM,,"Eyliden Large Commercial Dustpan with Comb Teeth, Upright | Heavy Duty Dust Pan for Restaurants Garages Courtyard Sidewalks Lobby Home Kitchen Room Office Classroom, Black",Home & Kitchen > Cleaning Supplies > Household Cleaning > Cleaning Tools > Sweeping > Parts & Accessories > Dustpans,US,24.99,7.0,2.0,9.65,0.15,1809.0,530.0,4.6,0.55,10000,1.0,20.0,50,25.0,20.0,20.0,75,35,65.0,B,"observed:price,sales,reviews,rating,fba_fee; estimated:search_volume,cpc",estimated_default_costs,Imported from Sorftime; ASIN B0D6VNKLYM; brand Eyliden
category:Kitchen Brushes,203313515011,Kitchen Brushes,Home & Kitchen > Cleaning Supplies > Household Cleaning > Cleaning Tools > Brushes > Kitchen Brushes,B0FMJYTQLT,,5 Pack Bamboo Dish Brush Set with 14’’ Bottle Brush,Home & Kitchen > Cleaning Supplies > Household Cleaning > Cleaning Tools > Brushes > Kitchen Brushes,US,16.99,4.76,1.36,5.36,0.15,2019.0,219.0,4.3,0.55,10000,1.0,20.0,50,25.0,20.0,20.0,75,35,65.0,B,"observed:price,sales,reviews,rating,fba_fee; estimated:search_volume,cpc",estimated_default_costs,Imported from Sorftime; ASIN B0FMJYTQLT; brand BONUMVITA
category:Toilet Brushes & Holders,85975011,Toilet Brushes & Holders,Home & Kitchen > Cleaning Supplies > Household Cleaning > Cleaning Tools > Brushes > Toilet Brushes & Holders,B0FHBB78FD,,"LFBEAR Disposable Toilet Cleaning System - Toilet Brush Kit with 36 High-Performance Refills, Wall Mounted Toilet Brush and Holder for Deep Cleaning Bathroom (Toilet Brush+18 Refills)",Home & Kitchen > Cleaning Supplies > Household Cleaning > Cleaning Tools > Brushes > Toilet Brushes & Holders,US,13.98,3.91,1.12,6.22,0.15,3151.0,673.0,4.5,0.55,10000,1.0,20.0,50,25.0,20.0,20.0,75,35,65.0,B,"observed:price,sales,reviews,rating,fba_fee; estimated:search_volume,cpc",estimated_default_costs,Imported from Sorftime; ASIN B0FHBB78FD; brand LFBEAR
category:Feather Dusters,2245498011,Feather Dusters,Home & Kitchen > Cleaning Supplies > Household Cleaning > Cleaning Tools > Dusting > Feather Dusters,B0BGR1DQF8,,"Hicavar 20 Foot High Ceiling Fan, Cobweb Duster with 5-12ft Extension Pole | Extendable, Reusable Feather, Window Cleaning Squeegee Kit",Home & Kitchen > Cleaning Supplies > Household Cleaning > Cleaning Tools > Dusting > Feather Dusters,US,45.99,12.88,3.68,12.8,0.15,1629.0,1007.0,4.5,0.55,10000,1.0,20.0,50,25.0,20.0,20.0,75,35,65.0,B,"observed:price,sales,reviews,rating,fba_fee; estimated:search_volume,cpc",estimated_default_costs,Imported from Sorftime; ASIN B0BGR1DQF8; brand Hicavar
category:Buckets,2245509011,Buckets,Home & Kitchen > Cleaning Supplies > Household Cleaning > Cleaning Tools > Mopping > Buckets,B0CKT56KHF,,"Unger Professional 3-Gallon Collapsible Bucket, Portable Household Cleaning Supplies, Small Washing Buckets with Handles, Essential Water Container and Storage Organizer Tool",Home & Kitchen > Cleaning Supplies > Household Cleaning > Cleaning Tools > Mopping > Buckets,US,17.97,5.03,1.44,12.38,0.15,710.0,355.0,4.6,0.55,10000,1.0,20.0,50,25.0,20.0,20.0,75,35,65.0,B,"observed:price,sales,reviews,rating,fba_fee; estimated:search_volume,cpc",estimated_default_costs,Imported from Sorftime; ASIN B0CKT56KHF; brand UNGER
category:Tool Sets,1243386011,Tool Sets,"Home & Kitchen > Heating, Cooling & Air Quality > Parts & Accessories > Stove & Fireplace Accessories > Fireplace Tools > Tool Sets",B0B6HQZRCT,,"MYFIREPLACEDIRECT Mini Ash Bucket with Lid, Fireplace Ash Bucket - Black | 1.5-Gallon Ash Bucket With Lid and Shovel and Hand Broom, Metal Ash Bucket for Fireplace, Fire Pit, Wood Stove","Home & Kitchen > Heating, Cooling & Air Quality > Parts & Accessories > Stove & Fireplace Accessories > Fireplace Tools > Tool Sets",US,23.65,6.62,1.89,8.31,0.15,369.0,1236.0,4.1,0.55,10000,1.0,20.0,50,25.0,20.0,20.0,75,35,65.0,B,"observed:price,sales,reviews,rating,fba_fee; estimated:search_volume,cpc",estimated_default_costs,Imported from Sorftime; ASIN B0B6HQZRCT; brand MYFIREPLACEDIRECT
category:Bread Proofing Baskets,16188240011,Bread Proofing Baskets,Home & Kitchen > Kitchen & Dining > Kitchen Utensils & Gadgets > Baking Tools & Accessories > Baking & Pastry Utensils > Bread Proofing Baskets,B0DFCT2XVG,,"KneadAce Cotton Rope Banneton Bread Proofing Basket Set, Oval & Round Bread Baskets with Liners & Covers for Artisan Bread Baking, Sourdough Bread Baking Supplies",Home & Kitchen > Kitchen & Dining > Kitchen Utensils & Gadgets > Baking Tools & Accessories > Baking & Pastry Utensils > Bread Proofing Baskets,US,29.98,8.39,2.4,6.78,0.15,2392.0,1200.0,4.6,0.55,10000,1.0,20.0,50,25.0,20.0,20.0,75,35,65.0,B,"observed:price,sales,reviews,rating,fba_fee; estimated:search_volume,cpc",estimated_default_costs,Imported from Sorftime; ASIN B0DFCT2XVG; brand KNEADACE
category:Pastry Brushes,678525011,Pastry Brushes,Home & Kitchen > Kitchen & Dining > Kitchen Utensils & Gadgets > Baking Tools & Accessories > Baking & Pastry Utensils > Pastry Brushes,B0DGQS2735,,"King Arthur Baking Company Professional Pastry Brush, Natural Boar Bristles, 2-Inch, For Butter, Egg Wash, Glaze And Baking Prep",Home & Kitchen > Kitchen & Dining > Kitchen Utensils & Gadgets > Baking Tools & Accessories > Baking & Pastry Utensils > Pastry Brushes,US,12.95,3.63,1.04,3.26,0.15,404.0,159.0,4.3,0.55,10000,1.0,20.0,50,25.0,20.0,20.0,75,35,65.0,B,"observed:price,sales,reviews,rating,fba_fee; estimated:search_volume,cpc",estimated_default_costs,Imported from Sorftime; ASIN B0DGQS2735; brand King Arthur
category:Bottle Openers,3109475011,Bottle Openers,Home & Kitchen > Kitchen & Dining > Kitchen Utensils & Gadgets > Bar & Wine Tools > Corkscrews & Openers > Bottle Openers,B0BRK7R9W5,,QTLCOHD 20 Pack Flat Bottle Opener - 7 Inch Stainless Steel Bottle Openers,Home & Kitchen > Kitchen & Dining > Kitchen Utensils & Gadgets > Bar & Wine Tools > Corkscrews & Openers > Bottle Openers,US,24.99,7.0,2.0,7.65,0.15,490.0,153.0,4.6,0.55,10000,1.0,20.0,50,25.0,20.0,20.0,75,35,65.0,B,"observed:price,sales,reviews,rating,fba_fee; estimated:search_volume,cpc",estimated_default_costs,Imported from Sorftime; ASIN B0BRK7R9W5; brand QTLCOHD
category:Screwpull Levers,13825981,Screwpull Levers,Home & Kitchen > Kitchen & Dining > Kitchen Utensils & Gadgets > Bar & Wine Tools > Corkscrews & Openers > Screwpull Levers,B07MYDZMTY,,Stainless Steel Wine Opener Compact Vertical Corkscrew Wine Bottle Opener with Foil Cutter,Home & Kitchen > Kitchen & Dining > Kitchen Utensils & Gadgets > Bar & Wine Tools > Corkscrews & Openers > Screwpull Levers,US,45.99,12.88,3.68,6.35,0.15,684.0,2110.0,4.6,0.55,10000,1.0,20.0,50,25.0,20.0,20.0,75,35,65.0,B,"observed:price,sales,reviews,rating,fba_fee; estimated:search_volume,cpc",estimated_default_costs,Imported from Sorftime; ASIN B07MYDZMTY; brand KEISSCO
category:Waiter Corkscrews,13826001,Waiter Corkscrews,Home & Kitchen > Kitchen & Dining > Kitchen Utensils & Gadgets > Bar & Wine Tools > Corkscrews & Openers > Waiter Corkscrews,B00CZA18EU,,"OXO Steel Double Lever Waiter‘s Corkscrew,Silver/Black,1 CT",Home & Kitchen > Kitchen & Dining > Kitchen Utensils & Gadgets > Bar & Wine Tools > Corkscrews & Openers > Waiter Corkscrews,US,19.95,5.59,1.6,4.17,0.15,652.0,1212.0,4.6,0.55,10000,1.0,20.0,50,25.0,20.0,20.0,75,35,65.0,B,"observed:price,sales,reviews,rating,fba_fee; estimated:search_volume,cpc",estimated_default_costs,Imported from Sorftime; ASIN B00CZA18EU; brand OXO
category:Wine Stoppers,678499011,Wine Stoppers,Home & Kitchen > Kitchen & Dining > Kitchen Utensils & Gadgets > Bar & Wine Tools > Wine Stoppers & Pourers > Wine Stoppers,B071GZM6SK,,"Repour Wine Saver and Stopper - Removes Oxygen, Preserving and Keeping Wine As Fresh As The Day The Bottle Was Opened (10-Pack)",Home & Kitchen > Kitchen & Dining > Kitchen Utensils & Gadgets > Bar & Wine Tools > Wine Stoppers & Pourers > Wine Stoppers,US,19.99,5.6,1.6,4.18,0.15,764.0,1072.0,4.2,0.55,10000,1.0,20.0,50,25.0,20.0,20.0,75,35,65.0,B,"observed:price,sales,reviews,rating,fba_fee; estimated:search_volume,cpc",estimated_default_costs,Imported from Sorftime; ASIN B071GZM6SK; brand Repour
category:Electric Fondue Pots,17384862011,Electric Fondue Pots,Home & Kitchen > Kitchen & Dining > Kitchen Utensils & Gadgets > Cheese Tools > Fondue > Electric Fondue Pots,B0D3GKD68G,,"2 in 1 Electric S’mores Maker & Fondue Pot, Tabletop Indoor Smores kit with 4 Roasting Forks, 4 Detachable Trays & 1 Flameless Temperature-controlled Heater, Movie Night Supplies & Housewarming Gifts",Home & Kitchen > Kitchen & Dining > Kitchen Utensils & Gadgets > Cheese Tools > Fondue > Electric Fondue Pots,US,35.99,10.08,2.88,8.32,0.15,908.0,1078.0,4.3,0.55,10000,1.0,20.0,50,25.0,20.0,20.0,75,35,65.0,B,"observed:price,sales,reviews,rating,fba_fee; estimated:search_volume,cpc",estimated_default_costs,Imported from Sorftime; ASIN B0D3GKD68G; brand CHOCOSMORE
category:Pots & Sets,17384864011,Pots & Sets,Home & Kitchen > Kitchen & Dining > Kitchen Utensils & Gadgets > Cheese Tools > Fondue > Pots & Sets,B0CJKTBMZM,,"Nostalgia Electric Fondue Party Set – 10 oz Melting Pot, 4 Roasting Forks, & Detachable Serving Tray – Melted Cheese, Chocolate, or Dessert – Perfect for Gifts, Parties, Date Night – Black",Home & Kitchen > Kitchen & Dining > Kitchen Utensils & Gadgets > Cheese Tools > Fondue > Pots & Sets,US,19.99,5.6,1.6,7.92,0.15,433.0,789.0,4.5,0.55,10000,1.0,20.0,50,25.0,20.0,20.0,75,35,65.0,B,"observed:price,sales,reviews,rating,fba_fee; estimated:search_volume,cpc",estimated_default_costs,Imported from Sorftime; ASIN B0CJKTBMZM; brand Nostalgia
category:Corers,678502011,Corers,Home & Kitchen > Kitchen & Dining > Kitchen Utensils & Gadgets > Fruit & Vegetable Tools > Corers & Pitters > Corers,B0CR1FY7Y8,,"Homnoble Grape Cutter for Toddlers, Stainless Steel Fruit Slicer Tool | Dishwasher Safe Quarter Slicer For Cherry & Tomato, Perfect For Salads, Lunch Boxes & Baby-Led Weaning, Safe Kitchen Gadget",Home & Kitchen > Kitchen & Dining > Kitchen Utensils & Gadgets > Fruit & Vegetable Tools > Corers & Pitters > Corers,US,12.99,3.64,1.04,3.93,0.15,850.0,409.0,4.6,0.55,10000,1.0,20.0,50,25.0,20.0,20.0,75,35,65.0,B,"observed:price,sales,reviews,rating,fba_fee; estimated:search_volume,cpc",estimated_default_costs,Imported from Sorftime; ASIN B0CR1FY7Y8; brand Homnoble
category:Pitters,678503011,Pitters,Home & Kitchen > Kitchen & Dining > Kitchen Utensils & Gadgets > Fruit & Vegetable Tools > Corers & Pitters > Pitters,B0F27LFLMZ,,"Cherry Pitter for 6 Cherries, ABS Hand Press with Removable Tray | 6-cherry pitting, ABS body, removable tray, easy rinse, for jam pie canning",Home & Kitchen > Kitchen & Dining > Kitchen Utensils & Gadgets > Fruit & Vegetable Tools > Corers & Pitters > Pitters,US,12.99,3.64,1.04,3.54,0.15,411.0,165.0,4.4,0.55,10000,1.0,20.0,50,25.0,20.0,20.0,75,35,65.0,B,"observed:price,sales,reviews,rating,fba_fee; estimated:search_volume,cpc",estimated_default_costs,Imported from Sorftime; ASIN B0F27LFLMZ; brand Jux Yagom
category:Potato Mashers,678504011,Potato Mashers,Home & Kitchen > Kitchen & Dining > Kitchen Utensils & Gadgets > Fruit & Vegetable Tools > Potato Mashers & Ricers > Potato Mashers,B0F7XCV6CQ,,"Stainless Steel Meat Chopper, Stainless Steel Meat Masher, 11 Inch, Ground Beef Chopper Tool, Metal Meat Masher, Ground Meat Smasher, Hamburger Smasher Tool",Home & Kitchen > Kitchen & Dining > Kitchen Utensils & Gadgets > Fruit & Vegetable Tools > Potato Mashers & Ricers > Potato Mashers,US,13.99,3.92,1.12,4.45,0.15,869.0,193.0,4.6,0.55,10000,1.0,20.0,50,25.0,20.0,20.0,75,35,65.0,B,"observed:price,sales,reviews,rating,fba_fee; estimated:search_volume,cpc",estimated_default_costs,Imported from Sorftime; ASIN B0F7XCV6CQ; brand ANZIUS
category:Potato Ricers,678505011,Potato Ricers,Home & Kitchen > Kitchen & Dining > Kitchen Utensils & Gadgets > Fruit & Vegetable Tools > Potato Mashers & Ricers > Potato Ricers,B08F5KCTSL,,"Zulay Kitchen Large 15oz Potato Ricer, Heavy Duty Stainless Steel Potato Masher and Ricer for Mashed Potatoes, Mashed Potato Masher & Potato Press Kitchen Gadget for Perfect Mashed Potatoes",Home & Kitchen > Kitchen & Dining > Kitchen Utensils & Gadgets > Fruit & Vegetable Tools > Potato Mashers & Ricers > Potato Ricers,US,19.99,5.6,1.6,6.37,0.15,626.0,1613.0,4.6,0.55,10000,1.0,20.0,50,25.0,20.0,20.0,75,35,65.0,B,"observed:price,sales,reviews,rating,fba_fee; estimated:search_volume,cpc",estimated_default_costs,Imported from Sorftime; ASIN B08F5KCTSL; brand Zulay Kitchen
category:Digital Scales,678508011,Digital Scales,Home & Kitchen > Kitchen & Dining > Kitchen Utensils & Gadgets > Measuring Tools & Scales > Kitchen Scales > Digital Scales,B0DXF7SLW6,,"Atogou 110lb Food Scale, Commercial Kitchen Scale with Price Computing",Home & Kitchen > Kitchen & Dining > Kitchen Utensils & Gadgets > Measuring Tools & Scales > Kitchen Scales > Digital Scales,US,37.99,10.64,3.04,6.73,0.15,2324.0,329.0,4.5,0.55,10000,1.0,20.0,50,25.0,20.0,20.0,75,35,65.0,B,"observed:price,sales,reviews,rating,fba_fee; estimated:search_volume,cpc",estimated_default_costs,Imported from Sorftime; ASIN B0DXF7SLW6; brand Atogou
category:Manual Pasta Makers,17548249011,Manual Pasta Makers,Home & Kitchen > Kitchen & Dining > Kitchen Utensils & Gadgets > Pasta & Pizza Tools > Pasta Makers & Accessories > Manual Pasta Makers,B0C61HPZS5,,"FineMade Electric Empanada Maker Machine with Press Mold, Large Dumpling Maker, Pierogi Maker Press Machine, Make 4 Psc of 6 Inches Large Empanadas, Jamaican Beef Patties,Calzones, Pocket Pies",Home & Kitchen > Kitchen & Dining > Kitchen Utensils & Gadgets > Pasta & Pizza Tools > Pasta Makers & Accessories > Manual Pasta Makers,US,39.99,11.2,3.2,9.27,0.15,540.0,706.0,4.2,0.55,10000,1.0,20.0,50,25.0,20.0,20.0,75,35,65.0,B,"observed:price,sales,reviews,rating,fba_fee; estimated:search_volume,cpc",estimated_default_costs,Imported from Sorftime; ASIN B0C61HPZS5; brand FineMade
category:Cheese Slicers,289760,Cheese Slicers,"Home & Kitchen > Kitchen & Dining > Kitchen Utensils & Gadgets > Peeling, Grating & Slicing Tools > Mandolines & Slicers > Cheese Slicers",B0C22YD4LX,,"Sopito Cheese Slicer with 3 Extra Stainless Steel Wires, Silver","Home & Kitchen > Kitchen & Dining > Kitchen Utensils & Gadgets > Peeling, Grating & Slicing Tools > Mandolines & Slicers > Cheese Slicers",US,12.99,3.64,1.04,4.18,0.15,784.0,2064.0,4.4,0.55,10000,1.0,20.0,50,25.0,20.0,20.0,75,35,65.0,B,"observed:price,sales,reviews,rating,fba_fee; estimated:search_volume,cpc",estimated_default_costs,Imported from Sorftime; ASIN B0C22YD4LX; brand Sopito
category:Egg Slicers,17548242011,Egg Slicers,"Home & Kitchen > Kitchen & Dining > Kitchen Utensils & Gadgets > Peeling, Grating & Slicing Tools > Mandolines & Slicers > Egg Slicers",B08RZF2W2V,,Multi Function Stainless Steel Egg Slicer for Hard Boiled Eggs,"Home & Kitchen > Kitchen & Dining > Kitchen Utensils & Gadgets > Peeling, Grating & Slicing Tools > Mandolines & Slicers > Egg Slicers",US,13.79,3.86,1.1,4.44,0.15,551.0,837.0,4.2,0.55,10000,1.0,20.0,50,25.0,20.0,20.0,75,35,65.0,B,"observed:price,sales,reviews,rating,fba_fee; estimated:search_volume,cpc",estimated_default_costs,Imported from Sorftime; ASIN B08RZF2W2V; brand Vila KuChe
category:Mandolines,23616035011,Mandolines,"Home & Kitchen > Kitchen & Dining > Kitchen Utensils & Gadgets > Peeling, Grating & Slicing Tools > Mandolines & Slicers > Mandolines",B0D4PLDLT2,,"SupMaKin Safe Mandoline Slicer Plus for Kitchen Adjustable Vegetable Slicer | 0.1-8mm, Cut Resistant Stainless Steel Blades,Potato Fry Cutter, Onion Chopper, Detachable,Foldable Dishwasher Safe, Gifts","Home & Kitchen > Kitchen & Dining > Kitchen Utensils & Gadgets > Peeling, Grating & Slicing Tools > Mandolines & Slicers > Mandolines",US,39.99,11.2,3.2,7.93,0.15,2925.0,699.0,4.4,0.55,10000,1.0,20.0,50,25.0,20.0,20.0,75,35,65.0,B,"observed:price,sales,reviews,rating,fba_fee; estimated:search_volume,cpc",estimated_default_costs,Imported from Sorftime; ASIN B0D4PLDLT2; brand SupMaKin
category:Choppers,678514011,Choppers,Home & Kitchen > Kitchen & Dining > Kitchen Utensils & Gadgets > Seasoning & Spice Tools > Choppers & Mincers > Choppers,B0CD6MYWM5,,"Geedel Vegetable Chopper with Container, 4 in 1 Food Chopper Veggie Slicer | Onion Chopper, 420 Stainless Steel, Safety Lock, Dishwasher Safe, No BPA, Cleaning Brush Included, for Vegetables, Cheese",Home & Kitchen > Kitchen & Dining > Kitchen Utensils & Gadgets > Seasoning & Spice Tools > Choppers & Mincers > Choppers,US,24.99,7.0,2.0,6.77,0.15,856.0,1559.0,4.5,0.55,10000,1.0,20.0,50,25.0,20.0,20.0,75,35,65.0,B,"observed:price,sales,reviews,rating,fba_fee; estimated:search_volume,cpc",estimated_default_costs,Imported from Sorftime; ASIN B0CD6MYWM5; brand Geedel
category:Index Card Storage,12900921,Index Card Storage,Office Products > Office Supplies > Education & Crafts > Filing Products > Index Card Filing > Index Card Storage,B00NU7OIHQ,,"Super Stacker Small Index Card Sized Box, 4x6 in, 1 Count",Office Products > Office Supplies > Education & Crafts > Filing Products > Index Card Filing > Index Card Storage,US,19.99,5.6,1.6,3.6,0.15,1060.0,1595.0,4.3,0.55,10000,1.0,20.0,50,25.0,20.0,20.0,50,20,42.5,C,"observed:sales,reviews,rating; estimated:price,fba_fee,search_volume,cpc",estimated_default_costs,Imported from Sorftime; ASIN B00NU7OIHQ; brand Super Stacker
category:Outdoor Hanging Brackets,21208375011,Outdoor Hanging Brackets,"Patio, Lawn & Garden > Gardening > Pots, Planters & Container Accessories > Plant Container Accessories > Hooks & Hangers > Outdoor Hanging Brackets",B0FG2RM2CN,,"BOLITE Deck Hook, 20 Inch Bird Feeder Hanger for Hummingbird Feeders, Black | Heavy Duty, Metal Hanger for Planters, Lanterns, Wind Chimes, Holiday Decorations, 360° Rotatable Arm, Gifts for Women Men","Patio, Lawn & Garden > Gardening > Pots, Planters & Container Accessories > Plant Container Accessories > Hooks & Hangers > Outdoor Hanging Brackets",US,17.99,5.04,1.44,6.29,0.15,997.0,952.0,4.6,0.55,10000,1.0,20.0,50,25.0,20.0,20.0,75,35,65.0,B,"observed:price,sales,reviews,rating,fba_fee; estimated:search_volume,cpc",estimated_default_costs,Imported from Sorftime; ASIN B0FG2RM2CN; brand BOLITE
category:Outdoor Shepherd‘s Hooks,21208376011,Outdoor Shepherd‘s Hooks,"Patio, Lawn & Garden > Gardening > Pots, Planters & Container Accessories > Plant Container Accessories > Hooks & Hangers > Outdoor Shepherd‘s Hooks",B0GSQ2L87M,,"74' Shepherds Hook Stand: Hanging Bird Feeders, Wind Chimes, Plants","Patio, Lawn & Garden > Gardening > Pots, Planters & Container Accessories > Plant Container Accessories > Hooks & Hangers > Outdoor Shepherd‘s Hooks",US,58.99,16.52,4.72,10.28,0.15,281.0,68.0,4.3,0.55,10000,1.0,20.0,50,25.0,20.0,20.0,75,35,65.0,B,"observed:price,sales,reviews,rating,fba_fee; estimated:search_volume,cpc",estimated_default_costs,Imported from Sorftime; ASIN B0GSQ2L87M; brand pickpiff
category:Empty Fuel Bottles,3401031,Empty Fuel Bottles,Sports & Outdoors > Outdoor Recreation > Camping & Hiking > Camp Kitchen > Stove Accessories > Empty Fuel Bottles,B0F2MBT7BK,,Aluminum Fuel Bottle 750ml/25 oz Camping Fuel Container,Sports & Outdoors > Outdoor Recreation > Camping & Hiking > Camp Kitchen > Stove Accessories > Empty Fuel Bottles,US,17.79,4.98,1.42,4.47,0.15,730.0,171.0,4.6,0.55,10000,1.0,20.0,50,25.0,20.0,20.0,75,35,65.0,B,"observed:price,sales,reviews,rating,fba_fee; estimated:search_volume,cpc",estimated_default_costs,Imported from Sorftime; ASIN B0F2MBT7BK; brand wdcfxy
category:Fire Starters,2204647011,Fire Starters,Sports & Outdoors > Outdoor Recreation > Camping & Hiking > Camp Kitchen > Stove Accessories > Fire Starters,B0CYSSFM45,,"WishDirect 700W Electric Charcoal Starter for BBQ Grill Smoker Fireplace, Firepit, Stove - Design with Large Spiral Heating Element, 30% Faster Igniting Fire - 3 Feet Power Cord",Sports & Outdoors > Outdoor Recreation > Camping & Hiking > Camp Kitchen > Stove Accessories > Fire Starters,US,19.99,5.6,1.6,5.95,0.15,666.0,97.0,4.4,0.55,10000,1.0,20.0,50,25.0,20.0,20.0,75,35,65.0,B,"observed:price,sales,reviews,rating,fba_fee; estimated:search_volume,cpc",estimated_default_costs,Imported from Sorftime; ASIN B0CYSSFM45; brand WishDirect
category:Replacement Fuel,3400961,Replacement Fuel,Sports & Outdoors > Outdoor Recreation > Camping & Hiking > Camp Kitchen > Stove Accessories > Replacement Fuel,B0C24Q2BDP,,"Propane Cylinder Replacement Tank 16 Oz. (1 Pack) All-Purpose Propane Fuel For Heating, Cooking, Lighting, and Emergencies",Sports & Outdoors > Outdoor Recreation > Camping & Hiking > Camp Kitchen > Stove Accessories > Replacement Fuel,US,15.25,4.27,1.22,3.5,0.15,407.0,143.0,4.5,0.55,10000,1.0,20.0,50,25.0,20.0,20.0,65,20,53.8,C,"observed:price,sales,reviews,rating; estimated:fba_fee,search_volume,cpc",estimated_default_costs,Imported from Sorftime; ASIN B0C24Q2BDP; brand Evergreen farm and garden
category:Backpacking Stoves,19450135011,Backpacking Stoves,Sports & Outdoors > Outdoor Recreation > Camping & Hiking > Camp Kitchen > Stoves & Grills > Backpacking Stoves,B08NLVKHPP,,"Kuvik Titanium Wood Stove - Ultralight and Compact Stove for Backpacking | Packs Flat, Easy Setup, Ultralight Titanium, High Strength, Corrosion Resistant, Burns Natural Fuels, Carrying Case Included",Sports & Outdoors > Outdoor Recreation > Camping & Hiking > Camp Kitchen > Stoves & Grills > Backpacking Stoves,US,39.99,11.2,3.2,4.45,0.15,285.0,465.0,4.6,0.55,10000,1.0,20.0,50,25.0,20.0,20.0,75,35,65.0,B,"observed:price,sales,reviews,rating,fba_fee; estimated:search_volume,cpc",estimated_default_costs,Imported from Sorftime; ASIN B08NLVKHPP; brand Kuvik
category:Storage,3397571,Storage,Sports & Outdoors > Sports > Boating & Sailing > Boating > Boat Cabin Products > Storage,B0GJ8HW2VB,,"QualyQualy Boat Rail Cup Holder 2 Pack, No-Drill Clamp-On Marine Cup Holders 360° Adjustable for Pontoon Boat, Bimini Top, Grab Bar, PWC, Jet Ski, Fits Round & Square Rails 15-40mm, Boat Gifts for Men",Sports & Outdoors > Sports > Boating & Sailing > Boating > Boat Cabin Products > Storage,US,18.99,5.32,1.52,5.77,0.15,1342.0,53.0,4.4,0.55,10000,1.0,20.0,50,25.0,20.0,20.0,75,35,65.0,B,"observed:price,sales,reviews,rating,fba_fee; estimated:search_volume,cpc",estimated_default_costs,Imported from Sorftime; ASIN B0GJ8HW2VB; brand QualyQualy
category:Cleaning Tools,3398891,Cleaning Tools,Sports & Outdoors > Sports > Boating & Sailing > Boating > Maintenance Supplies > Cleaning Tools,B07KCM8JLJ,,"Medium Boat Deck Brush, Heavy-Duty Marine Brush Head, 8“ Bristle",Sports & Outdoors > Sports > Boating & Sailing > Boating > Maintenance Supplies > Cleaning Tools,US,29.99,8.4,2.4,5.94,0.15,404.0,533.0,4.5,0.55,10000,1.0,20.0,50,25.0,20.0,20.0,75,35,65.0,B,"observed:price,sales,reviews,rating,fba_fee; estimated:search_volume,cpc",estimated_default_costs,Imported from Sorftime; ASIN B07KCM8JLJ; brand Better Boat
category:Tools,3398991,Tools,Sports & Outdoors > Sports > Boating & Sailing > Boating > Maintenance Supplies > Tools,B0DZ1S48T8,,"Snap Tool for Boat Covers, Snap Removal Tool with Non-Slip Silicone Grip, Ideal Boat Tool and Marine Snap Tool",Sports & Outdoors > Sports > Boating & Sailing > Boating > Maintenance Supplies > Tools,US,12.99,3.64,1.04,4.19,0.15,410.0,88.0,4.6,0.55,10000,1.0,20.0,50,25.0,20.0,20.0,75,35,65.0,B,"observed:price,sales,reviews,rating,fba_fee; estimated:search_volume,cpc",estimated_default_costs,Imported from Sorftime; ASIN B0DZ1S48T8; brand Cnosky
category:Spoke Tools,10208099011,Spoke Tools,Sports & Outdoors > Sports > Cycling > Wheels & Accessories > Spokes & Parts > Spoke Tools,B07YQQQC8L,,"NINEFOX Bicycle Spoke Tension Meter Tensiometer Wheel Repair Tool | With specification caliper for truing checks, new builds, routine service, and uneven load detection",Sports & Outdoors > Sports > Cycling > Wheels & Accessories > Spokes & Parts > Spoke Tools,US,19.84,5.56,1.59,4.46,0.15,276.0,587.0,4.6,0.55,10000,1.0,20.0,50,25.0,20.0,20.0,75,35,65.0,B,"observed:price,sales,reviews,rating,fba_fee; estimated:search_volume,cpc",estimated_default_costs,Imported from Sorftime; ASIN B07YQQQC8L; brand NINEFOX
category:Ball Storage,12118748011,Ball Storage,Sports & Outdoors > Sports > Team Sports > Basketball > Accessories > Ball Storage,B0D48ZWWC1,,"Wall Mount Basketball Holder, Ball Storage Holders Display Rack for Autograph Basketball, Football, Soccer, Volleyball Collection, Sports Accessories Organizer for Player Fans",Sports & Outdoors > Sports > Team Sports > Basketball > Accessories > Ball Storage,US,25.99,7.28,2.08,6.34,0.15,519.0,229.0,4.5,0.55,10000,1.0,20.0,50,25.0,20.0,20.0,75,35,65.0,B,"observed:price,sales,reviews,rating,fba_fee; estimated:search_volume,cpc",estimated_default_costs,Imported from Sorftime; ASIN B0D48ZWWC1; brand AIDILI
category:Toilet Assistance Cushions,8624797011,Toilet Assistance Cushions,Tools & Home Improvement > Kitchen & Bath Fixtures > Bathroom Fixtures > Bathroom Safety & Accessibility > Toilets & Toilet Aids > Toilet Assistance Cushions,B0CTCL4TWP,,"Bedside Soft Commode seat Cushion, Thick Pad PU Cover with Fixing Straps for Commode Chair, Washable Toilet Seat Cushion Warmer for Elderly Adults",Tools & Home Improvement > Kitchen & Bath Fixtures > Bathroom Fixtures > Bathroom Safety & Accessibility > Toilets & Toilet Aids > Toilet Assistance Cushions,US,27.99,7.84,2.24,7.93,0.15,297.0,60.0,4.3,0.55,10000,1.0,20.0,50,25.0,20.0,20.0,75,35,65.0,B,"observed:price,sales,reviews,rating,fba_fee; estimated:search_volume,cpc",estimated_default_costs,Imported from Sorftime; ASIN B0CTCL4TWP; brand ZXMOBY
category:Toilet Assistance Steps,8624798011,Toilet Assistance Steps,Tools & Home Improvement > Kitchen & Bath Fixtures > Bathroom Fixtures > Bathroom Safety & Accessibility > Toilets & Toilet Aids > Toilet Assistance Steps,B0CRKWY2X7,,"Squatting Toilet Stool, Poop Stool Squat Adult, 7“ Potty Stool for Bathroom | Recximi Non-Slip Pooping Stool, Portable Toilet Step Stool for Adults, 7 Inch Height Foot Rest for Bathroom, Gray",Tools & Home Improvement > Kitchen & Bath Fixtures > Bathroom Fixtures > Bathroom Safety & Accessibility > Toilets & Toilet Aids > Toilet Assistance Steps,US,14.98,4.19,1.2,7.92,0.15,3366.0,2224.0,4.4,0.55,10000,1.0,20.0,50,25.0,20.0,20.0,75,35,65.0,B,"observed:price,sales,reviews,rating,fba_fee; estimated:search_volume,cpc",estimated_default_costs,Imported from Sorftime; ASIN B0CRKWY2X7; brand Recximi
category:Toilet Safety Frames & Rails,3775391,Toilet Safety Frames & Rails,Tools & Home Improvement > Kitchen & Bath Fixtures > Bathroom Fixtures > Bathroom Safety & Accessibility > Toilets & Toilet Aids > Toilet Safety Frames & Rails,B0DSBMZMX1,,"HOMLAND Toilet Safety Rails for Seniors, Adjustable Height & Width, 350 Lbs | Padded Armrests, Foldable Aluminum Toilet Safety Frame, Handicap Toilet Handles for Elderly and Disabled, Fit Any Toilets",Tools & Home Improvement > Kitchen & Bath Fixtures > Bathroom Fixtures > Bathroom Safety & Accessibility > Toilets & Toilet Aids > Toilet Safety Frames & Rails,US,39.99,11.2,3.2,8.29,0.15,2175.0,863.0,4.4,0.55,10000,1.0,20.0,50,25.0,20.0,20.0,75,35,65.0,B,"observed:price,sales,reviews,rating,fba_fee; estimated:search_volume,cpc",estimated_default_costs,Imported from Sorftime; ASIN B0DSBMZMX1; brand HOMLAND
category:Tool Holsters,553582,Tool Holsters,Tools & Home Improvement > Storage & Home Organization > Tool Organizers > Tool Holsters,B0D8YB5RHR,,"Topstache Leather Multitool Sheath with Belt Clip - Multi Tool Holster for Belt - EDC Belt Organizer Fits Multitool, Flashlight, Pen - Leather EDC Pouch, DarkBrown",Tools & Home Improvement > Storage & Home Organization > Tool Organizers > Tool Holsters,US,22.99,6.44,1.84,3.93,0.15,449.0,365.0,4.5,0.55,10000,1.0,20.0,50,25.0,20.0,20.0,75,35,65.0,B,"observed:price,sales,reviews,rating,fba_fee; estimated:search_volume,cpc",estimated_default_costs,Imported from Sorftime; ASIN B0D8YB5RHR; brand topstache
category:Tool Pouches,322568011,Tool Pouches,Tools & Home Improvement > Storage & Home Organization > Tool Organizers > Tool Pouches,B0G24G9R88,,"MAXPEDITION Platy Pocket Organizer, Durable EDC Tool Pouch for Men, Neck Wallet with Paracord Lanyard, Holds Flashlight, Multitool, Pen, Notebook",Tools & Home Improvement > Storage & Home Organization > Tool Organizers > Tool Pouches,US,23.99,6.72,1.92,3.94,0.15,769.0,404.0,4.6,0.55,10000,1.0,20.0,50,25.0,20.0,20.0,75,35,65.0,B,"observed:price,sales,reviews,rating,fba_fee; estimated:search_volume,cpc",estimated_default_costs,Imported from Sorftime; ASIN B0G24G9R88; brand Maxpedition
category:Tool Trays,15709201,Tool Trays,Tools & Home Improvement > Storage & Home Organization > Tool Organizers > Tool Trays,B0BFHRVW9W,,"AMM 9PCS Socket organizer, 1/4' 3/8' 1/2' Drive Heavy duty socket holder",Tools & Home Improvement > Storage & Home Organization > Tool Organizers > Tool Trays,US,16.86,4.72,1.35,6.3,0.15,2301.0,2081.0,4.5,0.55,10000,1.0,20.0,50,25.0,20.0,20.0,75,35,65.0,B,"observed:price,sales,reviews,rating,fba_fee; estimated:search_volume,cpc",estimated_default_costs,Imported from Sorftime; ASIN B0BFHRVW9W; brand AMM
category:Mop Handles,14253971,Mop Handles,Home & Kitchen > Cleaning Supplies > Household Cleaning > Cleaning Tools > Mopping > Accessories > Mop Handles,B0GMQQMVY6,,"Mop Handle Compatible with Swiffer, Detachable Pink Extra Long Mop Handle for Swiffer",Home & Kitchen > Cleaning Supplies > Household Cleaning > Cleaning Tools > Mopping > Accessories > Mop Handles,US,12.99,3.64,1.04,4.89,0.15,691.0,99.0,4.2,0.55,10000,1.0,20.0,50,25.0,20.0,20.0,75,35,65.0,B,"observed:price,sales,reviews,rating,fba_fee; estimated:search_volume,cpc",estimated_default_costs,Imported from Sorftime; ASIN B0GMQQMVY6; brand LANGRUI
category:Refill Sponges,695492011,Refill Sponges,Home & Kitchen > Cleaning Supplies > Household Cleaning > Cleaning Tools > Mopping > Accessories > Refill Sponges,B01B7QLF1S,,OXO Good Grips Butterfly Mop Refill - Red - 1 Pack,Home & Kitchen > Cleaning Supplies > Household Cleaning > Cleaning Tools > Mopping > Accessories > Refill Sponges,US,13.99,3.92,1.12,4.47,0.15,438.0,795.0,4.5,0.55,10000,1.0,20.0,50,25.0,20.0,20.0,75,35,65.0,B,"observed:price,sales,reviews,rating,fba_fee; estimated:search_volume,cpc",estimated_default_costs,Imported from Sorftime; ASIN B01B7QLF1S; brand OXO
category:Replacement Heads,695491011,Replacement Heads,Home & Kitchen > Cleaning Supplies > Household Cleaning > Cleaning Tools > Mopping > Accessories > Replacement Heads,B0G43QY7V8,,"Mop Head Replacement for O Cedar, Spin Mop Replacement Head for Ocedar Easywring 1 Tank System, Mop Heads Includeds 4 Mop Replacement Heads , 1 Spin Scrub Brush & 1 Base",Home & Kitchen > Cleaning Supplies > Household Cleaning > Cleaning Tools > Mopping > Accessories > Replacement Heads,US,14.59,4.09,1.17,5.77,0.15,1533.0,227.0,4.4,0.55,10000,1.0,20.0,50,25.0,20.0,20.0,75,35,65.0,B,"observed:price,sales,reviews,rating,fba_fee; estimated:search_volume,cpc",estimated_default_costs,Imported from Sorftime; ASIN B0G43QY7V8; brand Uoiispet
category:Replacement Mop Pads,23537025011,Replacement Mop Pads,Home & Kitchen > Cleaning Supplies > Household Cleaning > Cleaning Tools > Mopping > Accessories > Replacement Mop Pads,B0DBD52BNT,,"24 Pack Power Mop Refills Pads for Swiffer Power Mop,Wet and Dry Use | Swifter Wet Pads Refill for Swiffer,Thickened Mopping Pads Replacement,All Purpose Multi-Surface Wet or Dry Cleaning",Home & Kitchen > Cleaning Supplies > Household Cleaning > Cleaning Tools > Mopping > Accessories > Replacement Mop Pads,US,19.99,5.6,1.6,6.22,0.15,3659.0,1071.0,4.6,0.55,10000,1.0,20.0,50,25.0,20.0,20.0,75,35,65.0,B,"observed:price,sales,reviews,rating,fba_fee; estimated:search_volume,cpc",estimated_default_costs,Imported from Sorftime; ASIN B0DBD52BNT; brand DOCXCDO
category:Dust Mops,23537023011,Dust Mops,Home & Kitchen > Cleaning Supplies > Household Cleaning > Cleaning Tools > Mopping > Wet & Dry Mops > Dust Mops,B0CK552X5T,,"Rubbermaid Reveal Spray Mop Floor Cleaning Kit, 3 Reusable Microfiber Wet Pads, 1 Refillable Bottle, Cordless, Multi-Surface Mopping for All Home/Bathroom/Office Floors",Home & Kitchen > Cleaning Supplies > Household Cleaning > Cleaning Tools > Mopping > Wet & Dry Mops > Dust Mops,US,40.35,11.3,3.23,8.51,0.15,2586.0,2440.0,4.3,0.55,10000,1.0,20.0,50,25.0,20.0,20.0,75,35,65.0,B,"observed:price,sales,reviews,rating,fba_fee; estimated:search_volume,cpc",estimated_default_costs,Imported from Sorftime; ASIN B0CK552X5T; brand Rubbermaid
category:Sponge Mops,23537024011,Sponge Mops,Home & Kitchen > Cleaning Supplies > Household Cleaning > Cleaning Tools > Mopping > Wet & Dry Mops > Sponge Mops,B0012H14LE,,Mr. Clean Magic Eraser Squeeze Mop,Home & Kitchen > Cleaning Supplies > Household Cleaning > Cleaning Tools > Mopping > Wet & Dry Mops > Sponge Mops,US,31.7,8.88,2.54,5.71,0.15,237.0,1080.0,4.1,0.55,10000,1.0,20.0,50,25.0,20.0,20.0,65,20,53.8,C,"observed:price,sales,reviews,rating; estimated:fba_fee,search_volume,cpc",estimated_default_costs,Imported from Sorftime; ASIN B0012H14LE; brand Mr. Clean
category:String Mops,23537022011,String Mops,Home & Kitchen > Cleaning Supplies > Household Cleaning > Cleaning Tools > Mopping > Wet & Dry Mops > String Mops,B0DHVDDTBD,,Silkyhose Self-Wringing Twist Cotton Mop with 2 Reusable Heads,Home & Kitchen > Cleaning Supplies > Household Cleaning > Cleaning Tools > Mopping > Wet & Dry Mops > String Mops,US,19.99,5.6,1.6,6.77,0.15,215.0,249.0,3.9,0.55,10000,1.0,20.0,50,25.0,20.0,20.0,75,35,65.0,B,"observed:price,sales,reviews,rating,fba_fee; estimated:search_volume,cpc",estimated_default_costs,Imported from Sorftime; ASIN B0DHVDDTBD; brand Silkyhose
category:Angle Brooms,14253831,Angle Brooms,Home & Kitchen > Cleaning Supplies > Household Cleaning > Cleaning Tools > Sweeping > Brooms > Angle Brooms,B075T3DD13,,Xifando Three-Section Telescopic Aluminum Alloy Rod Long-Handled Broom,Home & Kitchen > Cleaning Supplies > Household Cleaning > Cleaning Tools > Sweeping > Brooms > Angle Brooms,US,19.99,5.6,1.6,7.82,0.15,770.0,1277.0,4.3,0.55,10000,1.0,20.0,50,25.0,20.0,20.0,75,35,65.0,B,"observed:price,sales,reviews,rating,fba_fee; estimated:search_volume,cpc",estimated_default_costs,Imported from Sorftime; ASIN B075T3DD13; brand Xifando
category:Hand Brooms,14253841,Hand Brooms,Home & Kitchen > Cleaning Supplies > Household Cleaning > Cleaning Tools > Sweeping > Brooms > Hand Brooms,B0DZ5DQP98,,"JOYMOOP White Broom and Dustpan Set, Upright Angle Design with Built-in Comb Teeth for Kitchen, Office, Pet Hair, Hard Floors",Home & Kitchen > Cleaning Supplies > Household Cleaning > Cleaning Tools > Sweeping > Brooms > Hand Brooms,US,24.99,7.0,2.0,8.21,0.15,1040.0,495.0,4.1,0.55,10000,1.0,20.0,50,25.0,20.0,20.0,75,35,65.0,B,"observed:price,sales,reviews,rating,fba_fee; estimated:search_volume,cpc",estimated_default_costs,Imported from Sorftime; ASIN B0DZ5DQP98; brand JOYMOOP
category:Push Brooms,14253851,Push Brooms,Home & Kitchen > Cleaning Supplies > Household Cleaning > Cleaning Tools > Sweeping > Brooms > Push Brooms,B0FSCFBJ56,,2 in 1 Stainless Steel Wire Brush Heavy Duty Floor Deck Scrub,Home & Kitchen > Cleaning Supplies > Household Cleaning > Cleaning Tools > Sweeping > Brooms > Push Brooms,US,19.98,5.59,1.6,6.59,0.15,284.0,114.0,4.3,0.55,10000,1.0,20.0,50,25.0,20.0,20.0,75,35,65.0,B,"observed:price,sales,reviews,rating,fba_fee; estimated:search_volume,cpc",estimated_default_costs,Imported from Sorftime; ASIN B0FSCFBJ56; brand JIURAIN
category:Dustpans,21588789011,Dustpans,Home & Kitchen > Cleaning Supplies > Household Cleaning > Cleaning Tools > Sweeping > Parts & Accessories > Dustpans,B09GYF3MG7,,"Small Broom and Dustpan Set, Household Mini Broom and Dustpan Set, Mini Broom and Cleaning Set Suitable for Various Small Areas (White)",Home & Kitchen > Cleaning Supplies > Household Cleaning > Cleaning Tools > Sweeping > Parts & Accessories > Dustpans,US,13.88,3.89,1.11,7.93,0.15,1254.0,926.0,4.0,0.55,10000,1.0,20.0,50,25.0,20.0,20.0,75,35,65.0,B,"observed:price,sales,reviews,rating,fba_fee; estimated:search_volume,cpc",estimated_default_costs,Imported from Sorftime; ASIN B09GYF3MG7; brand WDDBHSKN
category:Kitchen Brushes,203313515011,Kitchen Brushes,Home & Kitchen > Cleaning Supplies > Household Cleaning > Cleaning Tools > Brushes > Kitchen Brushes,B0CGV35QD5,,"RIMAY Soap Dispensing Dish Brush Set with 2 Brush Refills and Holder | Dish Scrubber with Handle, Kitchen Dishwashing Brush Dish Wand for Dishes, Pans, Pots And Sink, Black",Home & Kitchen > Cleaning Supplies > Household Cleaning > Cleaning Tools > Brushes > Kitchen Brushes,US,12.99,3.64,1.04,4.47,0.15,1687.0,812.0,4.5,0.55,10000,1.0,20.0,50,25.0,20.0,20.0,75,35,65.0,B,"observed:price,sales,reviews,rating,fba_fee; estimated:search_volume,cpc",estimated_default_costs,Imported from Sorftime; ASIN B0CGV35QD5; brand RIMAY
category:Toilet Brushes & Holders,85975011,Toilet Brushes & Holders,Home & Kitchen > Cleaning Supplies > Household Cleaning > Cleaning Tools > Brushes > Toilet Brushes & Holders,B0FPVS8NGD,,"Disposable Toilet Bowl Brush with 36 Count Refills, Toilet Cleaning Stick,Toilet Bowl Cleaner Holder and Set, Toilet Cleaning System Starter Kit",Home & Kitchen > Cleaning Supplies > Household Cleaning > Cleaning Tools > Brushes > Toilet Brushes & Holders,US,24.99,7.0,2.0,6.78,0.15,2068.0,161.0,4.5,0.55,10000,1.0,20.0,50,25.0,20.0,20.0,75,35,65.0,B,"observed:price,sales,reviews,rating,fba_fee; estimated:search_volume,cpc",estimated_default_costs,Imported from Sorftime; ASIN B0FPVS8NGD; brand MNWHUC
category:Feather Dusters,2245498011,Feather Dusters,Home & Kitchen > Cleaning Supplies > Household Cleaning > Cleaning Tools > Dusting > Feather Dusters,B0DZ22TD18,,12 PCS Microfiber Reusable Duster Refills for Swiffer Duster,Home & Kitchen > Cleaning Supplies > Household Cleaning > Cleaning Tools > Dusting > Feather Dusters,US,17.09,4.79,1.37,5.36,0.15,1570.0,283.0,4.4,0.55,10000,1.0,20.0,50,25.0,20.0,20.0,75,35,65.0,B,"observed:price,sales,reviews,rating,fba_fee; estimated:search_volume,cpc",estimated_default_costs,Imported from Sorftime; ASIN B0DZ22TD18; brand Nicemiya
category:Buckets,2245509011,Buckets,Home & Kitchen > Cleaning Supplies > Household Cleaning > Cleaning Tools > Mopping > Buckets,B0BZW4RCP7,,"Roshtia 6 Pcs 3 Quart Sanitizing Cleaning Bucket Square, Red | Sanitation Bucket Samll Sanitizer Pails for Restaurant Commercial Kitchen Cleaning, Detergent Storage for Office School",Home & Kitchen > Cleaning Supplies > Household Cleaning > Cleaning Tools > Mopping > Buckets,US,35.99,10.08,2.88,7.66,0.15,647.0,167.0,4.4,0.55,10000,1.0,20.0,50,25.0,20.0,20.0,75,35,65.0,B,"observed:price,sales,reviews,rating,fba_fee; estimated:search_volume,cpc",estimated_default_costs,Imported from Sorftime; ASIN B0BZW4RCP7; brand Roshtia
category:Tool Sets,1243386011,Tool Sets,"Home & Kitchen > Heating, Cooling & Air Quality > Parts & Accessories > Stove & Fireplace Accessories > Fireplace Tools > Tool Sets",B09ZQDBH4S,,"INNO STAGE Mini Metal Ash Bucket with Lid, Shovel and Broom, 1.5 Gallon | Ash Can for Fireplaces, Wood Stoves, and Fire Pits","Home & Kitchen > Heating, Cooling & Air Quality > Parts & Accessories > Stove & Fireplace Accessories > Fireplace Tools > Tool Sets",US,25.25,7.07,2.02,8.4,0.15,342.0,1624.0,4.4,0.55,10000,1.0,20.0,50,25.0,20.0,20.0,75,35,65.0,B,"observed:price,sales,reviews,rating,fba_fee; estimated:search_volume,cpc",estimated_default_costs,Imported from Sorftime; ASIN B09ZQDBH4S; brand INNO STAGE
category:Bread Proofing Baskets,16188240011,Bread Proofing Baskets,Home & Kitchen > Kitchen & Dining > Kitchen Utensils & Gadgets > Baking Tools & Accessories > Baking & Pastry Utensils > Bread Proofing Baskets,B0FQV6G5JB,,"Umite Chef Sourdough Starter Kit, Banneton Bread Proofing Baskets Set | Complete Sourdough Bread Baking Supplies, 9“ Round and 10“ Oval Rattan Banneton & 24 oz Starter Jar, Gifts for Home Bakers",Home & Kitchen > Kitchen & Dining > Kitchen Utensils & Gadgets > Baking Tools & Accessories > Baking & Pastry Utensils > Bread Proofing Baskets,US,29.99,8.4,2.4,8.41,0.15,2267.0,565.0,4.6,0.55,10000,1.0,20.0,50,25.0,20.0,20.0,75,35,65.0,B,"observed:price,sales,reviews,rating,fba_fee; estimated:search_volume,cpc",estimated_default_costs,Imported from Sorftime; ASIN B0FQV6G5JB; brand Umite Chef
category:Pastry Brushes,678525011,Pastry Brushes,Home & Kitchen > Kitchen & Dining > Kitchen Utensils & Gadgets > Baking Tools & Accessories > Baking & Pastry Utensils > Pastry Brushes,B0G1C7ZFS1,,"Le Creuset Silicone Signature Basting Brush, Cerise",Home & Kitchen > Kitchen & Dining > Kitchen Utensils & Gadgets > Baking Tools & Accessories > Baking & Pastry Utensils > Pastry Brushes,US,18.95,5.31,1.52,3.5,0.15,397.0,12.0,4.6,0.55,10000,1.0,20.0,50,25.0,20.0,20.0,65,20,53.8,C,"observed:price,sales,reviews,rating; estimated:fba_fee,search_volume,cpc",estimated_default_costs,Imported from Sorftime; ASIN B0G1C7ZFS1; brand Le Creuset
category:Bottle Openers,3109475011,Bottle Openers,Home & Kitchen > Kitchen & Dining > Kitchen Utensils & Gadgets > Bar & Wine Tools > Corkscrews & Openers > Bottle Openers,B0B2NZTQGQ,,"Kitchen Mama Epic One Multifunction Opener, Red | Magnetic Bottle Opener, Beer Soda Opener, Effortless Jar Lid Opener, For Seniors and Elderly with Weak Hands and Arthritis",Home & Kitchen > Kitchen & Dining > Kitchen Utensils & Gadgets > Bar & Wine Tools > Corkscrews & Openers > Bottle Openers,US,19.99,5.6,1.6,3.93,0.15,472.0,1868.0,3.9,0.55,10000,1.0,20.0,50,25.0,20.0,20.0,75,35,65.0,B,"observed:price,sales,reviews,rating,fba_fee; estimated:search_volume,cpc",estimated_default_costs,Imported from Sorftime; ASIN B0B2NZTQGQ; brand Kitchen Mama
category:Screwpull Levers,13825981,Screwpull Levers,Home & Kitchen > Kitchen & Dining > Kitchen Utensils & Gadgets > Bar & Wine Tools > Corkscrews & Openers > Screwpull Levers,B0CNBPWC4V,,"Rabbit Vertical Corkscrew Wine Opener with One-Pull Design, Foil Cutter Included, Easy to Use Manual Lever, Durable Stainless Steel Spiral, Merlot",Home & Kitchen > Kitchen & Dining > Kitchen Utensils & Gadgets > Bar & Wine Tools > Corkscrews & Openers > Screwpull Levers,US,19.99,5.6,1.6,3.6,0.15,593.0,598.0,4.0,0.55,10000,1.0,20.0,50,25.0,20.0,20.0,50,20,42.5,C,"observed:sales,reviews,rating; estimated:price,fba_fee,search_volume,cpc",estimated_default_costs,Imported from Sorftime; ASIN B0CNBPWC4V; brand Rabbit
category:Waiter Corkscrews,13826001,Waiter Corkscrews,Home & Kitchen > Kitchen & Dining > Kitchen Utensils & Gadgets > Bar & Wine Tools > Corkscrews & Openers > Waiter Corkscrews,B09VG81642,,"RECUTMS 12 Pack Wine Opener,Waiter Corkscrew Wine Key for Servers（Black） | Heavy Duty Stainless Steel Fold Beer or Bottle Opener Serrated Foil Cutter,Perfect for Bars,Restaurants,Family,Company Party",Home & Kitchen > Kitchen & Dining > Kitchen Utensils & Gadgets > Bar & Wine Tools > Corkscrews & Openers > Waiter Corkscrews,US,19.99,5.6,1.6,5.72,0.15,593.0,659.0,4.1,0.55,10000,1.0,20.0,50,25.0,20.0,20.0,75,35,65.0,B,"observed:price,sales,reviews,rating,fba_fee; estimated:search_volume,cpc",estimated_default_costs,Imported from Sorftime; ASIN B09VG81642; brand RECUTMS
category:Wine Stoppers,678499011,Wine Stoppers,Home & Kitchen > Kitchen & Dining > Kitchen Utensils & Gadgets > Bar & Wine Tools > Wine Stoppers & Pourers > Wine Stoppers,B07HYPPXC2,,"I-MART Pack of 6 Stainless Steel Champagne Stoppers, Prosecco, Sparkling Wine Bottle Stopper, Cork",Home & Kitchen > Kitchen & Dining > Kitchen Utensils & Gadgets > Bar & Wine Tools > Wine Stoppers & Pourers > Wine Stoppers,US,12.99,3.64,1.04,4.45,0.15,668.0,1249.0,4.5,0.55,10000,1.0,20.0,50,25.0,20.0,20.0,75,35,65.0,B,"observed:price,sales,reviews,rating,fba_fee; estimated:search_volume,cpc",estimated_default_costs,Imported from Sorftime; ASIN B07HYPPXC2; brand I-MART
category:Electric Fondue Pots,17384862011,Electric Fondue Pots,Home & Kitchen > Kitchen & Dining > Kitchen Utensils & Gadgets > Cheese Tools > Fondue > Electric Fondue Pots,B08GG9J4LV,,chocolate-fountains,Home & Kitchen > Kitchen & Dining > Kitchen Utensils & Gadgets > Cheese Tools > Fondue > Electric Fondue Pots,US,23.54,6.59,1.88,12.81,0.15,572.0,946.0,4.4,0.55,10000,1.0,20.0,50,25.0,20.0,20.0,75,35,65.0,B,"observed:price,sales,reviews,rating,fba_fee; estimated:search_volume,cpc",estimated_default_costs,Imported from Sorftime; ASIN B08GG9J4LV; brand Nostalgia
category:Pots & Sets,17384864011,Pots & Sets,Home & Kitchen > Kitchen & Dining > Kitchen Utensils & Gadgets > Cheese Tools > Fondue > Pots & Sets,B0G39H63BH,,"Honeydak Chocolate Fondue Mug with Fork ＆ Candle, 2 Set, Red, White",Home & Kitchen > Kitchen & Dining > Kitchen Utensils & Gadgets > Cheese Tools > Fondue > Pots & Sets,US,26.99,7.56,2.16,6.2,0.15,245.0,114.0,4.4,0.55,10000,1.0,20.0,50,25.0,20.0,20.0,75,35,65.0,B,"observed:price,sales,reviews,rating,fba_fee; estimated:search_volume,cpc",estimated_default_costs,Imported from Sorftime; ASIN B0G39H63BH; brand Honeydak
category:Corers,678502011,Corers,Home & Kitchen > Kitchen & Dining > Kitchen Utensils & Gadgets > Fruit & Vegetable Tools > Corers & Pitters > Corers,B0DJQZXFFM,,"Apple Peeler Corer, 5 In 1 Apple Peeler Slicer Corer with Stainless Steel Blades and Powerful Suction Base for Apples and Potatoes(Ruby)",Home & Kitchen > Kitchen & Dining > Kitchen Utensils & Gadgets > Fruit & Vegetable Tools > Corers & Pitters > Corers,US,26.99,7.56,2.16,6.38,0.15,569.0,96.0,4.5,0.55,10000,1.0,20.0,50,25.0,20.0,20.0,75,35,65.0,B,"observed:price,sales,reviews,rating,fba_fee; estimated:search_volume,cpc",estimated_default_costs,Imported from Sorftime; ASIN B0DJQZXFFM; brand tatida
category:Pitters,678503011,Pitters,Home & Kitchen > Kitchen & Dining > Kitchen Utensils & Gadgets > Fruit & Vegetable Tools > Corers & Pitters > Pitters,B09RQ3ZZLN,,"OXO Good Grips Peach Pitter | Sharp Stainless Steel Blades Cleanly Remove Pits, Ideal for Peaches & Nectarines, Non-Slip Grip",Home & Kitchen > Kitchen & Dining > Kitchen Utensils & Gadgets > Fruit & Vegetable Tools > Corers & Pitters > Pitters,US,12.95,3.63,1.04,4.48,0.15,403.0,490.0,4.6,0.55,10000,1.0,20.0,50,25.0,20.0,20.0,75,35,65.0,B,"observed:price,sales,reviews,rating,fba_fee; estimated:search_volume,cpc",estimated_default_costs,Imported from Sorftime; ASIN B09RQ3ZZLN; brand OXO
category:Potato Mashers,678504011,Potato Mashers,Home & Kitchen > Kitchen & Dining > Kitchen Utensils & Gadgets > Fruit & Vegetable Tools > Potato Mashers & Ricers > Potato Mashers,B0GJMTP5NB,,"Meat Masher, 6 Blade Stainless Steel Ground Beef Chopper Kitchen Tool",Home & Kitchen > Kitchen & Dining > Kitchen Utensils & Gadgets > Fruit & Vegetable Tools > Potato Mashers & Ricers > Potato Mashers,US,14.93,4.18,1.19,4.47,0.15,559.0,70.0,4.4,0.55,10000,1.0,20.0,50,25.0,20.0,20.0,75,35,65.0,B,"observed:price,sales,reviews,rating,fba_fee; estimated:search_volume,cpc",estimated_default_costs,Imported from Sorftime; ASIN B0GJMTP5NB; brand UNAYMIDY
category:Potato Ricers,678505011,Potato Ricers,Home & Kitchen > Kitchen & Dining > Kitchen Utensils & Gadgets > Fruit & Vegetable Tools > Potato Mashers & Ricers > Potato Ricers,B0G3NZ1NTN,,"SPEENSUN Potato Ricer, 22oz Large Capacity, Heavy Duty Stainless Steel | Detachable Masher Press for Lump-Free Mash, Soft Grip, Dishwasher Safe, Ideal for Baby Food, Veggies & Fruit Juices",Home & Kitchen > Kitchen & Dining > Kitchen Utensils & Gadgets > Fruit & Vegetable Tools > Potato Mashers & Ricers > Potato Ricers,US,14.99,4.2,1.2,6.22,0.15,453.0,160.0,4.1,0.55,10000,1.0,20.0,50,25.0,20.0,20.0,75,35,65.0,B,"observed:price,sales,reviews,rating,fba_fee; estimated:search_volume,cpc",estimated_default_costs,Imported from Sorftime; ASIN B0G3NZ1NTN; brand SPEENSUN
category:Digital Scales,678508011,Digital Scales,Home & Kitchen > Kitchen & Dining > Kitchen Utensils & Gadgets > Measuring Tools & Scales > Kitchen Scales > Digital Scales,B0CJ7S41HJ,,"Coffee Scale with Timer, 0.1g High Precision Espresso Scale 3kg",Home & Kitchen > Kitchen & Dining > Kitchen Utensils & Gadgets > Measuring Tools & Scales > Kitchen Scales > Digital Scales,US,14.39,4.03,1.15,4.45,0.15,1910.0,427.0,4.3,0.55,10000,1.0,20.0,50,25.0,20.0,20.0,75,35,65.0,B,"observed:price,sales,reviews,rating,fba_fee; estimated:search_volume,cpc",estimated_default_costs,Imported from Sorftime; ASIN B0CJ7S41HJ; brand Nkove
category:Manual Pasta Makers,17548249011,Manual Pasta Makers,Home & Kitchen > Kitchen & Dining > Kitchen Utensils & Gadgets > Pasta & Pizza Tools > Pasta Makers & Accessories > Manual Pasta Makers,B0BGJSVLMC,,Gnocchi Board and Butter Paddles Kit with Recipe Book | Pasta Maker Gift for Cooks | Be an Expert Butter Churner and Gnocchi Maker with this Wooden Pasta Tools Set,Home & Kitchen > Kitchen & Dining > Kitchen Utensils & Gadgets > Pasta & Pizza Tools > Pasta Makers & Accessories > Manual Pasta Makers,US,17.99,5.04,1.44,4.87,0.15,390.0,39.0,4.4,0.55,10000,1.0,20.0,50,25.0,20.0,20.0,75,35,65.0,B,"observed:price,sales,reviews,rating,fba_fee; estimated:search_volume,cpc",estimated_default_costs,Imported from Sorftime; ASIN B0BGJSVLMC; brand Country Trading Co.
category:Cheese Slicers,289760,Cheese Slicers,"Home & Kitchen > Kitchen & Dining > Kitchen Utensils & Gadgets > Peeling, Grating & Slicing Tools > Mandolines & Slicers > Cheese Slicers",B0CQJD7HP6,,"TOPULORS Marble Cheese Slicer with 5 Replacement Thick Cutting Wires, Black | Heavy-Duty 5“x8“ Handheld Marble Board Cheese Slicer Cutter, Smoothly Cuts Block Cheese & Butter, Daily Kitchen Gadget","Home & Kitchen > Kitchen & Dining > Kitchen Utensils & Gadgets > Peeling, Grating & Slicing Tools > Mandolines & Slicers > Cheese Slicers",US,17.99,5.04,1.44,7.09,0.15,756.0,1416.0,4.3,0.55,10000,1.0,20.0,50,25.0,20.0,20.0,75,35,65.0,B,"observed:price,sales,reviews,rating,fba_fee; estimated:search_volume,cpc",estimated_default_costs,Imported from Sorftime; ASIN B0CQJD7HP6; brand TOPULORS
category:Egg Slicers,17548242011,Egg Slicers,"Home & Kitchen > Kitchen & Dining > Kitchen Utensils & Gadgets > Peeling, Grating & Slicing Tools > Mandolines & Slicers > Egg Slicers",B0CNVGKB38,,"Fruit Cutter and Chopper – Cup Slicer for Strawberry, Grape, Banana, Mushroom, Kitchen Gadget for Fruits and Vegetables, Compact Slicing Tool (2 Packs)","Home & Kitchen > Kitchen & Dining > Kitchen Utensils & Gadgets > Peeling, Grating & Slicing Tools > Mandolines & Slicers > Egg Slicers",US,14.24,3.99,1.14,5.36,0.15,505.0,509.0,4.0,0.55,10000,1.0,20.0,50,25.0,20.0,20.0,75,35,65.0,B,"observed:price,sales,reviews,rating,fba_fee; estimated:search_volume,cpc",estimated_default_costs,Imported from Sorftime; ASIN B0CNVGKB38; brand 365Home
category:Mandolines,23616035011,Mandolines,"Home & Kitchen > Kitchen & Dining > Kitchen Utensils & Gadgets > Peeling, Grating & Slicing Tools > Mandolines & Slicers > Mandolines",B0DCW9RNK1,,"Vegetable Chopper Veggie Cutter Onion Food Potato Dicer with Container | Stainless Steel Construction, Fruit Potato Salad Dicer, Dishwasher Safety, Easy Cleaning, Safety Hand Guards","Home & Kitchen > Kitchen & Dining > Kitchen Utensils & Gadgets > Peeling, Grating & Slicing Tools > Mandolines & Slicers > Mandolines",US,69.99,19.6,5.6,8.26,0.15,2497.0,759.0,4.6,0.55,10000,1.0,20.0,50,25.0,20.0,20.0,75,35,65.0,B,"observed:price,sales,reviews,rating,fba_fee; estimated:search_volume,cpc",estimated_default_costs,Imported from Sorftime; ASIN B0DCW9RNK1; brand IPOVIPO
category:Choppers,678514011,Choppers,Home & Kitchen > Kitchen & Dining > Kitchen Utensils & Gadgets > Seasoning & Spice Tools > Choppers & Mincers > Choppers,B0C84G1C5C,,KELEYU Commercial Vegetable Replacement Chopper 1/4’’ Blade | Replacement Chopper Dicer Stainless Steel Blade and Pusher Block for Fruit Cutting Machine Tomato onion French Fries Cutter,Home & Kitchen > Kitchen & Dining > Kitchen Utensils & Gadgets > Seasoning & Spice Tools > Choppers & Mincers > Choppers,US,18.99,5.32,1.52,4.86,0.15,762.0,290.0,4.5,0.55,10000,1.0,20.0,50,25.0,20.0,20.0,75,35,65.0,B,"observed:price,sales,reviews,rating,fba_fee; estimated:search_volume,cpc",estimated_default_costs,Imported from Sorftime; ASIN B0C84G1C5C; brand KELEYU
category:Index Card Storage,12900921,Index Card Storage,Office Products > Office Supplies > Education & Crafts > Filing Products > Index Card Filing > Index Card Storage,B0D5LLC68G,,"Olivo Index Card Holder Box 3x5 Flash Note Card Organizer, Colored, 4 Pack",Office Products > Office Supplies > Education & Crafts > Filing Products > Index Card Filing > Index Card Storage,US,12.99,3.64,1.04,6.22,0.15,808.0,231.0,4.5,0.55,10000,1.0,20.0,50,25.0,20.0,20.0,75,35,65.0,B,"observed:price,sales,reviews,rating,fba_fee; estimated:search_volume,cpc",estimated_default_costs,Imported from Sorftime; ASIN B0D5LLC68G; brand Olivo
category:Outdoor Hanging Brackets,21208375011,Outdoor Hanging Brackets,"Patio, Lawn & Garden > Gardening > Pots, Planters & Container Accessories > Plant Container Accessories > Hooks & Hangers > Outdoor Hanging Brackets",B0F9L16RHW,,"2 Pack Heavy Duty Plant Hooks for Hanging - 12 Inch Metal Wall Hangers Indoor/Outdoor, Sturdy Plant Bracket for Bird Feeders, Planters, Lanterns, Wind Chimes - Patio, Garden, Home Decor (Black)","Patio, Lawn & Garden > Gardening > Pots, Planters & Container Accessories > Plant Container Accessories > Hooks & Hangers > Outdoor Hanging Brackets",US,17.98,5.03,1.44,3.91,0.15,910.0,405.0,4.6,0.55,10000,1.0,20.0,50,25.0,20.0,20.0,75,35,65.0,B,"observed:price,sales,reviews,rating,fba_fee; estimated:search_volume,cpc",estimated_default_costs,Imported from Sorftime; ASIN B0F9L16RHW; brand BBTFAA
category:Outdoor Shepherd‘s Hooks,21208376011,Outdoor Shepherd‘s Hooks,"Patio, Lawn & Garden > Gardening > Pots, Planters & Container Accessories > Plant Container Accessories > Hooks & Hangers > Outdoor Shepherd‘s Hooks",B0GF29J389,,75‘‘ Tall Shepherd‘s Hook with Base Adjustable Height Indoor Outdoor,"Patio, Lawn & Garden > Gardening > Pots, Planters & Container Accessories > Plant Container Accessories > Hooks & Hangers > Outdoor Shepherd‘s Hooks",US,42.99,12.04,3.44,9.27,0.15,266.0,52.0,4.4,0.55,10000,1.0,20.0,50,25.0,20.0,20.0,75,35,65.0,B,"observed:price,sales,reviews,rating,fba_fee; estimated:search_volume,cpc",estimated_default_costs,Imported from Sorftime; ASIN B0GF29J389; brand iLTreFlo
category:Empty Fuel Bottles,3401031,Empty Fuel Bottles,Sports & Outdoors > Outdoor Recreation > Camping & Hiking > Camp Kitchen > Stove Accessories > Empty Fuel Bottles,B00MM3GCVO,,"Flame King 1LB EMPTY Propane Cylinder Tank – Refillable – Reusable – Safe and Legal Refill Option – DOT Compliant – 16.4 oz for Camping, Backpacking, and Hiking, Green",Sports & Outdoors > Outdoor Recreation > Camping & Hiking > Camp Kitchen > Stove Accessories > Empty Fuel Bottles,US,18.95,5.31,1.52,5.73,0.15,560.0,2498.0,4.4,0.55,10000,1.0,20.0,50,25.0,20.0,20.0,75,35,65.0,B,"observed:price,sales,reviews,rating,fba_fee; estimated:search_volume,cpc",estimated_default_costs,Imported from Sorftime; ASIN B00MM3GCVO; brand Flame King
category:Fire Starters,2204647011,Fire Starters,Sports & Outdoors > Outdoor Recreation > Camping & Hiking > Camp Kitchen > Stove Accessories > Fire Starters,B0F3XVPBQ2,,"FlameFox Fire Starter Cubes 160 pcs - Quick Natural Fire Starters for Campfires, BBQ Grill, Fireplace, Fire Pit, Wood Stove, Charcoal & Kindling - Odorless, Waterproof, Long Burning Squares",Sports & Outdoors > Outdoor Recreation > Camping & Hiking > Camp Kitchen > Stove Accessories > Fire Starters,US,17.99,5.04,1.44,3.5,0.15,520.0,131.0,4.4,0.55,10000,1.0,20.0,50,25.0,20.0,20.0,65,20,53.8,C,"observed:price,sales,reviews,rating; estimated:fba_fee,search_volume,cpc",estimated_default_costs,Imported from Sorftime; ASIN B0F3XVPBQ2; brand FLAME FOX
category:Replacement Fuel,3400961,Replacement Fuel,Sports & Outdoors > Outdoor Recreation > Camping & Hiking > Camp Kitchen > Stove Accessories > Replacement Fuel,B09H3NSKF8,,BLUEFIRE Pack of 2 Propane Fuel Camping Gas Cylinder 16.4oz All-Purpose Canister Portable Tank Bottle for Outdoor Cooking Torch Lamp,Sports & Outdoors > Outdoor Recreation > Camping & Hiking > Camp Kitchen > Stove Accessories > Replacement Fuel,US,25.64,7.18,2.05,4.62,0.15,206.0,73.0,4.5,0.55,10000,1.0,20.0,50,25.0,20.0,20.0,65,20,53.8,C,"observed:price,sales,reviews,rating; estimated:fba_fee,search_volume,cpc",estimated_default_costs,Imported from Sorftime; ASIN B09H3NSKF8; brand BlueFire
category:Backpacking Stoves,19450135011,Backpacking Stoves,Sports & Outdoors > Outdoor Recreation > Camping & Hiking > Camp Kitchen > Stoves & Grills > Backpacking Stoves,B07VHMZTJ1,,"REDCAMP Wood Burning Folding Camp Stove Stainless Steel Grid, Portable Collapsible Backpacking Stove Survival Rocket Stove for Hiking Outdoor Tent Camping Picnic BBQ, Samll",Sports & Outdoors > Outdoor Recreation > Camping & Hiking > Camp Kitchen > Stoves & Grills > Backpacking Stoves,US,20.89,5.85,1.67,6.3,0.15,225.0,1817.0,4.5,0.55,10000,1.0,20.0,50,25.0,20.0,20.0,75,35,65.0,B,"observed:price,sales,reviews,rating,fba_fee; estimated:search_volume,cpc",estimated_default_costs,Imported from Sorftime; ASIN B07VHMZTJ1; brand REDCAMP
category:Storage,3397571,Storage,Sports & Outdoors > Sports > Boating & Sailing > Boating > Boat Cabin Products > Storage,B0CZRT8TJ4,,"Gocozer Boat Cup Holder with Rubber Tab, Universal Boat Storage Organizer - 2 Ways Installation: Drill or Adhesive",Sports & Outdoors > Sports > Boating & Sailing > Boating > Boat Cabin Products > Storage,US,26.59,7.45,2.13,6.59,0.15,588.0,450.0,4.6,0.55,10000,1.0,20.0,50,25.0,20.0,20.0,75,35,65.0,B,"observed:price,sales,reviews,rating,fba_fee; estimated:search_volume,cpc",estimated_default_costs,Imported from Sorftime; ASIN B0CZRT8TJ4; brand Gocozer
category:Cleaning Tools,3398891,Cleaning Tools,Sports & Outdoors > Sports > Boating & Sailing > Boating > Maintenance Supplies > Cleaning Tools,B0000AZ5Q4,,"STAR BRITE All-Purpose Medium Red Scrubber Pad | Ergonomic scrubber pad for versatile cleaning of multiple surfaces; reduces hand strain; durable, washable, reusable.",Sports & Outdoors > Sports > Boating & Sailing > Boating > Maintenance Supplies > Cleaning Tools,US,13.86,3.88,1.11,4.47,0.15,335.0,1145.0,4.5,0.55,10000,1.0,20.0,50,25.0,20.0,20.0,75,35,65.0,B,"observed:price,sales,reviews,rating,fba_fee; estimated:search_volume,cpc",estimated_default_costs,Imported from Sorftime; ASIN B0000AZ5Q4; brand STAR BRITE
category:Tools,3398991,Tools,Sports & Outdoors > Sports > Boating & Sailing > Boating > Maintenance Supplies > Tools,B0CGM12GZH,,Upgraded Trailer Alignment Kit/Hitch Alignment System for Connecting Hitch with The Trailers,Sports & Outdoors > Sports > Boating & Sailing > Boating > Maintenance Supplies > Tools,US,20.89,5.85,1.67,5.36,0.15,374.0,330.0,4.5,0.55,10000,1.0,20.0,50,25.0,20.0,20.0,75,35,65.0,B,"observed:price,sales,reviews,rating,fba_fee; estimated:search_volume,cpc",estimated_default_costs,Imported from Sorftime; ASIN B0CGM12GZH; brand LIAULIADLL
category:Ball Storage,12118748011,Ball Storage,Sports & Outdoors > Sports > Team Sports > Basketball > Accessories > Ball Storage,B0F1D8GQCP,,"Shappy Extra Large Sport Ball Bag 30 x 40‘‘ Mesh Big Soccer Bag | Large Mesh Pouch with Adjustable Shoulder Strap, Football Basketball Volleyball Gym Sports Equipment",Sports & Outdoors > Sports > Team Sports > Basketball > Accessories > Ball Storage,US,35.99,10.08,2.88,6.57,0.15,367.0,55.0,4.4,0.55,10000,1.0,20.0,50,25.0,20.0,20.0,75,35,65.0,B,"observed:price,sales,reviews,rating,fba_fee; estimated:search_volume,cpc",estimated_default_costs,Imported from Sorftime; ASIN B0F1D8GQCP; brand Shappy
category:Toilet Assistance Cushions,8624797011,Toilet Assistance Cushions,Tools & Home Improvement > Kitchen & Bath Fixtures > Bathroom Fixtures > Bathroom Safety & Accessibility > Toilets & Toilet Aids > Toilet Assistance Cushions,B09C8DHMMX,,"WDSHCR Toilet Seat Cushion - Soft, Thicker, Warmer Washable Covers with Zipper - Home Reusable (Gray)",Tools & Home Improvement > Kitchen & Bath Fixtures > Bathroom Fixtures > Bathroom Safety & Accessibility > Toilets & Toilet Aids > Toilet Assistance Cushions,US,15.99,4.48,1.28,5.36,0.15,220.0,1024.0,4.0,0.55,10000,1.0,20.0,50,25.0,20.0,20.0,75,35,65.0,B,"observed:price,sales,reviews,rating,fba_fee; estimated:search_volume,cpc",estimated_default_costs,Imported from Sorftime; ASIN B09C8DHMMX; brand WDSHCR
category:Toilet Assistance Steps,8624798011,Toilet Assistance Steps,Tools & Home Improvement > Kitchen & Bath Fixtures > Bathroom Fixtures > Bathroom Safety & Accessibility > Toilets & Toilet Aids > Toilet Assistance Steps,B0FD727TLZ,,"Foldable Toilet Stool Squat, 7 Inch Squatting Potty for Adults, Poop Stool | Lightweight Pooping Stool, Portable for Travel, Easy Storage Bathroom Toilet Step, Anti-Slip Feet, Space-Saving, Collapsible",Tools & Home Improvement > Kitchen & Bath Fixtures > Bathroom Fixtures > Bathroom Safety & Accessibility > Toilets & Toilet Aids > Toilet Assistance Steps,US,14.99,4.2,1.2,6.34,0.15,2620.0,391.0,4.6,0.55,10000,1.0,20.0,50,25.0,20.0,20.0,75,35,65.0,B,"observed:price,sales,reviews,rating,fba_fee; estimated:search_volume,cpc",estimated_default_costs,Imported from Sorftime; ASIN B0FD727TLZ; brand WBKATN
category:Toilet Safety Frames & Rails,3775391,Toilet Safety Frames & Rails,Tools & Home Improvement > Kitchen & Bath Fixtures > Bathroom Fixtures > Bathroom Safety & Accessibility > Toilets & Toilet Aids > Toilet Safety Frames & Rails,B0FD3SN31M,,"Loyoda Toilet Safety Frame for Seniors, Adjustable Toilet Safety Rail",Tools & Home Improvement > Kitchen & Bath Fixtures > Bathroom Fixtures > Bathroom Safety & Accessibility > Toilets & Toilet Aids > Toilet Safety Frames & Rails,US,44.99,12.6,3.6,14.07,0.15,1895.0,878.0,4.6,0.55,10000,1.0,20.0,50,25.0,20.0,20.0,75,35,65.0,B,"observed:price,sales,reviews,rating,fba_fee; estimated:search_volume,cpc",estimated_default_costs,Imported from Sorftime; ASIN B0FD3SN31M; brand Loyoda
category:Tool Holsters,553582,Tool Holsters,Tools & Home Improvement > Storage & Home Organization > Tool Organizers > Tool Holsters,B0F1FNYW11,,"Topstache Leather Multitool Sheath for Leatherman Wave & Wave+ - Multitool Holster for Belt - Belt Loop Leather Multitool Pouch - Magnetic Closure Tool Pouch Case, Darkbrown",Tools & Home Improvement > Storage & Home Organization > Tool Organizers > Tool Holsters,US,17.99,5.04,1.44,3.93,0.15,435.0,285.0,4.2,0.55,10000,1.0,20.0,50,25.0,20.0,20.0,75,35,65.0,B,"observed:price,sales,reviews,rating,fba_fee; estimated:search_volume,cpc",estimated_default_costs,Imported from Sorftime; ASIN B0F1FNYW11; brand topstache
category:Tool Pouches,322568011,Tool Pouches,Tools & Home Improvement > Storage & Home Organization > Tool Organizers > Tool Pouches,B004TTEI9M,,"AWP Ballistic Nylon Mini Tool Pouch Multi-Pocket Organizer for Electricians, Professional Tool Box for Efficient Organization, Black/Gray | 1L-23021-2",Tools & Home Improvement > Storage & Home Organization > Tool Organizers > Tool Pouches,US,16.23,4.54,1.3,5.77,0.15,439.0,1097.0,4.5,0.55,10000,1.0,20.0,50,25.0,20.0,20.0,75,35,65.0,B,"observed:price,sales,reviews,rating,fba_fee; estimated:search_volume,cpc",estimated_default_costs,Imported from Sorftime; ASIN B004TTEI9M; brand AWP
category:Tool Trays,15709201,Tool Trays,Tools & Home Improvement > Storage & Home Organization > Tool Organizers > Tool Trays,B0C65B5VXC,,"WORKPRO 2-Pack Magnetic Wrench Organizer, 12-Piece Wrench Holder Set",Tools & Home Improvement > Storage & Home Organization > Tool Organizers > Tool Trays,US,16.99,4.76,1.36,5.73,0.15,1518.0,782.0,4.5,0.55,10000,1.0,20.0,50,25.0,20.0,20.0,75,35,65.0,B,"observed:price,sales,reviews,rating,fba_fee; estimated:search_volume,cpc",estimated_default_costs,Imported from Sorftime; ASIN B0C65B5VXC; brand WORKPRO
category:Mop Handles,14253971,Mop Handles,Home & Kitchen > Cleaning Supplies > Household Cleaning > Cleaning Tools > Mopping > Accessories > Mop Handles,B0FKTLLF53,,"2-Pack Extra Long Detachable Mop Handles, Green, Compatible with Swiffer Dry & Wet Mops, Easy to Install & Replace",Home & Kitchen > Cleaning Supplies > Household Cleaning > Cleaning Tools > Mopping > Accessories > Mop Handles,US,19.99,5.6,1.6,5.95,0.15,474.0,52.0,4.2,0.55,10000,1.0,20.0,50,25.0,20.0,20.0,75,35,65.0,B,"observed:price,sales,reviews,rating,fba_fee; estimated:search_volume,cpc",estimated_default_costs,Imported from Sorftime; ASIN B0FKTLLF53; brand LANGRUI
category:Refill Sponges,695492011,Refill Sponges,Home & Kitchen > Cleaning Supplies > Household Cleaning > Cleaning Tools > Mopping > Accessories > Refill Sponges,B08ZXK3SLP,,"Libman Gator Mop Refill Heads, Extra-Absorbent 9“ Sponge, 3 Pack | Extra-absorbent, cellulose-coated sponge replacement heads for Libman 9“ Gator Mop; 3-pack.",Home & Kitchen > Cleaning Supplies > Household Cleaning > Cleaning Tools > Mopping > Accessories > Refill Sponges,US,22.13,6.2,1.77,5.94,0.15,383.0,663.0,4.3,0.55,10000,1.0,20.0,50,25.0,20.0,20.0,75,35,65.0,B,"observed:price,sales,reviews,rating,fba_fee; estimated:search_volume,cpc",estimated_default_costs,Imported from Sorftime; ASIN B08ZXK3SLP; brand LIBMAN COMMERCIAL
category:Replacement Heads,695491011,Replacement Heads,Home & Kitchen > Cleaning Supplies > Household Cleaning > Cleaning Tools > Mopping > Accessories > Replacement Heads,B0F142FHGZ,,"Mop Head Replacement Compatiable with Ocedar RinseClean 2-Tank System, Mircofiber Mop Heads Refill and Scrub Brush for O Cedar Rinseclean Spin Mop, 6 Pack Mop Refills & 2 Scrub Head for Floor Cleaning",Home & Kitchen > Cleaning Supplies > Household Cleaning > Cleaning Tools > Mopping > Accessories > Replacement Heads,US,14.99,4.2,1.2,5.94,0.15,1375.0,279.0,4.1,0.55,10000,1.0,20.0,50,25.0,20.0,20.0,75,35,65.0,B,"observed:price,sales,reviews,rating,fba_fee; estimated:search_volume,cpc",estimated_default_costs,Imported from Sorftime; ASIN B0F142FHGZ; brand GFRED
category:Replacement Mop Pads,23537025011,Replacement Mop Pads,Home & Kitchen > Cleaning Supplies > Household Cleaning > Cleaning Tools > Mopping > Accessories > Replacement Mop Pads,B0DDKDFNPS,,"Mopping Pad Refill Compatible with Wet Jet Mop, Disposable Multi Surface Wetjet Hardwood Floor Cleaner Spray Mop Pads Refills, Thickness & Absorbent (60)",Home & Kitchen > Cleaning Supplies > Household Cleaning > Cleaning Tools > Mopping > Accessories > Replacement Mop Pads,US,18.99,5.32,1.52,6.78,0.15,3510.0,1961.0,4.2,0.55,10000,1.0,20.0,50,25.0,20.0,20.0,75,35,65.0,B,"observed:price,sales,reviews,rating,fba_fee; estimated:search_volume,cpc",estimated_default_costs,Imported from Sorftime; ASIN B0DDKDFNPS; brand YHOVID
category:Dust Mops,23537023011,Dust Mops,Home & Kitchen > Cleaning Supplies > Household Cleaning > Cleaning Tools > Mopping > Wet & Dry Mops > Dust Mops,B0CXXN14R9,,"Eyliden Sweeper Mop with 36 Refills - 3 Types of Disposable Dry & Wet Cloths | Lock-Tight Design No Lost Pads, Universal Refills, Multi-Surface Sweeping Starter Kit for Pet Hair, Dust, Floor Cleaning",Home & Kitchen > Cleaning Supplies > Household Cleaning > Cleaning Tools > Mopping > Wet & Dry Mops > Dust Mops,US,19.58,5.48,1.57,7.72,0.15,2573.0,1470.0,4.6,0.55,10000,1.0,20.0,50,25.0,20.0,20.0,75,35,65.0,B,"observed:price,sales,reviews,rating,fba_fee; estimated:search_volume,cpc",estimated_default_costs,Imported from Sorftime; ASIN B0CXXN14R9; brand Eyliden
category:String Mops,23537022011,String Mops,Home & Kitchen > Cleaning Supplies > Household Cleaning > Cleaning Tools > Mopping > Wet & Dry Mops > String Mops,B06VXV3VPX,,"Tidy Tools Large Wet Deck Cotton Mop with Solid Wood Handle, 17 oz Mop Head",Home & Kitchen > Cleaning Supplies > Household Cleaning > Cleaning Tools > Mopping > Wet & Dry Mops > String Mops,US,27.99,7.84,2.24,13.31,0.15,200.0,1097.0,4.2,0.55,10000,1.0,20.0,50,25.0,20.0,20.0,75,35,65.0,B,"observed:price,sales,reviews,rating,fba_fee; estimated:search_volume,cpc",estimated_default_costs,Imported from Sorftime; ASIN B06VXV3VPX; brand Tidy Tools
category:Angle Brooms,14253831,Angle Brooms,Home & Kitchen > Cleaning Supplies > Household Cleaning > Cleaning Tools > Sweeping > Brooms > Angle Brooms,B0CPFXCNF1,,"Pine-Sol Indoor Jumbo Broom with Long, Stainless Steel Collapsible Handle for Easy Storage, Heavy Duty Angle Bristles for Wood, Tile, Linoleum, and More - Sweeps Wet or Dry Debris",Home & Kitchen > Cleaning Supplies > Household Cleaning > Cleaning Tools > Sweeping > Brooms > Angle Brooms,US,17.99,5.04,1.44,12.34,0.15,625.0,246.0,4.4,0.55,10000,1.0,20.0,50,25.0,20.0,20.0,75,35,65.0,B,"observed:price,sales,reviews,rating,fba_fee; estimated:search_volume,cpc",estimated_default_costs,Imported from Sorftime; ASIN B0CPFXCNF1; brand Pine-Sol
category:Hand Brooms,14253841,Hand Brooms,Home & Kitchen > Cleaning Supplies > Household Cleaning > Cleaning Tools > Sweeping > Brooms > Hand Brooms,B0FGXPBVVC,,"Indoor Broom Soft Bristle Brooms - Brooms for Sweeping Indoor Pet Hair, House Broom for Cleaning Hardwood, Tile, and Decking Surfaces Across.（Green）",Home & Kitchen > Cleaning Supplies > Household Cleaning > Cleaning Tools > Sweeping > Brooms > Hand Brooms,US,13.38,3.75,1.07,5.75,0.15,631.0,250.0,4.4,0.55,10000,1.0,20.0,50,25.0,20.0,20.0,75,35,65.0,B,"observed:price,sales,reviews,rating,fba_fee; estimated:search_volume,cpc",estimated_default_costs,Imported from Sorftime; ASIN B0FGXPBVVC; brand Zthluyc
category:Push Brooms,14253851,Push Brooms,Home & Kitchen > Cleaning Supplies > Household Cleaning > Cleaning Tools > Sweeping > Brooms > Push Brooms,B0014X8TQY,,Kleen #1810 10lb Kleen Sweep Plus,Home & Kitchen > Cleaning Supplies > Household Cleaning > Cleaning Tools > Sweeping > Brooms > Push Brooms,US,16.61,4.65,1.33,10.35,0.15,232.0,415.0,4.4,0.55,10000,1.0,20.0,50,25.0,20.0,20.0,75,35,65.0,B,"observed:price,sales,reviews,rating,fba_fee; estimated:search_volume,cpc",estimated_default_costs,Imported from Sorftime; ASIN B0014X8TQY; brand KLEEN PRODUCTS LLC
category:Dustpans,21588789011,Dustpans,Home & Kitchen > Cleaning Supplies > Household Cleaning > Cleaning Tools > Sweeping > Parts & Accessories > Dustpans,B099K8YF7W,,"PHYEX 17“ Heavy Duty Metal Dust Pan with Brush Set | Large Wide Mouth Dustpan with Stiff Bristle Cleaning Brush for Garage, Wood Stove, Workshop and Outdoor Cleanup, Silver",Home & Kitchen > Cleaning Supplies > Household Cleaning > Cleaning Tools > Sweeping > Parts & Accessories > Dustpans,US,22.99,6.44,1.84,7.84,0.15,1107.0,302.0,4.6,0.55,10000,1.0,20.0,50,25.0,20.0,20.0,75,35,65.0,B,"observed:price,sales,reviews,rating,fba_fee; estimated:search_volume,cpc",estimated_default_costs,Imported from Sorftime; ASIN B099K8YF7W; brand PHYEX
category:Kitchen Brushes,203313515011,Kitchen Brushes,Home & Kitchen > Cleaning Supplies > Household Cleaning > Cleaning Tools > Brushes > Kitchen Brushes,B08133PFCB,,"ELDR Supply Bottle Brush, 14in Extra Long German Beechwood Handle, Strong Hemp Bristles, Zero Waste, Cleans and Scrubs Hard to Reach Wide Mouth Jars, Glasses, and Tumblers",Home & Kitchen > Cleaning Supplies > Household Cleaning > Cleaning Tools > Brushes > Kitchen Brushes,US,12.98,3.63,1.04,5.94,0.15,1586.0,1453.0,4.4,0.55,10000,1.0,20.0,50,25.0,20.0,20.0,75,35,65.0,B,"observed:price,sales,reviews,rating,fba_fee; estimated:search_volume,cpc",estimated_default_costs,Imported from Sorftime; ASIN B08133PFCB; brand ELDR Supply
category:Toilet Brushes & Holders,85975011,Toilet Brushes & Holders,Home & Kitchen > Cleaning Supplies > Household Cleaning > Cleaning Tools > Brushes > Toilet Brushes & Holders,B0BZ83FQ2Y,,"MR.SIGA Toilet Plunger and Brush with Holder for Toilet Cleaning, White | Heavy duty toilet brush and plunger set, plunger toilet brush combo",Home & Kitchen > Cleaning Supplies > Household Cleaning > Cleaning Tools > Brushes > Toilet Brushes & Holders,US,23.99,6.72,1.92,8.03,0.15,1898.0,1657.0,4.5,0.55,10000,1.0,20.0,50,25.0,20.0,20.0,75,35,65.0,B,"observed:price,sales,reviews,rating,fba_fee; estimated:search_volume,cpc",estimated_default_costs,Imported from Sorftime; ASIN B0BZ83FQ2Y; brand MR.SIGA
category:Feather Dusters,2245498011,Feather Dusters,Home & Kitchen > Cleaning Supplies > Household Cleaning > Cleaning Tools > Dusting > Feather Dusters,B0DYNKW8FJ,,"REKOPI Heavy Duty Duster Refills Compatible with Swiffer Duster, 20 Count | 3 ft Extension Pole, 4X Microfibers Multisurface Dusters, For Cleaning Home, Celling Fan, Blinds, Vent & Shelves",Home & Kitchen > Cleaning Supplies > Household Cleaning > Cleaning Tools > Dusting > Feather Dusters,US,16.99,4.76,1.36,5.93,0.15,1567.0,1024.0,4.3,0.55,10000,1.0,20.0,50,25.0,20.0,20.0,75,35,65.0,B,"observed:price,sales,reviews,rating,fba_fee; estimated:search_volume,cpc",estimated_default_costs,Imported from Sorftime; ASIN B0DYNKW8FJ; brand REKOPI
category:Buckets,2245509011,Buckets,Home & Kitchen > Cleaning Supplies > Household Cleaning > Cleaning Tools > Mopping > Buckets,B0CGLBLM6W,,"Omirome 2-Pack Large Gray Cleaning Caddy for Cleaning Supplies with Handle - Portable Plastic Tote Organizer for Shower, Bathroom, Kitchen, Under Sink Storage",Home & Kitchen > Cleaning Supplies > Household Cleaning > Cleaning Tools > Mopping > Buckets,US,25.99,7.28,2.08,9.94,0.15,524.0,376.0,4.5,0.55,10000,1.0,20.0,50,25.0,20.0,20.0,75,35,65.0,B,"observed:price,sales,reviews,rating,fba_fee; estimated:search_volume,cpc",estimated_default_costs,Imported from Sorftime; ASIN B0CGLBLM6W; brand Omirome
category:Tool Sets,1243386011,Tool Sets,"Home & Kitchen > Heating, Cooling & Air Quality > Parts & Accessories > Stove & Fireplace Accessories > Fireplace Tools > Tool Sets",B09DYKHFR4,,"Gtongoko Fireplace Tools Set with Stand, 30-Inch Heavy Duty Steel | 4 Pcs Include Poker, Shovel, Brush, Powder-coated Finish, Ideal for Fireplaces, Wood Stoves and Fire pits, Indoor/Outdoor Use","Home & Kitchen > Heating, Cooling & Air Quality > Parts & Accessories > Stove & Fireplace Accessories > Fireplace Tools > Tool Sets",US,32.99,9.24,2.64,8.95,0.15,291.0,1019.0,4.5,0.55,10000,1.0,20.0,50,25.0,20.0,20.0,75,35,65.0,B,"observed:price,sales,reviews,rating,fba_fee; estimated:search_volume,cpc",estimated_default_costs,Imported from Sorftime; ASIN B09DYKHFR4; brand Gtongoko
category:Bread Proofing Baskets,16188240011,Bread Proofing Baskets,Home & Kitchen > Kitchen & Dining > Kitchen Utensils & Gadgets > Baking Tools & Accessories > Baking & Pastry Utensils > Bread Proofing Baskets,B0D3CCC759,,"100 Pcs Banneton Liner,Banneton Bread Proofing Basket Non Woven Liners Non-Stick Dough,Bread Proofing Cover,Elastic Banneton Basket Liner for Prevents Dough from Sticking to Basket",Home & Kitchen > Kitchen & Dining > Kitchen Utensils & Gadgets > Baking Tools & Accessories > Baking & Pastry Utensils > Bread Proofing Baskets,US,13.99,3.92,1.12,6.77,0.15,1721.0,381.0,4.6,0.55,10000,1.0,20.0,50,25.0,20.0,20.0,75,35,65.0,B,"observed:price,sales,reviews,rating,fba_fee; estimated:search_volume,cpc",estimated_default_costs,Imported from Sorftime; ASIN B0D3CCC759; brand YUANSHAO
category:Bottle Openers,3109475011,Bottle Openers,Home & Kitchen > Kitchen & Dining > Kitchen Utensils & Gadgets > Bar & Wine Tools > Corkscrews & Openers > Bottle Openers,B0002WZR4K,,"Westmark Ah-So Wine Opener – 2 Prong Wine Bottle Opener for Vintage Bottles, German Manual Cork Remover, Chrome Finish, Superfine Polished Steel",Home & Kitchen > Kitchen & Dining > Kitchen Utensils & Gadgets > Bar & Wine Tools > Corkscrews & Openers > Bottle Openers,US,19.99,5.6,1.6,3.34,0.15,465.0,1684.0,4.5,0.55,10000,1.0,20.0,50,25.0,20.0,20.0,75,35,65.0,B,"observed:price,sales,reviews,rating,fba_fee; estimated:search_volume,cpc",estimated_default_costs,Imported from Sorftime; ASIN B0002WZR4K; brand MONOPOL Germany
category:Screwpull Levers,13825981,Screwpull Levers,Home & Kitchen > Kitchen & Dining > Kitchen Utensils & Gadgets > Bar & Wine Tools > Corkscrews & Openers > Screwpull Levers,B08DMMXY17,,"Wine Bottle Opener Corkscrew Set – Luxiluxy [2024 upgraded, does NOT break!] Including Foil Cutter, Bottle Stopper, Opener Stand and Extra Spiral - corkscrews wine opener set- wine opener kit",Home & Kitchen > Kitchen & Dining > Kitchen Utensils & Gadgets > Bar & Wine Tools > Corkscrews & Openers > Screwpull Levers,US,29.99,8.4,2.4,6.19,0.15,461.0,2484.0,4.2,0.55,10000,1.0,20.0,50,25.0,20.0,20.0,75,35,65.0,B,"observed:price,sales,reviews,rating,fba_fee; estimated:search_volume,cpc",estimated_default_costs,Imported from Sorftime; ASIN B08DMMXY17; brand Luxiluxy
category:Waiter Corkscrews,13826001,Waiter Corkscrews,Home & Kitchen > Kitchen & Dining > Kitchen Utensils & Gadgets > Bar & Wine Tools > Corkscrews & Openers > Waiter Corkscrews,B002RFUB0K,,"True Self Pulling Corkscrew Wine Opener, Durable Plastic with Easy Turn Chrome Handle, Wine Bottle Opener for Bartenders, Home Bar Tools, Bar Cart Accessories, Kitchen Essentials, Set of 1, Black",Home & Kitchen > Kitchen & Dining > Kitchen Utensils & Gadgets > Bar & Wine Tools > Corkscrews & Openers > Waiter Corkscrews,US,13.99,3.92,1.12,4.18,0.15,386.0,2013.0,4.4,0.55,10000,1.0,20.0,50,25.0,20.0,20.0,75,35,65.0,B,"observed:price,sales,reviews,rating,fba_fee; estimated:search_volume,cpc",estimated_default_costs,Imported from Sorftime; ASIN B002RFUB0K; brand TRUE
category:Wine Stoppers,678499011,Wine Stoppers,Home & Kitchen > Kitchen & Dining > Kitchen Utensils & Gadgets > Bar & Wine Tools > Wine Stoppers & Pourers > Wine Stoppers,B0B9MKNG5W,,"WOTOR Champagne & Wine Bottle Stoppers, Champagne Cork, 6 Pack, Silver | Food Grade Silicone, Leak Proof Keep Fresh, Suitable for Wine, Champagne, Cava, Prosecco and Sparkling",Home & Kitchen > Kitchen & Dining > Kitchen Utensils & Gadgets > Bar & Wine Tools > Wine Stoppers & Pourers > Wine Stoppers,US,17.99,5.04,1.44,4.18,0.15,541.0,132.0,4.0,0.55,10000,1.0,20.0,50,25.0,20.0,20.0,75,35,65.0,B,"observed:price,sales,reviews,rating,fba_fee; estimated:search_volume,cpc",estimated_default_costs,Imported from Sorftime; ASIN B0B9MKNG5W; brand WOTOR
category:Electric Fondue Pots,17384862011,Electric Fondue Pots,Home & Kitchen > Kitchen & Dining > Kitchen Utensils & Gadgets > Cheese Tools > Fondue > Electric Fondue Pots,B0DS5W3HN9,,"Party Desserts Electric Smores Maker Tabletop Indoor Kit, Indoor Marshmallow Roaster, Smores Station with 4 Compartment Trays & 4 Forks, Great Gift for Adults and Kids in Holidays and Parties (Brown)",Home & Kitchen > Kitchen & Dining > Kitchen Utensils & Gadgets > Cheese Tools > Fondue > Electric Fondue Pots,US,23.99,6.72,1.92,6.77,0.15,515.0,419.0,4.4,0.55,10000,1.0,20.0,50,25.0,20.0,20.0,75,35,65.0,B,"observed:price,sales,reviews,rating,fba_fee; estimated:search_volume,cpc",estimated_default_costs,Imported from Sorftime; ASIN B0DS5W3HN9; brand Party Desserts
category:Corers,678502011,Corers,Home & Kitchen > Kitchen & Dining > Kitchen Utensils & Gadgets > Fruit & Vegetable Tools > Corers & Pitters > Corers,B09G5PWSBB,,"Apple Slicer, HEAVY DUTY Apple Corer, 12-Blade Stainless Steel Apple Cutter Divider Pitter ，Sturdy and Sharp",Home & Kitchen > Kitchen & Dining > Kitchen Utensils & Gadgets > Fruit & Vegetable Tools > Corers & Pitters > Corers,US,16.88,4.73,1.35,4.47,0.15,555.0,709.0,4.5,0.55,10000,1.0,20.0,50,25.0,20.0,20.0,75,35,65.0,B,"observed:price,sales,reviews,rating,fba_fee; estimated:search_volume,cpc",estimated_default_costs,Imported from Sorftime; ASIN B09G5PWSBB; brand YUEJUJJ
category:Pitters,678503011,Pitters,Home & Kitchen > Kitchen & Dining > Kitchen Utensils & Gadgets > Fruit & Vegetable Tools > Corers & Pitters > Pitters,B01HL6OBN2,,"Cherry Pitter Tool Pit Remover with Locking Mechanism | Cherry Picker | Cherry Seed Remover for Baking, Olive Pitter Kitchen Accessories | Cherry Pitters Machine for Making Fresh Cherry Dishes",Home & Kitchen > Kitchen & Dining > Kitchen Utensils & Gadgets > Fruit & Vegetable Tools > Corers & Pitters > Pitters,US,13.99,3.92,1.12,4.18,0.15,357.0,1326.0,4.5,0.55,10000,1.0,20.0,50,25.0,20.0,20.0,75,35,65.0,B,"observed:price,sales,reviews,rating,fba_fee; estimated:search_volume,cpc",estimated_default_costs,Imported from Sorftime; ASIN B01HL6OBN2; brand ProTensils
category:Potato Mashers,678504011,Potato Mashers,Home & Kitchen > Kitchen & Dining > Kitchen Utensils & Gadgets > Fruit & Vegetable Tools > Potato Mashers & Ricers > Potato Mashers,B0GWGTHPRM,,"Wooden Meat Chopper,Ground Meat Masher,Beef Masher,Hamburger Masher,Potato and Bean Masher,Chicken and Beef Shredder,Multi-Use Wood Meat Separator and Long-lasting Kitchen Utensil",Home & Kitchen > Kitchen & Dining > Kitchen Utensils & Gadgets > Fruit & Vegetable Tools > Potato Mashers & Ricers > Potato Mashers,US,15.99,4.48,1.28,4.19,0.15,471.0,32.0,4.5,0.55,10000,1.0,20.0,50,25.0,20.0,20.0,75,35,65.0,B,"observed:price,sales,reviews,rating,fba_fee; estimated:search_volume,cpc",estimated_default_costs,Imported from Sorftime; ASIN B0GWGTHPRM; brand penicfine
category:Potato Ricers,678505011,Potato Ricers,Home & Kitchen > Kitchen & Dining > Kitchen Utensils & Gadgets > Fruit & Vegetable Tools > Potato Mashers & Ricers > Potato Ricers,B0G1525Q5L,,"Minteem Large 15oz Potato Ricer for Mashed Potatoes, Heavy Duty 18/8 Stainless Steel Potato Masher for Baby Food & Spaetzle Maker, Masher and Ricer Kitchen Tool, Press and Mash Kitchen Gadget, Black",Home & Kitchen > Kitchen & Dining > Kitchen Utensils & Gadgets > Fruit & Vegetable Tools > Potato Mashers & Ricers > Potato Ricers,US,14.97,4.19,1.2,6.21,0.15,442.0,97.0,4.3,0.55,10000,1.0,20.0,50,25.0,20.0,20.0,75,35,65.0,B,"observed:price,sales,reviews,rating,fba_fee; estimated:search_volume,cpc",estimated_default_costs,Imported from Sorftime; ASIN B0G1525Q5L; brand Minteem
category:Digital Scales,678508011,Digital Scales,Home & Kitchen > Kitchen & Dining > Kitchen Utensils & Gadgets > Measuring Tools & Scales > Kitchen Scales > Digital Scales,B0CMZJP9V8,,"TIMEMORE Coffee Scale Basic 2.0 Electronic Espresso Scale with Water Flow Rate and Timer Function, Digital Scale for Kitchen/Baking/Cooking, Black",Home & Kitchen > Kitchen & Dining > Kitchen Utensils & Gadgets > Measuring Tools & Scales > Kitchen Scales > Digital Scales,US,55.0,15.4,4.4,5.32,0.15,1823.0,543.0,4.5,0.55,10000,1.0,20.0,50,25.0,20.0,20.0,75,35,65.0,B,"observed:price,sales,reviews,rating,fba_fee; estimated:search_volume,cpc",estimated_default_costs,Imported from Sorftime; ASIN B0CMZJP9V8; brand TIMEMORE
category:Manual Pasta Makers,17548249011,Manual Pasta Makers,Home & Kitchen > Kitchen & Dining > Kitchen Utensils & Gadgets > Pasta & Pizza Tools > Pasta Makers & Accessories > Manual Pasta Makers,B0CQSC2XW5,,"Sailnovo 3-in-1 Pasta Maker with 9-Setting Pasta Roller & Cutters, Red | 9 Thickness & 2 Width Settings| Stainless Steel Body Rust Resistant| Easy Clean| For Spaghetti, Fettuccine, Lasagna and More",Home & Kitchen > Kitchen & Dining > Kitchen Utensils & Gadgets > Pasta & Pizza Tools > Pasta Makers & Accessories > Manual Pasta Makers,US,37.99,10.64,3.04,8.88,0.15,327.0,460.0,4.4,0.55,10000,1.0,20.0,50,25.0,20.0,20.0,75,35,65.0,B,"observed:price,sales,reviews,rating,fba_fee; estimated:search_volume,cpc",estimated_default_costs,Imported from Sorftime; ASIN B0CQSC2XW5; brand Sailnovo
category:Cheese Slicers,289760,Cheese Slicers,"Home & Kitchen > Kitchen & Dining > Kitchen Utensils & Gadgets > Peeling, Grating & Slicing Tools > Mandolines & Slicers > Cheese Slicers",B01MU1FRK4,,"BOSKA Monaco+ Premium Cheese Slicer - Award Winning Cheese Cutter for Block Cheese, Cheddar up to Parmesan - Quilted Pattern reduces Resistance - Non-stick & Ergonomic Handheld","Home & Kitchen > Kitchen & Dining > Kitchen Utensils & Gadgets > Peeling, Grating & Slicing Tools > Mandolines & Slicers > Cheese Slicers",US,16.99,4.76,1.36,3.54,0.15,726.0,2048.0,4.6,0.55,10000,1.0,20.0,50,25.0,20.0,20.0,75,35,65.0,B,"observed:price,sales,reviews,rating,fba_fee; estimated:search_volume,cpc",estimated_default_costs,Imported from Sorftime; ASIN B01MU1FRK4; brand BOSKA
category:Egg Slicers,17548242011,Egg Slicers,"Home & Kitchen > Kitchen & Dining > Kitchen Utensils & Gadgets > Peeling, Grating & Slicing Tools > Mandolines & Slicers > Egg Slicers",B0FHHBTDR3,,3 in 1 Egg Slicer for Hard Boiled Eggs with Cleaning Brush,"Home & Kitchen > Kitchen & Dining > Kitchen Utensils & Gadgets > Peeling, Grating & Slicing Tools > Mandolines & Slicers > Egg Slicers",US,14.99,4.2,1.2,5.36,0.15,494.0,152.0,4.4,0.55,10000,1.0,20.0,50,25.0,20.0,20.0,75,35,65.0,B,"observed:price,sales,reviews,rating,fba_fee; estimated:search_volume,cpc",estimated_default_costs,Imported from Sorftime; ASIN B0FHHBTDR3; brand DJBNT
category:Mandolines,23616035011,Mandolines,"Home & Kitchen > Kitchen & Dining > Kitchen Utensils & Gadgets > Peeling, Grating & Slicing Tools > Mandolines & Slicers > Mandolines",B0D5Q9FHMD,,"MealHelper 12-in-1 Vegetable Chopper, Food Veggie Chopper With Container | Kitchen Prep Tool, Cheese Grater, Home Essentials & Kitchen Gadgets, with Sharp Stainless Steel Blades(7 Blades, Green)","Home & Kitchen > Kitchen & Dining > Kitchen Utensils & Gadgets > Peeling, Grating & Slicing Tools > Mandolines & Slicers > Mandolines",US,18.99,5.32,1.52,5.93,0.15,2325.0,1712.0,4.5,0.55,10000,1.0,20.0,50,25.0,20.0,20.0,75,35,65.0,B,"observed:price,sales,reviews,rating,fba_fee; estimated:search_volume,cpc",estimated_default_costs,Imported from Sorftime; ASIN B0D5Q9FHMD; brand MealHelper
